16/04/2025 09:00,London Camden,Ronald Becraft,Large Speciality Tea - Peppermint - 1.60,1.6,CARD,4424048534522378
16/04/2025 09:02,London Camden,Christopher Michels,"Large Flavoured latte - Vanilla - 2.85, Large Hot chocolate - 2.90, Regular Flavoured latte - Vanilla - 2.55",8.3,CARD,3441013406179425
16/04/2025 09:05,London Camden,Erin Niswander,"Regular Speciality Tea - Peppermint - 1.30, Large Hot chocolate - 2.90, Regular Flavoured hot chocolate - Hazelnut - 2.60, Large Flavoured hot chocolate - Vanilla - 2.90",9.7,CARD,6036281706185750
16/04/2025 09:08,London Camden,Dorothy Brooks,Regular Flavoured latte - Vanilla - 2.55,2.55,CARD,8087372986782244
16/04/2025 09:10,London Camden,Karen Nguyen,"Regular Flavoured hot chocolate - Vanilla - 2.60, Regular Chai latte - 2.30, Large Luxury hot chocolate - 2.70",7.6,CASH,
16/04/2025 09:13,London Camden,Edna Prince,"Large Flavoured latte - Vanilla - 2.85, Large Flavoured hot chocolate - Hazelnut - 2.90, Regular Iced latte - 2.35, Regular Flavoured latte - Vanilla - 2.55, Large Flavoured hot chocolate - Hazelnut - 2.90, Regular Speciality Tea - Peppermint - 1.30",14.85,CARD,4696522678396957
16/04/2025 09:16,London Camden,Edwin Robinson,"Large Flavoured hot chocolate - Vanilla - 2.90, Regular Speciality Tea - Peppermint - 1.30, Regular Flavoured latte - Vanilla - 2.55, Large Chai latte - 2.60",9.35,CARD,6983604221298426
16/04/2025 09:19,London Camden,Danica Quear,"Large Hot chocolate - 2.90, Large Flavoured hot chocolate - Vanilla - 2.90, Regular Flavoured latte - Vanilla - 2.55, Large Flavoured hot chocolate - Vanilla - 2.90",11.25,CARD,8877552138391287
16/04/2025 09:21,London Camden,Ryan Jameson,"Large Flavoured latte - Vanilla - 2.85, Large Iced latte - 2.85",5.7,CASH,
16/04/2025 09:24,London Camden,David Horn,Regular Flavoured hot chocolate - Hazelnut - 2.60,2.6,CASH,
16/04/2025 09:27,London Camden,Roderick Guieb,"Regular Hot chocolate - 2.20, Large Flavoured hot chocolate - Hazelnut - 2.90, Regular Chai latte - 2.30, Large Flavoured hot chocolate - Hazelnut - 2.90",10.3,CASH,
16/04/2025 09:29,London Camden,Stacy Chambers,"Regular Hot chocolate - 2.20, Regular Hot chocolate - 2.20",4.4,CASH,
16/04/2025 09:32,London Camden,June Reagan,"Regular Speciality Tea - Peppermint - 1.30, Regular Flavoured hot chocolate - Vanilla - 2.60, Large Flavoured latte - Vanilla - 2.85",6.75,CARD,1918262526620661
16/04/2025 09:35,London Camden,Jerry Rounds,"Regular Speciality Tea - Peppermint - 1.30, Large Iced latte - 2.85",4.15,CARD,7412062475389168
16/04/2025 09:38,London Camden,Jack Dercole,"Large Iced latte - 2.85, Regular Hot chocolate - 2.20",5.05,CASH,
16/04/2025 09:40,London Camden,Monica Grimm,"Regular Flavoured latte - Vanilla - 2.55, Large Speciality Tea - Peppermint - 1.60, Regular Flavoured hot chocolate - Vanilla - 2.60",6.75,CARD,3426951374393250
16/04/2025 09:43,London Camden,Gus Webb,"Regular Luxury hot chocolate - 2.40, Regular Flavoured latte - Vanilla - 2.55, Regular Flavoured latte - Vanilla - 2.55, Regular Flavoured hot chocolate - Hazelnut - 2.60",10.1,CARD,3805827462804517
16/04/2025 09:46,London Camden,Albert Becnel,"Large Iced latte - 2.85, Large Luxury hot chocolate - 2.70, Regular Flavoured latte - Vanilla - 2.55, Regular Hot chocolate - 2.20, Regular Flavoured hot chocolate - Vanilla - 2.60",12.9,CARD,8974218984203445
16/04/2025 09:48,London Camden,Richard Imoto,Large Flavoured latte - Vanilla - 2.85,2.85,CARD,8234569114332539
16/04/2025 09:51,London Camden,Daniel Corley,"Regular Hot chocolate - 2.20, Large Speciality Tea - Peppermint - 1.60, Regular Iced latte - 2.35",6.15,CARD,1689670784438351
16/04/2025 09:54,London Camden,William Yockey,"Regular Chai latte - 2.30, Regular Luxury hot chocolate - 2.40",4.7,CASH,
16/04/2025 09:57,London Camden,Tyra Rivera,"Large Hot chocolate - 2.90, Large Iced latte - 2.85, Regular Flavoured latte - Vanilla - 2.55",8.3,CARD,9291162916723143
16/04/2025 09:59,London Camden,Julian Holman,Large Iced latte - 2.85,2.85,CARD,8895578665440888
16/04/2025 10:02,London Camden,Byron Reardon,"Large Luxury hot chocolate - 2.70, Large Speciality Tea - Peppermint - 1.60",4.3,CARD,1282334969417429
16/04/2025 10:04,London Camden,Timothy Dudley,Large Iced latte - 2.85,2.85,CARD,4457404707170881
16/04/2025 10:06,London Camden,Agnes Yang,"Large Flavoured hot chocolate - Hazelnut - 2.90, Large Iced latte - 2.85",5.75,CASH,
16/04/2025 10:09,London Camden,Mike Daughtry,"Regular Iced latte - 2.35, Regular Iced latte - 2.35, Regular Flavoured hot chocolate - Hazelnut - 2.60, Large Iced latte - 2.85",10.15,CARD,1157689147778399
16/04/2025 10:11,London Camden,Edward Mason,"Regular Flavoured hot chocolate - Hazelnut - 2.60, Regular Flavoured latte - Vanilla - 2.55, Regular Flavoured hot chocolate - Vanilla - 2.60",7.75,CARD,7791195320079074
16/04/2025 10:13,London Camden,John Parker,"Regular Hot chocolate - 2.20, Large Chai latte - 2.60, Regular Hot chocolate - 2.20, Regular Speciality Tea - Peppermint - 1.30",8.3,CARD,4539910889442740
16/04/2025 10:15,London Camden,Eric Flores,Large Hot chocolate - 2.90,2.9,CARD,9525652251304081
16/04/2025 10:18,London Camden,Jeffrey Anderson,"Regular Chai latte - 2.30, Regular Flavoured latte - Vanilla - 2.55, Regular Flavoured latte - Vanilla - 2.55",7.4,CASH,
16/04/2025 10:20,London Camden,Rebecca Cote,"Large Flavoured hot chocolate - Hazelnut - 2.90, Regular Speciality Tea - Peppermint - 1.30, Regular Speciality Tea - Peppermint - 1.30",5.5,CARD,5243966634090721
16/04/2025 10:22,London Camden,Robert Adomaitis,"Large Flavoured hot chocolate - Hazelnut - 2.90, Large Flavoured hot chocolate - Hazelnut - 2.90",5.8,CASH,
16/04/2025 10:24,London Camden,Pamela Adams,"Large Chai latte - 2.60, Large Flavoured hot chocolate - Vanilla - 2.90, Regular Chai latte - 2.30, Large Iced latte - 2.85",10.65,CARD,9347782815004145
16/04/2025 10:26,London Camden,Robert Bigbee,Large Chai latte - 2.60,2.6,CASH,
16/04/2025 10:29,London Camden,Arturo Swanson,"Large Hot chocolate - 2.90, Large Flavoured hot chocolate - Vanilla - 2.90, Regular Luxury hot chocolate - 2.40",8.2,CARD,8163400334562931
16/04/2025 10:31,London Camden,Brenda Ayala,"Large Chai latte - 2.60, Regular Flavoured hot chocolate - Hazelnut - 2.60, Regular Flavoured hot chocolate - Hazelnut - 2.60, Regular Luxury hot chocolate - 2.40",10.2,CARD,6510099066120387
16/04/2025 10:33,London Camden,Norris Blount,"Large Luxury hot chocolate - 2.70, Large Flavoured hot chocolate - Vanilla - 2.90",5.6,CARD,9055910508683752
16/04/2025 10:35,London Camden,Brian Little,"Large Speciality Tea - Peppermint - 1.60, Large Chai latte - 2.60, Regular Chai latte - 2.30",6.5,CARD,8689951397878103
16/04/2025 10:37,London Camden,Dennis Threatt,"Large Flavoured hot chocolate - Vanilla - 2.90, Large Hot chocolate - 2.90, Large Luxury hot chocolate - 2.70",8.5,CASH,
16/04/2025 10:40,London Camden,Shaun Tanenbaum,"Regular Flavoured latte - Vanilla - 2.55, Regular Flavoured latte - Vanilla - 2.55, Regular Chai latte - 2.30",7.4,CARD,7022417307937602
16/04/2025 10:42,London Camden,Charles Cronk,Regular Flavoured hot chocolate - Vanilla - 2.60,2.6,CARD,2974827294881163
16/04/2025 10:44,London Camden,Jill Pesso,Regular Iced latte - 2.35,2.35,CASH,
16/04/2025 10:46,London Camden,Ngoc Pitt,Large Hot chocolate - 2.90,2.9,CASH,
16/04/2025 10:49,London Camden,Andrew Binger,"Regular Flavoured hot chocolate - Vanilla - 2.60, Regular Chai latte - 2.30, Regular Flavoured hot chocolate - Hazelnut - 2.60",7.5,CASH,
16/04/2025 10:51,London Camden,Margarette Clark,"Large Flavoured latte - Vanilla - 2.85, Large Speciality Tea - Peppermint - 1.60, Large Chai latte - 2.60",7.05,CARD,9992732474890038
16/04/2025 10:53,London Camden,Matthew Tobar,"Large Chai latte - 2.60, Regular Speciality Tea - Peppermint - 1.30",3.9,CARD,6841753275253340
16/04/2025 10:55,London Camden,Ruben Pathak,"Regular Chai latte - 2.30, Large Flavoured latte - Vanilla - 2.85",5.15,CARD,3527270819531253
16/04/2025 10:57,London Camden,Nicole Parshall,"Regular Flavoured hot chocolate - Vanilla - 2.60, Regular Chai latte - 2.30",4.9,CASH,
16/04/2025 11:00,London Camden,Keisha Johnson,"Large Chai latte - 2.60, Regular Hot chocolate - 2.20",4.8,CASH,
16/04/2025 11:02,London Camden,Lora Simmons,"Large Flavoured latte - Vanilla - 2.85, Large Flavoured latte - Vanilla - 2.85",5.7,CARD,7118399070360967
16/04/2025 11:05,London Camden,Donna Feliciano,Large Speciality Tea - Peppermint - 1.60,1.6,CARD,3282669681861128
16/04/2025 11:07,London Camden,Gordon White,"Large Flavoured hot chocolate - Hazelnut - 2.90, Large Flavoured latte - Vanilla - 2.85, Large Hot chocolate - 2.90",8.65,CARD,7870979350045634
16/04/2025 11:10,London Camden,Majorie Logiudice,"Regular Iced latte - 2.35, Regular Chai latte - 2.30",4.65,CARD,1664940308157172
16/04/2025 11:12,London Camden,Patricia Pregler,"Large Speciality Tea - Peppermint - 1.60, Regular Luxury hot chocolate - 2.40",4.0,CASH,
16/04/2025 11:15,London Camden,Philip Movius,"Large Iced latte - 2.85, Large Luxury hot chocolate - 2.70",5.55,CARD,1179540847772112
16/04/2025 11:17,London Camden,Gabriel Scott,Regular Flavoured hot chocolate - Hazelnut - 2.60,2.6,CARD,1601529171225572
16/04/2025 11:20,London Camden,Tammy Schleich,"Large Iced latte - 2.85, Regular Flavoured latte - Vanilla - 2.55, Regular Luxury hot chocolate - 2.40, Regular Flavoured latte - Vanilla - 2.55, Regular Speciality Tea - Peppermint - 1.30",11.65,CASH,
16/04/2025 11:22,London Camden,Fred Outhouse,"Large Speciality Tea - Peppermint - 1.60, Regular Flavoured hot chocolate - Vanilla - 2.60, Regular Luxury hot chocolate - 2.40",6.6,CASH,
16/04/2025 11:25,London Camden,Mark Guzman,"Regular Flavoured hot chocolate - Hazelnut - 2.60, Regular Flavoured hot chocolate - Vanilla - 2.60, Large Flavoured hot chocolate - Vanilla - 2.90, Regular Flavoured latte - Vanilla - 2.55",10.65,CASH,
16/04/2025 11:27,London Camden,Terri Stevens,"Large Speciality Tea - Peppermint - 1.60, Large Iced latte - 2.85, Large Flavoured latte - Vanilla - 2.85, Regular Speciality Tea - Peppermint - 1.30, Large Speciality Tea - Peppermint - 1.60, Regular Hot chocolate - 2.20",12.4,CARD,9700743021690030
16/04/2025 11:30,London Camden,Thelma Orourke,"Regular Luxury hot chocolate - 2.40, Regular Hot chocolate - 2.20, Regular Iced latte - 2.35",6.95,CARD,8647254653344074
16/04/2025 11:32,London Camden,Jessica Ng,Regular Flavoured latte - Vanilla - 2.55,2.55,CASH,
16/04/2025 11:35,London Camden,Chang Knapp,"Large Speciality Tea - Peppermint - 1.60, Large Speciality Tea - Peppermint - 1.60, Large Flavoured hot chocolate - Hazelnut - 2.90, Large Chai latte - 2.60",8.7,CASH,
16/04/2025 11:37,London Camden,George Rowe,"Large Flavoured latte - Vanilla - 2.85, Regular Chai latte - 2.30",5.15,CARD,8079436478331111
16/04/2025 11:40,London Camden,Hilary Mack,Large Chai latte - 2.60,2.6,CARD,1602396945226355
16/04/2025 11:42,London Camden,Heather Daub,"Regular Flavoured latte - Vanilla - 2.55, Regular Iced latte - 2.35, Large Speciality Tea - Peppermint - 1.60, Regular Speciality Tea - Peppermint - 1.30, Regular Iced latte - 2.35, Regular Luxury hot chocolate - 2.40",12.55,CARD,2383869902969043
16/04/2025 11:45,London Camden,Isaiah Diaz,"Large Iced latte - 2.85, Regular Hot chocolate - 2.20, Large Speciality Tea - Peppermint - 1.60, Regular Chai latte - 2.30, Regular Iced latte - 2.35",11.3,CARD,3844160510436171
16/04/2025 11:47,London Camden,Virginia White,"Large Luxury hot chocolate - 2.70, Regular Iced latte - 2.35",5.05,CARD,1704032106824599
16/04/2025 11:50,London Camden,John Helbig,Regular Iced latte - 2.35,2.35,CARD,7096724144729487
16/04/2025 11:52,London Camden,Ida Claus,"Regular Flavoured latte - Vanilla - 2.55, Regular Luxury hot chocolate - 2.40, Regular Hot chocolate - 2.20, Regular Iced latte - 2.35",9.5,CASH,
16/04/2025 11:55,London Camden,Gary Smith,Regular Flavoured latte - Vanilla - 2.55,2.55,CARD,8822949834528997
16/04/2025 11:57,London Camden,Deborah Williamson,"Regular Speciality Tea - Peppermint - 1.30, Large Speciality Tea - Peppermint - 1.60, Large Flavoured latte - Vanilla - 2.85",5.75,CASH,
16/04/2025 12:00,London Camden,John Williams,Regular Speciality Tea - Peppermint - 1.30,1.3,CASH,
16/04/2025 12:02,London Camden,Rebecca Egbert,"Large Chai latte - 2.60, Large Luxury hot chocolate - 2.70",5.3,CARD,9819913134346787
16/04/2025 12:03,London Camden,Mayra Perez,"Large Flavoured latte - Vanilla - 2.85, Regular Luxury hot chocolate - 2.40, Regular Speciality Tea - Peppermint - 1.30",6.55,CASH,
16/04/2025 12:05,London Camden,William Wright,"Regular Flavoured hot chocolate - Hazelnut - 2.60, Large Iced latte - 2.85, Large Flavoured latte - Vanilla - 2.85",8.3,CARD,8728606716835823
16/04/2025 12:07,London Camden,Barbara Munter,Regular Speciality Tea - Peppermint - 1.30,1.3,CARD,6743370992461153
16/04/2025 12:09,London Camden,William Whitehair,Large Flavoured latte - Vanilla - 2.85,2.85,CASH,
16/04/2025 12:11,London Camden,Charles Leary,Large Flavoured hot chocolate - Hazelnut - 2.90,2.9,CARD,9473984860034256
16/04/2025 12:13,London Camden,Nancy Brimmage,"Large Flavoured latte - Vanilla - 2.85, Regular Hot chocolate - 2.20, Large Flavoured latte - Vanilla - 2.85",7.9,CASH,
16/04/2025 12:15,London Camden,Blanca Strickland,"Large Iced latte - 2.85, Regular Speciality Tea - Peppermint - 1.30, Large Hot chocolate - 2.90, Large Chai latte - 2.60, Large Flavoured latte - Vanilla - 2.85",12.5,CARD,5311817109465843
16/04/2025 12:17,London Camden,Chelsea Temple,"Regular Flavoured hot chocolate - Vanilla - 2.60, Regular Flavoured hot chocolate - Vanilla - 2.60, Large Chai latte - 2.60",7.8,CARD,6545117748814876
16/04/2025 12:19,London Camden,Rebecca Wiley,"Regular Flavoured hot chocolate - Vanilla - 2.60, Large Luxury hot chocolate - 2.70, Regular Flavoured latte - Vanilla - 2.55, Regular Speciality Tea - Peppermint - 1.30, Regular Flavoured hot chocolate - Hazelnut - 2.60",11.75,CARD,1539571147200838
16/04/2025 12:21,London Camden,Keith Schumacher,"Large Hot chocolate - 2.90, Regular Hot chocolate - 2.20, Regular Hot chocolate - 2.20",7.3,CARD,5580747673312603
16/04/2025 12:23,London Camden,Fumiko Harrison,"Regular Speciality Tea - Peppermint - 1.30, Regular Chai latte - 2.30, Regular Flavoured hot chocolate - Vanilla - 2.60, Large Iced latte - 2.85, Regular Chai latte - 2.30",11.35,CARD,5356553073119122
16/04/2025 12:25,London Camden,Rose Weeden,"Regular Flavoured hot chocolate - Vanilla - 2.60, Regular Iced latte - 2.35",4.95,CASH,
16/04/2025 12:27,London Camden,Alfonzo Veal,Large Flavoured latte - Vanilla - 2.85,2.85,CARD,6541898430610413
16/04/2025 12:29,London Camden,Hyun Lopez,Large Flavoured latte - Vanilla - 2.85,2.85,CASH,
16/04/2025 12:31,London Camden,Lee Wilber,"Large Iced latte - 2.85, Large Speciality Tea - Peppermint - 1.60, Regular Iced latte - 2.35",6.8,CARD,1023685704468949
16/04/2025 12:32,London Camden,William Shah,"Large Speciality Tea - Peppermint - 1.60, Regular Chai latte - 2.30, Regular Speciality Tea - Peppermint - 1.30, Regular Luxury hot chocolate - 2.40, Large Chai latte - 2.60",10.2,CARD,8211833643264780
16/04/2025 12:34,London Camden,James Scott,Regular Flavoured hot chocolate - Vanilla - 2.60,2.6,CARD,9076371071108982
16/04/2025 12:36,London Camden,Amparo Clark,"Large Hot chocolate - 2.90, Large Chai latte - 2.60, Large Flavoured latte - Vanilla - 2.85, Regular Hot chocolate - 2.20",10.55,CASH,
16/04/2025 12:38,London Camden,Linda Merritt,"Large Flavoured latte - Vanilla - 2.85, Regular Flavoured hot chocolate - Hazelnut - 2.60, Regular Speciality Tea - Peppermint - 1.30, Regular Speciality Tea - Peppermint - 1.30, Large Luxury hot chocolate - 2.70",10.75,CARD,7369769042671360
16/04/2025 12:40,London Camden,Kelly Roye,"Large Hot chocolate - 2.90, Large Flavoured hot chocolate - Vanilla - 2.90, Large Speciality Tea - Peppermint - 1.60, Large Flavoured hot chocolate - Vanilla - 2.90, Regular Flavoured hot chocolate - Hazelnut - 2.60, Large Hot chocolate - 2.90",15.8,CARD,3038318469983872
16/04/2025 12:42,London Camden,Barbara Walters,"Large Hot chocolate - 2.90, Large Luxury hot chocolate - 2.70, Regular Flavoured latte - Vanilla - 2.55, Regular Chai latte - 2.30, Regular Luxury hot chocolate - 2.40",12.85,CARD,2045478776721317
16/04/2025 12:44,London Camden,Edward Holquin,"Large Flavoured hot chocolate - Hazelnut - 2.90, Regular Iced latte - 2.35, Regular Flavoured hot chocolate - Vanilla - 2.60, Large Flavoured hot chocolate - Hazelnut - 2.90",10.75,CARD,7092808357936058
16/04/2025 12:46,London Camden,Michael Banks,"Large Iced latte - 2.85, Large Chai latte - 2.60",5.45,CASH,
16/04/2025 12:48,London Camden,Anne Pipes,"Large Hot chocolate - 2.90, Regular Speciality Tea - Peppermint - 1.30, Regular Speciality Tea - Peppermint - 1.30, Large Flavoured hot chocolate - Hazelnut - 2.90",8.4,CARD,6286016739513509
16/04/2025 12:50,London Camden,William Weishaar,"Large Flavoured hot chocolate - Hazelnut - 2.90, Regular Speciality Tea - Peppermint - 1.30, Large Luxury hot chocolate - 2.70",6.9,CARD,1390855915505358
16/04/2025 12:52,London Camden,Ricky Campa,"Regular Iced latte - 2.35, Large Luxury hot chocolate - 2.70",5.05,CARD,8745812346986624
16/04/2025 12:54,London Camden,Cindy White,"Large Flavoured hot chocolate - Hazelnut - 2.90, Large Iced latte - 2.85, Large Flavoured hot chocolate - Hazelnut - 2.90",8.65,CARD,1353124110106028
16/04/2025 12:56,London Camden,Loretta Delacruz,"Regular Flavoured hot chocolate - Hazelnut - 2.60, Large Speciality Tea - Peppermint - 1.60",4.2,CARD,4790961480766582
16/04/2025 12:58,London Camden,Mary Baima,"Regular Chai latte - 2.30, Regular Luxury hot chocolate - 2.40",4.7,CARD,2597263135174691
16/04/2025 13:00,London Camden,Emmy Garcia,Large Flavoured latte - Vanilla - 2.85,2.85,CARD,7861633568496537
16/04/2025 13:00,London Camden,Lilia Harrower,"Large Speciality Tea - Peppermint - 1.60, Regular Chai latte - 2.30, Large Luxury hot chocolate - 2.70",6.6,CASH,
16/04/2025 13:01,London Camden,Linda Rogers,"Large Iced latte - 2.85, Regular Flavoured hot chocolate - Vanilla - 2.60, Large Speciality Tea - Peppermint - 1.60, Large Hot chocolate - 2.90",9.95,CARD,2638763229523094
16/04/2025 13:02,London Camden,Alva Bell,"Regular Luxury hot chocolate - 2.40, Large Iced latte - 2.85, Large Flavoured hot chocolate - Hazelnut - 2.90, Large Chai latte - 2.60, Large Flavoured hot chocolate - Hazelnut - 2.90, Regular Flavoured latte - Vanilla - 2.55",16.2,CARD,1829602701798997
16/04/2025 13:03,London Camden,Eileen Ortiz,Large Hot chocolate - 2.90,2.9,CARD,6086566169175590
16/04/2025 13:04,London Camden,Christopher Rodriguez,"Large Iced latte - 2.85, Large Speciality Tea - Peppermint - 1.60",4.45,CARD,6886505491107684
16/04/2025 13:05,London Camden,Nathan Hinton,"Large Flavoured latte - Vanilla - 2.85, Large Flavoured hot chocolate - Vanilla - 2.90",5.75,CASH,
16/04/2025 13:06,London Camden,Anna Vrablic,Large Speciality Tea - Peppermint - 1.60,1.6,CASH,
16/04/2025 13:07,London Camden,Ronnie Grady,Regular Chai latte - 2.30,2.3,CASH,
16/04/2025 13:08,London Camden,Brenda Peoples,"Regular Flavoured hot chocolate - Hazelnut - 2.60, Regular Flavoured hot chocolate - Vanilla - 2.60, Regular Hot chocolate - 2.20, Regular Luxury hot chocolate - 2.40",9.8,CASH,
16/04/2025 13:08,London Camden,Nickolas Moreno,Regular Flavoured hot chocolate - Hazelnut - 2.60,2.6,CARD,5524558107783229
16/04/2025 13:09,London Camden,Carol Macri,"Regular Speciality Tea - Peppermint - 1.30, Large Speciality Tea - Peppermint - 1.60, Large Hot chocolate - 2.90, Large Luxury hot chocolate - 2.70",8.5,CARD,9138228426968772
16/04/2025 13:10,London Camden,Thomas Davis,"Large Flavoured hot chocolate - Vanilla - 2.90, Regular Speciality Tea - Peppermint - 1.30",4.2,CASH,
16/04/2025 13:11,London Camden,Chris Hernandez,"Large Flavoured hot chocolate - Hazelnut - 2.90, Large Iced latte - 2.85",5.75,CASH,
16/04/2025 13:12,London Camden,Alberta Suttee,Regular Hot chocolate - 2.20,2.2,CARD,8111702617808833
16/04/2025 13:13,London Camden,Lawrence Pugh,"Regular Flavoured hot chocolate - Vanilla - 2.60, Regular Hot chocolate - 2.20, Regular Hot chocolate - 2.20, Regular Flavoured hot chocolate - Vanilla - 2.60",9.6,CARD,3338489489339907
16/04/2025 13:14,London Camden,Jacob Mccarthy,"Regular Hot chocolate - 2.20, Large Chai latte - 2.60, Regular Luxury hot chocolate - 2.40",7.2,CASH,
16/04/2025 13:15,London Camden,Marie Fraley,Regular Hot chocolate - 2.20,2.2,CARD,6804054893657472
16/04/2025 13:15,London Camden,Muriel Graham,"Large Chai latte - 2.60, Large Iced latte - 2.85, Regular Speciality Tea - Peppermint - 1.30, Large Flavoured latte - Vanilla - 2.85, Regular Hot chocolate - 2.20",11.8,CASH,
16/04/2025 13:16,London Camden,Lashanda Perry,"Regular Iced latte - 2.35, Large Iced latte - 2.85, Regular Flavoured hot chocolate - Vanilla - 2.60",7.8,CASH,
16/04/2025 13:17,London Camden,Ricardo Jordan,Regular Flavoured latte - Vanilla - 2.55,2.55,CASH,
16/04/2025 13:18,London Camden,Glenn Boykin,"Regular Speciality Tea - Peppermint - 1.30, Regular Flavoured hot chocolate - Vanilla - 2.60, Large Speciality Tea - Peppermint - 1.60",5.5,CASH,
16/04/2025 13:19,London Camden,Angelica Ritchie,Large Luxury hot chocolate - 2.70,2.7,CASH,
16/04/2025 13:20,London Camden,Sarah Fogle,"Large Hot chocolate - 2.90, Large Iced latte - 2.85",5.75,CASH,
16/04/2025 13:21,London Camden,Diane Breckenridge,"Large Flavoured latte - Vanilla - 2.85, Large Luxury hot chocolate - 2.70, Large Speciality Tea - Peppermint - 1.60, Large Flavoured latte - Vanilla - 2.85, Large Flavoured hot chocolate - Vanilla - 2.90",12.9,CASH,
16/04/2025 13:22,London Camden,Meri Brown,"Large Flavoured latte - Vanilla - 2.85, Large Flavoured hot chocolate - Vanilla - 2.90, Large Flavoured hot chocolate - Hazelnut - 2.90, Regular Flavoured latte - Vanilla - 2.55",11.2,CASH,
16/04/2025 13:23,London Camden,Kristy Adorno,Large Speciality Tea - Peppermint - 1.60,1.6,CASH,
16/04/2025 13:23,London Camden,Rebecca Steagell,Large Flavoured latte - Vanilla - 2.85,2.85,CASH,
16/04/2025 13:24,London Camden,Robert Stilwell,"Regular Speciality Tea - Peppermint - 1.30, Regular Chai latte - 2.30, Regular Luxury hot chocolate - 2.40",6.0,CASH,
16/04/2025 13:25,London Camden,William Freudenstein,"Regular Hot chocolate - 2.20, Regular Flavoured hot chocolate - Vanilla - 2.60",4.8,CASH,
16/04/2025 13:26,London Camden,Sarah Hui,Large Iced latte - 2.85,2.85,CARD,4774254779928937
16/04/2025 13:27,London Camden,Jesse Wilson,Large Flavoured hot chocolate - Vanilla - 2.90,2.9,CARD,8577073149023897
16/04/2025 13:28,London Camden,Edward Boutin,Regular Speciality Tea - Peppermint - 1.30,1.3,CARD,1633169380011840
16/04/2025 13:29,London Camden,Michael Williams,"Regular Flavoured hot chocolate - Vanilla - 2.60, Regular Chai latte - 2.30",4.9,CASH,
16/04/2025 13:30,London Camden,Donald Everett,Regular Speciality Tea - Peppermint - 1.30,1.3,CARD,8398751271484354
16/04/2025 13:30,London Camden,Juan Holmes,Regular Speciality Tea - Peppermint - 1.30,1.3,CARD,7788545163673843
16/04/2025 13:31,London Camden,Everett Manery,Large Iced latte - 2.85,2.85,CASH,
16/04/2025 13:32,London Camden,Jeffrey Arcos,"Large Speciality Tea - Peppermint - 1.60, Large Flavoured hot chocolate - Vanilla - 2.90, Large Flavoured latte - Vanilla - 2.85",7.35,CASH,
16/04/2025 13:33,London Camden,Lucille Ashley,Large Flavoured latte - Vanilla - 2.85,2.85,CARD,1150958245522215
16/04/2025 13:34,London Camden,Lawrence Fenderson,"Large Speciality Tea - Peppermint - 1.60, Large Chai latte - 2.60, Regular Flavoured hot chocolate - Hazelnut - 2.60, Large Chai latte - 2.60, Regular Iced latte - 2.35, Large Luxury hot chocolate - 2.70",14.45,CARD,2761285808300834
16/04/2025 13:35,London Camden,Patricia Hosey,"Large Flavoured latte - Vanilla - 2.85, Regular Iced latte - 2.35",5.2,CARD,9952840377232364
16/04/2025 13:36,London Camden,Freddie Behr,"Large Flavoured latte - Vanilla - 2.85, Large Flavoured hot chocolate - Hazelnut - 2.90, Large Hot chocolate - 2.90, Large Flavoured hot chocolate - Hazelnut - 2.90",11.55,CARD,8663838027898427
16/04/2025 13:37,London Camden,Margaret Joyce,"Regular Chai latte - 2.30, Regular Luxury hot chocolate - 2.40, Large Flavoured latte - Vanilla - 2.85, Large Flavoured hot chocolate - Hazelnut - 2.90",10.45,CASH,
16/04/2025 13:38,London Camden,Marshall Perng,"Regular Speciality Tea - Peppermint - 1.30, Large Speciality Tea - Peppermint - 1.60, Regular Flavoured hot chocolate - Hazelnut - 2.60, Large Flavoured hot chocolate - Hazelnut - 2.90",8.4,CARD,1878100164807081
16/04/2025 13:38,London Camden,Earl Lucero,"Regular Flavoured hot chocolate - Hazelnut - 2.60, Large Flavoured latte - Vanilla - 2.85, Regular Iced latte - 2.35, Large Flavoured hot chocolate - Vanilla - 2.90, Regular Chai latte - 2.30",13.0,CASH,
16/04/2025 13:39,London Camden,Noel Hopper,"Large Hot chocolate - 2.90, Large Luxury hot chocolate - 2.70, Large Flavoured latte - Vanilla - 2.85, Regular Hot chocolate - 2.20",10.65,CARD,3872785114266801
16/04/2025 13:40,London Camden,Emma Harris,Large Chai latte - 2.60,2.6,CARD,8214670085984936
16/04/2025 13:41,London Camden,Diane Taggart,"Regular Flavoured hot chocolate - Hazelnut - 2.60, Regular Flavoured hot chocolate - Hazelnut - 2.60, Large Flavoured hot chocolate - Hazelnut - 2.90, Large Flavoured hot chocolate - Vanilla - 2.90",11.0,CARD,7011716897944870
16/04/2025 13:42,London Camden,Lester Knott,"Regular Speciality Tea - Peppermint - 1.30, Regular Chai latte - 2.30, Large Hot chocolate - 2.90",6.5,CARD,1041929241622508
16/04/2025 13:43,London Camden,Ronnie Melton,"Regular Flavoured hot chocolate - Hazelnut - 2.60, Regular Chai latte - 2.30, Regular Iced latte - 2.35, Regular Flavoured hot chocolate - Hazelnut - 2.60, Regular Luxury hot chocolate - 2.40",12.25,CASH,
16/04/2025 13:44,London Camden,Russell Bower,"Large Flavoured latte - Vanilla - 2.85, Regular Speciality Tea - Peppermint - 1.30, Regular Flavoured hot chocolate - Vanilla - 2.60, Large Speciality Tea - Peppermint - 1.60, Regular Luxury hot chocolate - 2.40",10.75,CARD,6105336498984473
16/04/2025 13:45,London Camden,Leandro Mcclellan,Large Flavoured latte - Vanilla - 2.85,2.85,CASH,
16/04/2025 13:45,London Camden,Victor Street,Large Flavoured latte - Vanilla - 2.85,2.85,CARD,3977431024093104
16/04/2025 13:46,London Camden,Heidi Kahaleua,Regular Speciality Tea - Peppermint - 1.30,1.3,CARD,7528660602340009
16/04/2025 13:47,London Camden,Joan Roberts,"Large Hot chocolate - 2.90, Regular Speciality Tea - Peppermint - 1.30, Large Luxury hot chocolate - 2.70, Regular Flavoured latte - Vanilla - 2.55",9.45,CARD,3949313268902448
16/04/2025 13:48,London Camden,Jean Smith,"Regular Hot chocolate - 2.20, Large Flavoured hot chocolate - Vanilla - 2.90, Large Chai latte - 2.60",7.7,CASH,
16/04/2025 13:49,London Camden,Marsha Rabello,"Large Flavoured hot chocolate - Vanilla - 2.90, Regular Luxury hot chocolate - 2.40",5.3,CARD,4846773485581411
16/04/2025 13:50,London Camden,Sherry Franco,Large Luxury hot chocolate - 2.70,2.7,CASH,
16/04/2025 13:51,London Camden,Ione Gallusser,Large Iced latte - 2.85,2.85,CARD,7731605072167913
16/04/2025 13:52,London Camden,Regina Bergen,"Regular Flavoured hot chocolate - Vanilla - 2.60, Large Luxury hot chocolate - 2.70",5.3,CARD,5028146989593131
16/04/2025 13:53,London Camden,Jacqueline Howard,"Regular Speciality Tea - Peppermint - 1.30, Large Speciality Tea - Peppermint - 1.60",2.9,CASH,
16/04/2025 13:53,London Camden,Daren Lopez,"Regular Chai latte - 2.30, Large Chai latte - 2.60, Regular Hot chocolate - 2.20",7.1,CASH,
16/04/2025 13:54,London Camden,Jovita Ennis,"Large Iced latte - 2.85, Large Flavoured hot chocolate - Hazelnut - 2.90, Large Flavoured hot chocolate - Vanilla - 2.90, Large Flavoured latte - Vanilla - 2.85, Regular Flavoured latte - Vanilla - 2.55",14.05,CASH,
16/04/2025 13:55,London Camden,Melissa Yant,"Large Speciality Tea - Peppermint - 1.60, Large Speciality Tea - Peppermint - 1.60, Large Luxury hot chocolate - 2.70, Large Flavoured hot chocolate - Hazelnut - 2.90, Regular Flavoured hot chocolate - Hazelnut - 2.60, Regular Iced latte - 2.35",13.75,CASH,
16/04/2025 13:56,London Camden,Mike Reyna,"Large Iced latte - 2.85, Large Flavoured hot chocolate - Vanilla - 2.90",5.75,CARD,1909248787856696
16/04/2025 13:57,London Camden,Leonard Pugh,"Large Luxury hot chocolate - 2.70, Regular Hot chocolate - 2.20, Large Luxury hot chocolate - 2.70",7.6,CARD,5925432439681487
16/04/2025 13:58,London Camden,Jessica Howell,Large Iced latte - 2.85,2.85,CASH,
16/04/2025 13:59,London Camden,William Frances,"Large Flavoured hot chocolate - Hazelnut - 2.90, Regular Iced latte - 2.35, Regular Chai latte - 2.30",7.55,CARD,4564233494909813
16/04/2025 14:00,London Camden,Elsie Carr,"Regular Flavoured hot chocolate - Hazelnut - 2.60, Large Flavoured hot chocolate - Hazelnut - 2.90, Regular Hot chocolate - 2.20, Large Chai latte - 2.60",10.3,CARD,1374765359336108
16/04/2025 14:00,London Camden,Lawerence Brooks,"Regular Speciality Tea - Peppermint - 1.30, Large Luxury hot chocolate - 2.70",4.0,CARD,8883476445649550
16/04/2025 14:01,London Camden,Luis Murray,Large Hot chocolate - 2.90,2.9,CASH,
16/04/2025 14:02,London Camden,Elizabeth Casale,"Large Hot chocolate - 2.90, Large Hot chocolate - 2.90, Large Flavoured latte - Vanilla - 2.85, Large Chai latte - 2.60, Large Luxury hot chocolate - 2.70",13.95,CARD,9317579142927897
16/04/2025 14:03,London Camden,Pamela Gerveler,Large Luxury hot chocolate - 2.70,2.7,CARD,4377106813536811
16/04/2025 14:04,London Camden,Leota Nykiel,"Regular Flavoured hot chocolate - Hazelnut - 2.60, Regular Hot chocolate - 2.20, Large Chai latte - 2.60",7.4,CARD,6136521027605760
16/04/2025 14:05,London Camden,Robert Askew,"Regular Flavoured latte - Vanilla - 2.55, Regular Flavoured hot chocolate - Hazelnut - 2.60",5.15,CARD,4895927451665569
16/04/2025 14:06,London Camden,Denise Rivas,"Regular Iced latte - 2.35, Large Flavoured latte - Vanilla - 2.85, Large Chai latte - 2.60",7.8,CARD,6822969054472331
16/04/2025 14:07,London Camden,Joseph Sebastian,"Large Flavoured hot chocolate - Hazelnut - 2.90, Regular Chai latte - 2.30, Regular Luxury hot chocolate - 2.40",7.6,CASH,
16/04/2025 14:07,London Camden,Anna Cuadrado,Regular Speciality Tea - Peppermint - 1.30,1.3,CASH,
16/04/2025 14:08,London Camden,Miquel Hubbard,"Regular Flavoured hot chocolate - Vanilla - 2.60, Large Flavoured hot chocolate - Hazelnut - 2.90",5.5,CARD,4969872288239753
16/04/2025 14:09,London Camden,Ray Smith,Regular Flavoured hot chocolate - Hazelnut - 2.60,2.6,CASH,
16/04/2025 14:10,London Camden,Russell Applewhite,"Large Flavoured hot chocolate - Hazelnut - 2.90, Regular Flavoured hot chocolate - Hazelnut - 2.60, Large Flavoured hot chocolate - Vanilla - 2.90, Regular Hot chocolate - 2.20",10.6,CARD,6793916929707470
16/04/2025 14:11,London Camden,Willie Marciano,Large Flavoured hot chocolate - Hazelnut - 2.90,2.9,CARD,6229660363442996
16/04/2025 14:12,London Camden,Frances Stokes,"Large Iced latte - 2.85, Regular Speciality Tea - Peppermint - 1.30, Regular Iced latte - 2.35, Large Luxury hot chocolate - 2.70",9.2,CARD,4158280550569355
16/04/2025 14:13,London Camden,Buster Jones,"Large Flavoured latte - Vanilla - 2.85, Regular Flavoured hot chocolate - Hazelnut - 2.60, Regular Flavoured hot chocolate - Vanilla - 2.60, Large Flavoured hot chocolate - Vanilla - 2.90, Large Flavoured hot chocolate - Vanilla - 2.90",13.85,CARD,3628983896302089
16/04/2025 14:13,London Camden,Deanne Bates,"Large Flavoured hot chocolate - Hazelnut - 2.90, Large Chai latte - 2.60",5.5,CASH,
16/04/2025 14:14,London Camden,Deborah Bandy,"Large Iced latte - 2.85, Large Chai latte - 2.60, Large Flavoured hot chocolate - Vanilla - 2.90, Regular Luxury hot chocolate - 2.40, Regular Flavoured hot chocolate - Vanilla - 2.60, Large Hot chocolate - 2.90",16.25,CARD,5941516935426179
16/04/2025 14:15,London Camden,Albert Martinez,Regular Flavoured latte - Vanilla - 2.55,2.55,CARD,2918701313835943
16/04/2025 14:16,London Camden,Barbara Corke,"Large Flavoured hot chocolate - Hazelnut - 2.90, Regular Speciality Tea - Peppermint - 1.30, Regular Speciality Tea - Peppermint - 1.30, Regular Chai latte - 2.30, Regular Flavoured hot chocolate - Vanilla - 2.60",10.4,CARD,1829761501346857
16/04/2025 14:17,London Camden,Laura Bergquist,"Large Flavoured hot chocolate - Vanilla - 2.90, Regular Flavoured latte - Vanilla - 2.55, Large Flavoured hot chocolate - Vanilla - 2.90, Large Luxury hot chocolate - 2.70, Regular Flavoured hot chocolate - Vanilla - 2.60, Large Luxury hot chocolate - 2.70",16.35,CASH,
16/04/2025 14:18,London Camden,Mary Yepez,"Regular Flavoured hot chocolate - Hazelnut - 2.60, Regular Flavoured hot chocolate - Vanilla - 2.60, Large Iced latte - 2.85, Regular Speciality Tea - Peppermint - 1.30",9.35,CARD,5970343031833481
16/04/2025 14:19,London Camden,Laura Gordon,"Regular Speciality Tea - Peppermint - 1.30, Large Flavoured hot chocolate - Vanilla - 2.90, Regular Flavoured hot chocolate - Hazelnut - 2.60",6.8,CARD,3668309516017810
16/04/2025 14:20,London Camden,Dwight Cabral,"Regular Iced latte - 2.35, Large Hot chocolate - 2.90",5.25,CASH,
16/04/2025 14:20,London Camden,Nicole Budde,Large Flavoured hot chocolate - Hazelnut - 2.90,2.9,CARD,2458573030207802
16/04/2025 14:21,London Camden,Rodney Watson,"Regular Flavoured latte - Vanilla - 2.55, Regular Luxury hot chocolate - 2.40",4.95,CARD,2361726050641718
16/04/2025 14:22,London Camden,Paul Clark,"Large Luxury hot chocolate - 2.70, Large Flavoured latte - Vanilla - 2.85",5.55,CARD,1986788245222276
16/04/2025 14:23,London Camden,Carlton Duvall,Large Flavoured hot chocolate - Vanilla - 2.90,2.9,CARD,3741703565656170
16/04/2025 14:24,London Camden,John Blackburn,Large Luxury hot chocolate - 2.70,2.7,CARD,3339294566729532
16/04/2025 14:25,London Camden,Joseph Fant,"Regular Iced latte - 2.35, Regular Flavoured hot chocolate - Vanilla - 2.60, Regular Chai latte - 2.30, Regular Luxury hot chocolate - 2.40, Regular Flavoured hot chocolate - Vanilla - 2.60",12.25,CASH,
16/04/2025 14:26,London Camden,James Mccabe,Large Speciality Tea - Peppermint - 1.60,1.6,CARD,2295007303584287
16/04/2025 14:26,London Camden,Michael Manery,"Large Hot chocolate - 2.90, Large Flavoured hot chocolate - Vanilla - 2.90",5.8,CARD,3692194229717929
16/04/2025 14:27,London Camden,Janice Graham,"Large Flavoured latte - Vanilla - 2.85, Large Speciality Tea - Peppermint - 1.60, Regular Chai latte - 2.30, Regular Flavoured hot chocolate - Hazelnut - 2.60",9.35,CARD,1403515544059948
16/04/2025 14:28,London Camden,Vanda Manera,Large Hot chocolate - 2.90,2.9,CARD,5352205795911710
16/04/2025 14:29,London Camden,Delia Venegas,"Regular Flavoured latte - Vanilla - 2.55, Large Flavoured hot chocolate - Hazelnut - 2.90, Regular Speciality Tea - Peppermint - 1.30, Large Iced latte - 2.85, Regular Iced latte - 2.35, Regular Speciality Tea - Peppermint - 1.30",13.25,CASH,
16/04/2025 14:30,London Camden,Carlos Romero,Regular Flavoured hot chocolate - Vanilla - 2.60,2.6,CASH,
16/04/2025 14:31,London Camden,Melanie Wrisley,Regular Speciality Tea - Peppermint - 1.30,1.3,CARD,6705233936678663
16/04/2025 14:32,London Camden,Gilbert Harris,"Large Hot chocolate - 2.90, Regular Flavoured latte - Vanilla - 2.55, Regular Iced latte - 2.35, Large Luxury hot chocolate - 2.70, Regular Flavoured hot chocolate - Hazelnut - 2.60",13.1,CARD,8026648161057447
16/04/2025 14:33,London Camden,Thomas Vidal,"Regular Flavoured hot chocolate - Hazelnut - 2.60, Large Speciality Tea - Peppermint - 1.60, Large Flavoured latte - Vanilla - 2.85, Regular Iced latte - 2.35",9.4,CARD,2937113336053947
16/04/2025 14:33,London Camden,Karl Harris,"Regular Iced latte - 2.35, Regular Speciality Tea - Peppermint - 1.30, Regular Iced latte - 2.35",6.0,CASH,
16/04/2025 14:34,London Camden,Shirley Scott,Large Luxury hot chocolate - 2.70,2.7,CARD,4707024863076401
16/04/2025 14:35,London Camden,Judith Wortman,"Large Luxury hot chocolate - 2.70, Large Flavoured hot chocolate - Vanilla - 2.90",5.6,CARD,9813136690522611
16/04/2025 14:36,London Camden,Lindsey Jensen,"Large Hot chocolate - 2.90, Large Flavoured hot chocolate - Vanilla - 2.90",5.8,CARD,4273119377962164
16/04/2025 14:37,London Camden,Gaynell Barden,Regular Luxury hot chocolate - 2.40,2.4,CARD,5649334822983569
16/04/2025 14:38,London Camden,Craig Boles,"Large Flavoured latte - Vanilla - 2.85, Regular Flavoured hot chocolate - Vanilla - 2.60",5.45,CARD,8454375844781373
16/04/2025 14:39,London Camden,John Pope,Large Flavoured latte - Vanilla - 2.85,2.85,CARD,3044872496430900
16/04/2025 14:39,London Camden,Julia Rivera,"Large Speciality Tea - Peppermint - 1.60, Regular Flavoured hot chocolate - Vanilla - 2.60, Regular Iced latte - 2.35, Regular Flavoured latte - Vanilla - 2.55, Regular Luxury hot chocolate - 2.40, Regular Flavoured latte - Vanilla - 2.55",14.05,CARD,1940468056703452
16/04/2025 14:40,London Camden,Edward Jones,Regular Speciality Tea - Peppermint - 1.30,1.3,CARD,2079490474460927
16/04/2025 14:41,London Camden,Sofia George,Large Iced latte - 2.85,2.85,CASH,
16/04/2025 14:42,London Camden,Roxane Thompson,Large Iced latte - 2.85,2.85,CARD,2760784843376918
16/04/2025 14:43,London Camden,Sharee Bailey,"Large Flavoured hot chocolate - Hazelnut - 2.90, Regular Iced latte - 2.35, Regular Hot chocolate - 2.20, Regular Flavoured hot chocolate - Hazelnut - 2.60",10.05,CARD,8282095938644470
16/04/2025 14:44,London Camden,Mark Becker,"Regular Luxury hot chocolate - 2.40, Large Speciality Tea - Peppermint - 1.60, Large Chai latte - 2.60, Regular Flavoured latte - Vanilla - 2.55",9.15,CASH,
16/04/2025 14:45,London Camden,Frederick Carney,"Large Iced latte - 2.85, Large Luxury hot chocolate - 2.70, Large Flavoured hot chocolate - Vanilla - 2.90, Regular Luxury hot chocolate - 2.40, Large Iced latte - 2.85",13.7,CARD,5865988840226873
16/04/2025 14:46,London Camden,Charles Jackson,"Regular Chai latte - 2.30, Regular Flavoured latte - Vanilla - 2.55",4.85,CARD,8729763065489561
16/04/2025 14:46,London Camden,Quinton Roberson,"Regular Flavoured hot chocolate - Hazelnut - 2.60, Large Flavoured hot chocolate - Hazelnut - 2.90, Large Speciality Tea - Peppermint - 1.60",7.1,CARD,8897816087987022
16/04/2025 14:47,London Camden,Peter Williams,Regular Hot chocolate - 2.20,2.2,CARD,6059524500324047
16/04/2025 14:48,London Camden,Roger Whittingham,"Regular Iced latte - 2.35, Regular Flavoured hot chocolate - Hazelnut - 2.60, Regular Chai latte - 2.30",7.25,CARD,5164873805923833
16/04/2025 14:49,London Camden,Melinda Flax,Regular Flavoured hot chocolate - Hazelnut - 2.60,2.6,CARD,4119346183551962
16/04/2025 14:50,London Camden,Eva Firkins,"Large Luxury hot chocolate - 2.70, Regular Speciality Tea - Peppermint - 1.30, Regular Chai latte - 2.30",6.3,CARD,6268427500805753
16/04/2025 14:51,London Camden,Jeffrey Adams,"Large Iced latte - 2.85, Regular Flavoured hot chocolate - Hazelnut - 2.60",5.45,CARD,3046146406961395
16/04/2025 14:52,London Camden,Julie Akin,Large Speciality Tea - Peppermint - 1.60,1.6,CARD,2580929318496951
16/04/2025 14:52,London Camden,Dean Osborne,"Large Luxury hot chocolate - 2.70, Large Iced latte - 2.85, Large Flavoured hot chocolate - Vanilla - 2.90",8.45,CARD,8945417552816212
16/04/2025 14:53,London Camden,Grace Perez,"Large Speciality Tea - Peppermint - 1.60, Large Chai latte - 2.60, Regular Flavoured hot chocolate - Hazelnut - 2.60, Large Flavoured hot chocolate - Vanilla - 2.90",9.7,CARD,3014651604576069
16/04/2025 14:54,London Camden,Robin Dehn,"Regular Flavoured hot chocolate - Vanilla - 2.60, Regular Luxury hot chocolate - 2.40, Large Chai latte - 2.60, Large Flavoured hot chocolate - Hazelnut - 2.90",10.5,CARD,7667760587592042
16/04/2025 14:55,London Camden,Glenn Silverman,Large Flavoured hot chocolate - Hazelnut - 2.90,2.9,CARD,2237357444061792
16/04/2025 14:56,London Camden,Jacob Sandlin,"Regular Flavoured hot chocolate - Vanilla - 2.60, Large Luxury hot chocolate - 2.70, Large Flavoured latte - Vanilla - 2.85, Large Speciality Tea - Peppermint - 1.60",9.75,CARD,1098542740432666
16/04/2025 14:57,London Camden,Albert Sweet,"Large Hot chocolate - 2.90, Regular Hot chocolate - 2.20",5.1,CASH,
16/04/2025 14:58,London Camden,Belle Wells,"Regular Hot chocolate - 2.20, Large Chai latte - 2.60, Large Speciality Tea - Peppermint - 1.60",6.4,CASH,
16/04/2025 14:59,London Camden,Janice Casillas,"Large Flavoured latte - Vanilla - 2.85, Large Flavoured hot chocolate - Hazelnut - 2.90, Large Luxury hot chocolate - 2.70, Large Flavoured latte - Vanilla - 2.85",11.3,CASH,
16/04/2025 14:59,London Camden,Lenora Hawkins,Regular Flavoured latte - Vanilla - 2.55,2.55,CARD,3704058652475762
16/04/2025 15:00,London Camden,Melissa Palmer,"Large Hot chocolate - 2.90, Regular Hot chocolate - 2.20, Large Iced latte - 2.85",7.95,CASH,
16/04/2025 15:01,London Camden,Christian Jones,Regular Iced latte - 2.35,2.35,CARD,4787106539904382
16/04/2025 15:03,London Camden,Dominque Ramos,"Regular Speciality Tea - Peppermint - 1.30, Large Chai latte - 2.60",3.9,CASH,
16/04/2025 15:04,London Camden,Juan Casey,"Large Hot chocolate - 2.90, Regular Flavoured hot chocolate - Hazelnut - 2.60",5.5,CASH,
16/04/2025 15:05,London Camden,Cynthia Suggs,"Regular Speciality Tea - Peppermint - 1.30, Regular Flavoured latte - Vanilla - 2.55, Regular Flavoured hot chocolate - Hazelnut - 2.60",6.45,CASH,
16/04/2025 15:06,London Camden,Patrica Martin,"Large Flavoured hot chocolate - Hazelnut - 2.90, Large Iced latte - 2.85, Regular Chai latte - 2.30, Regular Iced latte - 2.35",10.4,CASH,
16/04/2025 15:07,London Camden,Bessie Johns,"Large Chai latte - 2.60, Large Speciality Tea - Peppermint - 1.60",4.2,CARD,6668282192677876
16/04/2025 15:08,London Camden,Charles Veltri,"Large Flavoured hot chocolate - Hazelnut - 2.90, Large Chai latte - 2.60, Regular Flavoured latte - Vanilla - 2.55",8.05,CARD,5236520357244064
16/04/2025 15:10,London Camden,Brian Dawkins,"Large Chai latte - 2.60, Regular Speciality Tea - Peppermint - 1.30, Regular Iced latte - 2.35, Regular Flavoured latte - Vanilla - 2.55",8.8,CARD,5034228105838332
16/04/2025 15:11,London Camden,Lisa Gray,"Regular Hot chocolate - 2.20, Regular Flavoured hot chocolate - Hazelnut - 2.60, Regular Flavoured hot chocolate - Vanilla - 2.60, Regular Flavoured hot chocolate - Hazelnut - 2.60, Large Flavoured hot chocolate - Vanilla - 2.90",12.9,CASH,
16/04/2025 15:12,London Camden,Loren Walsh,"Large Luxury hot chocolate - 2.70, Regular Luxury hot chocolate - 2.40",5.1,CASH,
16/04/2025 15:13,London Camden,Emilia Wake,Large Speciality Tea - Peppermint - 1.60,1.6,CARD,8261564834218217
16/04/2025 15:14,London Camden,Teresa Hope,"Large Hot chocolate - 2.90, Large Flavoured latte - Vanilla - 2.85, Regular Flavoured latte - Vanilla - 2.55, Regular Iced latte - 2.35",10.65,CARD,3928940863424202
16/04/2025 15:15,London Camden,Delfina Mendoza,"Large Iced latte - 2.85, Large Chai latte - 2.60, Large Flavoured hot chocolate - Vanilla - 2.90, Regular Flavoured hot chocolate - Hazelnut - 2.60",10.95,CASH,
16/04/2025 15:17,London Camden,Anthony Hill,"Large Speciality Tea - Peppermint - 1.60, Large Chai latte - 2.60, Regular Flavoured latte - Vanilla - 2.55, Regular Chai latte - 2.30, Regular Luxury hot chocolate - 2.40, Regular Flavoured hot chocolate - Vanilla - 2.60",14.05,CARD,1870923411616023
16/04/2025 15:18,London Camden,Louise Duckett,"Large Flavoured latte - Vanilla - 2.85, Large Flavoured latte - Vanilla - 2.85",5.7,CASH,
16/04/2025 15:19,London Camden,Wallace Carpenter,Large Hot chocolate - 2.90,2.9,CARD,6101825972895846
16/04/2025 15:20,London Camden,John Brown,"Large Hot chocolate - 2.90, Large Flavoured hot chocolate - Hazelnut - 2.90, Regular Chai latte - 2.30",8.1,CARD,7974818932088645
16/04/2025 15:21,London Camden,Brandon Zerhusen,"Regular Flavoured hot chocolate - Vanilla - 2.60, Large Flavoured latte - Vanilla - 2.85, Large Flavoured hot chocolate - Vanilla - 2.90",8.35,CARD,4982902801008342
16/04/2025 15:22,London Camden,Yolanda Nelson,"Regular Speciality Tea - Peppermint - 1.30, Large Iced latte - 2.85",4.15,CASH,
16/04/2025 15:24,London Camden,Albert Price,"Regular Flavoured hot chocolate - Hazelnut - 2.60, Large Iced latte - 2.85, Regular Iced latte - 2.35, Large Flavoured hot chocolate - Vanilla - 2.90",10.7,CARD,2510902505365151
16/04/2025 15:25,London Camden,Felicia Smart,Regular Flavoured hot chocolate - Vanilla - 2.60,2.6,CASH,
16/04/2025 15:26,London Camden,Michael Chapman,Large Iced latte - 2.85,2.85,CASH,
16/04/2025 15:27,London Camden,Irma Knowles,"Regular Speciality Tea - Peppermint - 1.30, Large Flavoured hot chocolate - Vanilla - 2.90",4.2,CARD,7793157876066947
16/04/2025 15:28,London Camden,Mary Brobst,"Regular Flavoured latte - Vanilla - 2.55, Regular Flavoured latte - Vanilla - 2.55, Regular Flavoured hot chocolate - Vanilla - 2.60",7.7,CASH,
16/04/2025 15:29,London Camden,Rhonda Scroggins,Large Flavoured hot chocolate - Vanilla - 2.90,2.9,CARD,7618180166199386
16/04/2025 15:31,London Camden,Nicholas Anderson,"Regular Chai latte - 2.30, Large Speciality Tea - Peppermint - 1.60, Regular Flavoured latte - Vanilla - 2.55",6.45,CARD,4558859773218352
16/04/2025 15:32,London Camden,Leslie Jimenez,"Large Flavoured hot chocolate - Hazelnut - 2.90, Large Chai latte - 2.60",5.5,CARD,8540904361498802
16/04/2025 15:33,London Camden,Daniel Mcclelland,Regular Iced latte - 2.35,2.35,CARD,2954441092399420
16/04/2025 15:34,London Camden,Brittany Blair,"Large Iced latte - 2.85, Regular Iced latte - 2.35, Regular Flavoured latte - Vanilla - 2.55, Large Speciality Tea - Peppermint - 1.60, Large Flavoured latte - Vanilla - 2.85",12.2,CARD,7992549438397765
16/04/2025 15:35,London Camden,Terry Hegmann,"Large Flavoured hot chocolate - Hazelnut - 2.90, Regular Iced latte - 2.35, Regular Luxury hot chocolate - 2.40, Large Flavoured hot chocolate - Vanilla - 2.90, Large Iced latte - 2.85",13.4,CARD,9282813127878568
16/04/2025 15:36,London Camden,Adam Strickland,"Regular Luxury hot chocolate - 2.40, Regular Flavoured hot chocolate - Vanilla - 2.60",5.0,CARD,3739078951113391
16/04/2025 15:38,London Camden,Rodney Giorgio,Regular Hot chocolate - 2.20,2.2,CASH,
16/04/2025 15:39,London Camden,Alice Dart,"Large Speciality Tea - Peppermint - 1.60, Regular Flavoured hot chocolate - Vanilla - 2.60",4.2,CARD,6951812696013025
16/04/2025 15:40,London Camden,Walter Kahill,"Regular Speciality Tea - Peppermint - 1.30, Large Hot chocolate - 2.90",4.2,CARD,2885165576158681
16/04/2025 15:41,London Camden,David Moore,"Regular Flavoured hot chocolate - Hazelnut - 2.60, Regular Flavoured latte - Vanilla - 2.55",5.15,CARD,6981191919038639
16/04/2025 15:42,London Camden,Eddie Milton,"Large Hot chocolate - 2.90, Regular Speciality Tea - Peppermint - 1.30, Regular Iced latte - 2.35, Regular Hot chocolate - 2.20, Regular Flavoured hot chocolate - Hazelnut - 2.60, Large Speciality Tea - Peppermint - 1.60",12.95,CARD,9506781296539338
16/04/2025 15:43,London Camden,William Montemurro,"Large Luxury hot chocolate - 2.70, Regular Speciality Tea - Peppermint - 1.30",4.0,CASH,
16/04/2025 15:45,London Camden,Sonia Khan,Large Iced latte - 2.85,2.85,CARD,6259304239085127
16/04/2025 15:46,London Camden,Ronald Matt,Regular Flavoured latte - Vanilla - 2.55,2.55,CARD,9884688135391886
16/04/2025 15:47,London Camden,William Gibbs,"Large Speciality Tea - Peppermint - 1.60, Regular Flavoured hot chocolate - Vanilla - 2.60",4.2,CARD,2371213021435020
16/04/2025 15:48,London Camden,Loretta Downs,"Large Flavoured hot chocolate - Hazelnut - 2.90, Regular Flavoured latte - Vanilla - 2.55",5.45,CARD,9298951976691859
16/04/2025 15:49,London Camden,Armando Tucci,Large Hot chocolate - 2.90,2.9,CARD,1205082662007686
16/04/2025 15:50,London Camden,Floyd Feldman,"Large Luxury hot chocolate - 2.70, Large Chai latte - 2.60",5.3,CARD,8851694275267873
16/04/2025 15:52,London Camden,Gertrude Woody,"Large Chai latte - 2.60, Regular Flavoured hot chocolate - Hazelnut - 2.60, Regular Flavoured hot chocolate - Hazelnut - 2.60",7.8,CARD,7404277219975048
16/04/2025 15:53,London Camden,James Inman,"Regular Flavoured hot chocolate - Vanilla - 2.60, Large Flavoured hot chocolate - Vanilla - 2.90",5.5,CARD,6620623849637649
16/04/2025 15:54,London Camden,Hilda Davis,"Regular Chai latte - 2.30, Regular Flavoured latte - Vanilla - 2.55",4.85,CARD,1793108445712519
16/04/2025 15:55,London Camden,Earl Stone,"Large Iced latte - 2.85, Regular Flavoured hot chocolate - Vanilla - 2.60, Large Iced latte - 2.85, Large Iced latte - 2.85, Large Flavoured hot chocolate - Vanilla - 2.90",14.05,CARD,9934051061753782
16/04/2025 15:56,London Camden,Ruby Niece,"Regular Flavoured hot chocolate - Hazelnut - 2.60, Large Hot chocolate - 2.90",5.5,CARD,4981059397791531
16/04/2025 15:57,London Camden,Michael Ramos,"Regular Speciality Tea - Peppermint - 1.30, Regular Flavoured hot chocolate - Hazelnut - 2.60",3.9,CASH,
16/04/2025 15:59,London Camden,Kristina Sanders,"Regular Hot chocolate - 2.20, Large Flavoured latte - Vanilla - 2.85, Large Flavoured hot chocolate - Hazelnut - 2.90, Regular Speciality Tea - Peppermint - 1.30, Large Chai latte - 2.60",11.85,CARD,7061531942141230
16/04/2025 16:00,London Camden,George Gonzalez,Regular Iced latte - 2.35,2.35,CASH,
16/04/2025 16:02,London Camden,Peggy Washington,Regular Flavoured hot chocolate - Hazelnut - 2.60,2.6,CARD,9447296567263188
16/04/2025 16:04,London Camden,Richard Wisbey,Regular Luxury hot chocolate - 2.40,2.4,CASH,
16/04/2025 16:06,London Camden,Leslie Diemer,"Large Flavoured latte - Vanilla - 2.85, Regular Luxury hot chocolate - 2.40, Regular Flavoured hot chocolate - Hazelnut - 2.60, Large Iced latte - 2.85, Large Hot chocolate - 2.90, Regular Hot chocolate - 2.20",15.8,CARD,6395196222344209
16/04/2025 16:09,London Camden,Jack Carpenter,Regular Flavoured latte - Vanilla - 2.55,2.55,CASH,
16/04/2025 16:11,London Camden,Georgina Williams,Large Flavoured hot chocolate - Hazelnut - 2.90,2.9,CARD,3122925832123394
16/04/2025 16:13,London Camden,Abigail Hurdle,"Regular Chai latte - 2.30, Large Flavoured hot chocolate - Vanilla - 2.90",5.2,CASH,
16/04/2025 16:15,London Camden,Jay Olson,"Regular Luxury hot chocolate - 2.40, Large Hot chocolate - 2.90",5.3,CASH,
16/04/2025 16:18,London Camden,Brenda Kolar,"Large Hot chocolate - 2.90, Large Iced latte - 2.85, Large Flavoured latte - Vanilla - 2.85, Regular Chai latte - 2.30, Large Flavoured hot chocolate - Hazelnut - 2.90",13.8,CARD,4399332342642355
16/04/2025 16:20,London Camden,Barbara Johnson,Large Iced latte - 2.85,2.85,CARD,8997704634498612
16/04/2025 16:22,London Camden,Larry Young,"Regular Iced latte - 2.35, Regular Speciality Tea - Peppermint - 1.30, Regular Hot chocolate - 2.20",5.85,CARD,2594303030436758
16/04/2025 16:24,London Camden,Brenda Davis,"Large Iced latte - 2.85, Large Hot chocolate - 2.90",5.75,CASH,
16/04/2025 16:26,London Camden,Rose Vogt,Regular Chai latte - 2.30,2.3,CARD,2534764169306791
16/04/2025 16:29,London Camden,Jerome Miller,"Regular Luxury hot chocolate - 2.40, Large Flavoured hot chocolate - Hazelnut - 2.90, Large Chai latte - 2.60",7.9,CARD,3432788453365481
16/04/2025 16:31,London Camden,Melissa Watson,"Regular Hot chocolate - 2.20, Large Flavoured latte - Vanilla - 2.85, Large Flavoured hot chocolate - Hazelnut - 2.90, Large Speciality Tea - Peppermint - 1.60, Large Speciality Tea - Peppermint - 1.60, Large Flavoured hot chocolate - Vanilla - 2.90",14.05,CARD,5286260875910703
16/04/2025 16:33,London Camden,Ingrid Leon,"Regular Flavoured hot chocolate - Vanilla - 2.60, Large Hot chocolate - 2.90, Large Iced latte - 2.85, Regular Speciality Tea - Peppermint - 1.30, Regular Flavoured hot chocolate - Vanilla - 2.60, Large Flavoured latte - Vanilla - 2.85",15.1,CARD,8050776208393744
16/04/2025 16:35,London Camden,Tyrone Colon,"Large Iced latte - 2.85, Regular Iced latte - 2.35, Large Flavoured hot chocolate - Vanilla - 2.90, Regular Flavoured hot chocolate - Hazelnut - 2.60",10.7,CARD,6604720502390082
16/04/2025 16:37,London Camden,Sharon Hale,Regular Iced latte - 2.35,2.35,CASH,
16/04/2025 16:40,London Camden,Charlene Crowe,"Large Flavoured latte - Vanilla - 2.85, Regular Flavoured latte - Vanilla - 2.55, Large Flavoured latte - Vanilla - 2.85",8.25,CARD,2043414831536887
16/04/2025 16:42,London Camden,Jesus Karas,"Large Flavoured hot chocolate - Vanilla - 2.90, Large Flavoured hot chocolate - Hazelnut - 2.90",5.8,CARD,2196200858076607
16/04/2025 16:44,London Camden,Dolores Coleman,"Regular Luxury hot chocolate - 2.40, Large Luxury hot chocolate - 2.70, Regular Speciality Tea - Peppermint - 1.30, Large Iced latte - 2.85",9.25,CARD,8931138922408904
16/04/2025 16:46,London Camden,Angela Jessica,"Regular Chai latte - 2.30, Regular Chai latte - 2.30, Regular Iced latte - 2.35",6.95,CARD,2053559069209840
16/04/2025 16:49,London Camden,Gilberto Agnew,"Large Iced latte - 2.85, Regular Speciality Tea - Peppermint - 1.30, Regular Speciality Tea - Peppermint - 1.30, Large Chai latte - 2.60",8.05,CASH,
16/04/2025 16:51,London Camden,Amanda Waltman,"Large Speciality Tea - Peppermint - 1.60, Large Flavoured latte - Vanilla - 2.85, Large Flavoured hot chocolate - Hazelnut - 2.90, Regular Flavoured hot chocolate - Vanilla - 2.60",9.95,CARD,4912566516698491
16/04/2025 16:53,London Camden,Robert Winter,"Regular Iced latte - 2.35, Regular Luxury hot chocolate - 2.40",4.75,CARD,9455127371535337
16/04/2025 16:55,London Camden,Jean Pettengill,"Regular Flavoured latte - Vanilla - 2.55, Large Chai latte - 2.60, Regular Speciality Tea - Peppermint - 1.30, Large Luxury hot chocolate - 2.70",9.15,CASH,
16/04/2025 16:57,London Camden,Anna Perez,Large Speciality Tea - Peppermint - 1.60,1.6,CARD,6742835440273098
