18/04/2025 08:00,London Brixton,Tony Castaneda,"Large Smoothies - Carrot Kick - 2.50, Large Cappuccino - 2.45, Large Iced americano - 2.50",7.45,CARD,3351525285071900
18/04/2025 08:00,London Brixton,Denise Hunt,"Large Smoothies - Carrot Kick - 2.50, Large Smoothies - Carrot Kick - 2.50",5.0,CARD,9579836379743819
18/04/2025 08:01,London Brixton,Lisa Renk,"Large Iced americano - 2.50, Large Speciality Tea - Earl Grey - 1.60",4.1,CASH,
18/04/2025 08:02,London Brixton,Michael Green,"Large Smoothies - Carrot Kick - 2.50, Large Speciality Tea - Earl Grey - 1.60, Large Iced americano - 2.50, Regular Cappuccino - 2.15, Regular Iced americano - 2.15",10.9,CARD,5079772662518079
18/04/2025 08:03,London Brixton,James Lust,"Regular Smoothies - Carrot Kick - 2.00, Regular Smoothies - Carrot Kick - 2.00, Large Iced americano - 2.50, Regular Smoothies - Glowing Greens - 2.00",8.5,CARD,2989205170788029
18/04/2025 08:04,London Brixton,Laurie Grant,"Regular Iced americano - 2.15, Large Hot chocolate - 2.90",5.05,CARD,6951599194567252
18/04/2025 08:05,London Brixton,Paul Skelton,"Regular Speciality Tea - Earl Grey - 1.30, Regular Iced americano - 2.15, Regular Cappuccino - 2.15",5.6,CARD,6538321326213982
18/04/2025 08:06,London Brixton,Brenda Arredondo,Large Smoothies - Glowing Greens - 2.50,2.5,CASH,
18/04/2025 08:07,London Brixton,Jose Chavez,"Regular Hot chocolate - 2.20, Large Cappuccino - 2.45, Regular Frappes - Strawberries & Cream - 2.75, Regular Hot chocolate - 2.20, Large Smoothies - Carrot Kick - 2.50",12.1,CARD,5239216723134469
18/04/2025 08:08,London Brixton,Colleen Bush,Regular Espresso - 1.50,1.5,CASH,
18/04/2025 08:09,London Brixton,Sandy Morris,"Regular Smoothies - Carrot Kick - 2.00, Large Speciality Tea - Earl Grey - 1.60, Regular Cappuccino - 2.15, Regular Hot chocolate - 2.20, Large Cappuccino - 2.45",10.4,CARD,6992058882959985
18/04/2025 08:10,London Brixton,Daniel Mitchell,"Large Hot chocolate - 2.90, Large Smoothies - Glowing Greens - 2.50, Regular Iced americano - 2.15, Large Frappes - Strawberries & Cream - 3.25, Regular Speciality Tea - Earl Grey - 1.30, Regular Speciality Tea - Earl Grey - 1.30",13.4,CARD,3091933380469466
18/04/2025 08:11,London Brixton,Amanda Buchholtz,Large Speciality Tea - Earl Grey - 1.60,1.6,CARD,8788937395011691
18/04/2025 08:12,London Brixton,John Nelson,"Regular Speciality Tea - Earl Grey - 1.30, Large Speciality Tea - Earl Grey - 1.60, Regular Hot chocolate - 2.20",5.1,CARD,8872347780987339
18/04/2025 08:13,London Brixton,Lorenzo Truitt,"Regular Speciality Tea - Earl Grey - 1.30, Regular Cappuccino - 2.15",3.45,CARD,4050764331429662
18/04/2025 08:14,London Brixton,Kenneth Snodgrass,"Regular Hot chocolate - 2.20, Large Hot chocolate - 2.90, Large Hot chocolate - 2.90",8.0,CARD,7269161282672815
18/04/2025 08:15,London Brixton,Aubrey Wallace,Large Smoothies - Glowing Greens - 2.50,2.5,CARD,4600379980376010
18/04/2025 08:16,London Brixton,Sue Bettendorf,Regular Iced americano - 2.15,2.15,CARD,3078021608086804
18/04/2025 08:17,London Brixton,Karen Oliveras,"Large Frappes - Strawberries & Cream - 3.25, Large Hot chocolate - 2.90, Regular Speciality Tea - Earl Grey - 1.30, Large Hot chocolate - 2.90",10.35,CASH,
18/04/2025 08:18,London Brixton,Robyn Viernes,"Regular Speciality Tea - Earl Grey - 1.30, Regular Cappuccino - 2.15",3.45,CARD,8122250995967888
18/04/2025 08:19,London Brixton,Theo Johnson,"Large Iced americano - 2.50, Regular Smoothies - Glowing Greens - 2.00, Large Cappuccino - 2.45",6.95,CASH,
18/04/2025 08:20,London Brixton,Debra Nelson,"Large Frappes - Strawberries & Cream - 3.25, Regular Espresso - 1.50",4.75,CARD,2681402458353336
18/04/2025 08:21,London Brixton,Virginia Guardado,"Regular Smoothies - Glowing Greens - 2.00, Regular Speciality Tea - Earl Grey - 1.30",3.3,CARD,6337153295668694
18/04/2025 08:22,London Brixton,Jonathan Simpson,"Large Iced americano - 2.50, Large Smoothies - Glowing Greens - 2.50, Regular Hot chocolate - 2.20",7.2,CARD,2731084418663582
18/04/2025 08:23,London Brixton,Joan Hernandez,"Large Speciality Tea - Earl Grey - 1.60, Large Smoothies - Carrot Kick - 2.50, Large Iced americano - 2.50, Regular Smoothies - Carrot Kick - 2.00",8.6,CASH,
18/04/2025 08:24,London Brixton,Glenda Chambers,"Large Cappuccino - 2.45, Regular Espresso - 1.50, Regular Frappes - Strawberries & Cream - 2.75, Large Iced americano - 2.50",9.2,CARD,5748300764768163
18/04/2025 08:25,London Brixton,Ed Tate,"Regular Smoothies - Glowing Greens - 2.00, Regular Smoothies - Glowing Greens - 2.00, Regular Speciality Tea - Earl Grey - 1.30, Large Frappes - Strawberries & Cream - 3.25",8.55,CARD,3669278844868966
18/04/2025 08:26,London Brixton,William Bailey,Large Smoothies - Carrot Kick - 2.50,2.5,CARD,3667423881657100
18/04/2025 08:27,London Brixton,Leona Johnson,"Large Speciality Tea - Earl Grey - 1.60, Regular Hot chocolate - 2.20",3.8,CARD,4859950387781532
18/04/2025 08:28,London Brixton,Joseph Horn,"Large Iced americano - 2.50, Regular Frappes - Strawberries & Cream - 2.75, Regular Frappes - Strawberries & Cream - 2.75, Regular Smoothies - Carrot Kick - 2.00",10.0,CARD,6312602291857069
18/04/2025 08:29,London Brixton,Donald Toscani,"Regular Speciality Tea - Earl Grey - 1.30, Large Frappes - Strawberries & Cream - 3.25, Large Espresso - 1.80, Regular Frappes - Strawberries & Cream - 2.75, Regular Smoothies - Carrot Kick - 2.00",11.1,CARD,4390215789458230
18/04/2025 08:30,London Brixton,Aldo Ellison,Large Iced americano - 2.50,2.5,CARD,7195609206837991
18/04/2025 08:31,London Brixton,Susan Seiber,Large Cappuccino - 2.45,2.45,CASH,
18/04/2025 08:32,London Brixton,Betty Allen,"Regular Frappes - Strawberries & Cream - 2.75, Large Espresso - 1.80, Large Frappes - Strawberries & Cream - 3.25",7.8,CARD,6641046162398725
18/04/2025 08:33,London Brixton,Cindy Earwood,"Regular Smoothies - Glowing Greens - 2.00, Regular Speciality Tea - Earl Grey - 1.30, Regular Frappes - Strawberries & Cream - 2.75, Large Espresso - 1.80",7.85,CASH,
18/04/2025 08:34,London Brixton,Lina Henry,"Large Smoothies - Glowing Greens - 2.50, Regular Espresso - 1.50",4.0,CARD,5444843962413426
18/04/2025 08:35,London Brixton,Charles Buster,"Large Cappuccino - 2.45, Regular Speciality Tea - Earl Grey - 1.30, Large Hot chocolate - 2.90, Regular Iced americano - 2.15, Regular Espresso - 1.50",10.3,CARD,1385609826759679
18/04/2025 08:36,London Brixton,David Hawkins,"Large Cappuccino - 2.45, Large Iced americano - 2.50, Large Frappes - Strawberries & Cream - 3.25, Large Iced americano - 2.50, Large Cappuccino - 2.45",13.15,CARD,3461813737352412
18/04/2025 08:37,London Brixton,Cecelia William,Regular Cappuccino - 2.15,2.15,CASH,
18/04/2025 08:38,London Brixton,Yvette Tucker,"Regular Speciality Tea - Earl Grey - 1.30, Regular Hot chocolate - 2.20, Regular Iced americano - 2.15, Large Iced americano - 2.50",8.15,CASH,
18/04/2025 08:39,London Brixton,Frances Baise,Large Frappes - Strawberries & Cream - 3.25,3.25,CARD,4230981142952960
18/04/2025 08:40,London Brixton,William Johnson,"Regular Cappuccino - 2.15, Large Speciality Tea - Earl Grey - 1.60, Large Espresso - 1.80",5.55,CARD,8846182913018330
18/04/2025 08:41,London Brixton,Mario Baker,"Regular Cappuccino - 2.15, Large Espresso - 1.80",3.95,CASH,
18/04/2025 08:42,London Brixton,Nadine Long,Large Frappes - Strawberries & Cream - 3.25,3.25,CARD,3495219949095415
18/04/2025 08:43,London Brixton,Craig Pierce,"Large Smoothies - Carrot Kick - 2.50, Large Speciality Tea - Earl Grey - 1.60, Large Cappuccino - 2.45",6.55,CASH,
18/04/2025 08:44,London Brixton,Randolph Speller,"Large Smoothies - Carrot Kick - 2.50, Regular Speciality Tea - Earl Grey - 1.30",3.8,CASH,
18/04/2025 08:45,London Brixton,Jack Hoium,"Regular Cappuccino - 2.15, Regular Iced americano - 2.15, Regular Speciality Tea - Earl Grey - 1.30, Regular Smoothies - Carrot Kick - 2.00",7.6,CASH,
18/04/2025 08:46,London Brixton,Halina Duncan,"Large Smoothies - Carrot Kick - 2.50, Large Hot chocolate - 2.90",5.4,CARD,2031407278890125
18/04/2025 08:47,London Brixton,Ernesto Banks,"Regular Iced americano - 2.15, Regular Smoothies - Glowing Greens - 2.00",4.15,CARD,4527107193731137
18/04/2025 08:48,London Brixton,James Threlkeld,Regular Cappuccino - 2.15,2.15,CASH,
18/04/2025 08:49,London Brixton,Doyle Mcgovern,"Large Smoothies - Glowing Greens - 2.50, Regular Frappes - Strawberries & Cream - 2.75",5.25,CARD,3483747202397544
18/04/2025 08:50,London Brixton,Lou Beumer,"Regular Iced americano - 2.15, Regular Smoothies - Glowing Greens - 2.00, Large Iced americano - 2.50, Large Smoothies - Glowing Greens - 2.50",9.15,CARD,5788299847617983
18/04/2025 08:51,London Brixton,Johnny Moore,Large Speciality Tea - Earl Grey - 1.60,1.6,CARD,4166636611165377
18/04/2025 08:52,London Brixton,Ruth Hiles,"Regular Smoothies - Glowing Greens - 2.00, Regular Iced americano - 2.15",4.15,CARD,6968020741476496
18/04/2025 08:53,London Brixton,Lyle Rotunda,"Regular Frappes - Strawberries & Cream - 2.75, Large Smoothies - Glowing Greens - 2.50, Large Iced americano - 2.50, Regular Iced americano - 2.15",9.9,CASH,
18/04/2025 08:54,London Brixton,Kimberly Lopez,"Regular Speciality Tea - Earl Grey - 1.30, Regular Speciality Tea - Earl Grey - 1.30",2.6,CARD,9557874588939057
18/04/2025 08:55,London Brixton,Mellisa Landry,Large Cappuccino - 2.45,2.45,CARD,8815045595987650
18/04/2025 08:56,London Brixton,Frances Deblauw,"Regular Hot chocolate - 2.20, Large Smoothies - Carrot Kick - 2.50",4.7,CASH,
18/04/2025 08:57,London Brixton,Juan Kulish,"Large Hot chocolate - 2.90, Regular Speciality Tea - Earl Grey - 1.30",4.2,CARD,3753818878763906
18/04/2025 08:58,London Brixton,Leslie Rizzo,"Large Speciality Tea - Earl Grey - 1.60, Large Iced americano - 2.50, Regular Hot chocolate - 2.20, Regular Iced americano - 2.15, Regular Cappuccino - 2.15",10.6,CARD,7253751226559045
18/04/2025 08:59,London Brixton,Graciela Demarest,Regular Smoothies - Glowing Greens - 2.00,2.0,CASH,
18/04/2025 08:59,London Brixton,Ann Caballero,"Large Iced americano - 2.50, Regular Cappuccino - 2.15",4.65,CARD,5085819039295953
18/04/2025 09:00,London Brixton,Jennifer Ramirez,"Large Frappes - Strawberries & Cream - 3.25, Regular Espresso - 1.50, Regular Smoothies - Carrot Kick - 2.00",6.75,CASH,
18/04/2025 09:02,London Brixton,Johnathan Sears,"Regular Iced americano - 2.15, Regular Espresso - 1.50, Regular Smoothies - Glowing Greens - 2.00",5.65,CARD,8011869244169959
18/04/2025 09:03,London Brixton,Whitney Roark,Regular Frappes - Strawberries & Cream - 2.75,2.75,CARD,6139337518999123
18/04/2025 09:04,London Brixton,Marlon Raymond,"Large Iced americano - 2.50, Large Cappuccino - 2.45, Regular Speciality Tea - Earl Grey - 1.30, Regular Smoothies - Glowing Greens - 2.00, Large Frappes - Strawberries & Cream - 3.25",11.5,CASH,
18/04/2025 09:05,London Brixton,Connie Toliver,"Large Hot chocolate - 2.90, Regular Speciality Tea - Earl Grey - 1.30",4.2,CASH,
18/04/2025 09:06,London Brixton,Roy Mcdonald,Regular Hot chocolate - 2.20,2.2,CARD,8931087982549609
18/04/2025 09:07,London Brixton,William Bender,"Regular Iced americano - 2.15, Regular Frappes - Strawberries & Cream - 2.75",4.9,CARD,9776785439067825
18/04/2025 09:09,London Brixton,Blair Davis,"Large Hot chocolate - 2.90, Large Smoothies - Glowing Greens - 2.50",5.4,CASH,
18/04/2025 09:10,London Brixton,Eugene Booth,"Regular Smoothies - Glowing Greens - 2.00, Large Hot chocolate - 2.90, Regular Iced americano - 2.15, Large Speciality Tea - Earl Grey - 1.60, Regular Frappes - Strawberries & Cream - 2.75",11.4,CARD,1629500481896210
18/04/2025 09:11,London Brixton,Frances Johnson,"Regular Frappes - Strawberries & Cream - 2.75, Large Smoothies - Glowing Greens - 2.50, Large Iced americano - 2.50",7.75,CASH,
18/04/2025 09:12,London Brixton,Laura Lee,"Large Smoothies - Glowing Greens - 2.50, Large Cappuccino - 2.45",4.95,CARD,1548312143910790
18/04/2025 09:13,London Brixton,Melissa Alexis,"Large Iced americano - 2.50, Large Speciality Tea - Earl Grey - 1.60, Regular Iced americano - 2.15, Large Smoothies - Carrot Kick - 2.50, Large Smoothies - Glowing Greens - 2.50",11.25,CARD,5289531963050431
18/04/2025 09:14,London Brixton,Timothy Zahn,"Large Cappuccino - 2.45, Large Iced americano - 2.50",4.95,CARD,8516961656717119
18/04/2025 09:16,London Brixton,Rita Hernandez,"Regular Smoothies - Carrot Kick - 2.00, Regular Smoothies - Carrot Kick - 2.00, Large Iced americano - 2.50, Regular Speciality Tea - Earl Grey - 1.30, Regular Espresso - 1.50",9.3,CASH,
18/04/2025 09:17,London Brixton,Donald Jones,"Regular Frappes - Strawberries & Cream - 2.75, Regular Espresso - 1.50, Regular Iced americano - 2.15",6.4,CARD,9406450823684652
18/04/2025 09:18,London Brixton,George Madrid,"Large Cappuccino - 2.45, Regular Espresso - 1.50, Regular Frappes - Strawberries & Cream - 2.75",6.7,CARD,6120653457188811
18/04/2025 09:19,London Brixton,Kristen Pangburn,"Large Espresso - 1.80, Large Frappes - Strawberries & Cream - 3.25, Regular Frappes - Strawberries & Cream - 2.75",7.8,CASH,
18/04/2025 09:20,London Brixton,Gloria Livengood,"Large Smoothies - Glowing Greens - 2.50, Regular Cappuccino - 2.15, Large Cappuccino - 2.45, Large Smoothies - Carrot Kick - 2.50",9.6,CARD,6822750545666447
18/04/2025 09:21,London Brixton,Joyce Wills,"Large Smoothies - Glowing Greens - 2.50, Regular Speciality Tea - Earl Grey - 1.30, Large Espresso - 1.80, Large Espresso - 1.80",7.4,CARD,8142144438971593
18/04/2025 09:23,London Brixton,Neil Grimm,"Large Smoothies - Glowing Greens - 2.50, Regular Speciality Tea - Earl Grey - 1.30",3.8,CARD,9100841793482859
18/04/2025 09:24,London Brixton,Keith Tucker,"Large Iced americano - 2.50, Large Iced americano - 2.50, Large Speciality Tea - Earl Grey - 1.60",6.6,CARD,8954766860351385
18/04/2025 09:25,London Brixton,Melva Zant,"Regular Smoothies - Carrot Kick - 2.00, Large Hot chocolate - 2.90, Regular Iced americano - 2.15, Large Hot chocolate - 2.90",9.95,CARD,1263777341668000
18/04/2025 09:26,London Brixton,Dianna Frautschi,"Regular Cappuccino - 2.15, Large Hot chocolate - 2.90, Regular Frappes - Strawberries & Cream - 2.75, Regular Espresso - 1.50",9.3,CASH,
18/04/2025 09:27,London Brixton,Christian Johnson,"Large Smoothies - Carrot Kick - 2.50, Regular Espresso - 1.50",4.0,CARD,2834862241495413
18/04/2025 09:28,London Brixton,Mary Nawfel,"Large Iced americano - 2.50, Regular Iced americano - 2.15, Large Smoothies - Glowing Greens - 2.50",7.15,CARD,6176857654466726
18/04/2025 09:30,London Brixton,Maria Lopez,"Regular Frappes - Strawberries & Cream - 2.75, Large Smoothies - Glowing Greens - 2.50, Regular Hot chocolate - 2.20, Regular Iced americano - 2.15, Large Frappes - Strawberries & Cream - 3.25",12.85,CARD,2579743407636621
18/04/2025 09:31,London Brixton,Amy Ramsey,"Large Speciality Tea - Earl Grey - 1.60, Large Speciality Tea - Earl Grey - 1.60, Regular Speciality Tea - Earl Grey - 1.30",4.5,CARD,5333704844484736
18/04/2025 09:32,London Brixton,Mildred Turner,"Regular Smoothies - Glowing Greens - 2.00, Large Smoothies - Carrot Kick - 2.50",4.5,CASH,
18/04/2025 09:33,London Brixton,Dianne Avers,"Regular Frappes - Strawberries & Cream - 2.75, Large Iced americano - 2.50, Regular Cappuccino - 2.15, Large Cappuccino - 2.45, Large Smoothies - Glowing Greens - 2.50, Large Speciality Tea - Earl Grey - 1.60",13.95,CASH,
18/04/2025 09:34,London Brixton,Esperanza Simpson,"Large Smoothies - Carrot Kick - 2.50, Regular Hot chocolate - 2.20, Large Smoothies - Carrot Kick - 2.50",7.2,CARD,6125764165093265
18/04/2025 09:35,London Brixton,Toni Zavala,"Large Speciality Tea - Earl Grey - 1.60, Regular Frappes - Strawberries & Cream - 2.75, Regular Smoothies - Glowing Greens - 2.00, Large Iced americano - 2.50, Large Frappes - Strawberries & Cream - 3.25, Regular Cappuccino - 2.15",14.25,CARD,9965322853829001
18/04/2025 09:37,London Brixton,Francis Collins,"Large Cappuccino - 2.45, Large Frappes - Strawberries & Cream - 3.25, Large Smoothies - Glowing Greens - 2.50, Large Speciality Tea - Earl Grey - 1.60",9.8,CARD,6880034377555472
18/04/2025 09:38,London Brixton,Ryan Pedroza,"Large Hot chocolate - 2.90, Regular Iced americano - 2.15",5.05,CARD,6693604335749001
18/04/2025 09:39,London Brixton,Melissa Reed,Regular Iced americano - 2.15,2.15,CARD,5011724686896864
18/04/2025 09:40,London Brixton,Nicholas Haislip,"Large Speciality Tea - Earl Grey - 1.60, Regular Cappuccino - 2.15, Large Espresso - 1.80",5.55,CARD,9151989414577595
18/04/2025 09:41,London Brixton,Floyd Camps,Regular Espresso - 1.50,1.5,CARD,5966700383441675
18/04/2025 09:42,London Brixton,Herbert Dillard,"Regular Smoothies - Glowing Greens - 2.00, Large Smoothies - Carrot Kick - 2.50",4.5,CASH,
18/04/2025 09:44,London Brixton,Jesse Hatcher,"Large Smoothies - Glowing Greens - 2.50, Regular Speciality Tea - Earl Grey - 1.30",3.8,CARD,4819247920819758
18/04/2025 09:45,London Brixton,Crystal Gaver,"Large Smoothies - Carrot Kick - 2.50, Regular Espresso - 1.50",4.0,CASH,
18/04/2025 09:46,London Brixton,Nancy Dates,"Large Speciality Tea - Earl Grey - 1.60, Large Hot chocolate - 2.90, Regular Frappes - Strawberries & Cream - 2.75",7.25,CARD,4630151383267991
18/04/2025 09:47,London Brixton,Myrl Eckard,Regular Iced americano - 2.15,2.15,CARD,1554772873280772
18/04/2025 09:48,London Brixton,Lois Mancia,"Regular Espresso - 1.50, Regular Speciality Tea - Earl Grey - 1.30, Regular Cappuccino - 2.15, Large Smoothies - Carrot Kick - 2.50",7.45,CARD,6721642316745371
18/04/2025 09:49,London Brixton,Brenda Lopez,"Large Espresso - 1.80, Large Smoothies - Glowing Greens - 2.50, Regular Smoothies - Glowing Greens - 2.00, Regular Frappes - Strawberries & Cream - 2.75, Regular Iced americano - 2.15",11.2,CARD,5521134214835517
18/04/2025 09:51,London Brixton,Betty Murphy,"Regular Frappes - Strawberries & Cream - 2.75, Large Speciality Tea - Earl Grey - 1.60, Regular Speciality Tea - Earl Grey - 1.30, Large Iced americano - 2.50, Regular Speciality Tea - Earl Grey - 1.30",9.45,CARD,9200827183970039
18/04/2025 09:52,London Brixton,Anne Aiken,"Regular Smoothies - Glowing Greens - 2.00, Large Iced americano - 2.50, Regular Iced americano - 2.15, Large Espresso - 1.80, Regular Iced americano - 2.15, Regular Iced americano - 2.15",12.75,CARD,7444854098654102
18/04/2025 09:53,London Brixton,Roslyn Olson,"Large Speciality Tea - Earl Grey - 1.60, Large Cappuccino - 2.45, Regular Smoothies - Glowing Greens - 2.00",6.05,CARD,8159888570787899
18/04/2025 09:54,London Brixton,Maia Pittman,"Large Frappes - Strawberries & Cream - 3.25, Regular Hot chocolate - 2.20, Regular Hot chocolate - 2.20",7.65,CASH,
18/04/2025 09:55,London Brixton,Sally Oconner,"Large Smoothies - Glowing Greens - 2.50, Regular Iced americano - 2.15",4.65,CARD,1630853048496408
18/04/2025 09:56,London Brixton,Deborah Sauer,Large Iced americano - 2.50,2.5,CARD,3952363639287107
18/04/2025 09:58,London Brixton,Terry King,"Regular Hot chocolate - 2.20, Large Cappuccino - 2.45",4.65,CARD,1564133385669474
18/04/2025 09:59,London Brixton,Kenneth Steinharter,"Large Cappuccino - 2.45, Large Espresso - 1.80",4.25,CARD,5852275022886222
18/04/2025 10:00,London Brixton,Lisa Ogden,Regular Frappes - Strawberries & Cream - 2.75,2.75,CASH,
18/04/2025 10:01,London Brixton,Charles Davis,"Regular Espresso - 1.50, Regular Iced americano - 2.15",3.65,CARD,7886682997690771
18/04/2025 10:02,London Brixton,Floyd Salas,Regular Frappes - Strawberries & Cream - 2.75,2.75,CARD,8530544658679104
18/04/2025 10:03,London Brixton,Tracey Romanelli,"Regular Speciality Tea - Earl Grey - 1.30, Regular Hot chocolate - 2.20, Large Cappuccino - 2.45, Regular Speciality Tea - Earl Grey - 1.30, Regular Hot chocolate - 2.20",9.45,CARD,5713061639341336
18/04/2025 10:05,London Brixton,Raymond Roder,"Regular Speciality Tea - Earl Grey - 1.30, Regular Smoothies - Glowing Greens - 2.00",3.3,CASH,
18/04/2025 10:06,London Brixton,Eric Henry,"Regular Frappes - Strawberries & Cream - 2.75, Regular Smoothies - Carrot Kick - 2.00, Regular Smoothies - Carrot Kick - 2.00",6.75,CARD,7193887677847409
18/04/2025 10:07,London Brixton,Joe Zamora,Large Smoothies - Glowing Greens - 2.50,2.5,CASH,
18/04/2025 10:08,London Brixton,Ella Rodriquez,"Regular Smoothies - Carrot Kick - 2.00, Large Iced americano - 2.50",4.5,CARD,9578016962302982
18/04/2025 10:09,London Brixton,Elizabeth Jochum,Regular Smoothies - Glowing Greens - 2.00,2.0,CARD,2182379368859345
18/04/2025 10:10,London Brixton,Sally Wyant,"Large Smoothies - Carrot Kick - 2.50, Regular Iced americano - 2.15",4.65,CARD,3433963982226056
18/04/2025 10:12,London Brixton,Bonnie Lee,"Large Frappes - Strawberries & Cream - 3.25, Large Smoothies - Carrot Kick - 2.50",5.75,CARD,3333728350413850
18/04/2025 10:13,London Brixton,Elizabeth Clark,"Large Smoothies - Glowing Greens - 2.50, Large Hot chocolate - 2.90, Large Iced americano - 2.50, Regular Frappes - Strawberries & Cream - 2.75",10.65,CARD,2556577189923617
18/04/2025 10:14,London Brixton,Geoffrey Horiuchi,Large Iced americano - 2.50,2.5,CASH,
18/04/2025 10:15,London Brixton,Marilyn Billiter,"Regular Smoothies - Carrot Kick - 2.00, Regular Iced americano - 2.15, Regular Iced americano - 2.15, Regular Iced americano - 2.15, Regular Hot chocolate - 2.20",10.65,CASH,
18/04/2025 10:16,London Brixton,Karen Morgan,"Large Cappuccino - 2.45, Regular Iced americano - 2.15",4.6,CASH,
18/04/2025 10:17,London Brixton,Larry Wilson,"Regular Cappuccino - 2.15, Large Iced americano - 2.50",4.65,CASH,
18/04/2025 10:19,London Brixton,Paula Farmer,"Regular Hot chocolate - 2.20, Regular Iced americano - 2.15, Regular Hot chocolate - 2.20, Regular Iced americano - 2.15, Regular Cappuccino - 2.15, Regular Iced americano - 2.15",13.0,CASH,
18/04/2025 10:20,London Brixton,Richard Bugarin,"Large Speciality Tea - Earl Grey - 1.60, Regular Cappuccino - 2.15, Regular Smoothies - Carrot Kick - 2.00",5.75,CASH,
18/04/2025 10:21,London Brixton,John Alewine,Regular Smoothies - Glowing Greens - 2.00,2.0,CARD,2647516299417357
18/04/2025 10:22,London Brixton,Steven Brooks,"Large Speciality Tea - Earl Grey - 1.60, Large Smoothies - Glowing Greens - 2.50, Regular Hot chocolate - 2.20",6.3,CARD,3055548099377786
18/04/2025 10:23,London Brixton,Charles Jackola,Regular Smoothies - Carrot Kick - 2.00,2.0,CARD,4992353031562680
18/04/2025 10:24,London Brixton,Sandra Loggins,"Regular Hot chocolate - 2.20, Regular Hot chocolate - 2.20",4.4,CARD,1419568031233128
18/04/2025 10:26,London Brixton,Marina Lee,Regular Frappes - Strawberries & Cream - 2.75,2.75,CASH,
18/04/2025 10:27,London Brixton,Lewis Benefiel,"Large Speciality Tea - Earl Grey - 1.60, Large Iced americano - 2.50, Regular Smoothies - Glowing Greens - 2.00, Regular Smoothies - Carrot Kick - 2.00, Large Speciality Tea - Earl Grey - 1.60, Regular Speciality Tea - Earl Grey - 1.30",11.0,CARD,2695577971584574
18/04/2025 10:28,London Brixton,Luis Holland,"Large Cappuccino - 2.45, Regular Smoothies - Carrot Kick - 2.00, Regular Espresso - 1.50",5.95,CARD,2997509550767368
18/04/2025 10:29,London Brixton,Rebecca Ragland,"Regular Smoothies - Glowing Greens - 2.00, Regular Frappes - Strawberries & Cream - 2.75",4.75,CARD,6984242164856647
18/04/2025 10:30,London Brixton,Tony Shipley,"Large Smoothies - Carrot Kick - 2.50, Large Frappes - Strawberries & Cream - 3.25, Large Espresso - 1.80",7.55,CASH,
18/04/2025 10:31,London Brixton,Charles Taylor,"Regular Iced americano - 2.15, Regular Smoothies - Glowing Greens - 2.00",4.15,CASH,
18/04/2025 10:33,London Brixton,Shirley Smith,Regular Frappes - Strawberries & Cream - 2.75,2.75,CARD,6480540292401197
18/04/2025 10:34,London Brixton,Joseph Ryan,"Large Hot chocolate - 2.90, Large Hot chocolate - 2.90",5.8,CARD,5111797725695355
18/04/2025 10:35,London Brixton,Anitra Marquis,Regular Espresso - 1.50,1.5,CARD,7761565223938174
18/04/2025 10:36,London Brixton,Mark Moore,"Regular Iced americano - 2.15, Large Smoothies - Glowing Greens - 2.50",4.65,CASH,
18/04/2025 10:37,London Brixton,Ina Rael,"Large Cappuccino - 2.45, Large Cappuccino - 2.45, Regular Espresso - 1.50, Large Iced americano - 2.50",8.9,CASH,
18/04/2025 10:38,London Brixton,Cleo Adams,"Regular Cappuccino - 2.15, Large Iced americano - 2.50",4.65,CASH,
18/04/2025 10:40,London Brixton,Dewayne Mayne,Large Smoothies - Carrot Kick - 2.50,2.5,CARD,7103284376668776
18/04/2025 10:41,London Brixton,Jane May,"Large Espresso - 1.80, Large Hot chocolate - 2.90",4.7,CARD,6035982908808628
18/04/2025 10:42,London Brixton,Debra Johnson,"Large Cappuccino - 2.45, Regular Smoothies - Carrot Kick - 2.00, Regular Frappes - Strawberries & Cream - 2.75",7.2,CASH,
18/04/2025 10:43,London Brixton,Steven Blackman,"Regular Speciality Tea - Earl Grey - 1.30, Regular Iced americano - 2.15, Regular Smoothies - Carrot Kick - 2.00",5.45,CASH,
18/04/2025 10:44,London Brixton,Pauline Aldridge,"Regular Hot chocolate - 2.20, Regular Smoothies - Carrot Kick - 2.00, Large Espresso - 1.80, Regular Cappuccino - 2.15",8.15,CARD,3868366479770717
18/04/2025 10:45,London Brixton,Janell Ledford,Regular Smoothies - Carrot Kick - 2.00,2.0,CARD,5024097947215585
18/04/2025 10:47,London Brixton,Tony Agee,"Regular Espresso - 1.50, Regular Smoothies - Glowing Greens - 2.00, Regular Speciality Tea - Earl Grey - 1.30, Large Speciality Tea - Earl Grey - 1.60",6.4,CASH,
18/04/2025 10:48,London Brixton,Guillermo Coffman,"Regular Smoothies - Carrot Kick - 2.00, Regular Speciality Tea - Earl Grey - 1.30, Large Espresso - 1.80",5.1,CARD,2139760504482929
18/04/2025 10:49,London Brixton,Ricky Gunn,"Regular Hot chocolate - 2.20, Regular Cappuccino - 2.15, Regular Speciality Tea - Earl Grey - 1.30, Regular Frappes - Strawberries & Cream - 2.75",8.4,CASH,
18/04/2025 10:50,London Brixton,Gary Hazelton,"Regular Iced americano - 2.15, Large Cappuccino - 2.45, Regular Smoothies - Glowing Greens - 2.00",6.6,CARD,3930901750266460
18/04/2025 10:51,London Brixton,Joseph Fielden,"Regular Cappuccino - 2.15, Regular Iced americano - 2.15",4.3,CASH,
18/04/2025 10:52,London Brixton,Bobby Laird,Large Frappes - Strawberries & Cream - 3.25,3.25,CARD,7819093983720144
18/04/2025 10:54,London Brixton,Cyndy Peltier,Large Smoothies - Glowing Greens - 2.50,2.5,CASH,
18/04/2025 10:55,London Brixton,Jessica Allred,"Large Smoothies - Glowing Greens - 2.50, Large Cappuccino - 2.45",4.95,CARD,9476206714952122
18/04/2025 10:56,London Brixton,Lindsay Byers,Large Iced americano - 2.50,2.5,CASH,
18/04/2025 10:57,London Brixton,Helen Martin,"Regular Cappuccino - 2.15, Large Cappuccino - 2.45, Regular Smoothies - Carrot Kick - 2.00, Large Speciality Tea - Earl Grey - 1.60, Regular Iced americano - 2.15, Large Espresso - 1.80",12.15,CASH,
18/04/2025 10:58,London Brixton,Amber Dartez,Regular Cappuccino - 2.15,2.15,CARD,4682625612464932
18/04/2025 10:59,London Brixton,Booker Mcdonald,"Regular Frappes - Strawberries & Cream - 2.75, Large Smoothies - Glowing Greens - 2.50",5.25,CASH,
18/04/2025 11:01,London Brixton,Richard Flowers,"Large Speciality Tea - Earl Grey - 1.60, Regular Smoothies - Glowing Greens - 2.00, Large Cappuccino - 2.45",6.05,CARD,5640433802758462
18/04/2025 11:03,London Brixton,Steve Long,"Large Iced americano - 2.50, Regular Cappuccino - 2.15, Regular Speciality Tea - Earl Grey - 1.30, Regular Hot chocolate - 2.20",8.15,CASH,
18/04/2025 11:04,London Brixton,Mark Cayo,"Large Cappuccino - 2.45, Large Smoothies - Carrot Kick - 2.50, Large Frappes - Strawberries & Cream - 3.25, Large Frappes - Strawberries & Cream - 3.25",11.45,CASH,
18/04/2025 11:06,London Brixton,Edward Rollins,"Large Cappuccino - 2.45, Large Smoothies - Glowing Greens - 2.50, Regular Frappes - Strawberries & Cream - 2.75, Regular Espresso - 1.50, Regular Iced americano - 2.15",11.35,CASH,
18/04/2025 11:08,London Brixton,Roger Davis,"Large Frappes - Strawberries & Cream - 3.25, Large Cappuccino - 2.45",5.7,CARD,2509115415294480
18/04/2025 11:10,London Brixton,Ann Barnett,Regular Speciality Tea - Earl Grey - 1.30,1.3,CASH,
18/04/2025 11:12,London Brixton,Heidi Timmerman,"Regular Smoothies - Carrot Kick - 2.00, Regular Smoothies - Carrot Kick - 2.00, Regular Smoothies - Glowing Greens - 2.00, Large Speciality Tea - Earl Grey - 1.60",7.6,CASH,
18/04/2025 11:14,London Brixton,Vera King,"Large Smoothies - Carrot Kick - 2.50, Regular Frappes - Strawberries & Cream - 2.75, Regular Smoothies - Glowing Greens - 2.00",7.25,CARD,3122813057151749
18/04/2025 11:16,London Brixton,Elsa Mariner,"Large Smoothies - Glowing Greens - 2.50, Large Smoothies - Glowing Greens - 2.50, Large Smoothies - Carrot Kick - 2.50",7.5,CARD,9738353763048903
18/04/2025 11:17,London Brixton,Richard Custard,"Large Hot chocolate - 2.90, Regular Smoothies - Glowing Greens - 2.00, Large Hot chocolate - 2.90",7.8,CARD,2625693232442738
18/04/2025 11:19,London Brixton,Paul Lawless,"Regular Speciality Tea - Earl Grey - 1.30, Regular Hot chocolate - 2.20",3.5,CARD,5712049439258816
18/04/2025 11:21,London Brixton,Ann Raymond,Large Iced americano - 2.50,2.5,CASH,
18/04/2025 11:23,London Brixton,Russell Leiva,"Regular Smoothies - Glowing Greens - 2.00, Regular Hot chocolate - 2.20, Regular Smoothies - Glowing Greens - 2.00",6.2,CARD,6474665589353189
18/04/2025 11:25,London Brixton,Leonard Moose,"Large Iced americano - 2.50, Large Smoothies - Glowing Greens - 2.50, Regular Iced americano - 2.15",7.15,CASH,
18/04/2025 11:27,London Brixton,Carol Carrasquillo,"Regular Espresso - 1.50, Large Smoothies - Glowing Greens - 2.50, Large Cappuccino - 2.45, Regular Espresso - 1.50",7.95,CARD,7751420532057429
18/04/2025 11:29,London Brixton,Lucy Ryder,"Large Iced americano - 2.50, Large Smoothies - Glowing Greens - 2.50, Large Smoothies - Glowing Greens - 2.50, Large Speciality Tea - Earl Grey - 1.60",9.1,CARD,6339274641561789
18/04/2025 11:31,London Brixton,Christina Dunkerson,"Regular Hot chocolate - 2.20, Large Hot chocolate - 2.90, Large Smoothies - Glowing Greens - 2.50, Regular Espresso - 1.50",9.1,CARD,7743682630816757
18/04/2025 11:32,London Brixton,Paul Barnhill,Large Cappuccino - 2.45,2.45,CARD,7684963939856248
18/04/2025 11:34,London Brixton,Tammy Moody,"Large Smoothies - Glowing Greens - 2.50, Large Hot chocolate - 2.90, Large Smoothies - Carrot Kick - 2.50",7.9,CARD,1497666864596636
18/04/2025 11:36,London Brixton,John Mccombs,Regular Iced americano - 2.15,2.15,CARD,3615928285756284
18/04/2025 11:38,London Brixton,Shelly Meraz,Large Espresso - 1.80,1.8,CARD,3540216112043215
18/04/2025 11:40,London Brixton,Gerald Alejandro,"Large Smoothies - Glowing Greens - 2.50, Regular Speciality Tea - Earl Grey - 1.30, Large Speciality Tea - Earl Grey - 1.60",5.4,CASH,
18/04/2025 11:42,London Brixton,Ricardo Juel,Large Smoothies - Carrot Kick - 2.50,2.5,CASH,
18/04/2025 11:44,London Brixton,Elizabeth Garrett,"Regular Speciality Tea - Earl Grey - 1.30, Regular Smoothies - Glowing Greens - 2.00",3.3,CASH,
18/04/2025 11:45,London Brixton,Sophia Riederer,"Large Cappuccino - 2.45, Regular Speciality Tea - Earl Grey - 1.30, Regular Cappuccino - 2.15, Regular Speciality Tea - Earl Grey - 1.30",7.2,CASH,
18/04/2025 11:47,London Brixton,Thomas Davis,"Large Smoothies - Glowing Greens - 2.50, Large Smoothies - Carrot Kick - 2.50, Regular Smoothies - Carrot Kick - 2.00",7.0,CARD,5405191289409236
18/04/2025 11:49,London Brixton,Sherry Martinez,"Regular Speciality Tea - Earl Grey - 1.30, Large Hot chocolate - 2.90, Regular Cappuccino - 2.15, Regular Iced americano - 2.15, Large Cappuccino - 2.45",10.95,CARD,9436645938278569
18/04/2025 11:51,London Brixton,Robert Hess,"Large Iced americano - 2.50, Regular Speciality Tea - Earl Grey - 1.30",3.8,CARD,4659180538682892
18/04/2025 11:53,London Brixton,Robert Vanhampler,Large Espresso - 1.80,1.8,CARD,8080487658571271
18/04/2025 11:55,London Brixton,Herbert Pasquino,Large Speciality Tea - Earl Grey - 1.60,1.6,CARD,8093139814635875
18/04/2025 11:57,London Brixton,Diane Lard,"Regular Smoothies - Carrot Kick - 2.00, Large Frappes - Strawberries & Cream - 3.25",5.25,CASH,
18/04/2025 11:59,London Brixton,Coleen Miller,"Large Speciality Tea - Earl Grey - 1.60, Large Espresso - 1.80, Regular Hot chocolate - 2.20, Large Iced americano - 2.50, Regular Smoothies - Glowing Greens - 2.00, Large Hot chocolate - 2.90",13.0,CASH,
18/04/2025 12:00,London Brixton,Martin Warren,"Large Smoothies - Glowing Greens - 2.50, Large Smoothies - Glowing Greens - 2.50, Regular Smoothies - Carrot Kick - 2.00, Large Smoothies - Glowing Greens - 2.50",9.5,CARD,5729785552371122
18/04/2025 12:02,London Brixton,Lisa Wendt,"Regular Smoothies - Carrot Kick - 2.00, Regular Smoothies - Carrot Kick - 2.00",4.0,CARD,1707456652685121
18/04/2025 12:04,London Brixton,Kathy Hooks,"Regular Speciality Tea - Earl Grey - 1.30, Large Cappuccino - 2.45",3.75,CARD,9450351457524523
18/04/2025 12:06,London Brixton,Ann Hilburn,"Large Iced americano - 2.50, Large Smoothies - Carrot Kick - 2.50",5.0,CARD,5970437541278428
18/04/2025 12:08,London Brixton,Lillie Tonge,Regular Speciality Tea - Earl Grey - 1.30,1.3,CARD,8038007441668014
18/04/2025 12:10,London Brixton,Mark Driggs,"Regular Iced americano - 2.15, Regular Iced americano - 2.15, Regular Smoothies - Glowing Greens - 2.00, Regular Smoothies - Glowing Greens - 2.00",8.3,CARD,1627797809126943
18/04/2025 12:12,London Brixton,Donna Shiver,"Large Iced americano - 2.50, Large Hot chocolate - 2.90, Large Smoothies - Glowing Greens - 2.50",7.9,CARD,6085785056753561
18/04/2025 12:14,London Brixton,Wesley Williams,"Large Speciality Tea - Earl Grey - 1.60, Regular Smoothies - Carrot Kick - 2.00, Regular Hot chocolate - 2.20, Large Espresso - 1.80, Large Smoothies - Carrot Kick - 2.50, Large Smoothies - Glowing Greens - 2.50",12.6,CARD,2625465011498855
18/04/2025 12:16,London Brixton,Jennifer Debonis,"Regular Speciality Tea - Earl Grey - 1.30, Large Espresso - 1.80",3.1,CARD,9895765686439082
18/04/2025 12:18,London Brixton,Robert Boyer,Regular Iced americano - 2.15,2.15,CARD,4395103392317886
18/04/2025 12:20,London Brixton,Floyd Vera,Large Espresso - 1.80,1.8,CARD,9417385022827654
18/04/2025 12:22,London Brixton,Barry Parish,Large Speciality Tea - Earl Grey - 1.60,1.6,CARD,1123531042351900
18/04/2025 12:24,London Brixton,Thurman Theiler,"Large Smoothies - Glowing Greens - 2.50, Regular Speciality Tea - Earl Grey - 1.30, Large Espresso - 1.80, Regular Speciality Tea - Earl Grey - 1.30, Large Iced americano - 2.50",9.4,CARD,7327705327818131
18/04/2025 12:26,London Brixton,Thomas Harpin,Regular Espresso - 1.50,1.5,CARD,9255884746967843
18/04/2025 12:27,London Brixton,Mary Ramirez,"Large Hot chocolate - 2.90, Large Cappuccino - 2.45, Regular Smoothies - Glowing Greens - 2.00",7.35,CARD,2292420314027605
18/04/2025 12:29,London Brixton,Margaret Irvin,"Large Smoothies - Carrot Kick - 2.50, Large Speciality Tea - Earl Grey - 1.60",4.1,CARD,5958207712113110
18/04/2025 12:31,London Brixton,Forrest White,"Regular Smoothies - Glowing Greens - 2.00, Large Iced americano - 2.50",4.5,CARD,3613823370369559
18/04/2025 12:33,London Brixton,Pamela Paul,"Large Frappes - Strawberries & Cream - 3.25, Regular Frappes - Strawberries & Cream - 2.75",6.0,CARD,6553599473404915
18/04/2025 12:35,London Brixton,Mayme Hamrick,"Large Smoothies - Carrot Kick - 2.50, Regular Hot chocolate - 2.20, Large Smoothies - Glowing Greens - 2.50, Large Cappuccino - 2.45",9.65,CASH,
18/04/2025 12:37,London Brixton,Eileen Medina,"Large Smoothies - Carrot Kick - 2.50, Large Cappuccino - 2.45, Regular Frappes - Strawberries & Cream - 2.75, Regular Cappuccino - 2.15, Regular Iced americano - 2.15, Large Iced americano - 2.50",14.5,CARD,7861404874364463
18/04/2025 12:39,London Brixton,Mary Lopez,"Regular Cappuccino - 2.15, Large Hot chocolate - 2.90, Large Smoothies - Carrot Kick - 2.50, Large Speciality Tea - Earl Grey - 1.60",9.15,CASH,
18/04/2025 12:41,London Brixton,Anthony Atkins,"Large Smoothies - Carrot Kick - 2.50, Regular Espresso - 1.50, Regular Cappuccino - 2.15, Large Smoothies - Glowing Greens - 2.50",8.65,CASH,
18/04/2025 12:43,London Brixton,Kenneth Chatman,"Large Cappuccino - 2.45, Large Frappes - Strawberries & Cream - 3.25, Large Smoothies - Carrot Kick - 2.50, Regular Cappuccino - 2.15",10.35,CASH,
18/04/2025 12:45,London Brixton,Robert Cowan,"Large Cappuccino - 2.45, Regular Smoothies - Carrot Kick - 2.00",4.45,CARD,9508058340433957
18/04/2025 12:47,London Brixton,Leslie Johnson,Large Hot chocolate - 2.90,2.9,CARD,9323893069869576
18/04/2025 12:49,London Brixton,Susan Harlow,Large Smoothies - Glowing Greens - 2.50,2.5,CARD,1565207876483101
18/04/2025 12:51,London Brixton,Daniel Smith,Regular Iced americano - 2.15,2.15,CARD,6569015917534485
18/04/2025 12:53,London Brixton,Russell Oberlin,Large Frappes - Strawberries & Cream - 3.25,3.25,CASH,
18/04/2025 12:55,London Brixton,Vanessa Fairfax,"Regular Smoothies - Carrot Kick - 2.00, Large Cappuccino - 2.45, Regular Hot chocolate - 2.20, Regular Smoothies - Carrot Kick - 2.00, Regular Hot chocolate - 2.20",10.85,CARD,3223772229780752
18/04/2025 12:56,London Brixton,Paul Peters,Large Smoothies - Glowing Greens - 2.50,2.5,CARD,9499542855266814
18/04/2025 12:58,London Brixton,Luis Sutton,"Regular Speciality Tea - Earl Grey - 1.30, Large Speciality Tea - Earl Grey - 1.60",2.9,CARD,2846386929175827
18/04/2025 13:00,London Brixton,Rudolf Lucas,"Large Frappes - Strawberries & Cream - 3.25, Regular Smoothies - Glowing Greens - 2.00, Regular Cappuccino - 2.15",7.4,CASH,
18/04/2025 13:01,London Brixton,Willie Ellis,"Large Hot chocolate - 2.90, Regular Speciality Tea - Earl Grey - 1.30, Regular Speciality Tea - Earl Grey - 1.30, Large Speciality Tea - Earl Grey - 1.60, Large Iced americano - 2.50, Large Smoothies - Glowing Greens - 2.50",12.1,CASH,
18/04/2025 13:02,London Brixton,Bill Trent,"Regular Iced americano - 2.15, Regular Smoothies - Glowing Greens - 2.00, Large Iced americano - 2.50, Regular Iced americano - 2.15, Regular Smoothies - Carrot Kick - 2.00",10.8,CARD,8574517749788691
18/04/2025 13:03,London Brixton,Rachael Gentry,"Large Smoothies - Carrot Kick - 2.50, Regular Smoothies - Glowing Greens - 2.00, Large Hot chocolate - 2.90, Regular Smoothies - Glowing Greens - 2.00",9.4,CARD,1767972929092276
18/04/2025 13:04,London Brixton,Mary Small,"Regular Hot chocolate - 2.20, Large Speciality Tea - Earl Grey - 1.60",3.8,CARD,8908305324344078
18/04/2025 13:05,London Brixton,Susan Adler,Regular Smoothies - Carrot Kick - 2.00,2.0,CARD,6080335738383956
18/04/2025 13:06,London Brixton,Larry Driver,"Regular Espresso - 1.50, Large Espresso - 1.80, Large Smoothies - Carrot Kick - 2.50, Regular Hot chocolate - 2.20",8.0,CASH,
18/04/2025 13:07,London Brixton,Lois Whittmore,"Regular Iced americano - 2.15, Large Espresso - 1.80, Large Speciality Tea - Earl Grey - 1.60, Large Smoothies - Glowing Greens - 2.50, Large Iced americano - 2.50, Regular Espresso - 1.50",12.05,CARD,5820911233952525
18/04/2025 13:08,London Brixton,Ester Walters,"Regular Hot chocolate - 2.20, Regular Cappuccino - 2.15, Regular Espresso - 1.50, Regular Iced americano - 2.15, Large Hot chocolate - 2.90, Large Cappuccino - 2.45",13.35,CARD,7448485381793846
18/04/2025 13:09,London Brixton,Thomas Camp,"Large Iced americano - 2.50, Regular Frappes - Strawberries & Cream - 2.75, Large Espresso - 1.80, Regular Hot chocolate - 2.20",9.25,CASH,
18/04/2025 13:09,London Brixton,Heather Kelly,Regular Speciality Tea - Earl Grey - 1.30,1.3,CARD,4185070103586403
18/04/2025 13:10,London Brixton,Kevin Fortier,Regular Iced americano - 2.15,2.15,CASH,
18/04/2025 13:11,London Brixton,Mark Garcia,Regular Speciality Tea - Earl Grey - 1.30,1.3,CARD,2269599032213616
18/04/2025 13:12,London Brixton,Carol Cook,"Regular Smoothies - Glowing Greens - 2.00, Large Frappes - Strawberries & Cream - 3.25, Large Hot chocolate - 2.90",8.15,CARD,7276266659792446
18/04/2025 13:13,London Brixton,Heather Page,Regular Frappes - Strawberries & Cream - 2.75,2.75,CARD,2396084750780044
18/04/2025 13:14,London Brixton,Lucina Canta,"Large Smoothies - Carrot Kick - 2.50, Regular Frappes - Strawberries & Cream - 2.75, Regular Speciality Tea - Earl Grey - 1.30",6.55,CARD,9452620573285936
18/04/2025 13:15,London Brixton,Claudia Loreto,Large Smoothies - Glowing Greens - 2.50,2.5,CASH,
18/04/2025 13:16,London Brixton,Jean Cotton,"Regular Cappuccino - 2.15, Regular Iced americano - 2.15, Large Smoothies - Glowing Greens - 2.50",6.8,CARD,9743144879560459
18/04/2025 13:17,London Brixton,Sharon Luckey,"Regular Smoothies - Glowing Greens - 2.00, Regular Hot chocolate - 2.20, Regular Smoothies - Carrot Kick - 2.00, Large Cappuccino - 2.45, Regular Speciality Tea - Earl Grey - 1.30",9.95,CASH,
18/04/2025 13:18,London Brixton,Alvin Kent,"Regular Frappes - Strawberries & Cream - 2.75, Large Speciality Tea - Earl Grey - 1.60, Regular Cappuccino - 2.15, Large Speciality Tea - Earl Grey - 1.60, Large Frappes - Strawberries & Cream - 3.25",11.35,CASH,
18/04/2025 13:19,London Brixton,Hector Lamantia,Regular Hot chocolate - 2.20,2.2,CARD,3652182589541083
18/04/2025 13:20,London Brixton,Mary Alsip,"Large Hot chocolate - 2.90, Large Cappuccino - 2.45, Large Iced americano - 2.50, Large Smoothies - Carrot Kick - 2.50",10.35,CASH,
18/04/2025 13:20,London Brixton,John Wilson,"Regular Hot chocolate - 2.20, Large Hot chocolate - 2.90, Large Iced americano - 2.50, Large Iced americano - 2.50, Regular Cappuccino - 2.15",12.25,CASH,
18/04/2025 13:21,London Brixton,John Green,"Regular Frappes - Strawberries & Cream - 2.75, Regular Iced americano - 2.15, Large Hot chocolate - 2.90",7.8,CASH,
18/04/2025 13:22,London Brixton,Beatrice Anderson,"Regular Hot chocolate - 2.20, Large Smoothies - Glowing Greens - 2.50, Large Frappes - Strawberries & Cream - 3.25, Regular Iced americano - 2.15",10.1,CARD,9447618710480591
18/04/2025 13:23,London Brixton,James Tran,Regular Espresso - 1.50,1.5,CARD,2972964753561194
18/04/2025 13:24,London Brixton,Robert Gladney,"Regular Speciality Tea - Earl Grey - 1.30, Regular Hot chocolate - 2.20, Large Smoothies - Glowing Greens - 2.50, Large Espresso - 1.80, Large Hot chocolate - 2.90, Regular Espresso - 1.50",12.2,CASH,
18/04/2025 13:25,London Brixton,Evangeline Williams,"Large Frappes - Strawberries & Cream - 3.25, Large Iced americano - 2.50, Regular Speciality Tea - Earl Grey - 1.30",7.05,CASH,
18/04/2025 13:26,London Brixton,Jodee Ashby,"Regular Speciality Tea - Earl Grey - 1.30, Regular Smoothies - Glowing Greens - 2.00",3.3,CARD,2316559811179569
18/04/2025 13:27,London Brixton,Jimmy Feathers,"Large Cappuccino - 2.45, Large Iced americano - 2.50, Large Espresso - 1.80, Regular Smoothies - Glowing Greens - 2.00, Large Smoothies - Glowing Greens - 2.50, Regular Cappuccino - 2.15",13.4,CARD,8593036256870296
18/04/2025 13:28,London Brixton,Ryan Metheny,Regular Smoothies - Carrot Kick - 2.00,2.0,CARD,2338217454272372
18/04/2025 13:29,London Brixton,Thomas Hansen,"Large Smoothies - Carrot Kick - 2.50, Large Speciality Tea - Earl Grey - 1.60",4.1,CASH,
18/04/2025 13:30,London Brixton,Robert Lopez,Large Smoothies - Carrot Kick - 2.50,2.5,CASH,
18/04/2025 13:31,London Brixton,Irma Yetsko,"Large Smoothies - Carrot Kick - 2.50, Regular Iced americano - 2.15",4.65,CASH,
18/04/2025 13:31,London Brixton,Kathy Sowers,"Regular Smoothies - Glowing Greens - 2.00, Large Cappuccino - 2.45, Large Smoothies - Glowing Greens - 2.50, Large Espresso - 1.80",8.75,CARD,2137972603330759
18/04/2025 13:32,London Brixton,Steven Phillips,"Regular Speciality Tea - Earl Grey - 1.30, Large Cappuccino - 2.45",3.75,CARD,6517374306439645
18/04/2025 13:33,London Brixton,Erin Bell,"Regular Espresso - 1.50, Large Iced americano - 2.50",4.0,CARD,8801154462660174
18/04/2025 13:34,London Brixton,Frank Stevenson,"Regular Cappuccino - 2.15, Large Espresso - 1.80, Regular Frappes - Strawberries & Cream - 2.75, Regular Iced americano - 2.15, Regular Cappuccino - 2.15",11.0,CARD,4007273909368650
18/04/2025 13:35,London Brixton,Anthony Ritter,"Large Hot chocolate - 2.90, Regular Smoothies - Carrot Kick - 2.00, Large Hot chocolate - 2.90, Regular Hot chocolate - 2.20",10.0,CARD,3821541216434339
18/04/2025 13:36,London Brixton,Deanna Farnsworth,"Large Espresso - 1.80, Regular Iced americano - 2.15",3.95,CARD,4579779809456181
18/04/2025 13:37,London Brixton,Shaun Weal,"Large Speciality Tea - Earl Grey - 1.60, Large Frappes - Strawberries & Cream - 3.25, Regular Iced americano - 2.15, Large Frappes - Strawberries & Cream - 3.25, Regular Frappes - Strawberries & Cream - 2.75",13.0,CASH,
18/04/2025 13:38,London Brixton,Lilly Johnson,"Regular Espresso - 1.50, Regular Cappuccino - 2.15",3.65,CARD,8944776297555587
18/04/2025 13:39,London Brixton,Alice Reeves,"Regular Iced americano - 2.15, Regular Cappuccino - 2.15, Large Cappuccino - 2.45",6.75,CARD,8997364552991879
18/04/2025 13:40,London Brixton,Kimberly Winters,"Regular Smoothies - Glowing Greens - 2.00, Large Frappes - Strawberries & Cream - 3.25",5.25,CASH,
18/04/2025 13:41,London Brixton,Anna Smith,"Regular Cappuccino - 2.15, Regular Frappes - Strawberries & Cream - 2.75, Large Frappes - Strawberries & Cream - 3.25",8.15,CASH,
18/04/2025 13:42,London Brixton,Terese Williams,"Regular Speciality Tea - Earl Grey - 1.30, Large Cappuccino - 2.45, Large Smoothies - Glowing Greens - 2.50",6.25,CASH,
18/04/2025 13:42,London Brixton,Phyllis Coulombe,Regular Speciality Tea - Earl Grey - 1.30,1.3,CARD,4126422016370722
18/04/2025 13:43,London Brixton,Stephen Rascon,"Large Cappuccino - 2.45, Regular Speciality Tea - Earl Grey - 1.30, Large Espresso - 1.80",5.55,CASH,
18/04/2025 13:44,London Brixton,John White,"Large Iced americano - 2.50, Large Frappes - Strawberries & Cream - 3.25, Large Hot chocolate - 2.90, Large Iced americano - 2.50",11.15,CARD,2547764920353782
18/04/2025 13:45,London Brixton,Carla Maupin,"Regular Iced americano - 2.15, Regular Iced americano - 2.15",4.3,CARD,9971560837288768
18/04/2025 13:46,London Brixton,Cesar Griffith,Regular Espresso - 1.50,1.5,CASH,
18/04/2025 13:47,London Brixton,Alfred Morse,Regular Iced americano - 2.15,2.15,CARD,9848547792199109
18/04/2025 13:48,London Brixton,Stan Jennette,"Regular Smoothies - Carrot Kick - 2.00, Large Speciality Tea - Earl Grey - 1.60",3.6,CARD,1046784501191072
18/04/2025 13:49,London Brixton,James Czarnecki,"Large Smoothies - Carrot Kick - 2.50, Regular Hot chocolate - 2.20, Regular Cappuccino - 2.15",6.85,CASH,
18/04/2025 13:50,London Brixton,Richard Stone,Regular Smoothies - Glowing Greens - 2.00,2.0,CASH,
18/04/2025 13:51,London Brixton,Lester Clark,"Large Cappuccino - 2.45, Large Smoothies - Glowing Greens - 2.50",4.95,CARD,5291363309400613
18/04/2025 13:52,London Brixton,Loretta Bailey,"Regular Speciality Tea - Earl Grey - 1.30, Large Smoothies - Glowing Greens - 2.50",3.8,CARD,1652837895891003
18/04/2025 13:53,London Brixton,Aubrey Rogers,"Large Espresso - 1.80, Large Iced americano - 2.50, Large Frappes - Strawberries & Cream - 3.25, Regular Hot chocolate - 2.20, Regular Speciality Tea - Earl Grey - 1.30",11.05,CARD,7751741667510771
18/04/2025 13:53,London Brixton,Tania Killian,"Regular Speciality Tea - Earl Grey - 1.30, Regular Speciality Tea - Earl Grey - 1.30, Large Speciality Tea - Earl Grey - 1.60, Regular Frappes - Strawberries & Cream - 2.75",6.95,CASH,
18/04/2025 13:54,London Brixton,Linda Williams,"Regular Hot chocolate - 2.20, Large Smoothies - Carrot Kick - 2.50, Regular Cappuccino - 2.15",6.85,CASH,
18/04/2025 13:55,London Brixton,Sue Gilbert,Large Speciality Tea - Earl Grey - 1.60,1.6,CARD,9979003404776486
18/04/2025 13:56,London Brixton,Bill Oconnor,"Large Hot chocolate - 2.90, Large Speciality Tea - Earl Grey - 1.60",4.5,CASH,
18/04/2025 13:57,London Brixton,Sara Mccarville,"Large Speciality Tea - Earl Grey - 1.60, Regular Iced americano - 2.15",3.75,CARD,2645362234569122
18/04/2025 13:58,London Brixton,Tracy Kuebler,Large Hot chocolate - 2.90,2.9,CASH,
18/04/2025 13:59,London Brixton,John Fussell,Large Iced americano - 2.50,2.5,CARD,7083665525731089
18/04/2025 14:00,London Brixton,Nancy Knight,"Regular Smoothies - Glowing Greens - 2.00, Large Cappuccino - 2.45",4.45,CASH,
18/04/2025 14:01,London Brixton,Mildred Perry,"Regular Espresso - 1.50, Regular Cappuccino - 2.15, Large Speciality Tea - Earl Grey - 1.60, Large Smoothies - Glowing Greens - 2.50",7.75,CASH,
18/04/2025 14:02,London Brixton,Laura Sloan,"Large Speciality Tea - Earl Grey - 1.60, Regular Frappes - Strawberries & Cream - 2.75, Regular Cappuccino - 2.15",6.5,CASH,
18/04/2025 14:03,London Brixton,William Gilliam,"Large Smoothies - Glowing Greens - 2.50, Regular Speciality Tea - Earl Grey - 1.30, Regular Iced americano - 2.15, Large Frappes - Strawberries & Cream - 3.25",9.2,CASH,
18/04/2025 14:04,London Brixton,Roger Palm,Regular Frappes - Strawberries & Cream - 2.75,2.75,CARD,3183947831999060
18/04/2025 14:05,London Brixton,George Neidich,"Large Iced americano - 2.50, Large Espresso - 1.80",4.3,CARD,7206089270063383
18/04/2025 14:06,London Brixton,Emily Leake,"Large Speciality Tea - Earl Grey - 1.60, Large Speciality Tea - Earl Grey - 1.60",3.2,CARD,8065603333540335
18/04/2025 14:07,London Brixton,Robert Grett,"Large Speciality Tea - Earl Grey - 1.60, Large Speciality Tea - Earl Grey - 1.60",3.2,CARD,6707126169829094
18/04/2025 14:08,London Brixton,Brett Atwell,Large Smoothies - Glowing Greens - 2.50,2.5,CARD,1990856646339771
18/04/2025 14:09,London Brixton,April Langeness,"Regular Iced americano - 2.15, Large Cappuccino - 2.45, Large Smoothies - Glowing Greens - 2.50, Regular Smoothies - Carrot Kick - 2.00",9.1,CARD,6131279655633844
18/04/2025 14:10,London Brixton,Patricia Scott,"Regular Speciality Tea - Earl Grey - 1.30, Large Cappuccino - 2.45, Large Espresso - 1.80, Large Iced americano - 2.50",8.05,CARD,2550301304750537
18/04/2025 14:11,London Brixton,Kelly Ruhlin,"Regular Smoothies - Glowing Greens - 2.00, Regular Smoothies - Glowing Greens - 2.00, Regular Smoothies - Carrot Kick - 2.00, Regular Iced americano - 2.15, Regular Smoothies - Glowing Greens - 2.00",10.15,CARD,4281137374783856
18/04/2025 14:12,London Brixton,John Horn,"Large Speciality Tea - Earl Grey - 1.60, Large Iced americano - 2.50, Regular Smoothies - Glowing Greens - 2.00, Large Cappuccino - 2.45, Regular Speciality Tea - Earl Grey - 1.30, Large Cappuccino - 2.45",12.3,CARD,1091575192958510
18/04/2025 14:13,London Brixton,Richard Rogers,"Regular Hot chocolate - 2.20, Large Cappuccino - 2.45",4.65,CASH,
18/04/2025 14:14,London Brixton,Anthony Clancy,"Regular Frappes - Strawberries & Cream - 2.75, Large Smoothies - Carrot Kick - 2.50, Large Frappes - Strawberries & Cream - 3.25, Regular Cappuccino - 2.15",10.65,CARD,8780828772394571
18/04/2025 14:15,London Brixton,Nathan Wagner,"Large Frappes - Strawberries & Cream - 3.25, Regular Speciality Tea - Earl Grey - 1.30, Large Smoothies - Carrot Kick - 2.50",7.05,CARD,6922157433737031
18/04/2025 14:16,London Brixton,Marge Moore,"Regular Hot chocolate - 2.20, Regular Smoothies - Carrot Kick - 2.00, Large Frappes - Strawberries & Cream - 3.25, Large Cappuccino - 2.45, Large Iced americano - 2.50",12.4,CARD,1016069246980140
18/04/2025 14:17,London Brixton,Karen Shapiro,"Regular Smoothies - Carrot Kick - 2.00, Regular Frappes - Strawberries & Cream - 2.75, Large Frappes - Strawberries & Cream - 3.25",8.0,CASH,
18/04/2025 14:18,London Brixton,Samuel Graham,"Large Hot chocolate - 2.90, Large Frappes - Strawberries & Cream - 3.25, Large Iced americano - 2.50",8.65,CARD,1925078801603209
18/04/2025 14:19,London Brixton,Louis Johnson,Regular Frappes - Strawberries & Cream - 2.75,2.75,CARD,6187013580847587
18/04/2025 14:20,London Brixton,Bret Brown,"Regular Iced americano - 2.15, Large Iced americano - 2.50",4.65,CARD,7838934942890856
18/04/2025 14:21,London Brixton,Larry Tucker,Large Iced americano - 2.50,2.5,CASH,
18/04/2025 14:22,London Brixton,Alexander Thomas,Large Iced americano - 2.50,2.5,CARD,6485060257518761
18/04/2025 14:23,London Brixton,Mary Bray,"Regular Smoothies - Glowing Greens - 2.00, Large Speciality Tea - Earl Grey - 1.60",3.6,CASH,
18/04/2025 14:23,London Brixton,Linda Mangrum,"Large Hot chocolate - 2.90, Regular Smoothies - Glowing Greens - 2.00",4.9,CARD,4655797990564703
18/04/2025 14:24,London Brixton,Brent Burger,"Regular Smoothies - Glowing Greens - 2.00, Regular Iced americano - 2.15, Large Iced americano - 2.50",6.65,CASH,
18/04/2025 14:25,London Brixton,Adam Smith,"Large Hot chocolate - 2.90, Large Iced americano - 2.50",5.4,CARD,5657736285592759
18/04/2025 14:26,London Brixton,Leon Lopez,"Regular Speciality Tea - Earl Grey - 1.30, Large Smoothies - Carrot Kick - 2.50, Regular Hot chocolate - 2.20",6.0,CARD,3975829467384620
18/04/2025 14:27,London Brixton,Christopher Keegan,"Regular Speciality Tea - Earl Grey - 1.30, Regular Cappuccino - 2.15, Regular Smoothies - Glowing Greens - 2.00, Large Cappuccino - 2.45, Regular Frappes - Strawberries & Cream - 2.75",10.65,CASH,
18/04/2025 14:28,London Brixton,Alexander Bancroft,"Regular Frappes - Strawberries & Cream - 2.75, Regular Smoothies - Glowing Greens - 2.00, Regular Speciality Tea - Earl Grey - 1.30, Large Frappes - Strawberries & Cream - 3.25",9.3,CASH,
18/04/2025 14:29,London Brixton,James Roberge,"Large Cappuccino - 2.45, Regular Iced americano - 2.15, Regular Hot chocolate - 2.20, Regular Frappes - Strawberries & Cream - 2.75, Large Smoothies - Glowing Greens - 2.50",12.05,CASH,
18/04/2025 14:30,London Brixton,Kurtis Farris,"Regular Speciality Tea - Earl Grey - 1.30, Regular Frappes - Strawberries & Cream - 2.75, Large Cappuccino - 2.45, Regular Smoothies - Glowing Greens - 2.00, Large Smoothies - Glowing Greens - 2.50, Large Cappuccino - 2.45",13.45,CARD,5170827540328290
18/04/2025 14:31,London Brixton,Patricia Wilson,"Regular Speciality Tea - Earl Grey - 1.30, Large Smoothies - Glowing Greens - 2.50",3.8,CARD,6599056656541232
18/04/2025 14:32,London Brixton,Jesse Hossain,"Large Smoothies - Carrot Kick - 2.50, Large Hot chocolate - 2.90",5.4,CARD,7982199167451892
18/04/2025 14:33,London Brixton,Randi Carroll,"Regular Speciality Tea - Earl Grey - 1.30, Regular Speciality Tea - Earl Grey - 1.30",2.6,CARD,9003344893923762
18/04/2025 14:34,London Brixton,Ira Patterson,"Regular Hot chocolate - 2.20, Large Cappuccino - 2.45, Regular Cappuccino - 2.15",6.8,CARD,7655230827121816
18/04/2025 14:35,London Brixton,Charlene Slate,Regular Iced americano - 2.15,2.15,CASH,
18/04/2025 14:36,London Brixton,Debbie Martel,"Regular Speciality Tea - Earl Grey - 1.30, Large Smoothies - Glowing Greens - 2.50",3.8,CARD,6706402204036117
18/04/2025 14:37,London Brixton,Cathryn Dalton,"Regular Espresso - 1.50, Regular Speciality Tea - Earl Grey - 1.30",2.8,CARD,3617523292658139
18/04/2025 14:38,London Brixton,Edward Myott,"Large Speciality Tea - Earl Grey - 1.60, Regular Iced americano - 2.15",3.75,CASH,
18/04/2025 14:39,London Brixton,William Zimmerman,Large Iced americano - 2.50,2.5,CARD,5366569981920745
18/04/2025 14:40,London Brixton,Crista Stewart,"Large Smoothies - Glowing Greens - 2.50, Regular Cappuccino - 2.15, Large Cappuccino - 2.45, Regular Cappuccino - 2.15",9.25,CARD,6114544351614448
18/04/2025 14:41,London Brixton,Lynne Ricketts,"Large Smoothies - Carrot Kick - 2.50, Large Cappuccino - 2.45, Large Speciality Tea - Earl Grey - 1.60, Regular Frappes - Strawberries & Cream - 2.75",9.3,CARD,7339123841737033
18/04/2025 14:42,London Brixton,Carl Sala,"Large Smoothies - Glowing Greens - 2.50, Regular Speciality Tea - Earl Grey - 1.30, Large Cappuccino - 2.45, Regular Cappuccino - 2.15",8.4,CASH,
18/04/2025 14:43,London Brixton,Florance Clark,"Regular Smoothies - Carrot Kick - 2.00, Regular Smoothies - Carrot Kick - 2.00, Regular Hot chocolate - 2.20",6.2,CARD,7584115330416548
18/04/2025 14:44,London Brixton,Thomas Smith,"Large Cappuccino - 2.45, Large Iced americano - 2.50",4.95,CARD,9225911384664874
18/04/2025 14:45,London Brixton,Judy Wells,"Large Hot chocolate - 2.90, Large Smoothies - Carrot Kick - 2.50, Regular Smoothies - Glowing Greens - 2.00, Large Smoothies - Glowing Greens - 2.50, Large Speciality Tea - Earl Grey - 1.60",11.5,CARD,1275686718650770
18/04/2025 14:46,London Brixton,Pauline Bemis,"Large Speciality Tea - Earl Grey - 1.60, Regular Espresso - 1.50, Large Hot chocolate - 2.90",6.0,CARD,8035159917298060
18/04/2025 14:47,London Brixton,Matt Sears,Regular Iced americano - 2.15,2.15,CARD,8974884125058551
18/04/2025 14:48,London Brixton,Maria Cleary,Regular Smoothies - Carrot Kick - 2.00,2.0,CARD,3755224932974630
18/04/2025 14:49,London Brixton,Jacquelyn Barnes,Regular Speciality Tea - Earl Grey - 1.30,1.3,CARD,5217122397525401
18/04/2025 14:50,London Brixton,Alice Smith,"Large Speciality Tea - Earl Grey - 1.60, Regular Hot chocolate - 2.20, Regular Frappes - Strawberries & Cream - 2.75",6.55,CARD,8279532605930574
18/04/2025 14:51,London Brixton,Shirley Highsmith,"Large Frappes - Strawberries & Cream - 3.25, Large Iced americano - 2.50",5.75,CARD,6329945629160926
18/04/2025 14:52,London Brixton,William Tindle,"Regular Hot chocolate - 2.20, Large Hot chocolate - 2.90, Regular Iced americano - 2.15, Large Smoothies - Carrot Kick - 2.50",9.75,CARD,6374311845983245
18/04/2025 14:53,London Brixton,Pamela Rivera,"Large Iced americano - 2.50, Regular Frappes - Strawberries & Cream - 2.75",5.25,CASH,
18/04/2025 14:54,London Brixton,Angela Barcia,"Regular Smoothies - Carrot Kick - 2.00, Large Smoothies - Glowing Greens - 2.50",4.5,CARD,5739492857837659
18/04/2025 14:55,London Brixton,Charlotte Swift,"Large Smoothies - Carrot Kick - 2.50, Large Smoothies - Glowing Greens - 2.50, Large Smoothies - Carrot Kick - 2.50, Large Iced americano - 2.50, Large Cappuccino - 2.45",12.45,CARD,7617668047490112
18/04/2025 14:56,London Brixton,Marlo Christian,"Large Speciality Tea - Earl Grey - 1.60, Large Smoothies - Carrot Kick - 2.50, Regular Speciality Tea - Earl Grey - 1.30, Large Cappuccino - 2.45",7.85,CARD,7036275380798047
18/04/2025 14:57,London Brixton,Anita Harvey,"Regular Cappuccino - 2.15, Regular Iced americano - 2.15",4.3,CARD,5624334471556843
18/04/2025 14:58,London Brixton,Jason Khan,"Large Espresso - 1.80, Regular Speciality Tea - Earl Grey - 1.30",3.1,CARD,8447275257885387
18/04/2025 14:59,London Brixton,Ashley Curtis,Regular Frappes - Strawberries & Cream - 2.75,2.75,CARD,9907529749832150
18/04/2025 15:00,London Brixton,Christopher Schulz,Large Hot chocolate - 2.90,2.9,CARD,1960927803209651
18/04/2025 15:02,London Brixton,Son Norville,"Regular Smoothies - Glowing Greens - 2.00, Regular Smoothies - Glowing Greens - 2.00",4.0,CARD,8995370768911672
18/04/2025 15:03,London Brixton,Gregory Suh,Large Frappes - Strawberries & Cream - 3.25,3.25,CARD,9648736471292495
18/04/2025 15:05,London Brixton,Wesley Strange,"Regular Smoothies - Glowing Greens - 2.00, Large Speciality Tea - Earl Grey - 1.60, Regular Hot chocolate - 2.20, Regular Speciality Tea - Earl Grey - 1.30, Large Speciality Tea - Earl Grey - 1.60, Large Iced americano - 2.50",11.2,CARD,9862152387665389
18/04/2025 15:07,London Brixton,Bruce Hoppe,Regular Smoothies - Carrot Kick - 2.00,2.0,CARD,9207860087291616
18/04/2025 15:08,London Brixton,Junie Kilgore,"Large Frappes - Strawberries & Cream - 3.25, Large Smoothies - Glowing Greens - 2.50, Large Smoothies - Carrot Kick - 2.50, Regular Speciality Tea - Earl Grey - 1.30, Regular Cappuccino - 2.15",11.7,CARD,2529075566142563
18/04/2025 15:10,London Brixton,Roy Hoffman,"Large Speciality Tea - Earl Grey - 1.60, Large Frappes - Strawberries & Cream - 3.25",4.85,CARD,1687453427436928
18/04/2025 15:12,London Brixton,Todd Reed,"Regular Espresso - 1.50, Large Hot chocolate - 2.90, Regular Cappuccino - 2.15, Large Espresso - 1.80, Large Espresso - 1.80, Large Cappuccino - 2.45",12.6,CARD,2042611770400847
18/04/2025 15:13,London Brixton,David Strom,Regular Speciality Tea - Earl Grey - 1.30,1.3,CASH,
18/04/2025 15:15,London Brixton,Samuel Tucker,Large Cappuccino - 2.45,2.45,CARD,1773067762947472
18/04/2025 15:17,London Brixton,Melody Claybrook,"Large Iced americano - 2.50, Regular Iced americano - 2.15, Large Smoothies - Carrot Kick - 2.50, Regular Iced americano - 2.15, Regular Iced americano - 2.15",11.45,CASH,
18/04/2025 15:19,London Brixton,Douglas Russo,"Regular Speciality Tea - Earl Grey - 1.30, Regular Cappuccino - 2.15, Regular Hot chocolate - 2.20, Large Speciality Tea - Earl Grey - 1.60, Regular Smoothies - Glowing Greens - 2.00",9.25,CARD,9055527543218656
18/04/2025 15:20,London Brixton,Stacy Schlaefli,Regular Iced americano - 2.15,2.15,CARD,5125205588134310
18/04/2025 15:22,London Brixton,James Rozier,"Regular Speciality Tea - Earl Grey - 1.30, Large Frappes - Strawberries & Cream - 3.25, Regular Frappes - Strawberries & Cream - 2.75",7.3,CARD,6367536549255525
18/04/2025 15:24,London Brixton,Ronald Tabor,Large Iced americano - 2.50,2.5,CARD,7915608209108377
18/04/2025 15:25,London Brixton,Loriann Gibbs,"Large Speciality Tea - Earl Grey - 1.60, Large Hot chocolate - 2.90",4.5,CASH,
18/04/2025 15:27,London Brixton,Kelly Gaudet,Regular Iced americano - 2.15,2.15,CARD,5751078626450323
18/04/2025 15:29,London Brixton,Charles Price,Regular Speciality Tea - Earl Grey - 1.30,1.3,CASH,
18/04/2025 15:31,London Brixton,Margie Pittman,Regular Iced americano - 2.15,2.15,CARD,9138766526758315
18/04/2025 15:32,London Brixton,Benjamin Lopez,Regular Iced americano - 2.15,2.15,CARD,4177152574780096
18/04/2025 15:34,London Brixton,Julie Peet,Regular Speciality Tea - Earl Grey - 1.30,1.3,CARD,1416439453072322
18/04/2025 15:36,London Brixton,Rita Ziegler,"Large Iced americano - 2.50, Large Cappuccino - 2.45, Regular Hot chocolate - 2.20",7.15,CARD,1192632706313985
18/04/2025 15:37,London Brixton,Jason Murdy,"Large Frappes - Strawberries & Cream - 3.25, Regular Espresso - 1.50, Large Smoothies - Glowing Greens - 2.50, Large Hot chocolate - 2.90, Large Cappuccino - 2.45",12.6,CARD,7481024498185365
18/04/2025 15:39,London Brixton,Mario Leja,"Large Speciality Tea - Earl Grey - 1.60, Large Iced americano - 2.50, Regular Speciality Tea - Earl Grey - 1.30, Regular Smoothies - Glowing Greens - 2.00",7.4,CARD,2271540928097369
18/04/2025 15:41,London Brixton,Ron Brookskennedy,"Regular Hot chocolate - 2.20, Large Speciality Tea - Earl Grey - 1.60, Large Hot chocolate - 2.90",6.7,CARD,1491775405404170
18/04/2025 15:42,London Brixton,James Ragsdale,"Regular Frappes - Strawberries & Cream - 2.75, Regular Smoothies - Carrot Kick - 2.00, Large Cappuccino - 2.45",7.2,CARD,1175113991358146
18/04/2025 15:44,London Brixton,Cassandra Robinson,"Regular Espresso - 1.50, Large Hot chocolate - 2.90, Regular Smoothies - Glowing Greens - 2.00, Regular Smoothies - Glowing Greens - 2.00, Large Iced americano - 2.50",10.9,CASH,
18/04/2025 15:46,London Brixton,Lavern Brashear,"Regular Iced americano - 2.15, Regular Hot chocolate - 2.20, Regular Iced americano - 2.15",6.5,CASH,
18/04/2025 15:48,London Brixton,Bart Cisneros,"Regular Frappes - Strawberries & Cream - 2.75, Large Cappuccino - 2.45, Large Speciality Tea - Earl Grey - 1.60",6.8,CASH,
18/04/2025 15:49,London Brixton,Paul Minor,"Regular Smoothies - Carrot Kick - 2.00, Large Speciality Tea - Earl Grey - 1.60, Large Speciality Tea - Earl Grey - 1.60, Regular Iced americano - 2.15",7.35,CARD,5683587971726000
18/04/2025 15:51,London Brixton,Robert Scoles,"Regular Iced americano - 2.15, Large Espresso - 1.80, Regular Speciality Tea - Earl Grey - 1.30, Large Espresso - 1.80",7.05,CARD,7323184684725919
18/04/2025 15:53,London Brixton,Melissa Crudup,"Large Iced americano - 2.50, Regular Speciality Tea - Earl Grey - 1.30, Regular Frappes - Strawberries & Cream - 2.75",6.55,CASH,
18/04/2025 15:54,London Brixton,Joanna Jackson,"Large Smoothies - Glowing Greens - 2.50, Regular Cappuccino - 2.15, Regular Smoothies - Carrot Kick - 2.00",6.65,CARD,5085300515405658
18/04/2025 15:56,London Brixton,Theresa Hackett,"Regular Smoothies - Glowing Greens - 2.00, Regular Speciality Tea - Earl Grey - 1.30",3.3,CARD,3727290806979365
18/04/2025 15:58,London Brixton,Gayle Williams,"Large Speciality Tea - Earl Grey - 1.60, Large Hot chocolate - 2.90, Large Hot chocolate - 2.90",7.4,CASH,
18/04/2025 16:00,London Brixton,Charles Ness,"Large Frappes - Strawberries & Cream - 3.25, Regular Frappes - Strawberries & Cream - 2.75",6.0,CARD,5398184594367815
18/04/2025 16:03,London Brixton,Joseph Gibson,"Large Cappuccino - 2.45, Regular Smoothies - Carrot Kick - 2.00, Large Iced americano - 2.50",6.95,CASH,
18/04/2025 16:06,London Brixton,Marco Curry,"Large Frappes - Strawberries & Cream - 3.25, Large Frappes - Strawberries & Cream - 3.25, Large Hot chocolate - 2.90, Regular Smoothies - Glowing Greens - 2.00",11.4,CARD,2332333364967770
18/04/2025 16:09,London Brixton,Crystal Mosher,"Regular Smoothies - Carrot Kick - 2.00, Large Iced americano - 2.50",4.5,CARD,7682894523382233
18/04/2025 16:12,London Brixton,Dorothy Maxwell,"Regular Smoothies - Glowing Greens - 2.00, Regular Frappes - Strawberries & Cream - 2.75, Large Espresso - 1.80",6.55,CARD,8092152723175082
18/04/2025 16:15,London Brixton,Brian Toler,"Large Smoothies - Glowing Greens - 2.50, Regular Espresso - 1.50",4.0,CARD,4795427717439468
18/04/2025 16:18,London Brixton,Brenda Flannery,"Regular Smoothies - Glowing Greens - 2.00, Large Iced americano - 2.50, Large Speciality Tea - Earl Grey - 1.60, Regular Smoothies - Glowing Greens - 2.00",8.1,CARD,3030950048751054
18/04/2025 16:22,London Brixton,Mary Osterman,"Regular Smoothies - Glowing Greens - 2.00, Regular Frappes - Strawberries & Cream - 2.75, Regular Smoothies - Carrot Kick - 2.00",6.75,CARD,9889756765597349
18/04/2025 16:25,London Brixton,Adam Gray,"Large Cappuccino - 2.45, Regular Hot chocolate - 2.20",4.65,CARD,9118349060163299
18/04/2025 16:28,London Brixton,Cody Nunez,"Large Smoothies - Glowing Greens - 2.50, Regular Iced americano - 2.15, Regular Smoothies - Glowing Greens - 2.00, Regular Speciality Tea - Earl Grey - 1.30",7.95,CASH,
18/04/2025 16:31,London Brixton,Steve Mazza,"Regular Speciality Tea - Earl Grey - 1.30, Regular Smoothies - Carrot Kick - 2.00, Large Iced americano - 2.50",5.8,CASH,
18/04/2025 16:34,London Brixton,Jeremy Terrell,"Large Hot chocolate - 2.90, Large Espresso - 1.80",4.7,CARD,1609135626355304
18/04/2025 16:37,London Brixton,John Lewis,Regular Iced americano - 2.15,2.15,CARD,2308784824921832
18/04/2025 16:40,London Brixton,Brenda Gagnon,"Large Smoothies - Glowing Greens - 2.50, Large Frappes - Strawberries & Cream - 3.25, Large Speciality Tea - Earl Grey - 1.60",7.35,CARD,5644545461552803
18/04/2025 16:44,London Brixton,Anthony Chenoweth,"Large Hot chocolate - 2.90, Regular Espresso - 1.50, Large Speciality Tea - Earl Grey - 1.60",6.0,CARD,8768996495181313
18/04/2025 16:47,London Brixton,Jimmy Long,"Large Frappes - Strawberries & Cream - 3.25, Regular Smoothies - Carrot Kick - 2.00",5.25,CASH,
18/04/2025 16:50,London Brixton,Ruth Gee,"Regular Iced americano - 2.15, Regular Hot chocolate - 2.20, Large Hot chocolate - 2.90, Regular Smoothies - Carrot Kick - 2.00",9.25,CARD,8504978327685021
18/04/2025 16:53,London Brixton,Ronnie Mallin,"Large Cappuccino - 2.45, Large Hot chocolate - 2.90",5.35,CARD,9397489228644109
18/04/2025 16:56,London Brixton,Rosario Deoliveira,"Large Smoothies - Glowing Greens - 2.50, Large Iced americano - 2.50",5.0,CASH,
18/04/2025 16:59,London Brixton,George Lambert,"Regular Smoothies - Carrot Kick - 2.00, Regular Hot chocolate - 2.20, Regular Iced americano - 2.15, Regular Frappes - Strawberries & Cream - 2.75",9.1,CARD,6299434595552664
18/04/2025 17:03,London Brixton,Johnnie Murphy,"Regular Cappuccino - 2.15, Regular Smoothies - Carrot Kick - 2.00, Regular Speciality Tea - Earl Grey - 1.30",5.45,CASH,
18/04/2025 17:05,London Brixton,Steven Dodson,Regular Hot chocolate - 2.20,2.2,CARD,3891260633995685
18/04/2025 17:07,London Brixton,Brian Mclemore,"Large Espresso - 1.80, Regular Frappes - Strawberries & Cream - 2.75",4.55,CARD,9085511022004714
18/04/2025 17:10,London Brixton,John Leusink,"Large Smoothies - Glowing Greens - 2.50, Regular Frappes - Strawberries & Cream - 2.75, Large Smoothies - Carrot Kick - 2.50",7.75,CARD,8149882778528741
18/04/2025 17:12,London Brixton,Stanford Dziuba,Large Frappes - Strawberries & Cream - 3.25,3.25,CARD,9840019758659236
18/04/2025 17:15,London Brixton,Rebecca Rouse,"Regular Hot chocolate - 2.20, Large Iced americano - 2.50, Large Smoothies - Glowing Greens - 2.50, Regular Espresso - 1.50, Large Smoothies - Glowing Greens - 2.50",11.2,CARD,7426115946858693
18/04/2025 17:17,London Brixton,Jeremy Gouldman,"Regular Smoothies - Glowing Greens - 2.00, Regular Espresso - 1.50",3.5,CARD,2754548074692718
18/04/2025 17:19,London Brixton,Nancy Kahill,"Regular Espresso - 1.50, Regular Espresso - 1.50",3.0,CARD,6978842485758943
18/04/2025 17:22,London Brixton,Ruth Yates,"Regular Espresso - 1.50, Regular Speciality Tea - Earl Grey - 1.30, Regular Cappuccino - 2.15, Regular Smoothies - Glowing Greens - 2.00, Large Smoothies - Glowing Greens - 2.50",9.45,CASH,
18/04/2025 17:24,London Brixton,Ivan Ufford,Large Frappes - Strawberries & Cream - 3.25,3.25,CARD,8008733978447109
18/04/2025 17:27,London Brixton,Darryl Dunbar,"Large Smoothies - Glowing Greens - 2.50, Regular Cappuccino - 2.15, Large Cappuccino - 2.45, Large Hot chocolate - 2.90, Large Cappuccino - 2.45",12.45,CARD,8915037105499517
18/04/2025 17:29,London Brixton,Angela Ebrahim,Regular Speciality Tea - Earl Grey - 1.30,1.3,CASH,
18/04/2025 17:31,London Brixton,Terry Hodge,"Regular Smoothies - Glowing Greens - 2.00, Regular Iced americano - 2.15, Large Smoothies - Glowing Greens - 2.50, Regular Iced americano - 2.15",8.8,CASH,
18/04/2025 17:34,London Brixton,Dale Silk,Regular Espresso - 1.50,1.5,CARD,9783883137213780
18/04/2025 17:36,London Brixton,Thomas Homer,"Regular Cappuccino - 2.15, Large Frappes - Strawberries & Cream - 3.25",5.4,CARD,7828025739645000
18/04/2025 17:39,London Brixton,Christopher Martin,Regular Espresso - 1.50,1.5,CARD,9990940297822929
18/04/2025 17:41,London Brixton,Percy Johnson,"Large Hot chocolate - 2.90, Regular Frappes - Strawberries & Cream - 2.75, Regular Smoothies - Glowing Greens - 2.00",7.65,CARD,1943143618836081
18/04/2025 17:43,London Brixton,Harold Berry,"Large Espresso - 1.80, Regular Hot chocolate - 2.20, Regular Smoothies - Glowing Greens - 2.00, Large Iced americano - 2.50, Large Speciality Tea - Earl Grey - 1.60",10.1,CASH,
18/04/2025 17:46,London Brixton,Gordon Burchess,"Regular Cappuccino - 2.15, Large Frappes - Strawberries & Cream - 3.25, Regular Frappes - Strawberries & Cream - 2.75, Large Smoothies - Glowing Greens - 2.50",10.65,CASH,
18/04/2025 17:48,London Brixton,Mildred Torres,Regular Speciality Tea - Earl Grey - 1.30,1.3,CARD,9845021110414632
18/04/2025 17:51,London Brixton,Lucinda Pfannenstiel,Regular Espresso - 1.50,1.5,CASH,
18/04/2025 17:53,London Brixton,Ted Waters,"Regular Hot chocolate - 2.20, Large Speciality Tea - Earl Grey - 1.60, Large Speciality Tea - Earl Grey - 1.60",5.4,CARD,3914806794118637
18/04/2025 17:55,London Brixton,David Lanham,"Large Iced americano - 2.50, Large Frappes - Strawberries & Cream - 3.25, Regular Iced americano - 2.15, Regular Iced americano - 2.15, Regular Espresso - 1.50, Large Frappes - Strawberries & Cream - 3.25",14.8,CARD,2927122876851388
18/04/2025 17:58,London Brixton,Bonnie Barks,Large Hot chocolate - 2.90,2.9,CARD,1685550859063139
18/04/2025 18:00,London Brixton,Pam Matney,"Large Hot chocolate - 2.90, Large Smoothies - Glowing Greens - 2.50, Regular Iced americano - 2.15, Regular Cappuccino - 2.15, Large Speciality Tea - Earl Grey - 1.60",11.3,CASH,
18/04/2025 18:02,London Brixton,Lashaun Honore,"Large Iced americano - 2.50, Large Smoothies - Carrot Kick - 2.50, Regular Smoothies - Glowing Greens - 2.00, Regular Smoothies - Carrot Kick - 2.00",9.0,CARD,7965360340156405
18/04/2025 18:04,London Brixton,Donna Jenkins,"Large Cappuccino - 2.45, Regular Iced americano - 2.15, Large Speciality Tea - Earl Grey - 1.60, Regular Speciality Tea - Earl Grey - 1.30",7.5,CARD,6009864087057814
18/04/2025 18:07,London Brixton,Robert Hannan,"Regular Speciality Tea - Earl Grey - 1.30, Large Iced americano - 2.50, Large Iced americano - 2.50, Regular Iced americano - 2.15",8.45,CARD,2222345932753421
18/04/2025 18:09,London Brixton,Wayne Vandesande,"Regular Smoothies - Glowing Greens - 2.00, Large Cappuccino - 2.45",4.45,CASH,
18/04/2025 18:11,London Brixton,Albert Murillo,"Regular Frappes - Strawberries & Cream - 2.75, Regular Hot chocolate - 2.20",4.95,CARD,8889709843727510
18/04/2025 18:13,London Brixton,Thomas Jeansonne,"Regular Smoothies - Glowing Greens - 2.00, Regular Speciality Tea - Earl Grey - 1.30, Large Iced americano - 2.50, Regular Smoothies - Carrot Kick - 2.00",7.8,CARD,5203978668897013
18/04/2025 18:15,London Brixton,Brian Sharp,"Large Smoothies - Glowing Greens - 2.50, Large Cappuccino - 2.45, Regular Smoothies - Glowing Greens - 2.00, Regular Iced americano - 2.15",9.1,CARD,5616658529988872
18/04/2025 18:17,London Brixton,Kathryn Melancon,"Regular Cappuccino - 2.15, Large Smoothies - Carrot Kick - 2.50, Regular Hot chocolate - 2.20, Large Hot chocolate - 2.90, Regular Smoothies - Glowing Greens - 2.00, Regular Cappuccino - 2.15",13.9,CASH,
18/04/2025 18:19,London Brixton,Ida York,"Regular Iced americano - 2.15, Regular Cappuccino - 2.15",4.3,CARD,6017634698158793
18/04/2025 18:21,London Brixton,Anna Widen,"Regular Iced americano - 2.15, Regular Cappuccino - 2.15, Regular Smoothies - Glowing Greens - 2.00, Regular Frappes - Strawberries & Cream - 2.75, Large Iced americano - 2.50",11.55,CARD,1436208155215755
18/04/2025 18:24,London Brixton,Robert Claiborne,Regular Smoothies - Carrot Kick - 2.00,2.0,CARD,5315891228393583
18/04/2025 18:26,London Brixton,Charles Eurich,Regular Speciality Tea - Earl Grey - 1.30,1.3,CARD,3284230256498788
18/04/2025 18:28,London Brixton,Carl Spriggs,"Large Speciality Tea - Earl Grey - 1.60, Large Cappuccino - 2.45, Large Iced americano - 2.50, Large Cappuccino - 2.45, Regular Speciality Tea - Earl Grey - 1.30",10.3,CARD,6926224193468492
18/04/2025 18:30,London Brixton,Angela Hyslop,"Large Iced americano - 2.50, Large Hot chocolate - 2.90, Regular Smoothies - Glowing Greens - 2.00, Regular Espresso - 1.50, Large Hot chocolate - 2.90, Regular Cappuccino - 2.15",13.95,CASH,
18/04/2025 18:32,London Brixton,Karen Mcdougal,"Regular Smoothies - Glowing Greens - 2.00, Large Smoothies - Glowing Greens - 2.50",4.5,CARD,3847135351255339
18/04/2025 18:34,London Brixton,Donna Joiner,"Regular Speciality Tea - Earl Grey - 1.30, Regular Hot chocolate - 2.20, Large Smoothies - Carrot Kick - 2.50, Large Iced americano - 2.50, Large Frappes - Strawberries & Cream - 3.25",11.75,CARD,6817694464641869
18/04/2025 18:36,London Brixton,Shawn Washington,"Regular Iced americano - 2.15, Large Cappuccino - 2.45, Regular Cappuccino - 2.15",6.75,CARD,2642458729664077
18/04/2025 18:39,London Brixton,Leonard Carlson,"Large Espresso - 1.80, Regular Smoothies - Glowing Greens - 2.00, Regular Iced americano - 2.15, Large Smoothies - Glowing Greens - 2.50",8.45,CARD,5220629250434991
18/04/2025 18:41,London Brixton,Jesse Simmons,"Regular Frappes - Strawberries & Cream - 2.75, Large Hot chocolate - 2.90, Regular Hot chocolate - 2.20",7.85,CARD,4993943280188074
18/04/2025 18:43,London Brixton,Terry Petty,"Large Smoothies - Glowing Greens - 2.50, Large Iced americano - 2.50",5.0,CARD,6047480733885709
18/04/2025 18:45,London Brixton,Jay Moore,Large Speciality Tea - Earl Grey - 1.60,1.6,CARD,1172996376659021
18/04/2025 18:47,London Brixton,Myron Merrill,"Large Frappes - Strawberries & Cream - 3.25, Regular Speciality Tea - Earl Grey - 1.30, Regular Cappuccino - 2.15",6.7,CARD,2119238289922013
18/04/2025 18:49,London Brixton,David Fletcher,"Regular Cappuccino - 2.15, Large Iced americano - 2.50, Large Cappuccino - 2.45, Regular Smoothies - Glowing Greens - 2.00",9.1,CASH,
18/04/2025 18:51,London Brixton,Terry Castillo,"Large Cappuccino - 2.45, Large Smoothies - Glowing Greens - 2.50, Regular Hot chocolate - 2.20, Regular Cappuccino - 2.15, Large Speciality Tea - Earl Grey - 1.60",10.9,CARD,5251165331480901
18/04/2025 18:53,London Brixton,David Mccardell,"Regular Speciality Tea - Earl Grey - 1.30, Regular Frappes - Strawberries & Cream - 2.75",4.05,CARD,1882712056078213
18/04/2025 18:56,London Brixton,John Conner,"Large Frappes - Strawberries & Cream - 3.25, Regular Smoothies - Glowing Greens - 2.00",5.25,CARD,1367914413241879
18/04/2025 18:58,London Brixton,Erik Ware,"Large Speciality Tea - Earl Grey - 1.60, Regular Smoothies - Glowing Greens - 2.00",3.6,CARD,3302546288043486
18/04/2025 19:00,London Brixton,Bell Pointer,"Large Smoothies - Glowing Greens - 2.50, Regular Espresso - 1.50",4.0,CARD,5409902645069429
18/04/2025 19:01,London Brixton,Laverna Compton,"Large Espresso - 1.80, Regular Espresso - 1.50, Regular Frappes - Strawberries & Cream - 2.75",6.05,CASH,
18/04/2025 19:03,London Brixton,Anne Brannon,"Regular Smoothies - Glowing Greens - 2.00, Regular Smoothies - Carrot Kick - 2.00, Large Hot chocolate - 2.90, Large Speciality Tea - Earl Grey - 1.60",8.5,CARD,6838758081757009
18/04/2025 19:04,London Brixton,Jamie Dempsey,"Large Speciality Tea - Earl Grey - 1.60, Regular Espresso - 1.50, Regular Hot chocolate - 2.20",5.3,CASH,
18/04/2025 19:05,London Brixton,Karen Mccallister,"Large Cappuccino - 2.45, Regular Speciality Tea - Earl Grey - 1.30",3.75,CASH,
18/04/2025 19:07,London Brixton,Mary Matthews,"Large Smoothies - Carrot Kick - 2.50, Large Cappuccino - 2.45, Large Speciality Tea - Earl Grey - 1.60, Large Cappuccino - 2.45, Large Cappuccino - 2.45, Regular Frappes - Strawberries & Cream - 2.75",14.2,CARD,3666563264354612
18/04/2025 19:08,London Brixton,Michael Maser,"Large Speciality Tea - Earl Grey - 1.60, Regular Smoothies - Glowing Greens - 2.00, Regular Hot chocolate - 2.20, Large Frappes - Strawberries & Cream - 3.25, Regular Cappuccino - 2.15",11.2,CARD,5799495782280914
18/04/2025 19:09,London Brixton,Dennis Ray,"Regular Espresso - 1.50, Regular Frappes - Strawberries & Cream - 2.75, Regular Smoothies - Carrot Kick - 2.00",6.25,CARD,9002323549018959
18/04/2025 19:11,London Brixton,Greg Fisher,"Large Smoothies - Glowing Greens - 2.50, Large Smoothies - Glowing Greens - 2.50, Large Espresso - 1.80, Large Speciality Tea - Earl Grey - 1.60, Regular Frappes - Strawberries & Cream - 2.75, Large Smoothies - Carrot Kick - 2.50",13.65,CARD,3768154998968842
18/04/2025 19:12,London Brixton,Karen Galindez,"Large Frappes - Strawberries & Cream - 3.25, Regular Speciality Tea - Earl Grey - 1.30, Regular Frappes - Strawberries & Cream - 2.75, Regular Hot chocolate - 2.20",9.5,CARD,1925805715581949
18/04/2025 19:13,London Brixton,Natalie Cuevas,Regular Smoothies - Glowing Greens - 2.00,2.0,CARD,8754805672452597
18/04/2025 19:15,London Brixton,Deborah Stobie,"Regular Smoothies - Carrot Kick - 2.00, Large Frappes - Strawberries & Cream - 3.25, Large Cappuccino - 2.45, Regular Hot chocolate - 2.20, Large Speciality Tea - Earl Grey - 1.60",11.5,CARD,3017999989412014
18/04/2025 19:16,London Brixton,Teresa Anderson,"Regular Iced americano - 2.15, Large Smoothies - Glowing Greens - 2.50, Regular Smoothies - Glowing Greens - 2.00, Regular Iced americano - 2.15, Large Iced americano - 2.50, Regular Smoothies - Glowing Greens - 2.00",13.3,CASH,
18/04/2025 19:17,London Brixton,Adam Dudley,"Regular Speciality Tea - Earl Grey - 1.30, Regular Hot chocolate - 2.20, Large Espresso - 1.80, Regular Hot chocolate - 2.20",7.5,CARD,5258902001007191
18/04/2025 19:19,London Brixton,Linda Farmer,Large Speciality Tea - Earl Grey - 1.60,1.6,CARD,4438364169082279
18/04/2025 19:20,London Brixton,Elizabeth Sanchez,"Large Espresso - 1.80, Large Hot chocolate - 2.90",4.7,CARD,4502921890610323
18/04/2025 19:21,London Brixton,Kenneth Hoskin,Regular Iced americano - 2.15,2.15,CARD,7257025156853048
18/04/2025 19:23,London Brixton,Gregg Dunlop,"Large Iced americano - 2.50, Large Smoothies - Glowing Greens - 2.50, Large Smoothies - Carrot Kick - 2.50",7.5,CARD,4662452001246355
18/04/2025 19:24,London Brixton,Brian Lopez,"Regular Cappuccino - 2.15, Large Iced americano - 2.50, Large Frappes - Strawberries & Cream - 3.25, Regular Cappuccino - 2.15",10.05,CASH,
18/04/2025 19:26,London Brixton,Cynthia Russo,"Regular Smoothies - Carrot Kick - 2.00, Regular Smoothies - Glowing Greens - 2.00, Regular Cappuccino - 2.15, Regular Speciality Tea - Earl Grey - 1.30, Large Speciality Tea - Earl Grey - 1.60, Regular Frappes - Strawberries & Cream - 2.75",11.8,CARD,7004053910747272
18/04/2025 19:27,London Brixton,Sharon Walker,"Regular Smoothies - Carrot Kick - 2.00, Regular Speciality Tea - Earl Grey - 1.30",3.3,CASH,
18/04/2025 19:28,London Brixton,David Gonzales,"Regular Cappuccino - 2.15, Large Smoothies - Carrot Kick - 2.50",4.65,CASH,
18/04/2025 19:30,London Brixton,Francis Woods,"Regular Hot chocolate - 2.20, Regular Frappes - Strawberries & Cream - 2.75",4.95,CARD,6260660546534873
18/04/2025 19:31,London Brixton,Lewis Ross,"Large Iced americano - 2.50, Regular Iced americano - 2.15",4.65,CARD,5697851553812233
18/04/2025 19:32,London Brixton,Arthur Lee,"Large Frappes - Strawberries & Cream - 3.25, Regular Frappes - Strawberries & Cream - 2.75, Regular Smoothies - Carrot Kick - 2.00, Regular Iced americano - 2.15",10.15,CARD,1429153746366007
18/04/2025 19:34,London Brixton,Alicia Hemenway,Large Smoothies - Glowing Greens - 2.50,2.5,CARD,5665548157901462
18/04/2025 19:35,London Brixton,Daniel Conley,Large Frappes - Strawberries & Cream - 3.25,3.25,CARD,4630452365108281
18/04/2025 19:36,London Brixton,Mack Bernard,"Regular Iced americano - 2.15, Regular Cappuccino - 2.15",4.3,CARD,4074213861574057
18/04/2025 19:38,London Brixton,Wayne Brown,"Large Iced americano - 2.50, Large Smoothies - Carrot Kick - 2.50, Regular Smoothies - Carrot Kick - 2.00, Large Frappes - Strawberries & Cream - 3.25, Regular Hot chocolate - 2.20",12.45,CARD,1558822072440680
18/04/2025 19:39,London Brixton,Teresa Sconiers,"Regular Espresso - 1.50, Large Espresso - 1.80",3.3,CARD,7681775989748897
18/04/2025 19:40,London Brixton,Lynette Martinez,"Large Smoothies - Carrot Kick - 2.50, Regular Speciality Tea - Earl Grey - 1.30",3.8,CARD,7981369445109678
18/04/2025 19:42,London Brixton,Jacob Williams,Regular Speciality Tea - Earl Grey - 1.30,1.3,CASH,
18/04/2025 19:43,London Brixton,Troy Maldonado,"Regular Frappes - Strawberries & Cream - 2.75, Regular Speciality Tea - Earl Grey - 1.30, Large Speciality Tea - Earl Grey - 1.60, Large Iced americano - 2.50, Large Iced americano - 2.50",10.65,CARD,3203948595062339
18/04/2025 19:44,London Brixton,Gloria Turek,"Large Cappuccino - 2.45, Regular Espresso - 1.50",3.95,CARD,7704761564038986
18/04/2025 19:46,London Brixton,Mattie Wilson,"Regular Hot chocolate - 2.20, Large Speciality Tea - Earl Grey - 1.60, Large Speciality Tea - Earl Grey - 1.60, Large Cappuccino - 2.45",7.85,CARD,3177608252772596
18/04/2025 19:47,London Brixton,Debra Besson,Large Smoothies - Carrot Kick - 2.50,2.5,CARD,9607506927399687
18/04/2025 19:49,London Brixton,Edward Zemel,"Large Smoothies - Carrot Kick - 2.50, Regular Hot chocolate - 2.20",4.7,CARD,1766078947757863
18/04/2025 19:50,London Brixton,Bernard Haskins,"Large Frappes - Strawberries & Cream - 3.25, Large Iced americano - 2.50",5.75,CASH,
18/04/2025 19:51,London Brixton,Fred Sparks,"Regular Cappuccino - 2.15, Regular Frappes - Strawberries & Cream - 2.75",4.9,CARD,9345300537287667
18/04/2025 19:53,London Brixton,Terry Winters,"Regular Espresso - 1.50, Large Smoothies - Carrot Kick - 2.50",4.0,CASH,
18/04/2025 19:54,London Brixton,Rico Armstrong,"Regular Frappes - Strawberries & Cream - 2.75, Large Hot chocolate - 2.90, Large Cappuccino - 2.45",8.1,CARD,7849620254974608
18/04/2025 19:55,London Brixton,James Murray,"Large Smoothies - Glowing Greens - 2.50, Regular Speciality Tea - Earl Grey - 1.30, Large Cappuccino - 2.45, Large Hot chocolate - 2.90",9.15,CASH,
18/04/2025 19:57,London Brixton,Marjory Wein,"Large Smoothies - Glowing Greens - 2.50, Large Hot chocolate - 2.90, Large Iced americano - 2.50, Regular Speciality Tea - Earl Grey - 1.30, Large Cappuccino - 2.45",11.65,CARD,4481225745914938
18/04/2025 19:58,London Brixton,Randy Yamaguchi,"Large Smoothies - Glowing Greens - 2.50, Regular Smoothies - Carrot Kick - 2.00, Large Smoothies - Glowing Greens - 2.50, Large Hot chocolate - 2.90, Regular Hot chocolate - 2.20, Large Smoothies - Glowing Greens - 2.50",14.6,CARD,7538890583590769
18/04/2025 19:59,London Brixton,Mary Dixon,"Regular Smoothies - Glowing Greens - 2.00, Large Hot chocolate - 2.90",4.9,CARD,2555012732027537
18/04/2025 20:01,London Brixton,Viola Brown,"Large Espresso - 1.80, Regular Smoothies - Glowing Greens - 2.00",3.8,CARD,5837913614488316
18/04/2025 20:03,London Brixton,James Hedtke,"Regular Smoothies - Glowing Greens - 2.00, Regular Speciality Tea - Earl Grey - 1.30",3.3,CARD,4971544626844285
18/04/2025 20:05,London Brixton,Elena Castro,Regular Smoothies - Glowing Greens - 2.00,2.0,CARD,5760910922504764
18/04/2025 20:08,London Brixton,Marlene Self,"Regular Smoothies - Glowing Greens - 2.00, Large Hot chocolate - 2.90, Large Smoothies - Carrot Kick - 2.50, Regular Frappes - Strawberries & Cream - 2.75, Large Iced americano - 2.50",12.65,CARD,4865352497761495
18/04/2025 20:10,London Brixton,Margaret Brison,Large Smoothies - Glowing Greens - 2.50,2.5,CARD,2796131945812129
18/04/2025 20:13,London Brixton,Lashonda Curcio,"Large Smoothies - Glowing Greens - 2.50, Large Speciality Tea - Earl Grey - 1.60",4.1,CARD,2598899655802069
18/04/2025 20:15,London Brixton,Kevin Peak,"Regular Iced americano - 2.15, Regular Smoothies - Carrot Kick - 2.00, Regular Smoothies - Carrot Kick - 2.00",6.15,CASH,
18/04/2025 20:17,London Brixton,Shelly Howard,Regular Smoothies - Glowing Greens - 2.00,2.0,CASH,
18/04/2025 20:20,London Brixton,Lonnie Dodd,"Regular Iced americano - 2.15, Regular Iced americano - 2.15, Large Smoothies - Carrot Kick - 2.50, Regular Smoothies - Carrot Kick - 2.00, Regular Speciality Tea - Earl Grey - 1.30, Large Smoothies - Glowing Greens - 2.50",12.6,CARD,5280404743554986
18/04/2025 20:22,London Brixton,Thomas James,Large Cappuccino - 2.45,2.45,CARD,3135547400964894
18/04/2025 20:25,London Brixton,Jeanette Seedorff,"Large Smoothies - Glowing Greens - 2.50, Regular Speciality Tea - Earl Grey - 1.30",3.8,CASH,
18/04/2025 20:27,London Brixton,Carol Woods,"Large Speciality Tea - Earl Grey - 1.60, Large Iced americano - 2.50, Large Frappes - Strawberries & Cream - 3.25, Large Hot chocolate - 2.90, Large Iced americano - 2.50, Large Smoothies - Carrot Kick - 2.50",15.25,CARD,5104716883526598
18/04/2025 20:29,London Brixton,James Gipson,"Large Smoothies - Glowing Greens - 2.50, Regular Frappes - Strawberries & Cream - 2.75, Large Iced americano - 2.50, Regular Smoothies - Glowing Greens - 2.00, Regular Smoothies - Carrot Kick - 2.00",11.75,CARD,4957366796171908
18/04/2025 20:32,London Brixton,Jaime Rosato,Large Cappuccino - 2.45,2.45,CASH,
18/04/2025 20:34,London Brixton,Lisa Meyer,"Regular Speciality Tea - Earl Grey - 1.30, Large Smoothies - Glowing Greens - 2.50, Regular Frappes - Strawberries & Cream - 2.75, Regular Smoothies - Glowing Greens - 2.00, Regular Iced americano - 2.15",10.7,CARD,6372547474735963
18/04/2025 20:37,London Brixton,Keith Ferree,Regular Iced americano - 2.15,2.15,CARD,7303543477929961
18/04/2025 20:39,London Brixton,Hae Bryan,"Large Espresso - 1.80, Regular Hot chocolate - 2.20, Large Espresso - 1.80, Large Frappes - Strawberries & Cream - 3.25",9.05,CARD,4978976189981927
18/04/2025 20:41,London Brixton,Mamie Minier,Regular Cappuccino - 2.15,2.15,CASH,
18/04/2025 20:44,London Brixton,Margaret Mabry,"Regular Espresso - 1.50, Large Iced americano - 2.50, Regular Frappes - Strawberries & Cream - 2.75, Regular Frappes - Strawberries & Cream - 2.75, Regular Speciality Tea - Earl Grey - 1.30, Regular Smoothies - Glowing Greens - 2.00",12.8,CARD,5871949897782736
18/04/2025 20:46,London Brixton,Gary Hatton,"Regular Smoothies - Glowing Greens - 2.00, Large Cappuccino - 2.45, Regular Iced americano - 2.15",6.6,CARD,3081980272277479
18/04/2025 20:49,London Brixton,Susan Walker,"Regular Smoothies - Glowing Greens - 2.00, Large Smoothies - Glowing Greens - 2.50",4.5,CASH,
18/04/2025 20:51,London Brixton,Susie Golding,"Regular Hot chocolate - 2.20, Large Smoothies - Glowing Greens - 2.50, Large Speciality Tea - Earl Grey - 1.60, Regular Hot chocolate - 2.20",8.5,CARD,5439985598851163
18/04/2025 20:53,London Brixton,Thomas Campbell,"Regular Hot chocolate - 2.20, Large Hot chocolate - 2.90",5.1,CASH,
18/04/2025 20:56,London Brixton,Scott Crenshaw,Regular Cappuccino - 2.15,2.15,CASH,
18/04/2025 20:58,London Brixton,Judith Beauchamp,Large Cappuccino - 2.45,2.45,CASH,
