19/04/2025 08:00,London Greenwich,Heidi Friddle,"Regular Frappes - Strawberries & Cream - 2.75, Regular Latte - 2.15, Large Frappes - Strawberries & Cream - 3.25, Large Flavoured iced latte - Caramel - 3.25, Large Flavoured iced latte - Caramel - 3.25",14.65,CARD,7182499426520233
19/04/2025 08:01,London Greenwich,Marlon Mody,"Regular Frappes - Strawberries & Cream - 2.75, Large Frappes - Strawberries & Cream - 3.25, Regular Iced americano - 2.15, Regular Latte - 2.15, Regular Flavoured iced latte - Caramel - 2.75, Regular Frappes - Strawberries & Cream - 2.75",15.8,CARD,2044928967142907
19/04/2025 08:03,London Greenwich,Mildred Boyd,"Large Flavoured iced latte - Caramel - 3.25, Large Flavoured iced latte - Caramel - 3.25, Regular Flavoured iced latte - Caramel - 2.75",9.25,CARD,7108160938155315
19/04/2025 08:05,London Greenwich,Michelle Rosenholm,"Large Latte - 2.45, Regular Frappes - Strawberries & Cream - 2.75",5.2,CARD,3398294394731325
19/04/2025 08:07,London Greenwich,Joanne Hubbard,"Regular Frappes - Chocolate Cookie - 2.75, Large Frappes - Strawberries & Cream - 3.25, Large Latte - 2.45, Regular Frappes - Chocolate Cookie - 2.75, Large Frappes - Strawberries & Cream - 3.25, Large Frappes - Strawberries & Cream - 3.25",17.7,CARD,7543715463106521
19/04/2025 08:08,London Greenwich,Elana Carner,"Regular Frappes - Strawberries & Cream - 2.75, Large Frappes - Strawberries & Cream - 3.25, Regular Frappes - Chocolate Cookie - 2.75, Regular Latte - 2.15",10.9,CASH,
19/04/2025 08:10,London Greenwich,Charles Ames,"Large Flavoured iced latte - Caramel - 3.25, Large Latte - 2.45, Regular Latte - 2.15, Large Iced americano - 2.50, Large Latte - 2.45",12.8,CARD,8978098566432437
19/04/2025 08:12,London Greenwich,James Wilson,"Large Latte - 2.45, Large Flavoured iced latte - Caramel - 3.25, Regular Latte - 2.15, Regular Iced americano - 2.15",10.0,CARD,4267500770270166
19/04/2025 08:14,London Greenwich,Robert Sinn,"Regular Latte - 2.15, Regular Iced americano - 2.15",4.3,CARD,2430145927594731
19/04/2025 08:15,London Greenwich,Wilma Rodriguez,"Regular Latte - 2.15, Large Frappes - Strawberries & Cream - 3.25, Regular Iced americano - 2.15, Regular Latte - 2.15, Regular Latte - 2.15, Large Frappes - Strawberries & Cream - 3.25",15.1,CARD,4697220521329986
19/04/2025 08:17,London Greenwich,Beatrice Vincent,Regular Flavoured iced latte - Caramel - 2.75,2.75,CARD,9174796298779352
19/04/2025 08:19,London Greenwich,Ambrose Lee,"Regular Flavoured iced latte - Caramel - 2.75, Large Iced americano - 2.50",5.25,CARD,9898750319926518
19/04/2025 08:21,London Greenwich,Annette Crays,"Regular Latte - 2.15, Large Flavoured iced latte - Caramel - 3.25",5.4,CARD,7474197307610991
19/04/2025 08:22,London Greenwich,Carmen Eubanks,"Regular Flavoured iced latte - Caramel - 2.75, Regular Flavoured iced latte - Caramel - 2.75, Regular Iced americano - 2.15, Regular Frappes - Chocolate Cookie - 2.75",10.4,CARD,7501334525216455
19/04/2025 08:24,London Greenwich,Mary Wallace,"Large Frappes - Strawberries & Cream - 3.25, Large Latte - 2.45",5.7,CARD,7550062132427017
19/04/2025 08:26,London Greenwich,Michael Simon,"Large Iced americano - 2.50, Regular Flavoured iced latte - Caramel - 2.75, Large Latte - 2.45, Large Flavoured iced latte - Caramel - 3.25, Large Iced americano - 2.50",13.45,CARD,8760099632544910
19/04/2025 08:28,London Greenwich,Barbara Williams,"Regular Frappes - Chocolate Cookie - 2.75, Regular Frappes - Chocolate Cookie - 2.75, Large Latte - 2.45",7.95,CASH,
19/04/2025 08:29,London Greenwich,Thomas Dresser,"Regular Flavoured iced latte - Caramel - 2.75, Regular Iced americano - 2.15, Large Flavoured iced latte - Caramel - 3.25, Regular Latte - 2.15",10.3,CARD,9362670521182287
19/04/2025 08:31,London Greenwich,Alexis Stewart,"Regular Latte - 2.15, Large Flavoured iced latte - Caramel - 3.25, Large Flavoured iced latte - Caramel - 3.25, Large Iced americano - 2.50, Large Flavoured iced latte - Caramel - 3.25",14.4,CARD,4651458514462774
19/04/2025 08:33,London Greenwich,Clinton Banks,"Regular Frappes - Chocolate Cookie - 2.75, Regular Latte - 2.15, Regular Flavoured iced latte - Caramel - 2.75",7.65,CASH,
19/04/2025 08:35,London Greenwich,Margaret Lavoie,"Large Latte - 2.45, Large Flavoured iced latte - Caramel - 3.25, Large Frappes - Strawberries & Cream - 3.25",8.95,CASH,
19/04/2025 08:36,London Greenwich,Jonathan Thompson,Regular Latte - 2.15,2.15,CARD,3581065246974166
19/04/2025 08:38,London Greenwich,Maria Brown,"Large Iced americano - 2.50, Large Iced americano - 2.50, Regular Frappes - Strawberries & Cream - 2.75, Regular Latte - 2.15, Regular Frappes - Chocolate Cookie - 2.75",12.65,CARD,8693759876401534
19/04/2025 08:40,London Greenwich,Antonio Reynolds,"Large Flavoured iced latte - Caramel - 3.25, Regular Iced americano - 2.15",5.4,CARD,2708465366059588
19/04/2025 08:42,London Greenwich,Merlin Durst,Large Latte - 2.45,2.45,CARD,5859575206250978
19/04/2025 08:43,London Greenwich,Albert Weiland,"Regular Latte - 2.15, Large Flavoured iced latte - Caramel - 3.25, Regular Iced americano - 2.15",7.55,CASH,
19/04/2025 08:45,London Greenwich,Diana Whitfield,Regular Frappes - Chocolate Cookie - 2.75,2.75,CASH,
19/04/2025 08:47,London Greenwich,Darrick Diggs,"Regular Latte - 2.15, Regular Frappes - Strawberries & Cream - 2.75, Regular Latte - 2.15",7.05,CARD,1897447198063651
19/04/2025 08:49,London Greenwich,Billy Parsons,"Large Frappes - Strawberries & Cream - 3.25, Large Flavoured iced latte - Caramel - 3.25, Large Frappes - Chocolate Cookie - 3.25",9.75,CARD,6150516129720187
19/04/2025 08:51,London Greenwich,Margarett Hendershot,"Large Iced americano - 2.50, Regular Frappes - Chocolate Cookie - 2.75",5.25,CARD,6474930692115872
19/04/2025 08:52,London Greenwich,Travis Balkus,Regular Frappes - Strawberries & Cream - 2.75,2.75,CARD,5641298663685095
19/04/2025 08:54,London Greenwich,Elmira Randolph,Regular Frappes - Chocolate Cookie - 2.75,2.75,CARD,9871442791184969
19/04/2025 08:56,London Greenwich,Gary Lang,"Regular Iced americano - 2.15, Large Latte - 2.45, Large Frappes - Strawberries & Cream - 3.25",7.85,CASH,
19/04/2025 08:58,London Greenwich,Richard Schlater,"Large Latte - 2.45, Regular Iced americano - 2.15, Large Flavoured iced latte - Caramel - 3.25",7.85,CARD,4087108341355376
19/04/2025 08:59,London Greenwich,David Smith,"Regular Iced americano - 2.15, Large Latte - 2.45, Large Latte - 2.45, Regular Latte - 2.15, Large Flavoured iced latte - Caramel - 3.25",12.45,CARD,8718780519034893
19/04/2025 09:01,London Greenwich,Dorothy Stewart,Regular Latte - 2.15,2.15,CARD,4694649532804739
19/04/2025 09:05,London Greenwich,Misty Walter,"Large Flavoured iced latte - Caramel - 3.25, Regular Iced americano - 2.15",5.4,CASH,
19/04/2025 09:08,London Greenwich,Amber Harb,"Regular Iced americano - 2.15, Regular Flavoured iced latte - Caramel - 2.75, Regular Latte - 2.15, Regular Latte - 2.15, Regular Latte - 2.15",11.35,CARD,5201875223644962
19/04/2025 09:12,London Greenwich,Edward Wilson,"Regular Flavoured iced latte - Caramel - 2.75, Regular Frappes - Strawberries & Cream - 2.75, Regular Iced americano - 2.15, Large Flavoured iced latte - Caramel - 3.25",10.9,CARD,7585545914361320
19/04/2025 09:15,London Greenwich,Charlie Amend,"Regular Iced americano - 2.15, Regular Flavoured iced latte - Caramel - 2.75",4.9,CASH,
19/04/2025 09:19,London Greenwich,Earline Hensley,"Regular Latte - 2.15, Regular Frappes - Strawberries & Cream - 2.75, Large Flavoured iced latte - Caramel - 3.25, Large Frappes - Chocolate Cookie - 3.25, Regular Frappes - Strawberries & Cream - 2.75, Regular Frappes - Chocolate Cookie - 2.75",16.9,CASH,
19/04/2025 09:22,London Greenwich,Eugene Morrison,"Regular Iced americano - 2.15, Regular Latte - 2.15",4.3,CARD,7169344011366908
19/04/2025 09:26,London Greenwich,Wilford Garner,"Regular Frappes - Chocolate Cookie - 2.75, Regular Latte - 2.15, Regular Frappes - Strawberries & Cream - 2.75",7.65,CASH,
19/04/2025 09:29,London Greenwich,Robert Sibley,"Regular Frappes - Chocolate Cookie - 2.75, Large Latte - 2.45, Large Latte - 2.45",7.65,CASH,
19/04/2025 09:33,London Greenwich,Rebecca Bart,"Regular Frappes - Strawberries & Cream - 2.75, Large Frappes - Chocolate Cookie - 3.25, Large Flavoured iced latte - Caramel - 3.25, Regular Frappes - Chocolate Cookie - 2.75, Large Latte - 2.45",14.45,CARD,3439796517834539
19/04/2025 09:36,London Greenwich,Kami Groome,Large Latte - 2.45,2.45,CARD,4755182500727086
19/04/2025 09:40,London Greenwich,Joe Jackson,Regular Flavoured iced latte - Caramel - 2.75,2.75,CASH,
19/04/2025 09:43,London Greenwich,Roger Randle,"Regular Flavoured iced latte - Caramel - 2.75, Regular Flavoured iced latte - Caramel - 2.75, Large Flavoured iced latte - Caramel - 3.25",8.75,CASH,
19/04/2025 09:47,London Greenwich,Robert Gayer,"Regular Frappes - Strawberries & Cream - 2.75, Large Frappes - Chocolate Cookie - 3.25",6.0,CASH,
19/04/2025 09:50,London Greenwich,Bret Knowles,"Large Flavoured iced latte - Caramel - 3.25, Large Flavoured iced latte - Caramel - 3.25",6.5,CARD,8191498697099735
19/04/2025 09:54,London Greenwich,Margaret Carlos,Regular Latte - 2.15,2.15,CARD,7849207730495528
19/04/2025 09:57,London Greenwich,Michael Parsons,"Regular Flavoured iced latte - Caramel - 2.75, Large Flavoured iced latte - Caramel - 3.25, Regular Latte - 2.15",8.15,CARD,9505199626774082
19/04/2025 10:01,London Greenwich,Gregory Curtis,"Regular Frappes - Chocolate Cookie - 2.75, Regular Flavoured iced latte - Caramel - 2.75, Large Frappes - Strawberries & Cream - 3.25",8.75,CARD,1671861368633017
19/04/2025 10:02,London Greenwich,Kathryn Caballero,Regular Flavoured iced latte - Caramel - 2.75,2.75,CARD,6981364574850728
19/04/2025 10:04,London Greenwich,Cory Karins,"Large Latte - 2.45, Large Iced americano - 2.50",4.95,CASH,
19/04/2025 10:05,London Greenwich,Elsie Fields,"Regular Flavoured iced latte - Caramel - 2.75, Regular Frappes - Strawberries & Cream - 2.75, Large Latte - 2.45",7.95,CARD,7598466462404718
19/04/2025 10:06,London Greenwich,Danielle Powell,"Large Frappes - Strawberries & Cream - 3.25, Large Iced americano - 2.50",5.75,CARD,8253087581510614
19/04/2025 10:08,London Greenwich,Elliot Dick,"Large Latte - 2.45, Large Frappes - Strawberries & Cream - 3.25, Regular Iced americano - 2.15",7.85,CARD,6553841466235631
19/04/2025 10:09,London Greenwich,Pricilla Young,"Large Iced americano - 2.50, Large Frappes - Chocolate Cookie - 3.25, Regular Iced americano - 2.15, Large Latte - 2.45",10.35,CARD,5887938304739803
19/04/2025 10:11,London Greenwich,Babette Flaherty,"Large Iced americano - 2.50, Regular Iced americano - 2.15, Large Latte - 2.45, Regular Frappes - Chocolate Cookie - 2.75",9.85,CASH,
19/04/2025 10:12,London Greenwich,Ashley Cherrington,"Large Frappes - Strawberries & Cream - 3.25, Large Frappes - Strawberries & Cream - 3.25, Regular Frappes - Strawberries & Cream - 2.75",9.25,CARD,2964390726326234
19/04/2025 10:13,London Greenwich,Jarrett Perez,"Regular Flavoured iced latte - Caramel - 2.75, Large Flavoured iced latte - Caramel - 3.25",6.0,CASH,
19/04/2025 10:15,London Greenwich,Clarice Monk,"Large Frappes - Strawberries & Cream - 3.25, Regular Frappes - Strawberries & Cream - 2.75, Regular Latte - 2.15, Large Frappes - Strawberries & Cream - 3.25",11.4,CASH,
19/04/2025 10:16,London Greenwich,Kyle Crumb,Large Latte - 2.45,2.45,CASH,
19/04/2025 10:17,London Greenwich,Autumn Smith,"Regular Latte - 2.15, Regular Flavoured iced latte - Caramel - 2.75",4.9,CARD,4960888836534570
19/04/2025 10:19,London Greenwich,George White,"Regular Frappes - Strawberries & Cream - 2.75, Large Latte - 2.45, Regular Frappes - Chocolate Cookie - 2.75, Regular Iced americano - 2.15, Regular Iced americano - 2.15",12.25,CASH,
19/04/2025 10:20,London Greenwich,Samantha Leonard,Large Flavoured iced latte - Caramel - 3.25,3.25,CASH,
19/04/2025 10:22,London Greenwich,Heather Broadbent,"Regular Frappes - Strawberries & Cream - 2.75, Regular Frappes - Chocolate Cookie - 2.75, Large Frappes - Chocolate Cookie - 3.25, Regular Frappes - Chocolate Cookie - 2.75",11.5,CARD,3146374467240586
19/04/2025 10:23,London Greenwich,James Jenkins,"Large Frappes - Chocolate Cookie - 3.25, Large Iced americano - 2.50, Regular Latte - 2.15, Regular Flavoured iced latte - Caramel - 2.75, Regular Flavoured iced latte - Caramel - 2.75",13.4,CASH,
19/04/2025 10:24,London Greenwich,Ivy Robinson,"Large Latte - 2.45, Regular Flavoured iced latte - Caramel - 2.75",5.2,CARD,5020572765220196
19/04/2025 10:26,London Greenwich,Martha Clark,"Large Flavoured iced latte - Caramel - 3.25, Regular Flavoured iced latte - Caramel - 2.75, Regular Iced americano - 2.15",8.15,CARD,6298039964443569
19/04/2025 10:27,London Greenwich,Casey Oliver,"Regular Latte - 2.15, Large Frappes - Strawberries & Cream - 3.25, Large Latte - 2.45, Regular Flavoured iced latte - Caramel - 2.75, Regular Flavoured iced latte - Caramel - 2.75",13.35,CARD,5860816952648579
19/04/2025 10:29,London Greenwich,Lemuel Bolling,Regular Iced americano - 2.15,2.15,CARD,5632783774370141
19/04/2025 10:30,London Greenwich,Marsha Weilbacher,"Regular Latte - 2.15, Regular Frappes - Strawberries & Cream - 2.75, Large Latte - 2.45, Large Iced americano - 2.50, Large Flavoured iced latte - Caramel - 3.25",13.1,CASH,
19/04/2025 10:31,London Greenwich,Joseph Taque,"Regular Latte - 2.15, Large Iced americano - 2.50, Regular Frappes - Strawberries & Cream - 2.75, Regular Frappes - Strawberries & Cream - 2.75",10.15,CARD,8199059485917404
19/04/2025 10:33,London Greenwich,Viola Ward,"Regular Frappes - Chocolate Cookie - 2.75, Large Flavoured iced latte - Caramel - 3.25, Large Frappes - Chocolate Cookie - 3.25",9.25,CASH,
19/04/2025 10:34,London Greenwich,Francis Anderson,"Regular Flavoured iced latte - Caramel - 2.75, Regular Flavoured iced latte - Caramel - 2.75, Regular Latte - 2.15, Large Frappes - Strawberries & Cream - 3.25, Large Flavoured iced latte - Caramel - 3.25",14.15,CARD,9741480646070126
19/04/2025 10:35,London Greenwich,Robert Meidl,"Large Frappes - Chocolate Cookie - 3.25, Large Frappes - Strawberries & Cream - 3.25, Large Frappes - Chocolate Cookie - 3.25, Regular Frappes - Strawberries & Cream - 2.75, Large Latte - 2.45",14.95,CARD,5482360034634891
19/04/2025 10:37,London Greenwich,Jeffery Terman,"Regular Iced americano - 2.15, Large Iced americano - 2.50, Large Frappes - Chocolate Cookie - 3.25, Large Frappes - Chocolate Cookie - 3.25",11.15,CARD,1717314246324553
19/04/2025 10:38,London Greenwich,Justin Roeske,"Regular Flavoured iced latte - Caramel - 2.75, Large Iced americano - 2.50, Regular Latte - 2.15, Large Latte - 2.45, Regular Latte - 2.15, Large Flavoured iced latte - Caramel - 3.25",15.25,CASH,
19/04/2025 10:40,London Greenwich,Linda Lincoln,Regular Latte - 2.15,2.15,CASH,
19/04/2025 10:41,London Greenwich,Max Perkins,Regular Latte - 2.15,2.15,CARD,4040808190747065
19/04/2025 10:42,London Greenwich,Michael Armstrong,"Large Latte - 2.45, Regular Frappes - Strawberries & Cream - 2.75, Large Frappes - Strawberries & Cream - 3.25, Regular Frappes - Strawberries & Cream - 2.75, Large Iced americano - 2.50",13.7,CASH,
19/04/2025 10:44,London Greenwich,Mary Sims,"Large Frappes - Chocolate Cookie - 3.25, Regular Flavoured iced latte - Caramel - 2.75, Large Frappes - Strawberries & Cream - 3.25, Large Frappes - Chocolate Cookie - 3.25",12.5,CARD,8798608607379042
19/04/2025 10:45,London Greenwich,Pamela Locklear,"Regular Flavoured iced latte - Caramel - 2.75, Regular Flavoured iced latte - Caramel - 2.75",5.5,CASH,
19/04/2025 10:47,London Greenwich,Jeannie Nicholson,"Regular Frappes - Chocolate Cookie - 2.75, Regular Frappes - Strawberries & Cream - 2.75",5.5,CASH,
19/04/2025 10:48,London Greenwich,Deana Tyler,Large Flavoured iced latte - Caramel - 3.25,3.25,CASH,
19/04/2025 10:49,London Greenwich,Audra Raterman,"Regular Iced americano - 2.15, Large Frappes - Chocolate Cookie - 3.25",5.4,CARD,1923337663503830
19/04/2025 10:51,London Greenwich,William Riddick,"Regular Frappes - Strawberries & Cream - 2.75, Large Frappes - Chocolate Cookie - 3.25, Large Latte - 2.45",8.45,CASH,
19/04/2025 10:52,London Greenwich,Carrie Slick,"Large Frappes - Chocolate Cookie - 3.25, Regular Flavoured iced latte - Caramel - 2.75, Large Latte - 2.45, Large Frappes - Chocolate Cookie - 3.25, Large Latte - 2.45",14.15,CASH,
19/04/2025 10:53,London Greenwich,Danny Johnson,"Large Frappes - Strawberries & Cream - 3.25, Regular Latte - 2.15",5.4,CARD,6327230084544578
19/04/2025 10:55,London Greenwich,Cristina Quayle,Large Frappes - Strawberries & Cream - 3.25,3.25,CASH,
19/04/2025 10:56,London Greenwich,Arthur Cilenti,"Regular Frappes - Chocolate Cookie - 2.75, Large Frappes - Strawberries & Cream - 3.25, Large Flavoured iced latte - Caramel - 3.25",9.25,CASH,
19/04/2025 10:58,London Greenwich,Seth Arneecher,"Regular Frappes - Strawberries & Cream - 2.75, Regular Iced americano - 2.15, Large Frappes - Strawberries & Cream - 3.25",8.15,CARD,6131934145161169
19/04/2025 10:59,London Greenwich,John Battle,"Regular Latte - 2.15, Large Frappes - Strawberries & Cream - 3.25",5.4,CARD,9996889493396975
19/04/2025 11:00,London Greenwich,Melanie Delgado,"Large Flavoured iced latte - Caramel - 3.25, Regular Flavoured iced latte - Caramel - 2.75",6.0,CARD,5297519799880780
19/04/2025 11:02,London Greenwich,Lori Walker,"Large Iced americano - 2.50, Large Flavoured iced latte - Caramel - 3.25, Regular Flavoured iced latte - Caramel - 2.75",8.5,CARD,5422950148038136
19/04/2025 11:04,London Greenwich,Genna Contreras,"Large Frappes - Strawberries & Cream - 3.25, Large Iced americano - 2.50",5.75,CARD,4895760087700869
19/04/2025 11:06,London Greenwich,Catherine Love,"Regular Flavoured iced latte - Caramel - 2.75, Large Frappes - Strawberries & Cream - 3.25",6.0,CARD,7522345805480672
19/04/2025 11:08,London Greenwich,Linda Rogers,Large Iced americano - 2.50,2.5,CARD,7167309374852312
19/04/2025 11:09,London Greenwich,James Shepherd,"Regular Flavoured iced latte - Caramel - 2.75, Regular Flavoured iced latte - Caramel - 2.75",5.5,CASH,
19/04/2025 11:11,London Greenwich,Valda Bolek,"Regular Latte - 2.15, Large Iced americano - 2.50, Regular Frappes - Strawberries & Cream - 2.75",7.4,CARD,7393422016403922
19/04/2025 11:13,London Greenwich,Betty Wood,"Regular Frappes - Chocolate Cookie - 2.75, Large Iced americano - 2.50, Large Frappes - Chocolate Cookie - 3.25, Regular Latte - 2.15, Large Frappes - Chocolate Cookie - 3.25, Regular Frappes - Chocolate Cookie - 2.75",16.65,CARD,2727600363284774
19/04/2025 11:15,London Greenwich,Elma Hale,"Large Flavoured iced latte - Caramel - 3.25, Large Flavoured iced latte - Caramel - 3.25",6.5,CASH,
19/04/2025 11:17,London Greenwich,Charles Teixeira,Regular Frappes - Strawberries & Cream - 2.75,2.75,CARD,6681590003095587
19/04/2025 11:19,London Greenwich,Ali Brown,Regular Latte - 2.15,2.15,CARD,3640988895230627
19/04/2025 11:20,London Greenwich,Benjamin Cabiness,"Regular Frappes - Strawberries & Cream - 2.75, Large Iced americano - 2.50, Regular Latte - 2.15, Regular Flavoured iced latte - Caramel - 2.75, Large Frappes - Strawberries & Cream - 3.25",13.4,CARD,8714274500211522
19/04/2025 11:22,London Greenwich,Guillermo Hicks,"Large Frappes - Strawberries & Cream - 3.25, Large Frappes - Chocolate Cookie - 3.25, Regular Frappes - Chocolate Cookie - 2.75",9.25,CARD,3227365273009192
19/04/2025 11:24,London Greenwich,Angla Thomas,"Regular Flavoured iced latte - Caramel - 2.75, Large Flavoured iced latte - Caramel - 3.25",6.0,CARD,6289414512014020
19/04/2025 11:26,London Greenwich,Emily Lehman,"Large Latte - 2.45, Large Latte - 2.45, Large Frappes - Strawberries & Cream - 3.25, Large Latte - 2.45",10.6,CARD,8316226645879029
19/04/2025 11:28,London Greenwich,Lori Lopez,Large Flavoured iced latte - Caramel - 3.25,3.25,CARD,1968993504497156
19/04/2025 11:29,London Greenwich,Sandra Andrews,Regular Iced americano - 2.15,2.15,CARD,7092999903788893
19/04/2025 11:31,London Greenwich,Diane Thomes,"Regular Latte - 2.15, Large Frappes - Strawberries & Cream - 3.25",5.4,CASH,
19/04/2025 11:33,London Greenwich,Floyd Steward,"Regular Frappes - Chocolate Cookie - 2.75, Regular Latte - 2.15, Large Frappes - Chocolate Cookie - 3.25, Regular Iced americano - 2.15",10.3,CARD,4123670089909080
19/04/2025 11:35,London Greenwich,Reginald Smith,"Large Frappes - Strawberries & Cream - 3.25, Large Latte - 2.45",5.7,CARD,6996572038557256
19/04/2025 11:37,London Greenwich,Chad Jackson,Regular Latte - 2.15,2.15,CARD,9960665258400758
19/04/2025 11:38,London Greenwich,Jennifer Marrero,"Regular Frappes - Strawberries & Cream - 2.75, Large Flavoured iced latte - Caramel - 3.25",6.0,CARD,9799020908332612
19/04/2025 11:40,London Greenwich,Ashley Barocio,"Large Frappes - Strawberries & Cream - 3.25, Regular Flavoured iced latte - Caramel - 2.75, Large Iced americano - 2.50, Large Frappes - Strawberries & Cream - 3.25, Large Flavoured iced latte - Caramel - 3.25",15.0,CARD,9742429855839320
19/04/2025 11:42,London Greenwich,Elaine Augustine,"Large Frappes - Chocolate Cookie - 3.25, Large Iced americano - 2.50, Regular Frappes - Strawberries & Cream - 2.75, Regular Flavoured iced latte - Caramel - 2.75",11.25,CARD,6483518005950301
19/04/2025 11:44,London Greenwich,Gerald Smith,"Large Frappes - Chocolate Cookie - 3.25, Regular Frappes - Chocolate Cookie - 2.75, Regular Latte - 2.15, Large Iced americano - 2.50",10.65,CASH,
19/04/2025 11:46,London Greenwich,Theresa Garcia,Large Latte - 2.45,2.45,CARD,1174777513959170
19/04/2025 11:48,London Greenwich,Jackie White,Regular Frappes - Strawberries & Cream - 2.75,2.75,CARD,7891715833833538
19/04/2025 11:49,London Greenwich,Hugh Fields,"Regular Frappes - Strawberries & Cream - 2.75, Regular Frappes - Strawberries & Cream - 2.75, Large Frappes - Strawberries & Cream - 3.25, Regular Frappes - Chocolate Cookie - 2.75",11.5,CARD,4917138718160966
19/04/2025 11:51,London Greenwich,Tonya Thomas,"Regular Flavoured iced latte - Caramel - 2.75, Regular Flavoured iced latte - Caramel - 2.75",5.5,CARD,9713510200036244
19/04/2025 11:53,London Greenwich,Seth Moe,Large Frappes - Chocolate Cookie - 3.25,3.25,CARD,2268690734411262
19/04/2025 11:55,London Greenwich,Louise Romano,"Large Flavoured iced latte - Caramel - 3.25, Regular Frappes - Chocolate Cookie - 2.75",6.0,CARD,6203703422946494
19/04/2025 11:57,London Greenwich,Mariko Schmidt,"Regular Frappes - Chocolate Cookie - 2.75, Regular Flavoured iced latte - Caramel - 2.75, Regular Latte - 2.15, Large Flavoured iced latte - Caramel - 3.25, Large Flavoured iced latte - Caramel - 3.25, Regular Flavoured iced latte - Caramel - 2.75",16.9,CARD,1345448474994431
19/04/2025 11:58,London Greenwich,Eva Gallagher,Large Iced americano - 2.50,2.5,CARD,9811720333215722
19/04/2025 12:00,London Greenwich,Nathan Satterlee,"Regular Latte - 2.15, Large Iced americano - 2.50, Large Iced americano - 2.50, Regular Flavoured iced latte - Caramel - 2.75",9.9,CARD,9284863516275891
19/04/2025 12:03,London Greenwich,Earnestine Gentile,"Large Iced americano - 2.50, Regular Frappes - Chocolate Cookie - 2.75, Regular Frappes - Strawberries & Cream - 2.75, Large Iced americano - 2.50, Regular Iced americano - 2.15",12.65,CARD,1977071403462426
19/04/2025 12:05,London Greenwich,Gina Leslie,"Regular Frappes - Strawberries & Cream - 2.75, Large Iced americano - 2.50",5.25,CARD,1753142629737492
19/04/2025 12:07,London Greenwich,Son Green,"Large Flavoured iced latte - Caramel - 3.25, Regular Iced americano - 2.15",5.4,CARD,6328577924264680
19/04/2025 12:09,London Greenwich,Dorothy Rackham,"Large Flavoured iced latte - Caramel - 3.25, Large Iced americano - 2.50, Regular Flavoured iced latte - Caramel - 2.75",8.5,CASH,
19/04/2025 12:11,London Greenwich,Martin Hendrickson,"Regular Flavoured iced latte - Caramel - 2.75, Regular Frappes - Chocolate Cookie - 2.75",5.5,CASH,
19/04/2025 12:14,London Greenwich,Joseph Papadopoulos,"Large Latte - 2.45, Regular Iced americano - 2.15",4.6,CASH,
19/04/2025 12:16,London Greenwich,Roger Taylor,Large Frappes - Strawberries & Cream - 3.25,3.25,CASH,
19/04/2025 12:18,London Greenwich,Beth Cantu,Large Flavoured iced latte - Caramel - 3.25,3.25,CASH,
19/04/2025 12:20,London Greenwich,Helena Thomas,"Regular Flavoured iced latte - Caramel - 2.75, Regular Iced americano - 2.15, Large Latte - 2.45, Regular Frappes - Strawberries & Cream - 2.75",10.1,CARD,7879003713600766
19/04/2025 12:22,London Greenwich,Gregory Stewart,"Large Iced americano - 2.50, Large Frappes - Chocolate Cookie - 3.25",5.75,CARD,7528370510665435
19/04/2025 12:25,London Greenwich,Frances Boyer,Regular Latte - 2.15,2.15,CASH,
19/04/2025 12:27,London Greenwich,John Parker,"Regular Frappes - Strawberries & Cream - 2.75, Regular Latte - 2.15, Regular Latte - 2.15, Large Latte - 2.45",9.5,CARD,4068140695624051
19/04/2025 12:29,London Greenwich,Patricia Brown,"Large Frappes - Strawberries & Cream - 3.25, Large Iced americano - 2.50, Large Iced americano - 2.50, Regular Flavoured iced latte - Caramel - 2.75, Regular Flavoured iced latte - Caramel - 2.75",13.75,CARD,5237168140203170
19/04/2025 12:31,London Greenwich,Sarah Silvera,"Regular Flavoured iced latte - Caramel - 2.75, Regular Latte - 2.15, Large Frappes - Strawberries & Cream - 3.25, Large Iced americano - 2.50",10.65,CASH,
19/04/2025 12:34,London Greenwich,Edward Zimmerman,"Regular Frappes - Strawberries & Cream - 2.75, Large Iced americano - 2.50",5.25,CASH,
19/04/2025 12:36,London Greenwich,Danielle Wagner,"Regular Latte - 2.15, Regular Iced americano - 2.15",4.3,CARD,1297798395502167
19/04/2025 12:38,London Greenwich,Gregory Walton,"Large Frappes - Chocolate Cookie - 3.25, Regular Latte - 2.15, Large Latte - 2.45, Large Iced americano - 2.50",10.35,CASH,
19/04/2025 12:40,London Greenwich,Laura Browne,"Large Flavoured iced latte - Caramel - 3.25, Regular Latte - 2.15, Regular Latte - 2.15, Large Latte - 2.45, Regular Flavoured iced latte - Caramel - 2.75",12.75,CASH,
19/04/2025 12:42,London Greenwich,Mary Perkins,Large Frappes - Strawberries & Cream - 3.25,3.25,CARD,5311399967831237
19/04/2025 12:45,London Greenwich,Thanh Smith,"Large Flavoured iced latte - Caramel - 3.25, Regular Latte - 2.15, Regular Frappes - Chocolate Cookie - 2.75",8.15,CASH,
19/04/2025 12:47,London Greenwich,Margaret Lupkes,Regular Latte - 2.15,2.15,CARD,8733319510757062
19/04/2025 12:49,London Greenwich,Joseph Holliday,"Regular Frappes - Strawberries & Cream - 2.75, Regular Latte - 2.15",4.9,CARD,8177521586629875
19/04/2025 12:51,London Greenwich,Kristen Semaan,Large Iced americano - 2.50,2.5,CARD,4964373592110526
19/04/2025 12:53,London Greenwich,Robert Chui,"Large Latte - 2.45, Large Frappes - Strawberries & Cream - 3.25, Regular Latte - 2.15",7.85,CASH,
19/04/2025 12:56,London Greenwich,Kristin Peterson,"Regular Frappes - Chocolate Cookie - 2.75, Regular Latte - 2.15",4.9,CARD,8721840836480440
19/04/2025 12:58,London Greenwich,Jennifer Pershall,"Large Flavoured iced latte - Caramel - 3.25, Regular Latte - 2.15, Regular Frappes - Strawberries & Cream - 2.75, Large Flavoured iced latte - Caramel - 3.25, Large Latte - 2.45",13.85,CARD,9036910606877556
19/04/2025 13:00,London Greenwich,Cole Allen,Regular Flavoured iced latte - Caramel - 2.75,2.75,CARD,8357081166189835
19/04/2025 13:01,London Greenwich,Cynthia Rios,"Regular Latte - 2.15, Regular Frappes - Chocolate Cookie - 2.75, Regular Flavoured iced latte - Caramel - 2.75",7.65,CARD,5803462069508900
19/04/2025 13:02,London Greenwich,Joseph Lemke,"Regular Flavoured iced latte - Caramel - 2.75, Regular Latte - 2.15",4.9,CARD,1515921135579773
19/04/2025 13:03,London Greenwich,Michele Brewington,"Large Frappes - Chocolate Cookie - 3.25, Large Frappes - Chocolate Cookie - 3.25, Regular Flavoured iced latte - Caramel - 2.75, Large Latte - 2.45",11.7,CASH,
19/04/2025 13:04,London Greenwich,John Wellington,"Regular Flavoured iced latte - Caramel - 2.75, Large Frappes - Strawberries & Cream - 3.25",6.0,CARD,1501038815135962
19/04/2025 13:05,London Greenwich,Pamela Jordan,Large Frappes - Strawberries & Cream - 3.25,3.25,CARD,6669796233348723
19/04/2025 13:06,London Greenwich,Scott Stindt,"Large Iced americano - 2.50, Regular Flavoured iced latte - Caramel - 2.75, Regular Flavoured iced latte - Caramel - 2.75",8.0,CARD,1437027741945378
19/04/2025 13:07,London Greenwich,Mark Rummler,"Large Iced americano - 2.50, Regular Iced americano - 2.15, Large Frappes - Chocolate Cookie - 3.25",7.9,CASH,
19/04/2025 13:08,London Greenwich,So Kauble,"Regular Frappes - Strawberries & Cream - 2.75, Large Flavoured iced latte - Caramel - 3.25, Large Frappes - Chocolate Cookie - 3.25, Regular Iced americano - 2.15",11.4,CASH,
19/04/2025 13:09,London Greenwich,Julia Pichardo,"Regular Flavoured iced latte - Caramel - 2.75, Regular Frappes - Strawberries & Cream - 2.75",5.5,CARD,6590717255260135
19/04/2025 13:10,London Greenwich,Rodney Hohnstein,"Regular Latte - 2.15, Regular Latte - 2.15, Large Iced americano - 2.50",6.8,CARD,4102832600477989
19/04/2025 13:11,London Greenwich,Phillip Luna,"Large Iced americano - 2.50, Large Latte - 2.45, Large Flavoured iced latte - Caramel - 3.25, Regular Frappes - Strawberries & Cream - 2.75, Large Latte - 2.45",13.4,CARD,6264686112857949
19/04/2025 13:12,London Greenwich,Darlene Stokes,Regular Frappes - Strawberries & Cream - 2.75,2.75,CASH,
19/04/2025 13:12,London Greenwich,Judith Robinson,Large Latte - 2.45,2.45,CASH,
19/04/2025 13:13,London Greenwich,Mary Carson,"Regular Latte - 2.15, Large Frappes - Chocolate Cookie - 3.25",5.4,CARD,7347953955198494
19/04/2025 13:14,London Greenwich,Rose Lopez,"Large Latte - 2.45, Large Frappes - Strawberries & Cream - 3.25, Large Latte - 2.45",8.15,CARD,6031168236580202
19/04/2025 13:15,London Greenwich,Shawn Wimberly,"Large Frappes - Chocolate Cookie - 3.25, Large Frappes - Strawberries & Cream - 3.25, Regular Iced americano - 2.15",8.65,CASH,
19/04/2025 13:16,London Greenwich,Hattie Moncayo,"Regular Frappes - Strawberries & Cream - 2.75, Regular Latte - 2.15",4.9,CARD,8277616528434618
19/04/2025 13:17,London Greenwich,Victor Martinez,"Regular Iced americano - 2.15, Large Latte - 2.45",4.6,CARD,3860395726320635
19/04/2025 13:18,London Greenwich,Jeffrey Schiro,Regular Flavoured iced latte - Caramel - 2.75,2.75,CARD,2055544838710905
19/04/2025 13:19,London Greenwich,Christina Cook,Regular Frappes - Strawberries & Cream - 2.75,2.75,CASH,
19/04/2025 13:20,London Greenwich,Todd Blevins,"Regular Latte - 2.15, Large Frappes - Chocolate Cookie - 3.25, Regular Iced americano - 2.15, Regular Latte - 2.15, Large Frappes - Chocolate Cookie - 3.25, Regular Iced americano - 2.15",15.1,CARD,8411122318351807
19/04/2025 13:21,London Greenwich,Sharlene Walker,"Large Frappes - Chocolate Cookie - 3.25, Large Frappes - Chocolate Cookie - 3.25",6.5,CARD,9898222765244474
19/04/2025 13:22,London Greenwich,Omar Scott,Regular Latte - 2.15,2.15,CASH,
19/04/2025 13:23,London Greenwich,April Dunn,"Large Iced americano - 2.50, Large Frappes - Chocolate Cookie - 3.25, Regular Frappes - Strawberries & Cream - 2.75",8.5,CARD,3650246990014266
19/04/2025 13:24,London Greenwich,David Mclead,Regular Latte - 2.15,2.15,CARD,1296997094784145
19/04/2025 13:25,London Greenwich,Lemuel Peoples,Regular Iced americano - 2.15,2.15,CARD,2244466556625789
19/04/2025 13:26,London Greenwich,Joseph Pendergrass,"Large Flavoured iced latte - Caramel - 3.25, Regular Flavoured iced latte - Caramel - 2.75",6.0,CARD,4573171169795921
19/04/2025 13:27,London Greenwich,James Futrell,"Large Frappes - Strawberries & Cream - 3.25, Regular Flavoured iced latte - Caramel - 2.75, Regular Latte - 2.15, Regular Frappes - Chocolate Cookie - 2.75",10.9,CARD,2720784081752422
19/04/2025 13:28,London Greenwich,Cheryl Brackenridge,"Large Iced americano - 2.50, Large Latte - 2.45, Large Frappes - Strawberries & Cream - 3.25, Regular Latte - 2.15, Regular Frappes - Chocolate Cookie - 2.75",13.1,CARD,8122233648012906
19/04/2025 13:29,London Greenwich,Ann Brogan,"Regular Frappes - Strawberries & Cream - 2.75, Large Iced americano - 2.50, Large Flavoured iced latte - Caramel - 3.25, Large Frappes - Chocolate Cookie - 3.25, Large Frappes - Chocolate Cookie - 3.25",15.0,CARD,6968021681330544
19/04/2025 13:30,London Greenwich,Lucille Roche,"Large Latte - 2.45, Large Latte - 2.45, Regular Latte - 2.15, Large Frappes - Strawberries & Cream - 3.25",10.3,CARD,3016533407501678
19/04/2025 13:31,London Greenwich,Jose Wood,"Large Frappes - Strawberries & Cream - 3.25, Large Latte - 2.45, Regular Frappes - Chocolate Cookie - 2.75, Regular Latte - 2.15",10.6,CARD,5207994554821657
19/04/2025 13:31,London Greenwich,John Letendre,"Large Iced americano - 2.50, Large Latte - 2.45, Regular Flavoured iced latte - Caramel - 2.75",7.7,CASH,
19/04/2025 13:32,London Greenwich,Annie Langdon,"Large Frappes - Strawberries & Cream - 3.25, Regular Frappes - Chocolate Cookie - 2.75",6.0,CASH,
19/04/2025 13:33,London Greenwich,Ruth Burton,"Regular Latte - 2.15, Large Frappes - Strawberries & Cream - 3.25, Regular Frappes - Strawberries & Cream - 2.75, Large Flavoured iced latte - Caramel - 3.25",11.4,CASH,
19/04/2025 13:34,London Greenwich,Autumn Meek,"Large Latte - 2.45, Large Frappes - Chocolate Cookie - 3.25",5.7,CASH,
19/04/2025 13:35,London Greenwich,Judson Vajgrt,Regular Iced americano - 2.15,2.15,CARD,1511182761425568
19/04/2025 13:36,London Greenwich,Lynn Rodriguez,"Regular Latte - 2.15, Regular Flavoured iced latte - Caramel - 2.75",4.9,CASH,
19/04/2025 13:37,London Greenwich,Marlena Hudson,"Large Flavoured iced latte - Caramel - 3.25, Large Frappes - Strawberries & Cream - 3.25",6.5,CARD,5575321451030634
19/04/2025 13:38,London Greenwich,Willa Pena,"Regular Frappes - Strawberries & Cream - 2.75, Large Frappes - Chocolate Cookie - 3.25, Large Flavoured iced latte - Caramel - 3.25",9.25,CARD,8688946592567787
19/04/2025 13:39,London Greenwich,Clarence Graham,"Regular Latte - 2.15, Regular Flavoured iced latte - Caramel - 2.75",4.9,CARD,1269821159891902
19/04/2025 13:40,London Greenwich,Mary Murphy,"Regular Frappes - Strawberries & Cream - 2.75, Regular Frappes - Strawberries & Cream - 2.75, Regular Frappes - Chocolate Cookie - 2.75, Regular Frappes - Chocolate Cookie - 2.75, Regular Flavoured iced latte - Caramel - 2.75",13.75,CARD,8485200457516816
19/04/2025 13:41,London Greenwich,David Piotrowski,"Regular Latte - 2.15, Regular Iced americano - 2.15, Large Flavoured iced latte - Caramel - 3.25, Large Frappes - Strawberries & Cream - 3.25, Regular Frappes - Strawberries & Cream - 2.75, Regular Iced americano - 2.15",15.7,CASH,
19/04/2025 13:42,London Greenwich,Juan Washington,"Large Flavoured iced latte - Caramel - 3.25, Large Iced americano - 2.50, Regular Frappes - Chocolate Cookie - 2.75, Large Flavoured iced latte - Caramel - 3.25, Large Frappes - Chocolate Cookie - 3.25",15.0,CARD,5013032744144339
19/04/2025 13:43,London Greenwich,Bertha Goodman,"Large Iced americano - 2.50, Large Frappes - Strawberries & Cream - 3.25",5.75,CASH,
19/04/2025 13:44,London Greenwich,William Espinoza,Regular Latte - 2.15,2.15,CARD,1786904307427771
19/04/2025 13:45,London Greenwich,Justin Harris,Large Flavoured iced latte - Caramel - 3.25,3.25,CARD,6880084909531912
19/04/2025 13:46,London Greenwich,Joan Watson,"Large Flavoured iced latte - Caramel - 3.25, Regular Latte - 2.15, Regular Frappes - Strawberries & Cream - 2.75, Regular Frappes - Strawberries & Cream - 2.75, Regular Latte - 2.15",13.05,CASH,
19/04/2025 13:47,London Greenwich,Robert Renfro,Large Iced americano - 2.50,2.5,CASH,
19/04/2025 13:48,London Greenwich,Petrina Cipkowski,"Regular Latte - 2.15, Large Latte - 2.45, Regular Frappes - Chocolate Cookie - 2.75",7.35,CARD,6330327027202513
19/04/2025 13:49,London Greenwich,Daniel Jacobson,"Regular Latte - 2.15, Regular Frappes - Chocolate Cookie - 2.75, Regular Frappes - Strawberries & Cream - 2.75",7.65,CASH,
19/04/2025 13:50,London Greenwich,Janet Dibartolomeo,Regular Flavoured iced latte - Caramel - 2.75,2.75,CARD,5057791319127853
19/04/2025 13:50,London Greenwich,Catherine Meadows,Large Frappes - Chocolate Cookie - 3.25,3.25,CARD,6505359550790593
19/04/2025 13:51,London Greenwich,Darryl Campbell,"Regular Frappes - Strawberries & Cream - 2.75, Regular Latte - 2.15",4.9,CARD,5507738148362051
19/04/2025 13:52,London Greenwich,Steven Moster,"Large Frappes - Strawberries & Cream - 3.25, Regular Latte - 2.15",5.4,CARD,7691228737884037
19/04/2025 13:53,London Greenwich,Clara Tucker,"Large Frappes - Strawberries & Cream - 3.25, Regular Latte - 2.15",5.4,CASH,
19/04/2025 13:54,London Greenwich,Bonnie Mcadams,"Large Frappes - Strawberries & Cream - 3.25, Large Iced americano - 2.50, Regular Latte - 2.15, Large Flavoured iced latte - Caramel - 3.25",11.15,CASH,
19/04/2025 13:55,London Greenwich,Georgia Hibbs,"Regular Flavoured iced latte - Caramel - 2.75, Regular Frappes - Strawberries & Cream - 2.75, Large Iced americano - 2.50, Regular Flavoured iced latte - Caramel - 2.75, Large Frappes - Strawberries & Cream - 3.25",14.0,CASH,
19/04/2025 13:56,London Greenwich,Luke Hopkins,"Regular Latte - 2.15, Regular Iced americano - 2.15, Regular Frappes - Chocolate Cookie - 2.75, Regular Frappes - Strawberries & Cream - 2.75",9.8,CARD,6943214148686502
19/04/2025 13:57,London Greenwich,Sonya Fuller,Regular Frappes - Strawberries & Cream - 2.75,2.75,CARD,2219815128818541
19/04/2025 13:58,London Greenwich,Ruth Saunders,"Large Frappes - Strawberries & Cream - 3.25, Regular Latte - 2.15, Large Latte - 2.45, Regular Flavoured iced latte - Caramel - 2.75, Regular Latte - 2.15",12.75,CASH,
19/04/2025 13:59,London Greenwich,Ruth Mcfee,"Regular Frappes - Strawberries & Cream - 2.75, Regular Flavoured iced latte - Caramel - 2.75, Regular Latte - 2.15, Large Frappes - Chocolate Cookie - 3.25",10.9,CARD,4727300539500761
19/04/2025 14:00,London Greenwich,Irene Tramonte,Regular Latte - 2.15,2.15,CARD,1621980053936881
19/04/2025 14:01,London Greenwich,Tameka Williams,"Regular Iced americano - 2.15, Regular Flavoured iced latte - Caramel - 2.75",4.9,CARD,7338826036580011
19/04/2025 14:02,London Greenwich,Sarah Crowe,"Large Iced americano - 2.50, Large Flavoured iced latte - Caramel - 3.25, Regular Flavoured iced latte - Caramel - 2.75, Large Flavoured iced latte - Caramel - 3.25, Large Frappes - Strawberries & Cream - 3.25",15.0,CASH,
19/04/2025 14:03,London Greenwich,Eugene Caudill,"Regular Frappes - Strawberries & Cream - 2.75, Regular Frappes - Chocolate Cookie - 2.75",5.5,CASH,
19/04/2025 14:04,London Greenwich,Thomas Bedford,"Large Frappes - Chocolate Cookie - 3.25, Large Iced americano - 2.50, Large Latte - 2.45, Large Flavoured iced latte - Caramel - 3.25, Regular Iced americano - 2.15",13.6,CASH,
19/04/2025 14:05,London Greenwich,Kelly Gilmore,"Large Flavoured iced latte - Caramel - 3.25, Regular Frappes - Chocolate Cookie - 2.75, Large Frappes - Strawberries & Cream - 3.25, Large Flavoured iced latte - Caramel - 3.25",12.5,CARD,4071116489710504
19/04/2025 14:06,London Greenwich,Ann Fain,"Regular Latte - 2.15, Regular Flavoured iced latte - Caramel - 2.75, Large Latte - 2.45, Large Iced americano - 2.50, Regular Iced americano - 2.15, Regular Flavoured iced latte - Caramel - 2.75",14.75,CASH,
19/04/2025 14:07,London Greenwich,Stuart Rush,"Regular Frappes - Chocolate Cookie - 2.75, Regular Frappes - Chocolate Cookie - 2.75, Regular Frappes - Strawberries & Cream - 2.75, Large Iced americano - 2.50, Regular Flavoured iced latte - Caramel - 2.75",13.5,CASH,
19/04/2025 14:08,London Greenwich,Regina Mcguffin,"Regular Latte - 2.15, Regular Flavoured iced latte - Caramel - 2.75",4.9,CARD,1210533672713213
19/04/2025 14:09,London Greenwich,Thomas Brown,"Large Iced americano - 2.50, Regular Frappes - Chocolate Cookie - 2.75, Regular Latte - 2.15",7.4,CARD,3929798644063037
19/04/2025 14:09,London Greenwich,Diana Johnson,"Regular Frappes - Strawberries & Cream - 2.75, Large Latte - 2.45",5.2,CARD,6002833400078846
19/04/2025 14:10,London Greenwich,Jennifer Caron,"Regular Latte - 2.15, Regular Flavoured iced latte - Caramel - 2.75, Regular Frappes - Strawberries & Cream - 2.75, Large Frappes - Chocolate Cookie - 3.25, Regular Latte - 2.15",13.05,CASH,
19/04/2025 14:11,London Greenwich,Louise Keith,"Regular Latte - 2.15, Regular Flavoured iced latte - Caramel - 2.75",4.9,CARD,6227399842803770
19/04/2025 14:12,London Greenwich,Jacqueline Peterson,"Large Frappes - Strawberries & Cream - 3.25, Regular Latte - 2.15, Large Frappes - Strawberries & Cream - 3.25",8.65,CARD,3808231534075000
19/04/2025 14:13,London Greenwich,Eveline Clark,"Regular Flavoured iced latte - Caramel - 2.75, Regular Latte - 2.15, Large Frappes - Chocolate Cookie - 3.25",8.15,CARD,2147307409849064
19/04/2025 14:14,London Greenwich,Betty Mau,"Large Frappes - Strawberries & Cream - 3.25, Large Iced americano - 2.50",5.75,CASH,
19/04/2025 14:15,London Greenwich,Roy Spencer,Regular Flavoured iced latte - Caramel - 2.75,2.75,CASH,
19/04/2025 14:16,London Greenwich,George Salas,"Large Flavoured iced latte - Caramel - 3.25, Large Flavoured iced latte - Caramel - 3.25, Large Frappes - Chocolate Cookie - 3.25, Regular Flavoured iced latte - Caramel - 2.75, Large Frappes - Strawberries & Cream - 3.25",15.75,CASH,
19/04/2025 14:17,London Greenwich,Joy Juarez,"Large Latte - 2.45, Regular Latte - 2.15, Regular Flavoured iced latte - Caramel - 2.75, Regular Flavoured iced latte - Caramel - 2.75",10.1,CARD,3549430981461433
19/04/2025 14:18,London Greenwich,Carrie Clare,Large Latte - 2.45,2.45,CASH,
19/04/2025 14:19,London Greenwich,Elaine Sylvester,"Regular Frappes - Strawberries & Cream - 2.75, Regular Iced americano - 2.15",4.9,CARD,1184949264622376
19/04/2025 14:20,London Greenwich,Joe Marsh,"Regular Flavoured iced latte - Caramel - 2.75, Large Iced americano - 2.50",5.25,CASH,
19/04/2025 14:21,London Greenwich,Joni Bushby,"Regular Flavoured iced latte - Caramel - 2.75, Regular Frappes - Strawberries & Cream - 2.75",5.5,CARD,4903448522787656
19/04/2025 14:22,London Greenwich,Keith Borders,"Regular Frappes - Chocolate Cookie - 2.75, Large Frappes - Chocolate Cookie - 3.25, Regular Frappes - Chocolate Cookie - 2.75, Regular Latte - 2.15, Large Iced americano - 2.50, Regular Flavoured iced latte - Caramel - 2.75",16.15,CASH,
19/04/2025 14:23,London Greenwich,Rosemary Byrd,"Large Frappes - Chocolate Cookie - 3.25, Regular Flavoured iced latte - Caramel - 2.75, Large Latte - 2.45",8.45,CASH,
19/04/2025 14:24,London Greenwich,Laurie Adams,Regular Flavoured iced latte - Caramel - 2.75,2.75,CASH,
19/04/2025 14:25,London Greenwich,Maria Dickerson,"Large Frappes - Strawberries & Cream - 3.25, Large Flavoured iced latte - Caramel - 3.25",6.5,CARD,7774154174570609
19/04/2025 14:26,London Greenwich,Shawn Mcvey,"Large Latte - 2.45, Large Frappes - Chocolate Cookie - 3.25",5.7,CASH,
19/04/2025 14:27,London Greenwich,Joe Yang,"Regular Flavoured iced latte - Caramel - 2.75, Regular Flavoured iced latte - Caramel - 2.75, Regular Flavoured iced latte - Caramel - 2.75, Large Iced americano - 2.50",10.75,CASH,
19/04/2025 14:28,London Greenwich,Dan Mills,"Large Frappes - Strawberries & Cream - 3.25, Regular Flavoured iced latte - Caramel - 2.75",6.0,CASH,
19/04/2025 14:28,London Greenwich,Ina Anderson,"Large Frappes - Chocolate Cookie - 3.25, Large Latte - 2.45, Large Frappes - Strawberries & Cream - 3.25, Large Latte - 2.45",11.4,CASH,
19/04/2025 14:29,London Greenwich,Annette Vazquez,"Large Flavoured iced latte - Caramel - 3.25, Large Iced americano - 2.50, Regular Flavoured iced latte - Caramel - 2.75",8.5,CARD,7622459379262854
19/04/2025 14:30,London Greenwich,Evan Wilson,Regular Latte - 2.15,2.15,CARD,9480992143812614
19/04/2025 14:31,London Greenwich,John Serrano,"Regular Latte - 2.15, Regular Frappes - Strawberries & Cream - 2.75, Large Flavoured iced latte - Caramel - 3.25, Large Frappes - Chocolate Cookie - 3.25, Regular Latte - 2.15",13.55,CARD,6431370308723714
19/04/2025 14:32,London Greenwich,Roxana Boyce,Regular Frappes - Strawberries & Cream - 2.75,2.75,CARD,9895836243010525
19/04/2025 14:33,London Greenwich,Darren Russo,Large Latte - 2.45,2.45,CARD,6134299320695930
19/04/2025 14:34,London Greenwich,Melissa Brennan,"Large Latte - 2.45, Regular Flavoured iced latte - Caramel - 2.75",5.2,CASH,
19/04/2025 14:35,London Greenwich,Helen Huffman,Regular Latte - 2.15,2.15,CARD,2897859700038032
19/04/2025 14:36,London Greenwich,Abbey Martinez,"Regular Frappes - Chocolate Cookie - 2.75, Regular Frappes - Chocolate Cookie - 2.75, Regular Frappes - Strawberries & Cream - 2.75",8.25,CASH,
19/04/2025 14:37,London Greenwich,Maria Callen,"Large Frappes - Strawberries & Cream - 3.25, Regular Frappes - Strawberries & Cream - 2.75, Large Frappes - Chocolate Cookie - 3.25",9.25,CARD,3620003880365224
19/04/2025 14:38,London Greenwich,Randall Cain,"Regular Latte - 2.15, Regular Flavoured iced latte - Caramel - 2.75",4.9,CARD,8000914060030410
19/04/2025 14:39,London Greenwich,Damion Brill,"Large Frappes - Strawberries & Cream - 3.25, Regular Iced americano - 2.15",5.4,CARD,5053428400173128
19/04/2025 14:40,London Greenwich,Patrick Beyer,"Large Frappes - Strawberries & Cream - 3.25, Large Flavoured iced latte - Caramel - 3.25, Regular Frappes - Strawberries & Cream - 2.75",9.25,CARD,9206348400228453
19/04/2025 14:41,London Greenwich,Sidney Merrill,"Regular Frappes - Strawberries & Cream - 2.75, Large Frappes - Strawberries & Cream - 3.25",6.0,CARD,5386341768970216
19/04/2025 14:42,London Greenwich,Florence Penalosa,"Regular Latte - 2.15, Regular Iced americano - 2.15, Regular Latte - 2.15, Large Frappes - Strawberries & Cream - 3.25, Large Frappes - Chocolate Cookie - 3.25",12.95,CARD,8184617742030471
19/04/2025 14:43,London Greenwich,Lillian Guinn,Large Frappes - Chocolate Cookie - 3.25,3.25,CASH,
19/04/2025 14:44,London Greenwich,Barbara Westerheide,Large Flavoured iced latte - Caramel - 3.25,3.25,CARD,8186479609252994
19/04/2025 14:45,London Greenwich,Lily Stanton,Large Frappes - Chocolate Cookie - 3.25,3.25,CARD,5702364881534350
19/04/2025 14:46,London Greenwich,Alfonso Chaves,Regular Frappes - Chocolate Cookie - 2.75,2.75,CARD,3119949319027208
19/04/2025 14:47,London Greenwich,Stacey Mandolini,"Large Flavoured iced latte - Caramel - 3.25, Large Latte - 2.45, Regular Frappes - Chocolate Cookie - 2.75, Regular Frappes - Strawberries & Cream - 2.75",11.2,CARD,3986310430554900
19/04/2025 14:47,London Greenwich,Marlene Bray,"Regular Frappes - Strawberries & Cream - 2.75, Large Iced americano - 2.50, Large Latte - 2.45",7.7,CARD,4901552274482245
19/04/2025 14:48,London Greenwich,Yolanda Hopkins,Regular Latte - 2.15,2.15,CARD,2710897592491749
19/04/2025 14:49,London Greenwich,Paula Knight,Regular Frappes - Strawberries & Cream - 2.75,2.75,CASH,
19/04/2025 14:50,London Greenwich,Benita Pratt,Regular Latte - 2.15,2.15,CARD,9198140346683994
19/04/2025 14:51,London Greenwich,Victoria Owens,"Regular Iced americano - 2.15, Regular Frappes - Chocolate Cookie - 2.75, Regular Flavoured iced latte - Caramel - 2.75, Regular Iced americano - 2.15, Regular Frappes - Strawberries & Cream - 2.75",12.55,CARD,9096477520824591
19/04/2025 14:52,London Greenwich,Elsie Tobin,"Large Latte - 2.45, Large Frappes - Chocolate Cookie - 3.25, Large Latte - 2.45, Large Iced americano - 2.50",10.65,CARD,9511880373038350
19/04/2025 14:53,London Greenwich,Veronica Tsutsumi,"Regular Latte - 2.15, Regular Latte - 2.15, Regular Iced americano - 2.15",6.45,CARD,3225695565890563
19/04/2025 14:54,London Greenwich,Melissa Contos,Large Flavoured iced latte - Caramel - 3.25,3.25,CARD,5503075350148205
19/04/2025 14:55,London Greenwich,Daniel Bridges,"Regular Frappes - Chocolate Cookie - 2.75, Regular Latte - 2.15",4.9,CARD,5009466896374723
19/04/2025 14:56,London Greenwich,Harry Dunn,Regular Frappes - Strawberries & Cream - 2.75,2.75,CARD,3694204778575081
19/04/2025 14:57,London Greenwich,Paul Fernandez,"Regular Frappes - Strawberries & Cream - 2.75, Regular Flavoured iced latte - Caramel - 2.75, Large Latte - 2.45, Large Frappes - Chocolate Cookie - 3.25, Regular Latte - 2.15",13.35,CARD,5931266900335283
19/04/2025 14:58,London Greenwich,Sylvester Moreno,"Large Frappes - Chocolate Cookie - 3.25, Regular Latte - 2.15, Regular Flavoured iced latte - Caramel - 2.75, Regular Iced americano - 2.15, Large Latte - 2.45, Regular Latte - 2.15",14.9,CARD,8197930848550122
19/04/2025 14:59,London Greenwich,Charles Miland,"Regular Flavoured iced latte - Caramel - 2.75, Large Flavoured iced latte - Caramel - 3.25",6.0,CARD,1631109689040227
19/04/2025 15:00,London Greenwich,Leon Knox,Regular Frappes - Chocolate Cookie - 2.75,2.75,CARD,7436289743088968
19/04/2025 15:01,London Greenwich,Herbert Dore,Large Frappes - Chocolate Cookie - 3.25,3.25,CARD,1980708096753715
19/04/2025 15:03,London Greenwich,Marie Harrill,"Regular Frappes - Strawberries & Cream - 2.75, Large Frappes - Chocolate Cookie - 3.25",6.0,CARD,5718962011688866
19/04/2025 15:04,London Greenwich,Paul Bryson,"Regular Iced americano - 2.15, Large Flavoured iced latte - Caramel - 3.25",5.4,CASH,
19/04/2025 15:05,London Greenwich,Callie Jones,"Regular Iced americano - 2.15, Regular Iced americano - 2.15",4.3,CASH,
19/04/2025 15:07,London Greenwich,Russel Parks,"Regular Latte - 2.15, Large Frappes - Chocolate Cookie - 3.25, Regular Frappes - Strawberries & Cream - 2.75, Regular Iced americano - 2.15, Large Iced americano - 2.50, Large Flavoured iced latte - Caramel - 3.25",16.05,CARD,9302653203676527
19/04/2025 15:08,London Greenwich,Shirley Chandler,"Large Frappes - Chocolate Cookie - 3.25, Large Frappes - Chocolate Cookie - 3.25, Large Frappes - Strawberries & Cream - 3.25",9.75,CARD,2349163636356607
19/04/2025 15:10,London Greenwich,Nellie Moore,"Regular Frappes - Strawberries & Cream - 2.75, Regular Latte - 2.15, Large Frappes - Strawberries & Cream - 3.25",8.15,CARD,2011210443139342
19/04/2025 15:11,London Greenwich,Ruby Osborn,"Regular Flavoured iced latte - Caramel - 2.75, Regular Frappes - Chocolate Cookie - 2.75, Regular Frappes - Strawberries & Cream - 2.75, Large Latte - 2.45, Regular Flavoured iced latte - Caramel - 2.75, Large Flavoured iced latte - Caramel - 3.25",16.7,CARD,8996843527052413
19/04/2025 15:12,London Greenwich,Louise Arndt,"Regular Frappes - Strawberries & Cream - 2.75, Regular Flavoured iced latte - Caramel - 2.75",5.5,CARD,9105081088265881
19/04/2025 15:14,London Greenwich,Clarence Young,Large Frappes - Chocolate Cookie - 3.25,3.25,CASH,
19/04/2025 15:15,London Greenwich,Benjamin Ray,Regular Latte - 2.15,2.15,CASH,
19/04/2025 15:16,London Greenwich,Brandon Brown,"Regular Iced americano - 2.15, Large Iced americano - 2.50, Regular Latte - 2.15, Large Flavoured iced latte - Caramel - 3.25, Regular Frappes - Chocolate Cookie - 2.75",12.8,CASH,
19/04/2025 15:18,London Greenwich,Reginald Newton,"Large Latte - 2.45, Large Frappes - Chocolate Cookie - 3.25",5.7,CARD,5371470344834408
19/04/2025 15:19,London Greenwich,Jimmie Patel,"Large Flavoured iced latte - Caramel - 3.25, Large Iced americano - 2.50, Large Iced americano - 2.50, Large Frappes - Strawberries & Cream - 3.25, Large Frappes - Chocolate Cookie - 3.25",14.75,CARD,2253544411258099
19/04/2025 15:21,London Greenwich,Bret Benzing,Regular Frappes - Chocolate Cookie - 2.75,2.75,CASH,
19/04/2025 15:22,London Greenwich,George Smith,"Large Latte - 2.45, Regular Iced americano - 2.15, Large Latte - 2.45",7.05,CASH,
19/04/2025 15:23,London Greenwich,Tyler Wilson,"Large Frappes - Chocolate Cookie - 3.25, Regular Flavoured iced latte - Caramel - 2.75, Regular Flavoured iced latte - Caramel - 2.75, Regular Latte - 2.15, Large Iced americano - 2.50",13.4,CARD,8430646224317704
19/04/2025 15:25,London Greenwich,Patricia Amador,Large Latte - 2.45,2.45,CASH,
19/04/2025 15:26,London Greenwich,James Covey,"Regular Iced americano - 2.15, Regular Latte - 2.15, Large Frappes - Chocolate Cookie - 3.25",7.55,CASH,
19/04/2025 15:28,London Greenwich,Sandra Collins,"Regular Frappes - Chocolate Cookie - 2.75, Large Frappes - Strawberries & Cream - 3.25, Large Flavoured iced latte - Caramel - 3.25, Large Frappes - Strawberries & Cream - 3.25",12.5,CARD,2816506902314997
19/04/2025 15:29,London Greenwich,Agnes Messier,"Large Iced americano - 2.50, Large Frappes - Strawberries & Cream - 3.25, Regular Frappes - Strawberries & Cream - 2.75",8.5,CARD,6322441193074713
19/04/2025 15:30,London Greenwich,Andre Jones,"Regular Latte - 2.15, Regular Latte - 2.15, Regular Iced americano - 2.15",6.45,CASH,
19/04/2025 15:32,London Greenwich,Ruth Sloan,Regular Flavoured iced latte - Caramel - 2.75,2.75,CARD,1397586895257518
19/04/2025 15:33,London Greenwich,Tracy Coleman,"Regular Iced americano - 2.15, Regular Latte - 2.15",4.3,CARD,9916428541142763
19/04/2025 15:34,London Greenwich,Veronica Shockley,Regular Frappes - Strawberries & Cream - 2.75,2.75,CARD,5268404247048887
19/04/2025 15:36,London Greenwich,Carolyn Martinez,"Regular Latte - 2.15, Large Frappes - Strawberries & Cream - 3.25",5.4,CARD,2266608917061205
19/04/2025 15:37,London Greenwich,Terri Freitag,Regular Latte - 2.15,2.15,CARD,6710161849346524
19/04/2025 15:39,London Greenwich,Marilyn Watanabe,"Regular Latte - 2.15, Regular Flavoured iced latte - Caramel - 2.75, Regular Iced americano - 2.15",7.05,CARD,6249884344694118
19/04/2025 15:40,London Greenwich,Joy Bower,"Large Frappes - Strawberries & Cream - 3.25, Regular Flavoured iced latte - Caramel - 2.75, Large Iced americano - 2.50",8.5,CASH,
19/04/2025 15:41,London Greenwich,Ben Bash,"Regular Frappes - Strawberries & Cream - 2.75, Large Latte - 2.45, Regular Latte - 2.15",7.35,CASH,
19/04/2025 15:43,London Greenwich,Ruben Anderson,"Regular Frappes - Strawberries & Cream - 2.75, Large Frappes - Strawberries & Cream - 3.25, Regular Iced americano - 2.15, Large Frappes - Chocolate Cookie - 3.25",11.4,CARD,5680592947446160
19/04/2025 15:44,London Greenwich,Sidney Johnson,"Large Frappes - Chocolate Cookie - 3.25, Large Latte - 2.45",5.7,CARD,2271665334233159
19/04/2025 15:45,London Greenwich,Faith Howard,"Regular Frappes - Strawberries & Cream - 2.75, Regular Flavoured iced latte - Caramel - 2.75, Large Frappes - Chocolate Cookie - 3.25",8.75,CARD,5158103505118085
19/04/2025 15:47,London Greenwich,Hortencia Byrd,Large Flavoured iced latte - Caramel - 3.25,3.25,CARD,8974829416133541
19/04/2025 15:48,London Greenwich,Clara Christensen,"Large Flavoured iced latte - Caramel - 3.25, Regular Latte - 2.15, Regular Flavoured iced latte - Caramel - 2.75",8.15,CARD,6235224811131008
19/04/2025 15:50,London Greenwich,Andrew Joplin,"Large Frappes - Chocolate Cookie - 3.25, Large Frappes - Chocolate Cookie - 3.25, Large Latte - 2.45",8.95,CARD,7472223476026767
19/04/2025 15:51,London Greenwich,Jimmy Martinez,"Regular Latte - 2.15, Regular Frappes - Strawberries & Cream - 2.75, Regular Frappes - Chocolate Cookie - 2.75, Regular Frappes - Strawberries & Cream - 2.75",10.4,CARD,3543863128661781
19/04/2025 15:52,London Greenwich,Jane Vinson,"Regular Latte - 2.15, Regular Frappes - Strawberries & Cream - 2.75, Large Frappes - Chocolate Cookie - 3.25, Large Flavoured iced latte - Caramel - 3.25, Large Frappes - Strawberries & Cream - 3.25",14.65,CARD,1775994942478331
19/04/2025 15:54,London Greenwich,Janet Blair,"Regular Flavoured iced latte - Caramel - 2.75, Regular Flavoured iced latte - Caramel - 2.75, Large Latte - 2.45, Regular Latte - 2.15",10.1,CARD,1108454416811409
19/04/2025 15:55,London Greenwich,Rhonda Brown,"Regular Frappes - Strawberries & Cream - 2.75, Regular Latte - 2.15, Large Latte - 2.45, Regular Latte - 2.15",9.5,CARD,2728512979945227
19/04/2025 15:57,London Greenwich,Sandra Keeney,"Regular Latte - 2.15, Regular Frappes - Strawberries & Cream - 2.75, Regular Latte - 2.15, Large Frappes - Chocolate Cookie - 3.25, Large Frappes - Chocolate Cookie - 3.25",13.55,CARD,9052434399280048
19/04/2025 15:58,London Greenwich,Phillip Barham,"Regular Frappes - Strawberries & Cream - 2.75, Regular Frappes - Chocolate Cookie - 2.75",5.5,CARD,7083836621856345
19/04/2025 15:59,London Greenwich,Jacqueline Reynolds,"Large Frappes - Strawberries & Cream - 3.25, Large Frappes - Chocolate Cookie - 3.25, Large Iced americano - 2.50",9.0,CASH,
19/04/2025 16:01,London Greenwich,Priscilla Hanson,"Large Flavoured iced latte - Caramel - 3.25, Regular Frappes - Strawberries & Cream - 2.75",6.0,CASH,
19/04/2025 16:03,London Greenwich,Ray Cooper,"Large Iced americano - 2.50, Regular Iced americano - 2.15",4.65,CARD,5211134563639271
19/04/2025 16:05,London Greenwich,Oscar Smith,Regular Flavoured iced latte - Caramel - 2.75,2.75,CARD,7014565521570341
19/04/2025 16:07,London Greenwich,Fran Peterson,"Regular Flavoured iced latte - Caramel - 2.75, Regular Latte - 2.15",4.9,CASH,
19/04/2025 16:09,London Greenwich,Erik Schuster,"Large Iced americano - 2.50, Regular Frappes - Strawberries & Cream - 2.75, Large Iced americano - 2.50",7.75,CARD,6665518011042564
19/04/2025 16:11,London Greenwich,Annie Ross,"Large Frappes - Strawberries & Cream - 3.25, Large Latte - 2.45",5.7,CARD,9042015729712928
19/04/2025 16:13,London Greenwich,Reuben Welch,Large Iced americano - 2.50,2.5,CARD,9079975705536909
19/04/2025 16:15,London Greenwich,Raul Coleman,Large Frappes - Strawberries & Cream - 3.25,3.25,CASH,
19/04/2025 16:17,London Greenwich,Marianne Prickett,"Large Frappes - Chocolate Cookie - 3.25, Large Flavoured iced latte - Caramel - 3.25, Large Iced americano - 2.50",9.0,CASH,
19/04/2025 16:19,London Greenwich,Scott Woods,"Regular Latte - 2.15, Regular Flavoured iced latte - Caramel - 2.75",4.9,CARD,3067267226421290
19/04/2025 16:21,London Greenwich,Joseph King,Regular Frappes - Strawberries & Cream - 2.75,2.75,CASH,
19/04/2025 16:23,London Greenwich,Thomas Widera,Large Flavoured iced latte - Caramel - 3.25,3.25,CASH,
19/04/2025 16:26,London Greenwich,Robert Moseley,"Large Frappes - Chocolate Cookie - 3.25, Large Latte - 2.45, Regular Flavoured iced latte - Caramel - 2.75",8.45,CASH,
19/04/2025 16:28,London Greenwich,Joel Hunt,"Large Frappes - Strawberries & Cream - 3.25, Large Frappes - Chocolate Cookie - 3.25, Large Flavoured iced latte - Caramel - 3.25",9.75,CASH,
19/04/2025 16:30,London Greenwich,Norma Arredondo,"Regular Iced americano - 2.15, Large Flavoured iced latte - Caramel - 3.25, Regular Frappes - Chocolate Cookie - 2.75, Regular Latte - 2.15, Regular Frappes - Strawberries & Cream - 2.75",13.05,CARD,4062746175959660
19/04/2025 16:32,London Greenwich,Edward Martin,"Regular Flavoured iced latte - Caramel - 2.75, Regular Latte - 2.15, Regular Iced americano - 2.15, Large Flavoured iced latte - Caramel - 3.25, Regular Frappes - Chocolate Cookie - 2.75",13.05,CARD,8071537867152034
19/04/2025 16:34,London Greenwich,William Netherton,"Regular Flavoured iced latte - Caramel - 2.75, Large Frappes - Strawberries & Cream - 3.25, Regular Flavoured iced latte - Caramel - 2.75, Large Latte - 2.45",11.2,CARD,6019494500371161
19/04/2025 16:36,London Greenwich,Bianca Mccarty,Large Frappes - Chocolate Cookie - 3.25,3.25,CARD,9070483069623044
19/04/2025 16:38,London Greenwich,Chad Jansen,"Regular Flavoured iced latte - Caramel - 2.75, Regular Frappes - Strawberries & Cream - 2.75, Regular Flavoured iced latte - Caramel - 2.75, Large Frappes - Strawberries & Cream - 3.25, Large Latte - 2.45",13.95,CASH,
19/04/2025 16:40,London Greenwich,Jason Maddox,"Regular Iced americano - 2.15, Large Flavoured iced latte - Caramel - 3.25, Large Frappes - Strawberries & Cream - 3.25",8.65,CASH,
19/04/2025 16:42,London Greenwich,Teresa Ferguson,"Regular Frappes - Chocolate Cookie - 2.75, Large Flavoured iced latte - Caramel - 3.25, Regular Iced americano - 2.15",8.15,CARD,4125002931445334
19/04/2025 16:44,London Greenwich,Jesse Chang,"Regular Flavoured iced latte - Caramel - 2.75, Large Frappes - Chocolate Cookie - 3.25",6.0,CARD,1080453606355118
19/04/2025 16:46,London Greenwich,Kevin Fowler,"Regular Iced americano - 2.15, Large Latte - 2.45, Regular Iced americano - 2.15, Regular Frappes - Chocolate Cookie - 2.75",9.5,CARD,3616551606683787
19/04/2025 16:48,London Greenwich,Patrick Miller,Large Latte - 2.45,2.45,CARD,3466104360113355
19/04/2025 16:50,London Greenwich,Demarcus Garza,"Large Latte - 2.45, Large Frappes - Strawberries & Cream - 3.25, Large Frappes - Chocolate Cookie - 3.25, Regular Frappes - Chocolate Cookie - 2.75",11.7,CARD,9510702643917262
19/04/2025 16:52,London Greenwich,Joseph Davis,"Large Iced americano - 2.50, Regular Flavoured iced latte - Caramel - 2.75, Regular Frappes - Chocolate Cookie - 2.75, Large Latte - 2.45, Regular Flavoured iced latte - Caramel - 2.75",13.2,CARD,8293829256126722
19/04/2025 16:54,London Greenwich,Leonard Lent,"Large Iced americano - 2.50, Regular Iced americano - 2.15",4.65,CARD,2832579405534537
19/04/2025 16:57,London Greenwich,Robert Quiroga,Regular Frappes - Strawberries & Cream - 2.75,2.75,CARD,1902989404897917
19/04/2025 16:59,London Greenwich,Roy Maultsby,Large Frappes - Chocolate Cookie - 3.25,3.25,CARD,8406014370995642
19/04/2025 17:01,London Greenwich,Stacey Gonzalez,"Regular Frappes - Chocolate Cookie - 2.75, Regular Frappes - Strawberries & Cream - 2.75, Regular Frappes - Chocolate Cookie - 2.75",8.25,CASH,
19/04/2025 17:03,London Greenwich,Joseph Hudnell,"Regular Frappes - Strawberries & Cream - 2.75, Large Iced americano - 2.50, Large Frappes - Chocolate Cookie - 3.25, Large Frappes - Strawberries & Cream - 3.25, Regular Flavoured iced latte - Caramel - 2.75, Large Iced americano - 2.50",17.0,CASH,
19/04/2025 17:05,London Greenwich,Anthony Despres,"Regular Latte - 2.15, Regular Latte - 2.15, Large Latte - 2.45, Regular Flavoured iced latte - Caramel - 2.75",9.5,CARD,6277296589156102
19/04/2025 17:08,London Greenwich,Robert Cregan,"Large Flavoured iced latte - Caramel - 3.25, Regular Frappes - Chocolate Cookie - 2.75",6.0,CASH,
19/04/2025 17:10,London Greenwich,James Elkins,Large Iced americano - 2.50,2.5,CARD,9381015708903388
19/04/2025 17:12,London Greenwich,Daniel Arrants,Regular Frappes - Strawberries & Cream - 2.75,2.75,CASH,
19/04/2025 17:14,London Greenwich,Gloria Lytle,"Large Flavoured iced latte - Caramel - 3.25, Large Frappes - Chocolate Cookie - 3.25",6.5,CARD,5094995670791397
19/04/2025 17:17,London Greenwich,Darren Moore,"Large Frappes - Chocolate Cookie - 3.25, Regular Latte - 2.15, Regular Frappes - Strawberries & Cream - 2.75, Large Latte - 2.45",10.6,CASH,
19/04/2025 17:19,London Greenwich,Hubert Boyle,"Regular Latte - 2.15, Regular Flavoured iced latte - Caramel - 2.75",4.9,CASH,
19/04/2025 17:21,London Greenwich,Thomas Landrum,"Large Flavoured iced latte - Caramel - 3.25, Regular Iced americano - 2.15",5.4,CARD,6220542384000328
19/04/2025 17:24,London Greenwich,Jackie Soto,Regular Iced americano - 2.15,2.15,CARD,6068080948794573
19/04/2025 17:26,London Greenwich,Joe Humphrey,"Large Flavoured iced latte - Caramel - 3.25, Large Frappes - Strawberries & Cream - 3.25, Regular Iced americano - 2.15, Regular Frappes - Chocolate Cookie - 2.75, Regular Frappes - Strawberries & Cream - 2.75, Regular Flavoured iced latte - Caramel - 2.75",16.9,CARD,6728946484944147
19/04/2025 17:28,London Greenwich,David Robbins,"Regular Iced americano - 2.15, Large Flavoured iced latte - Caramel - 3.25, Regular Frappes - Strawberries & Cream - 2.75, Regular Frappes - Chocolate Cookie - 2.75, Regular Frappes - Chocolate Cookie - 2.75, Regular Flavoured iced latte - Caramel - 2.75",16.4,CARD,6292072776391754
19/04/2025 17:31,London Greenwich,Alice Miller,Large Iced americano - 2.50,2.5,CARD,1009537166379277
19/04/2025 17:33,London Greenwich,Martha Benson,"Regular Frappes - Chocolate Cookie - 2.75, Regular Iced americano - 2.15, Large Iced americano - 2.50, Large Iced americano - 2.50, Regular Frappes - Strawberries & Cream - 2.75",12.65,CARD,9645083696386373
19/04/2025 17:35,London Greenwich,Leo Bedwell,"Large Flavoured iced latte - Caramel - 3.25, Large Frappes - Chocolate Cookie - 3.25",6.5,CARD,4070009564125497
19/04/2025 17:37,London Greenwich,Ruby Kellam,Regular Latte - 2.15,2.15,CASH,
19/04/2025 17:40,London Greenwich,John Yono,"Large Flavoured iced latte - Caramel - 3.25, Large Flavoured iced latte - Caramel - 3.25, Large Iced americano - 2.50, Large Iced americano - 2.50",11.5,CARD,3076877799549432
19/04/2025 17:42,London Greenwich,Rory Payton,"Large Frappes - Strawberries & Cream - 3.25, Regular Flavoured iced latte - Caramel - 2.75",6.0,CASH,
19/04/2025 17:44,London Greenwich,Steven Mcduffie,"Large Latte - 2.45, Large Flavoured iced latte - Caramel - 3.25, Large Frappes - Strawberries & Cream - 3.25, Large Latte - 2.45",11.4,CARD,1347102195059856
19/04/2025 17:47,London Greenwich,Raymond Archer,"Regular Flavoured iced latte - Caramel - 2.75, Regular Frappes - Chocolate Cookie - 2.75, Large Frappes - Chocolate Cookie - 3.25",8.75,CARD,6976541767297703
19/04/2025 17:49,London Greenwich,Isabel Ranney,Regular Frappes - Strawberries & Cream - 2.75,2.75,CASH,
19/04/2025 17:51,London Greenwich,Karen Patterson,"Regular Latte - 2.15, Regular Iced americano - 2.15",4.3,CARD,9365935349680486
19/04/2025 17:54,London Greenwich,David Miller,"Large Frappes - Strawberries & Cream - 3.25, Regular Iced americano - 2.15, Regular Frappes - Chocolate Cookie - 2.75, Regular Latte - 2.15, Regular Iced americano - 2.15, Regular Flavoured iced latte - Caramel - 2.75",15.2,CASH,
19/04/2025 17:56,London Greenwich,Susan Miranda,"Large Latte - 2.45, Regular Iced americano - 2.15, Regular Latte - 2.15, Regular Frappes - Strawberries & Cream - 2.75",9.5,CARD,7855619392403338
19/04/2025 17:58,London Greenwich,Ronald Boyer,"Regular Frappes - Chocolate Cookie - 2.75, Large Frappes - Strawberries & Cream - 3.25, Large Iced americano - 2.50, Regular Frappes - Chocolate Cookie - 2.75",11.25,CARD,1472505552843050
19/04/2025 18:00,London Greenwich,Carl Giliberto,"Regular Frappes - Chocolate Cookie - 2.75, Large Frappes - Strawberries & Cream - 3.25",6.0,CARD,5432021160392493
19/04/2025 18:02,London Greenwich,Joseph Hansen,"Regular Latte - 2.15, Regular Flavoured iced latte - Caramel - 2.75",4.9,CASH,
19/04/2025 18:04,London Greenwich,Terry Francis,"Regular Frappes - Chocolate Cookie - 2.75, Large Latte - 2.45, Regular Iced americano - 2.15, Regular Flavoured iced latte - Caramel - 2.75",10.1,CARD,1425774718978866
19/04/2025 18:06,London Greenwich,Amanda Davis,"Regular Frappes - Chocolate Cookie - 2.75, Regular Frappes - Chocolate Cookie - 2.75, Large Frappes - Strawberries & Cream - 3.25, Large Frappes - Chocolate Cookie - 3.25, Large Flavoured iced latte - Caramel - 3.25",15.25,CARD,3738114866768640
19/04/2025 18:08,London Greenwich,Edwin Harris,"Regular Latte - 2.15, Regular Flavoured iced latte - Caramel - 2.75, Regular Flavoured iced latte - Caramel - 2.75",7.65,CASH,
19/04/2025 18:10,London Greenwich,Cary Drumm,"Large Flavoured iced latte - Caramel - 3.25, Large Frappes - Strawberries & Cream - 3.25, Large Frappes - Chocolate Cookie - 3.25, Regular Frappes - Strawberries & Cream - 2.75, Regular Latte - 2.15",14.65,CARD,1800570744164046
19/04/2025 18:12,London Greenwich,Opal Nicholas,Regular Iced americano - 2.15,2.15,CASH,
19/04/2025 18:14,London Greenwich,Donna Raines,"Regular Flavoured iced latte - Caramel - 2.75, Large Flavoured iced latte - Caramel - 3.25, Large Latte - 2.45, Regular Frappes - Strawberries & Cream - 2.75",11.2,CARD,8047174785335034
19/04/2025 18:16,London Greenwich,Kay Rivera,"Large Frappes - Chocolate Cookie - 3.25, Regular Frappes - Strawberries & Cream - 2.75",6.0,CARD,6890546830840793
19/04/2025 18:18,London Greenwich,Robert Hendon,"Large Latte - 2.45, Large Flavoured iced latte - Caramel - 3.25, Large Latte - 2.45, Regular Frappes - Chocolate Cookie - 2.75, Regular Latte - 2.15",13.05,CARD,2805685493475580
19/04/2025 18:20,London Greenwich,Jimmy Kerley,"Regular Frappes - Strawberries & Cream - 2.75, Large Frappes - Chocolate Cookie - 3.25, Regular Flavoured iced latte - Caramel - 2.75, Large Latte - 2.45",11.2,CASH,
19/04/2025 18:22,London Greenwich,Dennis Lucas,Regular Flavoured iced latte - Caramel - 2.75,2.75,CARD,6084103224137208
19/04/2025 18:24,London Greenwich,Christine Sears,"Regular Frappes - Strawberries & Cream - 2.75, Large Flavoured iced latte - Caramel - 3.25",6.0,CARD,6185263021919104
19/04/2025 18:26,London Greenwich,Ruth King,Regular Latte - 2.15,2.15,CASH,
19/04/2025 18:28,London Greenwich,Susan Lewis,"Regular Frappes - Strawberries & Cream - 2.75, Large Flavoured iced latte - Caramel - 3.25, Regular Frappes - Chocolate Cookie - 2.75, Regular Latte - 2.15",10.9,CARD,9936116343045549
19/04/2025 18:29,London Greenwich,Richard Howard,"Large Flavoured iced latte - Caramel - 3.25, Large Frappes - Strawberries & Cream - 3.25",6.5,CARD,8928622075428469
19/04/2025 18:31,London Greenwich,Andrew Smith,"Large Frappes - Strawberries & Cream - 3.25, Large Iced americano - 2.50, Large Flavoured iced latte - Caramel - 3.25",9.0,CARD,7833808476562254
19/04/2025 18:33,London Greenwich,Paul Schweiger,"Regular Frappes - Strawberries & Cream - 2.75, Regular Iced americano - 2.15",4.9,CARD,2737191743110668
19/04/2025 18:35,London Greenwich,Michael Hickman,"Large Frappes - Strawberries & Cream - 3.25, Regular Latte - 2.15, Regular Frappes - Strawberries & Cream - 2.75, Large Latte - 2.45, Regular Iced americano - 2.15",12.75,CARD,3530372821965120
19/04/2025 18:37,London Greenwich,Douglas Rideau,"Large Iced americano - 2.50, Regular Frappes - Chocolate Cookie - 2.75, Large Latte - 2.45",7.7,CARD,7459833264789526
19/04/2025 18:39,London Greenwich,Harold Anderson,"Large Frappes - Chocolate Cookie - 3.25, Large Flavoured iced latte - Caramel - 3.25, Regular Frappes - Chocolate Cookie - 2.75, Large Frappes - Chocolate Cookie - 3.25",12.5,CARD,4743557893573560
19/04/2025 18:41,London Greenwich,Chad Suarez,"Large Iced americano - 2.50, Regular Frappes - Chocolate Cookie - 2.75",5.25,CARD,7702985048323936
19/04/2025 18:43,London Greenwich,Evelyn Leblanc,"Large Iced americano - 2.50, Large Frappes - Strawberries & Cream - 3.25, Large Flavoured iced latte - Caramel - 3.25, Large Frappes - Strawberries & Cream - 3.25, Large Flavoured iced latte - Caramel - 3.25, Large Iced americano - 2.50",18.0,CARD,9188188424991019
19/04/2025 18:45,London Greenwich,Elsie Milo,Regular Latte - 2.15,2.15,CASH,
19/04/2025 18:47,London Greenwich,Howard Childers,"Large Frappes - Strawberries & Cream - 3.25, Regular Flavoured iced latte - Caramel - 2.75",6.0,CARD,9025235028677180
19/04/2025 18:49,London Greenwich,Troy Hall,"Large Latte - 2.45, Large Frappes - Strawberries & Cream - 3.25, Large Frappes - Chocolate Cookie - 3.25",8.95,CARD,7999059024530431
19/04/2025 18:51,London Greenwich,Jack White,"Regular Latte - 2.15, Large Frappes - Strawberries & Cream - 3.25, Large Latte - 2.45",7.85,CASH,
19/04/2025 18:53,London Greenwich,Joey Cherry,"Regular Iced americano - 2.15, Large Iced americano - 2.50",4.65,CASH,
19/04/2025 18:55,London Greenwich,Debra Gonzalez,"Regular Frappes - Chocolate Cookie - 2.75, Regular Frappes - Strawberries & Cream - 2.75",5.5,CASH,
19/04/2025 18:57,London Greenwich,Matthew Luoma,"Regular Latte - 2.15, Regular Frappes - Chocolate Cookie - 2.75, Large Flavoured iced latte - Caramel - 3.25",8.15,CARD,3343363591882735
19/04/2025 18:58,London Greenwich,Patricia Marshall,"Large Flavoured iced latte - Caramel - 3.25, Large Frappes - Strawberries & Cream - 3.25, Large Flavoured iced latte - Caramel - 3.25",9.75,CASH,
19/04/2025 19:00,London Greenwich,Ronald Keegan,"Regular Frappes - Strawberries & Cream - 2.75, Regular Iced americano - 2.15, Regular Flavoured iced latte - Caramel - 2.75",7.65,CARD,9670017019591149
19/04/2025 19:02,London Greenwich,Johanna Ferullo,"Large Latte - 2.45, Regular Latte - 2.15, Regular Flavoured iced latte - Caramel - 2.75, Regular Iced americano - 2.15, Large Frappes - Strawberries & Cream - 3.25",12.75,CASH,
19/04/2025 19:05,London Greenwich,Rhonda Ray,"Regular Latte - 2.15, Large Iced americano - 2.50, Large Latte - 2.45",7.1,CASH,
19/04/2025 19:07,London Greenwich,Ciera Bacich,"Large Frappes - Chocolate Cookie - 3.25, Regular Flavoured iced latte - Caramel - 2.75",6.0,CARD,3758909483283987
19/04/2025 19:09,London Greenwich,Suzanne Mattioli,"Large Frappes - Strawberries & Cream - 3.25, Large Frappes - Strawberries & Cream - 3.25",6.5,CASH,
19/04/2025 19:11,London Greenwich,Estelle Steele,Large Flavoured iced latte - Caramel - 3.25,3.25,CARD,2745091810812403
19/04/2025 19:13,London Greenwich,Ruth Saraiva,"Regular Flavoured iced latte - Caramel - 2.75, Large Iced americano - 2.50, Large Frappes - Chocolate Cookie - 3.25, Large Latte - 2.45",10.95,CASH,
19/04/2025 19:15,London Greenwich,Liliana Bouy,"Regular Flavoured iced latte - Caramel - 2.75, Regular Flavoured iced latte - Caramel - 2.75",5.5,CASH,
19/04/2025 19:17,London Greenwich,Lois Jacks,"Large Flavoured iced latte - Caramel - 3.25, Large Frappes - Chocolate Cookie - 3.25",6.5,CARD,2608559727203819
19/04/2025 19:19,London Greenwich,Chad Dess,"Regular Frappes - Strawberries & Cream - 2.75, Regular Flavoured iced latte - Caramel - 2.75, Regular Flavoured iced latte - Caramel - 2.75, Regular Frappes - Chocolate Cookie - 2.75, Regular Frappes - Strawberries & Cream - 2.75",13.75,CARD,1952266039171742
19/04/2025 19:21,London Greenwich,Mary Hogans,"Regular Iced americano - 2.15, Regular Iced americano - 2.15, Large Frappes - Chocolate Cookie - 3.25, Regular Frappes - Strawberries & Cream - 2.75",10.3,CARD,3007230003198662
19/04/2025 19:23,London Greenwich,Heidi Perry,"Large Flavoured iced latte - Caramel - 3.25, Large Flavoured iced latte - Caramel - 3.25",6.5,CARD,4263108165977318
19/04/2025 19:25,London Greenwich,Pamela Gross,"Regular Latte - 2.15, Regular Flavoured iced latte - Caramel - 2.75, Regular Iced americano - 2.15, Regular Flavoured iced latte - Caramel - 2.75",9.8,CARD,6494081087947205
19/04/2025 19:27,London Greenwich,Melissa Lewis,Regular Flavoured iced latte - Caramel - 2.75,2.75,CASH,
19/04/2025 19:29,London Greenwich,Maurice Kallas,Large Latte - 2.45,2.45,CARD,3033732465084019
19/04/2025 19:31,London Greenwich,Gina Rowland,"Regular Flavoured iced latte - Caramel - 2.75, Regular Latte - 2.15, Large Flavoured iced latte - Caramel - 3.25, Regular Iced americano - 2.15, Regular Iced americano - 2.15",12.45,CARD,4514317761841917
19/04/2025 19:33,London Greenwich,Marie Devine,"Regular Latte - 2.15, Regular Frappes - Chocolate Cookie - 2.75",4.9,CARD,5805654020584370
19/04/2025 19:36,London Greenwich,Steven Harris,"Large Frappes - Strawberries & Cream - 3.25, Large Frappes - Strawberries & Cream - 3.25, Regular Frappes - Chocolate Cookie - 2.75",9.25,CARD,3477339197387047
19/04/2025 19:38,London Greenwich,Linda Harper,"Regular Flavoured iced latte - Caramel - 2.75, Regular Frappes - Chocolate Cookie - 2.75, Regular Frappes - Strawberries & Cream - 2.75, Large Frappes - Chocolate Cookie - 3.25",11.5,CASH,
19/04/2025 19:40,London Greenwich,Tama Mcdade,"Large Frappes - Strawberries & Cream - 3.25, Large Latte - 2.45, Regular Flavoured iced latte - Caramel - 2.75, Large Frappes - Strawberries & Cream - 3.25, Regular Frappes - Strawberries & Cream - 2.75, Large Iced americano - 2.50",16.95,CARD,9817406984416556
19/04/2025 19:42,London Greenwich,Donna Cobb,"Regular Iced americano - 2.15, Regular Flavoured iced latte - Caramel - 2.75, Large Frappes - Chocolate Cookie - 3.25, Regular Frappes - Chocolate Cookie - 2.75, Large Iced americano - 2.50",13.4,CARD,3144068922015342
19/04/2025 19:44,London Greenwich,Jennifer Floyd,"Regular Latte - 2.15, Large Latte - 2.45, Large Flavoured iced latte - Caramel - 3.25",7.85,CARD,4856939841060110
19/04/2025 19:46,London Greenwich,Kenneth Durbin,"Regular Frappes - Strawberries & Cream - 2.75, Large Frappes - Strawberries & Cream - 3.25, Regular Frappes - Strawberries & Cream - 2.75",8.75,CARD,1332694381382404
19/04/2025 19:48,London Greenwich,Barry Davis,"Large Latte - 2.45, Regular Frappes - Chocolate Cookie - 2.75",5.2,CARD,5242596756575865
19/04/2025 19:50,London Greenwich,Paula Maguire,"Regular Frappes - Chocolate Cookie - 2.75, Large Flavoured iced latte - Caramel - 3.25, Large Latte - 2.45, Regular Frappes - Strawberries & Cream - 2.75",11.2,CASH,
19/04/2025 19:52,London Greenwich,Ronald Neary,"Regular Frappes - Chocolate Cookie - 2.75, Large Flavoured iced latte - Caramel - 3.25",6.0,CASH,
19/04/2025 19:54,London Greenwich,Dung Furtado,Large Iced americano - 2.50,2.5,CASH,
19/04/2025 19:56,London Greenwich,Diane Sellars,"Large Flavoured iced latte - Caramel - 3.25, Regular Iced americano - 2.15, Large Flavoured iced latte - Caramel - 3.25, Regular Latte - 2.15, Regular Flavoured iced latte - Caramel - 2.75, Regular Frappes - Chocolate Cookie - 2.75",16.3,CARD,2359271882639289
19/04/2025 19:58,London Greenwich,Yvonne Peoples,"Large Flavoured iced latte - Caramel - 3.25, Regular Frappes - Chocolate Cookie - 2.75, Large Latte - 2.45, Large Flavoured iced latte - Caramel - 3.25",11.7,CARD,7427998378545144
19/04/2025 20:00,London Greenwich,Trisha Reed,"Regular Iced americano - 2.15, Large Frappes - Strawberries & Cream - 3.25",5.4,CARD,5190265079059039
19/04/2025 20:02,London Greenwich,Maricela Rollins,"Regular Frappes - Strawberries & Cream - 2.75, Regular Flavoured iced latte - Caramel - 2.75",5.5,CASH,
19/04/2025 20:03,London Greenwich,Lori Odonnell,Regular Flavoured iced latte - Caramel - 2.75,2.75,CARD,9058634761382069
19/04/2025 20:04,London Greenwich,Leonard Degraff,"Large Frappes - Strawberries & Cream - 3.25, Regular Latte - 2.15, Regular Frappes - Strawberries & Cream - 2.75",8.15,CASH,
19/04/2025 20:06,London Greenwich,Jeannie Brandenburg,Regular Frappes - Strawberries & Cream - 2.75,2.75,CARD,9954290540734341
19/04/2025 20:07,London Greenwich,Brian Myers,"Regular Flavoured iced latte - Caramel - 2.75, Regular Iced americano - 2.15",4.9,CARD,9372896109779877
19/04/2025 20:09,London Greenwich,Larry Dennis,"Large Frappes - Chocolate Cookie - 3.25, Regular Frappes - Strawberries & Cream - 2.75",6.0,CASH,
19/04/2025 20:10,London Greenwich,Claire Burns,Large Flavoured iced latte - Caramel - 3.25,3.25,CARD,7695428310297488
19/04/2025 20:11,London Greenwich,Orlando Harper,"Regular Latte - 2.15, Large Latte - 2.45, Large Iced americano - 2.50, Large Frappes - Chocolate Cookie - 3.25, Regular Latte - 2.15, Regular Frappes - Strawberries & Cream - 2.75",15.25,CARD,6672909805654351
19/04/2025 20:13,London Greenwich,Erin Williams,"Large Flavoured iced latte - Caramel - 3.25, Regular Frappes - Strawberries & Cream - 2.75",6.0,CASH,
19/04/2025 20:14,London Greenwich,Allison Gatesy,"Large Flavoured iced latte - Caramel - 3.25, Large Frappes - Strawberries & Cream - 3.25, Large Frappes - Strawberries & Cream - 3.25, Regular Frappes - Strawberries & Cream - 2.75, Large Frappes - Chocolate Cookie - 3.25",15.75,CARD,1264640953534385
19/04/2025 20:16,London Greenwich,Gerald Porada,"Large Latte - 2.45, Large Frappes - Strawberries & Cream - 3.25, Large Flavoured iced latte - Caramel - 3.25, Large Latte - 2.45, Regular Flavoured iced latte - Caramel - 2.75",14.15,CARD,5567793125315480
19/04/2025 20:17,London Greenwich,Darren Began,Regular Latte - 2.15,2.15,CARD,2243711293023222
19/04/2025 20:18,London Greenwich,Toby Ellithorpe,"Regular Flavoured iced latte - Caramel - 2.75, Regular Frappes - Strawberries & Cream - 2.75, Regular Frappes - Chocolate Cookie - 2.75, Large Flavoured iced latte - Caramel - 3.25, Regular Latte - 2.15",13.65,CARD,6372001470096525
19/04/2025 20:20,London Greenwich,Verdell Mackson,"Regular Frappes - Chocolate Cookie - 2.75, Large Frappes - Chocolate Cookie - 3.25, Large Latte - 2.45",8.45,CARD,1595906223312633
19/04/2025 20:21,London Greenwich,Scott Konty,"Regular Frappes - Strawberries & Cream - 2.75, Large Latte - 2.45",5.2,CARD,7378439922310343
19/04/2025 20:22,London Greenwich,Charles Kimmel,"Regular Frappes - Chocolate Cookie - 2.75, Large Flavoured iced latte - Caramel - 3.25, Large Frappes - Chocolate Cookie - 3.25",9.25,CASH,
19/04/2025 20:24,London Greenwich,Lynda Cartwright,"Large Iced americano - 2.50, Regular Flavoured iced latte - Caramel - 2.75",5.25,CASH,
19/04/2025 20:25,London Greenwich,Mei Martin,Regular Frappes - Strawberries & Cream - 2.75,2.75,CARD,4288568320928764
19/04/2025 20:27,London Greenwich,Grace Jernejcic,"Regular Frappes - Strawberries & Cream - 2.75, Regular Latte - 2.15",4.9,CARD,9972655318182566
19/04/2025 20:28,London Greenwich,Gloria Thomas,"Large Flavoured iced latte - Caramel - 3.25, Large Frappes - Chocolate Cookie - 3.25, Large Frappes - Strawberries & Cream - 3.25",9.75,CASH,
19/04/2025 20:29,London Greenwich,Barbara Williams,"Regular Frappes - Chocolate Cookie - 2.75, Large Frappes - Strawberries & Cream - 3.25, Regular Frappes - Chocolate Cookie - 2.75",8.75,CASH,
19/04/2025 20:31,London Greenwich,Alvin Anderson,"Large Flavoured iced latte - Caramel - 3.25, Large Latte - 2.45, Regular Latte - 2.15",7.85,CARD,8920401646862317
19/04/2025 20:32,London Greenwich,James Babin,Large Iced americano - 2.50,2.5,CARD,1484259161465124
19/04/2025 20:34,London Greenwich,Penny Chester,Large Latte - 2.45,2.45,CARD,8841913540963882
19/04/2025 20:35,London Greenwich,Wanda Beeman,"Regular Latte - 2.15, Large Flavoured iced latte - Caramel - 3.25, Large Flavoured iced latte - Caramel - 3.25",8.65,CARD,8586126432119857
19/04/2025 20:36,London Greenwich,Jared Vanleer,Regular Frappes - Chocolate Cookie - 2.75,2.75,CASH,
19/04/2025 20:38,London Greenwich,Clyde Humphrey,"Regular Frappes - Chocolate Cookie - 2.75, Regular Flavoured iced latte - Caramel - 2.75, Large Frappes - Chocolate Cookie - 3.25, Large Flavoured iced latte - Caramel - 3.25, Large Frappes - Chocolate Cookie - 3.25",15.25,CARD,6870803723966402
19/04/2025 20:39,London Greenwich,Winston Harris,"Regular Frappes - Chocolate Cookie - 2.75, Regular Frappes - Strawberries & Cream - 2.75, Large Frappes - Strawberries & Cream - 3.25, Regular Latte - 2.15",10.9,CARD,9571053732655676
19/04/2025 20:40,London Greenwich,Martin Jones,"Regular Frappes - Strawberries & Cream - 2.75, Large Frappes - Chocolate Cookie - 3.25, Regular Frappes - Strawberries & Cream - 2.75, Regular Frappes - Chocolate Cookie - 2.75",11.5,CASH,
19/04/2025 20:42,London Greenwich,Sheryl Do,Large Iced americano - 2.50,2.5,CARD,9274538374022921
19/04/2025 20:43,London Greenwich,Sara Kraft,"Large Iced americano - 2.50, Regular Frappes - Chocolate Cookie - 2.75",5.25,CARD,8452904172964988
19/04/2025 20:45,London Greenwich,Denise Halyk,"Regular Frappes - Chocolate Cookie - 2.75, Regular Flavoured iced latte - Caramel - 2.75, Large Iced americano - 2.50",8.0,CARD,7467138430255748
19/04/2025 20:46,London Greenwich,Jennifer Bilder,"Large Flavoured iced latte - Caramel - 3.25, Large Latte - 2.45, Regular Frappes - Strawberries & Cream - 2.75",8.45,CARD,5242760143183083
19/04/2025 20:47,London Greenwich,Anthony Gomez,Regular Frappes - Strawberries & Cream - 2.75,2.75,CARD,3369391079070821
19/04/2025 20:49,London Greenwich,Lionel Cope,"Large Frappes - Chocolate Cookie - 3.25, Regular Frappes - Strawberries & Cream - 2.75, Large Frappes - Strawberries & Cream - 3.25, Large Flavoured iced latte - Caramel - 3.25, Large Flavoured iced latte - Caramel - 3.25",15.75,CASH,
19/04/2025 20:50,London Greenwich,Mary Marcum,"Large Frappes - Strawberries & Cream - 3.25, Large Frappes - Chocolate Cookie - 3.25, Regular Flavoured iced latte - Caramel - 2.75, Large Frappes - Strawberries & Cream - 3.25, Large Flavoured iced latte - Caramel - 3.25",15.75,CARD,6879755967051674
19/04/2025 20:51,London Greenwich,Catherine Boatman,"Large Frappes - Strawberries & Cream - 3.25, Large Frappes - Strawberries & Cream - 3.25, Large Iced americano - 2.50, Large Latte - 2.45",11.45,CARD,6405741731885980
19/04/2025 20:53,London Greenwich,Dorothy House,Large Flavoured iced latte - Caramel - 3.25,3.25,CARD,4919288375025876
19/04/2025 20:54,London Greenwich,Wilma Pardee,"Regular Frappes - Chocolate Cookie - 2.75, Regular Flavoured iced latte - Caramel - 2.75, Regular Latte - 2.15, Regular Iced americano - 2.15, Large Frappes - Chocolate Cookie - 3.25",13.05,CARD,9274329857364149
19/04/2025 20:56,London Greenwich,Dale Neely,"Regular Frappes - Strawberries & Cream - 2.75, Regular Frappes - Chocolate Cookie - 2.75",5.5,CARD,3545848481983397
19/04/2025 20:57,London Greenwich,Isaac Illich,"Large Frappes - Chocolate Cookie - 3.25, Regular Flavoured iced latte - Caramel - 2.75, Large Frappes - Strawberries & Cream - 3.25",9.25,CASH,
19/04/2025 20:58,London Greenwich,Lyle Williams,"Large Flavoured iced latte - Caramel - 3.25, Large Flavoured iced latte - Caramel - 3.25",6.5,CASH,
