19/04/2025 09:00,London Camden,Dolores Skaggs,"Regular Iced latte - 2.35, Regular Luxury hot chocolate - 2.40, Regular Iced latte - 2.35, Regular Hot chocolate - 2.20",9.3,CARD,4342799424801377
19/04/2025 09:02,London Camden,Mandy Bailey,"Large Flavoured hot chocolate - Vanilla - 2.90, Large Flavoured latte - Vanilla - 2.85, Large Flavoured hot chocolate - Hazelnut - 2.90",8.65,CARD,9593499568471484
19/04/2025 09:05,London Camden,Helen Court,"Large Chai latte - 2.60, Large Speciality Tea - Peppermint - 1.60",4.2,CASH,
19/04/2025 09:08,London Camden,Chad Smith,Regular Flavoured hot chocolate - Vanilla - 2.60,2.6,CARD,5209216778781384
19/04/2025 09:10,London Camden,Meghan Jimenes,"Regular Flavoured latte - Vanilla - 2.55, Regular Iced latte - 2.35, Regular Speciality Tea - Peppermint - 1.30",6.2,CARD,4770441692961314
19/04/2025 09:13,London Camden,Eric Fitzgerald,"Large Chai latte - 2.60, Large Iced latte - 2.85, Regular Luxury hot chocolate - 2.40, Large Chai latte - 2.60",10.45,CARD,2466778601921205
19/04/2025 09:16,London Camden,John Kearby,"Large Speciality Tea - Peppermint - 1.60, Regular Flavoured hot chocolate - Vanilla - 2.60, Large Flavoured hot chocolate - Vanilla - 2.90",7.1,CARD,1215546201859967
19/04/2025 09:19,London Camden,Tammi Capone,"Regular Iced latte - 2.35, Regular Flavoured hot chocolate - Vanilla - 2.60, Large Iced latte - 2.85",7.8,CASH,
19/04/2025 09:21,London Camden,Cher Phair,"Regular Hot chocolate - 2.20, Large Hot chocolate - 2.90",5.1,CARD,4165603240602158
19/04/2025 09:24,London Camden,Eric Duberry,Large Luxury hot chocolate - 2.70,2.7,CASH,
19/04/2025 09:27,London Camden,Allegra Edwards,"Regular Speciality Tea - Peppermint - 1.30, Large Hot chocolate - 2.90, Large Speciality Tea - Peppermint - 1.60",5.8,CARD,9523185259560933
19/04/2025 09:29,London Camden,Daniel Holohan,"Large Flavoured hot chocolate - Hazelnut - 2.90, Large Speciality Tea - Peppermint - 1.60",4.5,CARD,1540963683069415
19/04/2025 09:32,London Camden,Jason Cartwright,"Large Flavoured hot chocolate - Vanilla - 2.90, Regular Hot chocolate - 2.20, Regular Iced latte - 2.35, Large Flavoured hot chocolate - Hazelnut - 2.90",10.35,CARD,4005760241064517
19/04/2025 09:35,London Camden,Florence Rolon,"Large Hot chocolate - 2.90, Regular Iced latte - 2.35, Large Speciality Tea - Peppermint - 1.60",6.85,CARD,1089189304918023
19/04/2025 09:38,London Camden,Misty Dickson,Large Speciality Tea - Peppermint - 1.60,1.6,CARD,4162630026965482
19/04/2025 09:40,London Camden,Felicia Hatcher,"Regular Iced latte - 2.35, Large Speciality Tea - Peppermint - 1.60, Large Flavoured hot chocolate - Vanilla - 2.90, Regular Flavoured hot chocolate - Vanilla - 2.60, Regular Iced latte - 2.35",11.8,CARD,4262249123384463
19/04/2025 09:43,London Camden,Linda Shackelford,"Large Iced latte - 2.85, Large Chai latte - 2.60",5.45,CASH,
19/04/2025 09:46,London Camden,Doug Chaisson,"Large Speciality Tea - Peppermint - 1.60, Large Speciality Tea - Peppermint - 1.60, Large Hot chocolate - 2.90, Regular Speciality Tea - Peppermint - 1.30",7.4,CASH,
19/04/2025 09:48,London Camden,Agnes Padilla,"Large Speciality Tea - Peppermint - 1.60, Large Luxury hot chocolate - 2.70",4.3,CASH,
19/04/2025 09:51,London Camden,Ricky Burkey,"Regular Hot chocolate - 2.20, Large Flavoured hot chocolate - Vanilla - 2.90, Regular Luxury hot chocolate - 2.40, Large Flavoured hot chocolate - Hazelnut - 2.90",10.4,CARD,5018037279378646
19/04/2025 09:54,London Camden,Karen Smiley,Large Speciality Tea - Peppermint - 1.60,1.6,CARD,8027715552189596
19/04/2025 09:57,London Camden,Stacy Hopson,"Large Iced latte - 2.85, Regular Flavoured latte - Vanilla - 2.55, Regular Chai latte - 2.30",7.7,CASH,
19/04/2025 09:59,London Camden,Derek Weimar,"Regular Hot chocolate - 2.20, Large Iced latte - 2.85",5.05,CARD,3886030253693203
19/04/2025 10:02,London Camden,Mario Floyd,Large Flavoured hot chocolate - Vanilla - 2.90,2.9,CASH,
19/04/2025 10:04,London Camden,Rosalind Lozano,"Large Chai latte - 2.60, Regular Flavoured hot chocolate - Vanilla - 2.60",5.2,CASH,
19/04/2025 10:06,London Camden,Kenneth Leach,"Large Iced latte - 2.85, Large Flavoured hot chocolate - Vanilla - 2.90, Large Hot chocolate - 2.90, Regular Speciality Tea - Peppermint - 1.30",9.95,CARD,2990918118618729
19/04/2025 10:09,London Camden,Rita Hanlon,"Large Flavoured hot chocolate - Hazelnut - 2.90, Regular Flavoured latte - Vanilla - 2.55, Large Iced latte - 2.85, Regular Hot chocolate - 2.20, Large Speciality Tea - Peppermint - 1.60",12.1,CARD,6213754498711748
19/04/2025 10:11,London Camden,Christopher Keener,"Regular Flavoured hot chocolate - Vanilla - 2.60, Large Chai latte - 2.60, Regular Chai latte - 2.30, Regular Flavoured hot chocolate - Hazelnut - 2.60, Regular Hot chocolate - 2.20",12.3,CARD,4612573760339757
19/04/2025 10:13,London Camden,Eric Stephens,"Regular Flavoured hot chocolate - Hazelnut - 2.60, Regular Chai latte - 2.30, Large Flavoured hot chocolate - Hazelnut - 2.90",7.8,CARD,3919280318997850
19/04/2025 10:15,London Camden,Sandra Fultz,"Regular Iced latte - 2.35, Large Flavoured latte - Vanilla - 2.85",5.2,CASH,
19/04/2025 10:18,London Camden,Troy Cordano,Regular Speciality Tea - Peppermint - 1.30,1.3,CARD,3378721267433191
19/04/2025 10:20,London Camden,Bill Carter,Regular Chai latte - 2.30,2.3,CASH,
19/04/2025 10:22,London Camden,Paul Seals,"Large Hot chocolate - 2.90, Large Iced latte - 2.85, Large Iced latte - 2.85",8.6,CARD,1335980133967764
19/04/2025 10:24,London Camden,Magdalena Mcnulty,"Large Speciality Tea - Peppermint - 1.60, Regular Hot chocolate - 2.20, Regular Speciality Tea - Peppermint - 1.30, Large Hot chocolate - 2.90",8.0,CARD,1934076459170255
19/04/2025 10:26,London Camden,Henry Cade,"Regular Iced latte - 2.35, Large Speciality Tea - Peppermint - 1.60, Large Luxury hot chocolate - 2.70, Regular Flavoured hot chocolate - Vanilla - 2.60, Regular Flavoured hot chocolate - Vanilla - 2.60",11.85,CARD,8374510787316232
19/04/2025 10:29,London Camden,Steve Pope,"Large Chai latte - 2.60, Regular Flavoured latte - Vanilla - 2.55, Regular Hot chocolate - 2.20, Large Speciality Tea - Peppermint - 1.60, Large Iced latte - 2.85",11.8,CASH,
19/04/2025 10:31,London Camden,Salvador Kushner,"Regular Hot chocolate - 2.20, Large Speciality Tea - Peppermint - 1.60, Regular Luxury hot chocolate - 2.40, Large Flavoured latte - Vanilla - 2.85, Regular Iced latte - 2.35, Regular Speciality Tea - Peppermint - 1.30",12.7,CASH,
19/04/2025 10:33,London Camden,Randall Eller,Large Iced latte - 2.85,2.85,CASH,
19/04/2025 10:35,London Camden,Jamie Caporiccio,"Large Chai latte - 2.60, Regular Flavoured hot chocolate - Vanilla - 2.60, Regular Speciality Tea - Peppermint - 1.30, Large Flavoured latte - Vanilla - 2.85",9.35,CASH,
19/04/2025 10:37,London Camden,Judy Singh,Large Flavoured hot chocolate - Vanilla - 2.90,2.9,CASH,
19/04/2025 10:40,London Camden,Richard Harbaugh,"Regular Speciality Tea - Peppermint - 1.30, Regular Flavoured hot chocolate - Hazelnut - 2.60, Regular Hot chocolate - 2.20",6.1,CASH,
19/04/2025 10:42,London Camden,John Shirey,"Large Speciality Tea - Peppermint - 1.60, Regular Hot chocolate - 2.20",3.8,CASH,
19/04/2025 10:44,London Camden,Merle Murphy,"Regular Iced latte - 2.35, Regular Speciality Tea - Peppermint - 1.30, Regular Iced latte - 2.35",6.0,CARD,5543591080410161
19/04/2025 10:46,London Camden,Josiah Borysewicz,"Large Speciality Tea - Peppermint - 1.60, Large Iced latte - 2.85, Large Speciality Tea - Peppermint - 1.60, Large Hot chocolate - 2.90, Large Flavoured latte - Vanilla - 2.85, Regular Flavoured hot chocolate - Hazelnut - 2.60",14.4,CARD,9894103058826241
19/04/2025 10:49,London Camden,Lonnie Burlew,"Large Flavoured hot chocolate - Hazelnut - 2.90, Large Hot chocolate - 2.90",5.8,CASH,
19/04/2025 10:51,London Camden,William Cusumano,"Large Speciality Tea - Peppermint - 1.60, Regular Chai latte - 2.30, Regular Flavoured latte - Vanilla - 2.55, Regular Flavoured latte - Vanilla - 2.55",9.0,CARD,3030095155026706
19/04/2025 10:53,London Camden,Timothy Goforth,"Regular Flavoured latte - Vanilla - 2.55, Large Hot chocolate - 2.90",5.45,CARD,4980516963634123
19/04/2025 10:55,London Camden,Eugene Lucio,"Regular Flavoured latte - Vanilla - 2.55, Regular Iced latte - 2.35",4.9,CARD,8494146266742897
19/04/2025 10:57,London Camden,Philip Switzer,"Large Iced latte - 2.85, Regular Flavoured hot chocolate - Hazelnut - 2.60, Regular Iced latte - 2.35",7.8,CARD,5937200484493087
19/04/2025 11:00,London Camden,Antonio Toro,"Regular Chai latte - 2.30, Regular Flavoured hot chocolate - Vanilla - 2.60, Regular Chai latte - 2.30, Regular Flavoured hot chocolate - Vanilla - 2.60",9.8,CASH,
19/04/2025 11:02,London Camden,Neal Rago,"Large Flavoured hot chocolate - Vanilla - 2.90, Regular Chai latte - 2.30, Large Flavoured hot chocolate - Vanilla - 2.90, Regular Iced latte - 2.35",10.45,CASH,
19/04/2025 11:05,London Camden,Kathleen Foley,Large Flavoured hot chocolate - Vanilla - 2.90,2.9,CARD,8576836310337475
19/04/2025 11:07,London Camden,Jennifer Ellis,"Regular Flavoured hot chocolate - Vanilla - 2.60, Large Speciality Tea - Peppermint - 1.60",4.2,CARD,5344180296702196
19/04/2025 11:10,London Camden,Oliver Holden,Regular Speciality Tea - Peppermint - 1.30,1.3,CARD,3053732801563053
19/04/2025 11:12,London Camden,Cheryl Greene,"Large Flavoured latte - Vanilla - 2.85, Large Flavoured hot chocolate - Hazelnut - 2.90, Large Chai latte - 2.60",8.35,CARD,2382073033972124
19/04/2025 11:15,London Camden,Frances Haven,"Large Chai latte - 2.60, Large Chai latte - 2.60",5.2,CASH,
19/04/2025 11:17,London Camden,Henry Neal,Regular Flavoured hot chocolate - Vanilla - 2.60,2.6,CARD,1033540410059830
19/04/2025 11:20,London Camden,Lucia Moore,"Regular Speciality Tea - Peppermint - 1.30, Large Flavoured latte - Vanilla - 2.85, Large Chai latte - 2.60, Regular Luxury hot chocolate - 2.40",9.15,CASH,
19/04/2025 11:22,London Camden,Glenn Boston,"Large Flavoured hot chocolate - Vanilla - 2.90, Regular Flavoured latte - Vanilla - 2.55, Regular Flavoured hot chocolate - Hazelnut - 2.60, Regular Chai latte - 2.30, Regular Flavoured hot chocolate - Vanilla - 2.60, Large Flavoured hot chocolate - Hazelnut - 2.90",15.85,CARD,7556523993864179
19/04/2025 11:25,London Camden,John Rich,Large Speciality Tea - Peppermint - 1.60,1.6,CARD,9251686083818936
19/04/2025 11:27,London Camden,Raymond Noel,"Large Chai latte - 2.60, Large Iced latte - 2.85, Large Chai latte - 2.60",8.05,CASH,
19/04/2025 11:30,London Camden,Virginia Wilson,Large Flavoured latte - Vanilla - 2.85,2.85,CARD,4711548447928829
19/04/2025 11:32,London Camden,Monica Daniels,"Regular Chai latte - 2.30, Large Hot chocolate - 2.90, Regular Hot chocolate - 2.20",7.4,CARD,4881862986600473
19/04/2025 11:35,London Camden,Thomas Kirk,"Large Flavoured latte - Vanilla - 2.85, Large Flavoured hot chocolate - Vanilla - 2.90, Regular Hot chocolate - 2.20, Large Hot chocolate - 2.90",10.85,CARD,4484589291474253
19/04/2025 11:37,London Camden,Nora Lane,Regular Flavoured hot chocolate - Hazelnut - 2.60,2.6,CASH,
19/04/2025 11:40,London Camden,Rossie Lebrecque,Regular Speciality Tea - Peppermint - 1.30,1.3,CASH,
19/04/2025 11:42,London Camden,James Dobkins,"Large Flavoured latte - Vanilla - 2.85, Large Iced latte - 2.85, Regular Speciality Tea - Peppermint - 1.30",7.0,CASH,
19/04/2025 11:45,London Camden,Terry Mcdermond,"Large Flavoured latte - Vanilla - 2.85, Large Flavoured hot chocolate - Hazelnut - 2.90, Regular Luxury hot chocolate - 2.40, Large Iced latte - 2.85, Large Speciality Tea - Peppermint - 1.60, Regular Speciality Tea - Peppermint - 1.30",13.9,CARD,6079649157486047
19/04/2025 11:47,London Camden,Robin Studeny,"Large Chai latte - 2.60, Regular Iced latte - 2.35, Large Speciality Tea - Peppermint - 1.60, Regular Hot chocolate - 2.20",8.75,CARD,9605319485696147
19/04/2025 11:50,London Camden,Allan Prescott,"Regular Speciality Tea - Peppermint - 1.30, Regular Iced latte - 2.35",3.65,CARD,5002614869377454
19/04/2025 11:52,London Camden,Delois Fox,"Regular Hot chocolate - 2.20, Regular Flavoured latte - Vanilla - 2.55, Large Flavoured latte - Vanilla - 2.85, Large Chai latte - 2.60, Large Speciality Tea - Peppermint - 1.60, Large Speciality Tea - Peppermint - 1.60",13.4,CASH,
19/04/2025 11:55,London Camden,Robert Clark,"Regular Chai latte - 2.30, Regular Flavoured hot chocolate - Hazelnut - 2.60, Large Speciality Tea - Peppermint - 1.60",6.5,CARD,6493846154660711
19/04/2025 11:57,London Camden,Janel Litchfield,Regular Flavoured hot chocolate - Vanilla - 2.60,2.6,CARD,8480236218429533
19/04/2025 12:00,London Camden,Kurt Trivino,"Regular Hot chocolate - 2.20, Regular Flavoured hot chocolate - Vanilla - 2.60, Large Flavoured hot chocolate - Hazelnut - 2.90",7.7,CARD,4622156500005186
19/04/2025 12:02,London Camden,David Willis,"Large Iced latte - 2.85, Large Flavoured latte - Vanilla - 2.85, Large Hot chocolate - 2.90, Regular Speciality Tea - Peppermint - 1.30, Regular Flavoured hot chocolate - Hazelnut - 2.60",12.5,CASH,
19/04/2025 12:03,London Camden,Lonnie Stickney,"Large Flavoured latte - Vanilla - 2.85, Regular Flavoured hot chocolate - Vanilla - 2.60",5.45,CARD,6298327871741465
19/04/2025 12:05,London Camden,Kathleen Johnson,"Large Flavoured hot chocolate - Vanilla - 2.90, Regular Chai latte - 2.30",5.2,CARD,1754705022941610
19/04/2025 12:07,London Camden,Kyle Bump,"Regular Hot chocolate - 2.20, Regular Luxury hot chocolate - 2.40, Regular Luxury hot chocolate - 2.40",7.0,CASH,
19/04/2025 12:09,London Camden,Anthony Egan,Regular Flavoured hot chocolate - Vanilla - 2.60,2.6,CASH,
19/04/2025 12:11,London Camden,Gary Gelles,"Regular Flavoured hot chocolate - Vanilla - 2.60, Regular Chai latte - 2.30, Large Speciality Tea - Peppermint - 1.60, Regular Chai latte - 2.30, Large Luxury hot chocolate - 2.70",11.5,CASH,
19/04/2025 12:13,London Camden,Tobi Canterbury,"Regular Flavoured hot chocolate - Vanilla - 2.60, Large Speciality Tea - Peppermint - 1.60, Regular Speciality Tea - Peppermint - 1.30",5.5,CARD,4979024610109463
19/04/2025 12:15,London Camden,Emma Flores,"Large Speciality Tea - Peppermint - 1.60, Large Speciality Tea - Peppermint - 1.60",3.2,CARD,8557817523149783
19/04/2025 12:17,London Camden,Leon Victoria,"Large Flavoured hot chocolate - Hazelnut - 2.90, Large Flavoured hot chocolate - Hazelnut - 2.90",5.8,CARD,3860910090111726
19/04/2025 12:19,London Camden,Kenneth Ashby,"Large Luxury hot chocolate - 2.70, Large Chai latte - 2.60, Large Flavoured hot chocolate - Vanilla - 2.90",8.2,CARD,4819990839639678
19/04/2025 12:21,London Camden,Nancy Smith,Large Flavoured latte - Vanilla - 2.85,2.85,CARD,3431886380438597
19/04/2025 12:23,London Camden,Bessie Hernandez,"Regular Hot chocolate - 2.20, Regular Flavoured hot chocolate - Hazelnut - 2.60, Regular Flavoured hot chocolate - Vanilla - 2.60",7.4,CARD,4773318812882412
19/04/2025 12:25,London Camden,Billy Gatewood,"Regular Luxury hot chocolate - 2.40, Large Iced latte - 2.85, Regular Luxury hot chocolate - 2.40, Regular Iced latte - 2.35",10.0,CARD,9463357834538172
19/04/2025 12:27,London Camden,Michael Roberts,"Regular Speciality Tea - Peppermint - 1.30, Large Flavoured hot chocolate - Hazelnut - 2.90, Large Flavoured hot chocolate - Hazelnut - 2.90, Regular Speciality Tea - Peppermint - 1.30",8.4,CARD,5869830007202527
19/04/2025 12:29,London Camden,Kimberly Mcmillan,"Large Flavoured latte - Vanilla - 2.85, Regular Flavoured hot chocolate - Hazelnut - 2.60, Regular Luxury hot chocolate - 2.40, Regular Flavoured latte - Vanilla - 2.55, Regular Flavoured hot chocolate - Vanilla - 2.60",13.0,CARD,8693959957925238
19/04/2025 12:31,London Camden,Alexander Walker,Large Iced latte - 2.85,2.85,CARD,4101310845937865
19/04/2025 12:32,London Camden,Charles Tederous,"Large Iced latte - 2.85, Regular Luxury hot chocolate - 2.40, Regular Chai latte - 2.30",7.55,CARD,1646271261245607
19/04/2025 12:34,London Camden,Catalina Corona,Regular Flavoured hot chocolate - Hazelnut - 2.60,2.6,CASH,
19/04/2025 12:36,London Camden,David Ketron,Large Speciality Tea - Peppermint - 1.60,1.6,CARD,3202508646859475
19/04/2025 12:38,London Camden,Robert Krueger,Regular Hot chocolate - 2.20,2.2,CARD,4895729334207849
19/04/2025 12:40,London Camden,Vince Garcia,"Large Flavoured hot chocolate - Hazelnut - 2.90, Regular Flavoured latte - Vanilla - 2.55",5.45,CARD,2591780157466013
19/04/2025 12:42,London Camden,Michael Bulmer,"Regular Speciality Tea - Peppermint - 1.30, Regular Luxury hot chocolate - 2.40, Regular Flavoured latte - Vanilla - 2.55",6.25,CARD,3444912394392072
19/04/2025 12:44,London Camden,Michelle Brandt,"Large Flavoured hot chocolate - Hazelnut - 2.90, Large Flavoured hot chocolate - Hazelnut - 2.90, Large Flavoured hot chocolate - Vanilla - 2.90",8.7,CASH,
19/04/2025 12:46,London Camden,Jessie Beck,"Large Luxury hot chocolate - 2.70, Large Hot chocolate - 2.90, Regular Flavoured latte - Vanilla - 2.55, Regular Speciality Tea - Peppermint - 1.30, Large Luxury hot chocolate - 2.70",12.15,CASH,
19/04/2025 12:48,London Camden,Della Nelson,"Large Iced latte - 2.85, Regular Iced latte - 2.35, Regular Speciality Tea - Peppermint - 1.30",6.5,CASH,
19/04/2025 12:50,London Camden,Dorothy Boyd,"Large Flavoured hot chocolate - Vanilla - 2.90, Large Hot chocolate - 2.90, Large Speciality Tea - Peppermint - 1.60",7.4,CASH,
19/04/2025 12:52,London Camden,Robert Dahl,"Regular Speciality Tea - Peppermint - 1.30, Regular Speciality Tea - Peppermint - 1.30, Large Speciality Tea - Peppermint - 1.60",4.2,CARD,7106906029392725
19/04/2025 12:54,London Camden,Madeline Hough,"Regular Flavoured hot chocolate - Vanilla - 2.60, Large Flavoured latte - Vanilla - 2.85, Regular Luxury hot chocolate - 2.40",7.85,CARD,4001417534702156
19/04/2025 12:56,London Camden,Charles Mullins,"Large Flavoured latte - Vanilla - 2.85, Large Flavoured hot chocolate - Hazelnut - 2.90, Large Flavoured latte - Vanilla - 2.85, Regular Flavoured latte - Vanilla - 2.55",11.15,CARD,6271605392826990
19/04/2025 12:58,London Camden,Peter Jones,"Regular Speciality Tea - Peppermint - 1.30, Large Flavoured latte - Vanilla - 2.85, Regular Hot chocolate - 2.20, Regular Chai latte - 2.30, Regular Flavoured latte - Vanilla - 2.55",11.2,CASH,
19/04/2025 13:00,London Camden,James Ecklund,"Regular Speciality Tea - Peppermint - 1.30, Regular Flavoured hot chocolate - Hazelnut - 2.60, Regular Iced latte - 2.35",6.25,CASH,
19/04/2025 13:00,London Camden,Angela Sapienza,"Regular Flavoured hot chocolate - Hazelnut - 2.60, Large Luxury hot chocolate - 2.70",5.3,CARD,8677003949754448
19/04/2025 13:01,London Camden,William Trask,"Large Luxury hot chocolate - 2.70, Large Speciality Tea - Peppermint - 1.60, Regular Flavoured hot chocolate - Hazelnut - 2.60, Large Speciality Tea - Peppermint - 1.60",8.5,CASH,
19/04/2025 13:02,London Camden,Myra Alvarado,Regular Luxury hot chocolate - 2.40,2.4,CASH,
19/04/2025 13:03,London Camden,Kristi Smith,"Regular Flavoured hot chocolate - Vanilla - 2.60, Regular Hot chocolate - 2.20, Regular Chai latte - 2.30",7.1,CARD,2539239404106209
19/04/2025 13:04,London Camden,June Christy,"Large Iced latte - 2.85, Large Chai latte - 2.60, Large Flavoured hot chocolate - Hazelnut - 2.90, Large Luxury hot chocolate - 2.70, Regular Speciality Tea - Peppermint - 1.30",12.35,CARD,1546220641046659
19/04/2025 13:05,London Camden,Forrest Harris,"Large Flavoured hot chocolate - Hazelnut - 2.90, Large Flavoured hot chocolate - Hazelnut - 2.90",5.8,CARD,9190588633408450
19/04/2025 13:06,London Camden,Norris Schrock,Large Iced latte - 2.85,2.85,CARD,3190220208362119
19/04/2025 13:07,London Camden,Mary Mucha,Large Hot chocolate - 2.90,2.9,CARD,9645322493343795
19/04/2025 13:08,London Camden,James Riddley,"Large Iced latte - 2.85, Large Flavoured hot chocolate - Hazelnut - 2.90",5.75,CARD,9524822368891876
19/04/2025 13:08,London Camden,Kenneth Abbott,"Large Speciality Tea - Peppermint - 1.60, Large Flavoured hot chocolate - Vanilla - 2.90",4.5,CARD,6548620141581805
19/04/2025 13:09,London Camden,Tom Booker,"Regular Iced latte - 2.35, Large Flavoured hot chocolate - Hazelnut - 2.90, Large Flavoured hot chocolate - Vanilla - 2.90, Large Flavoured latte - Vanilla - 2.85",11.0,CASH,
19/04/2025 13:10,London Camden,Yahaira Chapman,Large Luxury hot chocolate - 2.70,2.7,CASH,
19/04/2025 13:11,London Camden,Timothy Fenn,"Large Speciality Tea - Peppermint - 1.60, Large Iced latte - 2.85",4.45,CARD,1944209582595703
19/04/2025 13:12,London Camden,Michelle Hampton,"Large Luxury hot chocolate - 2.70, Regular Luxury hot chocolate - 2.40",5.1,CASH,
19/04/2025 13:13,London Camden,Francisco Filippini,Large Flavoured hot chocolate - Vanilla - 2.90,2.9,CARD,1362103503366490
19/04/2025 13:14,London Camden,Dawn Correa,Large Luxury hot chocolate - 2.70,2.7,CARD,2929066938847168
19/04/2025 13:15,London Camden,Maryann Tagliente,"Large Speciality Tea - Peppermint - 1.60, Large Chai latte - 2.60, Large Flavoured hot chocolate - Hazelnut - 2.90",7.1,CARD,8373685194530877
19/04/2025 13:15,London Camden,Charles Roberts,Large Flavoured hot chocolate - Hazelnut - 2.90,2.9,CARD,9821269423653804
19/04/2025 13:16,London Camden,Heather Dailey,"Large Flavoured hot chocolate - Vanilla - 2.90, Large Speciality Tea - Peppermint - 1.60",4.5,CARD,5936104754669176
19/04/2025 13:17,London Camden,Geraldine Head,Regular Speciality Tea - Peppermint - 1.30,1.3,CASH,
19/04/2025 13:18,London Camden,Bill Miller,Large Chai latte - 2.60,2.6,CARD,5433339399072944
19/04/2025 13:19,London Camden,Heidi Durisseau,"Regular Speciality Tea - Peppermint - 1.30, Large Hot chocolate - 2.90",4.2,CASH,
19/04/2025 13:20,London Camden,Thomas Christensen,"Large Flavoured hot chocolate - Vanilla - 2.90, Regular Hot chocolate - 2.20, Large Iced latte - 2.85",7.95,CASH,
19/04/2025 13:21,London Camden,Brenda Lardizabal,"Regular Luxury hot chocolate - 2.40, Large Speciality Tea - Peppermint - 1.60, Large Hot chocolate - 2.90, Large Flavoured hot chocolate - Vanilla - 2.90",9.8,CARD,8955816651120539
19/04/2025 13:22,London Camden,Robert Myers,"Large Iced latte - 2.85, Regular Chai latte - 2.30",5.15,CARD,1111248200781147
19/04/2025 13:23,London Camden,Aaron Kotula,"Large Flavoured latte - Vanilla - 2.85, Regular Flavoured hot chocolate - Hazelnut - 2.60, Large Hot chocolate - 2.90, Large Flavoured latte - Vanilla - 2.85",11.2,CARD,7173975031181427
19/04/2025 13:23,London Camden,Sarah Palmer,"Regular Chai latte - 2.30, Regular Flavoured hot chocolate - Vanilla - 2.60, Regular Iced latte - 2.35, Regular Flavoured latte - Vanilla - 2.55, Regular Hot chocolate - 2.20",12.0,CASH,
19/04/2025 13:24,London Camden,William Sims,Regular Speciality Tea - Peppermint - 1.30,1.3,CASH,
19/04/2025 13:25,London Camden,Philip Tison,Large Speciality Tea - Peppermint - 1.60,1.6,CARD,1090086922732658
19/04/2025 13:26,London Camden,Jerry Mitchell,Regular Flavoured latte - Vanilla - 2.55,2.55,CARD,7837175478451436
19/04/2025 13:27,London Camden,Kevin Gutierrez,Regular Flavoured hot chocolate - Vanilla - 2.60,2.6,CARD,9577408021594291
19/04/2025 13:28,London Camden,Kelly Harr,Large Speciality Tea - Peppermint - 1.60,1.6,CARD,5336798803727121
19/04/2025 13:29,London Camden,Richard Baker,Regular Flavoured hot chocolate - Vanilla - 2.60,2.6,CARD,7367997332742386
19/04/2025 13:30,London Camden,Tammy Chiles,"Large Hot chocolate - 2.90, Regular Flavoured latte - Vanilla - 2.55",5.45,CARD,5869484243235023
19/04/2025 13:30,London Camden,Brenda Peele,"Regular Speciality Tea - Peppermint - 1.30, Regular Flavoured latte - Vanilla - 2.55, Large Hot chocolate - 2.90",6.75,CARD,6146607546691679
19/04/2025 13:31,London Camden,William Beatty,Large Hot chocolate - 2.90,2.9,CARD,5595097195505997
19/04/2025 13:32,London Camden,William Neal,"Regular Iced latte - 2.35, Large Hot chocolate - 2.90",5.25,CARD,3698686122711838
19/04/2025 13:33,London Camden,Janet Earhart,Regular Flavoured hot chocolate - Vanilla - 2.60,2.6,CARD,8641475612638210
19/04/2025 13:34,London Camden,Jerry Tucker,Regular Flavoured hot chocolate - Vanilla - 2.60,2.6,CARD,8673699243072092
19/04/2025 13:35,London Camden,Ricardo Addis,"Large Chai latte - 2.60, Large Flavoured latte - Vanilla - 2.85, Large Iced latte - 2.85, Large Luxury hot chocolate - 2.70, Large Flavoured hot chocolate - Hazelnut - 2.90",13.9,CASH,
19/04/2025 13:36,London Camden,Robert Deshaies,"Large Flavoured hot chocolate - Hazelnut - 2.90, Large Flavoured latte - Vanilla - 2.85, Regular Luxury hot chocolate - 2.40",8.15,CASH,
19/04/2025 13:37,London Camden,Elizabeth Taylor,"Large Luxury hot chocolate - 2.70, Regular Flavoured latte - Vanilla - 2.55, Regular Speciality Tea - Peppermint - 1.30, Large Chai latte - 2.60, Regular Luxury hot chocolate - 2.40, Large Luxury hot chocolate - 2.70",14.25,CARD,4386826381063263
19/04/2025 13:38,London Camden,Nelda Cassell,"Large Chai latte - 2.60, Large Flavoured hot chocolate - Vanilla - 2.90, Regular Luxury hot chocolate - 2.40, Large Flavoured hot chocolate - Hazelnut - 2.90",10.8,CASH,
19/04/2025 13:38,London Camden,Annie Cota,Large Hot chocolate - 2.90,2.9,CARD,2862746999273385
19/04/2025 13:39,London Camden,Tasha Liberatore,"Large Flavoured latte - Vanilla - 2.85, Regular Luxury hot chocolate - 2.40, Regular Chai latte - 2.30",7.55,CARD,1184986817603099
19/04/2025 13:40,London Camden,William Smith,"Large Flavoured hot chocolate - Vanilla - 2.90, Regular Speciality Tea - Peppermint - 1.30, Regular Speciality Tea - Peppermint - 1.30, Regular Flavoured latte - Vanilla - 2.55, Large Flavoured hot chocolate - Vanilla - 2.90",10.95,CARD,3970087375904148
19/04/2025 13:41,London Camden,Scott Borjas,"Regular Flavoured hot chocolate - Vanilla - 2.60, Large Flavoured latte - Vanilla - 2.85, Large Speciality Tea - Peppermint - 1.60, Regular Flavoured hot chocolate - Hazelnut - 2.60",9.65,CARD,9331870449018045
19/04/2025 13:42,London Camden,Caroline Rollins,"Large Flavoured hot chocolate - Vanilla - 2.90, Regular Iced latte - 2.35",5.25,CASH,
19/04/2025 13:43,London Camden,Michael Henry,"Regular Flavoured hot chocolate - Vanilla - 2.60, Regular Iced latte - 2.35, Regular Flavoured latte - Vanilla - 2.55, Large Speciality Tea - Peppermint - 1.60",9.1,CARD,9779514557192926
19/04/2025 13:44,London Camden,Marge Kunkel,Regular Hot chocolate - 2.20,2.2,CARD,7335139746639033
19/04/2025 13:45,London Camden,Anthony Risley,"Large Luxury hot chocolate - 2.70, Large Iced latte - 2.85, Large Hot chocolate - 2.90, Regular Chai latte - 2.30",10.75,CARD,7600369720725283
19/04/2025 13:45,London Camden,Matthew Surita,"Large Flavoured hot chocolate - Hazelnut - 2.90, Regular Chai latte - 2.30, Regular Speciality Tea - Peppermint - 1.30",6.5,CARD,4244055668201377
19/04/2025 13:46,London Camden,Karla Curry,"Large Iced latte - 2.85, Regular Flavoured hot chocolate - Hazelnut - 2.60, Large Flavoured hot chocolate - Hazelnut - 2.90",8.35,CASH,
19/04/2025 13:47,London Camden,Laura Sandoval,Regular Flavoured hot chocolate - Hazelnut - 2.60,2.6,CASH,
19/04/2025 13:48,London Camden,Leo Goldstein,"Large Luxury hot chocolate - 2.70, Regular Flavoured hot chocolate - Vanilla - 2.60",5.3,CARD,3688632271333641
19/04/2025 13:49,London Camden,Jimmy Elliot,"Regular Iced latte - 2.35, Regular Chai latte - 2.30, Large Hot chocolate - 2.90",7.55,CARD,9647880782253523
19/04/2025 13:50,London Camden,Mariana Cole,"Large Chai latte - 2.60, Regular Speciality Tea - Peppermint - 1.30, Large Flavoured latte - Vanilla - 2.85",6.75,CARD,6380547979098991
19/04/2025 13:51,London Camden,Clint Nesmith,Large Flavoured latte - Vanilla - 2.85,2.85,CASH,
19/04/2025 13:52,London Camden,Karen Montanez,"Regular Flavoured hot chocolate - Hazelnut - 2.60, Regular Chai latte - 2.30, Regular Speciality Tea - Peppermint - 1.30",6.2,CARD,7810656882477699
19/04/2025 13:53,London Camden,Steven Murray,"Large Luxury hot chocolate - 2.70, Regular Flavoured hot chocolate - Hazelnut - 2.60",5.3,CARD,3678708918153282
19/04/2025 13:53,London Camden,Brad Han,"Regular Flavoured latte - Vanilla - 2.55, Regular Flavoured latte - Vanilla - 2.55",5.1,CASH,
19/04/2025 13:54,London Camden,Esther Mcclure,"Regular Hot chocolate - 2.20, Regular Flavoured latte - Vanilla - 2.55, Regular Flavoured hot chocolate - Vanilla - 2.60, Large Chai latte - 2.60",9.95,CARD,5160983372990471
19/04/2025 13:55,London Camden,Paul Hall,"Large Flavoured hot chocolate - Vanilla - 2.90, Large Flavoured latte - Vanilla - 2.85, Regular Speciality Tea - Peppermint - 1.30, Large Hot chocolate - 2.90, Large Chai latte - 2.60",12.55,CARD,4838112534843287
19/04/2025 13:56,London Camden,Arnold Carson,"Large Flavoured latte - Vanilla - 2.85, Large Chai latte - 2.60",5.45,CASH,
19/04/2025 13:57,London Camden,Paul Lawrence,"Large Flavoured hot chocolate - Vanilla - 2.90, Large Chai latte - 2.60",5.5,CASH,
19/04/2025 13:58,London Camden,Jean Whyte,"Large Luxury hot chocolate - 2.70, Regular Chai latte - 2.30",5.0,CARD,9410458947309901
19/04/2025 13:59,London Camden,Ashleigh Kamuda,"Large Hot chocolate - 2.90, Regular Flavoured latte - Vanilla - 2.55, Regular Flavoured latte - Vanilla - 2.55, Regular Chai latte - 2.30, Regular Luxury hot chocolate - 2.40",12.7,CARD,3582707847520623
19/04/2025 14:00,London Camden,Janet Harris,"Regular Luxury hot chocolate - 2.40, Regular Luxury hot chocolate - 2.40, Regular Flavoured latte - Vanilla - 2.55, Large Hot chocolate - 2.90",10.25,CASH,
19/04/2025 14:00,London Camden,Katherine Woods,"Large Flavoured hot chocolate - Hazelnut - 2.90, Regular Iced latte - 2.35",5.25,CARD,9541002102871326
19/04/2025 14:01,London Camden,Nubia Culnane,"Large Hot chocolate - 2.90, Large Flavoured hot chocolate - Hazelnut - 2.90",5.8,CARD,9567292260217995
19/04/2025 14:02,London Camden,Cathy Williams,"Large Iced latte - 2.85, Large Speciality Tea - Peppermint - 1.60, Regular Flavoured latte - Vanilla - 2.55",7.0,CARD,2820141230790979
19/04/2025 14:03,London Camden,Jorge Mosher,"Regular Luxury hot chocolate - 2.40, Regular Speciality Tea - Peppermint - 1.30",3.7,CARD,4930259925764814
19/04/2025 14:04,London Camden,Elizabeth Harris,"Large Flavoured hot chocolate - Hazelnut - 2.90, Regular Flavoured hot chocolate - Vanilla - 2.60, Large Flavoured latte - Vanilla - 2.85",8.35,CASH,
19/04/2025 14:05,London Camden,Dorothy Green,"Regular Flavoured hot chocolate - Vanilla - 2.60, Regular Chai latte - 2.30",4.9,CARD,5034362424469873
19/04/2025 14:06,London Camden,Kenneth Branch,"Large Luxury hot chocolate - 2.70, Large Flavoured hot chocolate - Vanilla - 2.90, Large Flavoured hot chocolate - Vanilla - 2.90, Large Chai latte - 2.60",11.1,CARD,7716319099240026
19/04/2025 14:07,London Camden,Sandra Denley,"Large Flavoured latte - Vanilla - 2.85, Regular Flavoured hot chocolate - Vanilla - 2.60, Regular Flavoured latte - Vanilla - 2.55, Regular Flavoured hot chocolate - Hazelnut - 2.60",10.6,CASH,
19/04/2025 14:07,London Camden,Paula Cram,Large Speciality Tea - Peppermint - 1.60,1.6,CARD,6194477767285723
19/04/2025 14:08,London Camden,Mary Bowman,Large Flavoured hot chocolate - Hazelnut - 2.90,2.9,CARD,1097863276274631
19/04/2025 14:09,London Camden,Joseph Harris,Large Flavoured hot chocolate - Hazelnut - 2.90,2.9,CASH,
19/04/2025 14:10,London Camden,Alta Sutherland,"Large Hot chocolate - 2.90, Large Hot chocolate - 2.90, Regular Flavoured hot chocolate - Vanilla - 2.60, Regular Iced latte - 2.35",10.75,CARD,6815866707997099
19/04/2025 14:11,London Camden,Daren Hemphill,"Regular Flavoured latte - Vanilla - 2.55, Regular Speciality Tea - Peppermint - 1.30, Large Flavoured hot chocolate - Hazelnut - 2.90, Regular Luxury hot chocolate - 2.40",9.15,CARD,1182350886358050
19/04/2025 14:12,London Camden,Keith Cunningham,"Large Flavoured latte - Vanilla - 2.85, Regular Chai latte - 2.30, Large Flavoured hot chocolate - Vanilla - 2.90",8.05,CARD,3420485271782801
19/04/2025 14:13,London Camden,William Mcneely,"Regular Flavoured hot chocolate - Vanilla - 2.60, Large Chai latte - 2.60",5.2,CARD,1310342983196575
19/04/2025 14:13,London Camden,Jerry James,"Regular Hot chocolate - 2.20, Large Flavoured hot chocolate - Vanilla - 2.90",5.1,CARD,7814841420525714
19/04/2025 14:14,London Camden,William Niemczyk,"Regular Speciality Tea - Peppermint - 1.30, Large Flavoured hot chocolate - Hazelnut - 2.90, Large Speciality Tea - Peppermint - 1.60, Large Hot chocolate - 2.90",8.7,CARD,8785061649619403
19/04/2025 14:15,London Camden,Tracy Kercher,Regular Chai latte - 2.30,2.3,CARD,9718627194132689
19/04/2025 14:16,London Camden,Neva Fears,"Large Hot chocolate - 2.90, Regular Luxury hot chocolate - 2.40, Regular Iced latte - 2.35, Regular Flavoured hot chocolate - Vanilla - 2.60, Regular Chai latte - 2.30",12.55,CASH,
19/04/2025 14:17,London Camden,Kara Burns,"Regular Flavoured hot chocolate - Vanilla - 2.60, Large Speciality Tea - Peppermint - 1.60, Large Flavoured hot chocolate - Hazelnut - 2.90",7.1,CARD,7363537565286539
19/04/2025 14:18,London Camden,Sean Patete,Large Hot chocolate - 2.90,2.9,CARD,3455855770504098
19/04/2025 14:19,London Camden,Nancy Arana,"Large Flavoured hot chocolate - Hazelnut - 2.90, Large Iced latte - 2.85, Large Flavoured latte - Vanilla - 2.85, Regular Flavoured latte - Vanilla - 2.55, Large Chai latte - 2.60, Regular Hot chocolate - 2.20",15.95,CARD,6921972957482957
19/04/2025 14:20,London Camden,Herbert Torres,Regular Hot chocolate - 2.20,2.2,CARD,5363181000379366
19/04/2025 14:20,London Camden,Maria Mcelrath,Regular Luxury hot chocolate - 2.40,2.4,CARD,8514238770143255
19/04/2025 14:21,London Camden,Jason Meehan,"Regular Chai latte - 2.30, Large Flavoured hot chocolate - Hazelnut - 2.90",5.2,CARD,5605042518190297
19/04/2025 14:22,London Camden,Edward Handel,"Regular Speciality Tea - Peppermint - 1.30, Large Luxury hot chocolate - 2.70, Large Flavoured latte - Vanilla - 2.85",6.85,CASH,
19/04/2025 14:23,London Camden,Katherine Berry,Regular Hot chocolate - 2.20,2.2,CASH,
19/04/2025 14:24,London Camden,Herschel Madore,"Regular Flavoured latte - Vanilla - 2.55, Regular Flavoured hot chocolate - Hazelnut - 2.60, Large Speciality Tea - Peppermint - 1.60",6.75,CARD,1061323883965273
19/04/2025 14:25,London Camden,Michael Armstrong,"Large Iced latte - 2.85, Large Hot chocolate - 2.90",5.75,CARD,9209644018997103
19/04/2025 14:26,London Camden,Anna Byrne,"Large Flavoured hot chocolate - Vanilla - 2.90, Large Speciality Tea - Peppermint - 1.60",4.5,CARD,1698736902887965
19/04/2025 14:26,London Camden,David Swirsky,Regular Flavoured hot chocolate - Hazelnut - 2.60,2.6,CARD,9813559514904347
19/04/2025 14:27,London Camden,Gary Kilroy,"Regular Flavoured hot chocolate - Hazelnut - 2.60, Large Speciality Tea - Peppermint - 1.60",4.2,CARD,1318097770930329
19/04/2025 14:28,London Camden,Cedric Jackson,"Regular Flavoured hot chocolate - Hazelnut - 2.60, Regular Flavoured hot chocolate - Hazelnut - 2.60, Regular Flavoured latte - Vanilla - 2.55",7.75,CARD,1344312235569959
19/04/2025 14:29,London Camden,Marion Sotello,"Large Hot chocolate - 2.90, Regular Hot chocolate - 2.20",5.1,CARD,8458550060572424
19/04/2025 14:30,London Camden,Jose Battle,"Regular Flavoured hot chocolate - Hazelnut - 2.60, Regular Chai latte - 2.30",4.9,CARD,6365984052878407
19/04/2025 14:31,London Camden,Chris Cohen,"Regular Flavoured hot chocolate - Hazelnut - 2.60, Large Luxury hot chocolate - 2.70, Regular Speciality Tea - Peppermint - 1.30",6.6,CARD,1154871206205981
19/04/2025 14:32,London Camden,Nancy Cavallo,"Regular Flavoured hot chocolate - Hazelnut - 2.60, Regular Flavoured hot chocolate - Vanilla - 2.60, Regular Speciality Tea - Peppermint - 1.30, Large Chai latte - 2.60, Large Flavoured latte - Vanilla - 2.85, Regular Speciality Tea - Peppermint - 1.30",13.25,CASH,
19/04/2025 14:33,London Camden,Lena Cotton,"Regular Flavoured hot chocolate - Vanilla - 2.60, Regular Speciality Tea - Peppermint - 1.30",3.9,CARD,8018693128571757
19/04/2025 14:33,London Camden,Iva Nicholson,"Large Flavoured hot chocolate - Vanilla - 2.90, Regular Chai latte - 2.30",5.2,CARD,8740352127778457
19/04/2025 14:34,London Camden,Carolyn Smith,"Large Flavoured hot chocolate - Hazelnut - 2.90, Regular Iced latte - 2.35, Large Flavoured hot chocolate - Hazelnut - 2.90, Large Flavoured hot chocolate - Hazelnut - 2.90, Regular Chai latte - 2.30, Large Flavoured latte - Vanilla - 2.85",16.2,CARD,2713882837389353
19/04/2025 14:35,London Camden,Misty Alatorre,Regular Chai latte - 2.30,2.3,CARD,4237125655780695
19/04/2025 14:36,London Camden,David Derks,"Regular Hot chocolate - 2.20, Large Chai latte - 2.60",4.8,CARD,6204790775793198
19/04/2025 14:37,London Camden,Mary Little,Large Speciality Tea - Peppermint - 1.60,1.6,CARD,7927752501455603
19/04/2025 14:38,London Camden,Lillian Dunn,"Large Flavoured hot chocolate - Hazelnut - 2.90, Large Chai latte - 2.60, Large Speciality Tea - Peppermint - 1.60, Large Flavoured hot chocolate - Vanilla - 2.90",10.0,CARD,6586256807483914
19/04/2025 14:39,London Camden,Leslie Hernandez,"Regular Flavoured hot chocolate - Hazelnut - 2.60, Regular Hot chocolate - 2.20",4.8,CARD,3952657452731319
19/04/2025 14:39,London Camden,Mary Aldridge,"Large Flavoured hot chocolate - Vanilla - 2.90, Large Flavoured latte - Vanilla - 2.85, Large Flavoured hot chocolate - Vanilla - 2.90",8.65,CARD,1142566324839291
19/04/2025 14:40,London Camden,Byron Ferullo,"Large Iced latte - 2.85, Regular Chai latte - 2.30, Large Flavoured hot chocolate - Hazelnut - 2.90, Large Flavoured hot chocolate - Vanilla - 2.90",10.95,CARD,1716109735383447
19/04/2025 14:41,London Camden,Lloyd Hurst,"Large Chai latte - 2.60, Large Flavoured latte - Vanilla - 2.85, Regular Flavoured hot chocolate - Vanilla - 2.60, Large Flavoured hot chocolate - Hazelnut - 2.90, Regular Hot chocolate - 2.20, Regular Chai latte - 2.30",15.45,CARD,6541445376082886
19/04/2025 14:42,London Camden,Diana Brisco,"Regular Flavoured hot chocolate - Hazelnut - 2.60, Regular Flavoured latte - Vanilla - 2.55, Regular Flavoured latte - Vanilla - 2.55",7.7,CASH,
19/04/2025 14:43,London Camden,Giovanni Turner,"Regular Flavoured hot chocolate - Vanilla - 2.60, Regular Speciality Tea - Peppermint - 1.30, Regular Luxury hot chocolate - 2.40, Large Iced latte - 2.85, Large Flavoured latte - Vanilla - 2.85",12.0,CASH,
19/04/2025 14:44,London Camden,Norman Wealer,"Large Flavoured hot chocolate - Vanilla - 2.90, Large Luxury hot chocolate - 2.70, Large Speciality Tea - Peppermint - 1.60, Regular Speciality Tea - Peppermint - 1.30",8.5,CARD,1476404069738879
19/04/2025 14:45,London Camden,Lorna Cone,"Regular Speciality Tea - Peppermint - 1.30, Regular Luxury hot chocolate - 2.40",3.7,CASH,
19/04/2025 14:46,London Camden,Quinton Mcelroy,"Large Luxury hot chocolate - 2.70, Regular Chai latte - 2.30, Large Chai latte - 2.60, Regular Iced latte - 2.35",9.95,CARD,7122341776673083
19/04/2025 14:46,London Camden,Laura Gipson,"Regular Iced latte - 2.35, Regular Hot chocolate - 2.20, Regular Hot chocolate - 2.20",6.75,CASH,
19/04/2025 14:47,London Camden,Carl Parks,"Regular Luxury hot chocolate - 2.40, Large Chai latte - 2.60, Large Iced latte - 2.85, Large Luxury hot chocolate - 2.70, Regular Hot chocolate - 2.20",12.75,CASH,
19/04/2025 14:48,London Camden,Deborah Pine,Regular Iced latte - 2.35,2.35,CARD,3067836732702079
19/04/2025 14:49,London Camden,Tiffany Hungerford,"Large Flavoured latte - Vanilla - 2.85, Regular Flavoured hot chocolate - Hazelnut - 2.60",5.45,CARD,7123146041215217
19/04/2025 14:50,London Camden,Daniel Krumwiede,"Regular Chai latte - 2.30, Regular Speciality Tea - Peppermint - 1.30, Regular Speciality Tea - Peppermint - 1.30, Regular Iced latte - 2.35",7.25,CARD,3810905921437662
19/04/2025 14:51,London Camden,Betty Humphrey,"Regular Luxury hot chocolate - 2.40, Regular Flavoured latte - Vanilla - 2.55",4.95,CARD,8206747324949751
19/04/2025 14:52,London Camden,Michael Malone,"Regular Iced latte - 2.35, Large Chai latte - 2.60",4.95,CARD,3826457724741124
19/04/2025 14:52,London Camden,Sandra Andersen,Regular Speciality Tea - Peppermint - 1.30,1.3,CARD,1992482789923903
19/04/2025 14:53,London Camden,Diane Hogan,"Regular Hot chocolate - 2.20, Regular Flavoured latte - Vanilla - 2.55, Regular Chai latte - 2.30, Regular Flavoured hot chocolate - Vanilla - 2.60, Regular Flavoured hot chocolate - Hazelnut - 2.60",12.25,CARD,5391874577111120
19/04/2025 14:54,London Camden,Joe Runions,"Regular Flavoured hot chocolate - Vanilla - 2.60, Regular Iced latte - 2.35",4.95,CARD,4659605943595306
19/04/2025 14:55,London Camden,Robert Pippenger,"Regular Luxury hot chocolate - 2.40, Regular Speciality Tea - Peppermint - 1.30, Large Flavoured hot chocolate - Vanilla - 2.90, Large Speciality Tea - Peppermint - 1.60, Regular Flavoured latte - Vanilla - 2.55, Large Hot chocolate - 2.90",13.65,CASH,
19/04/2025 14:56,London Camden,Mark Foster,"Large Iced latte - 2.85, Regular Flavoured hot chocolate - Hazelnut - 2.60",5.45,CASH,
19/04/2025 14:57,London Camden,Douglas Norfleet,"Large Iced latte - 2.85, Large Chai latte - 2.60, Large Flavoured latte - Vanilla - 2.85, Regular Flavoured hot chocolate - Hazelnut - 2.60",10.9,CARD,1191935676894109
19/04/2025 14:58,London Camden,Bobby Welter,Regular Speciality Tea - Peppermint - 1.30,1.3,CASH,
19/04/2025 14:59,London Camden,Carolyn Beall,"Regular Luxury hot chocolate - 2.40, Regular Flavoured latte - Vanilla - 2.55, Large Chai latte - 2.60, Large Hot chocolate - 2.90",10.45,CARD,2582988357073236
19/04/2025 14:59,London Camden,Robert Lynch,Large Iced latte - 2.85,2.85,CARD,7781273934135127
19/04/2025 15:00,London Camden,Maria Campbell,"Large Luxury hot chocolate - 2.70, Regular Luxury hot chocolate - 2.40",5.1,CARD,3802828747217759
19/04/2025 15:01,London Camden,Gloria Straka,"Regular Iced latte - 2.35, Large Speciality Tea - Peppermint - 1.60, Large Speciality Tea - Peppermint - 1.60",5.55,CARD,9361926786311041
19/04/2025 15:03,London Camden,Gregory Weiss,Regular Luxury hot chocolate - 2.40,2.4,CARD,5288492173170761
19/04/2025 15:04,London Camden,Zane Daly,"Large Speciality Tea - Peppermint - 1.60, Large Iced latte - 2.85",4.45,CARD,4718633606675240
19/04/2025 15:05,London Camden,William Stewart,"Regular Flavoured hot chocolate - Vanilla - 2.60, Large Flavoured latte - Vanilla - 2.85",5.45,CARD,9969507977379129
19/04/2025 15:06,London Camden,Christian Ross,"Large Speciality Tea - Peppermint - 1.60, Regular Hot chocolate - 2.20",3.8,CARD,4975208924667449
19/04/2025 15:07,London Camden,Jonathan Watson,"Regular Chai latte - 2.30, Regular Speciality Tea - Peppermint - 1.30, Large Chai latte - 2.60, Regular Flavoured hot chocolate - Hazelnut - 2.60",8.8,CARD,5171797207126877
19/04/2025 15:08,London Camden,Catherine Simon,"Large Chai latte - 2.60, Large Iced latte - 2.85, Regular Speciality Tea - Peppermint - 1.30, Regular Flavoured hot chocolate - Hazelnut - 2.60",9.35,CARD,8211472445133111
19/04/2025 15:10,London Camden,Heidi Schneck,"Regular Flavoured hot chocolate - Hazelnut - 2.60, Large Iced latte - 2.85",5.45,CASH,
19/04/2025 15:11,London Camden,Ryan Madan,Regular Luxury hot chocolate - 2.40,2.4,CARD,9029135449504029
19/04/2025 15:12,London Camden,Aubrey Bagley,"Regular Hot chocolate - 2.20, Regular Speciality Tea - Peppermint - 1.30, Regular Hot chocolate - 2.20, Regular Flavoured latte - Vanilla - 2.55, Regular Flavoured latte - Vanilla - 2.55",10.8,CARD,6718104292164139
19/04/2025 15:13,London Camden,Larry Wang,"Large Luxury hot chocolate - 2.70, Regular Iced latte - 2.35, Large Chai latte - 2.60",7.65,CARD,6128789351292683
19/04/2025 15:14,London Camden,Sarah Gordon,"Large Flavoured hot chocolate - Vanilla - 2.90, Regular Flavoured hot chocolate - Hazelnut - 2.60, Regular Flavoured hot chocolate - Hazelnut - 2.60, Regular Chai latte - 2.30",10.4,CARD,3307438119707635
19/04/2025 15:15,London Camden,Justin Powers,"Regular Iced latte - 2.35, Large Hot chocolate - 2.90",5.25,CASH,
19/04/2025 15:17,London Camden,Kathleen Schaffer,"Large Speciality Tea - Peppermint - 1.60, Regular Hot chocolate - 2.20, Large Flavoured hot chocolate - Hazelnut - 2.90",6.7,CARD,7965701271795344
19/04/2025 15:18,London Camden,Shaneka Jordan,"Regular Flavoured hot chocolate - Vanilla - 2.60, Large Flavoured hot chocolate - Vanilla - 2.90, Large Flavoured hot chocolate - Vanilla - 2.90, Regular Flavoured latte - Vanilla - 2.55",10.95,CARD,9509461316119808
19/04/2025 15:19,London Camden,Yetta Blount,Regular Flavoured hot chocolate - Hazelnut - 2.60,2.6,CASH,
19/04/2025 15:20,London Camden,Gordon Panetta,"Large Speciality Tea - Peppermint - 1.60, Large Luxury hot chocolate - 2.70, Regular Flavoured hot chocolate - Hazelnut - 2.60",6.9,CASH,
19/04/2025 15:21,London Camden,Ingrid Williams,"Regular Iced latte - 2.35, Regular Flavoured latte - Vanilla - 2.55, Regular Flavoured hot chocolate - Vanilla - 2.60, Large Hot chocolate - 2.90, Regular Flavoured hot chocolate - Vanilla - 2.60",13.0,CASH,
19/04/2025 15:22,London Camden,Paul Jackson,"Regular Iced latte - 2.35, Large Speciality Tea - Peppermint - 1.60, Large Flavoured latte - Vanilla - 2.85, Regular Iced latte - 2.35",9.15,CARD,9036215423073271
19/04/2025 15:24,London Camden,Christopher Koontz,"Regular Flavoured hot chocolate - Hazelnut - 2.60, Large Hot chocolate - 2.90, Large Iced latte - 2.85",8.35,CARD,4784996440313869
19/04/2025 15:25,London Camden,David Petersen,"Large Flavoured latte - Vanilla - 2.85, Large Hot chocolate - 2.90, Regular Luxury hot chocolate - 2.40, Regular Flavoured latte - Vanilla - 2.55, Regular Chai latte - 2.30",13.0,CASH,
19/04/2025 15:26,London Camden,Sylvia Cunningham,Large Flavoured hot chocolate - Vanilla - 2.90,2.9,CARD,3492281237273285
19/04/2025 15:27,London Camden,Brett Maione,"Regular Hot chocolate - 2.20, Large Speciality Tea - Peppermint - 1.60, Large Flavoured latte - Vanilla - 2.85, Large Iced latte - 2.85, Large Flavoured latte - Vanilla - 2.85",12.35,CARD,4466559903490312
19/04/2025 15:28,London Camden,Krista Morris,Large Flavoured latte - Vanilla - 2.85,2.85,CASH,
19/04/2025 15:29,London Camden,David Olvera,"Regular Chai latte - 2.30, Regular Flavoured latte - Vanilla - 2.55, Large Flavoured latte - Vanilla - 2.85, Regular Flavoured hot chocolate - Hazelnut - 2.60",10.3,CASH,
19/04/2025 15:31,London Camden,Stephen Sullivan,Large Speciality Tea - Peppermint - 1.60,1.6,CARD,7102934814918454
19/04/2025 15:32,London Camden,Jean Blouin,"Large Flavoured hot chocolate - Vanilla - 2.90, Large Chai latte - 2.60, Large Flavoured latte - Vanilla - 2.85",8.35,CASH,
19/04/2025 15:33,London Camden,Emily Best,"Large Iced latte - 2.85, Large Speciality Tea - Peppermint - 1.60",4.45,CASH,
19/04/2025 15:34,London Camden,Gerald Guzman,"Regular Chai latte - 2.30, Large Luxury hot chocolate - 2.70",5.0,CARD,3179460209493103
19/04/2025 15:35,London Camden,Angel Beckman,"Regular Flavoured latte - Vanilla - 2.55, Regular Luxury hot chocolate - 2.40",4.95,CARD,6422778790671599
19/04/2025 15:36,London Camden,Ismael Simpson,"Regular Luxury hot chocolate - 2.40, Regular Chai latte - 2.30, Large Flavoured hot chocolate - Vanilla - 2.90",7.6,CARD,5324683497341439
19/04/2025 15:38,London Camden,Amanda Bell,"Regular Speciality Tea - Peppermint - 1.30, Regular Hot chocolate - 2.20, Large Chai latte - 2.60",6.1,CASH,
19/04/2025 15:39,London Camden,Wesley Mcgill,Large Chai latte - 2.60,2.6,CARD,1466070725860573
19/04/2025 15:40,London Camden,Susan Morgan,Large Flavoured hot chocolate - Hazelnut - 2.90,2.9,CARD,2171059342987997
19/04/2025 15:41,London Camden,Melany Mckouen,Regular Luxury hot chocolate - 2.40,2.4,CASH,
19/04/2025 15:42,London Camden,Raymond Wrape,"Regular Hot chocolate - 2.20, Regular Iced latte - 2.35, Large Hot chocolate - 2.90, Regular Hot chocolate - 2.20",9.65,CARD,8533184718427491
19/04/2025 15:43,London Camden,Clarence Tuck,"Regular Flavoured hot chocolate - Hazelnut - 2.60, Large Chai latte - 2.60, Regular Flavoured hot chocolate - Hazelnut - 2.60, Regular Hot chocolate - 2.20",10.0,CARD,8159107907525141
19/04/2025 15:45,London Camden,Courtney Joyce,"Large Flavoured latte - Vanilla - 2.85, Regular Speciality Tea - Peppermint - 1.30, Large Iced latte - 2.85, Regular Chai latte - 2.30",9.3,CASH,
19/04/2025 15:46,London Camden,Kathleen Ogburn,"Regular Chai latte - 2.30, Large Hot chocolate - 2.90",5.2,CASH,
19/04/2025 15:47,London Camden,Joanne Perron,"Regular Flavoured hot chocolate - Vanilla - 2.60, Large Flavoured hot chocolate - Hazelnut - 2.90",5.5,CASH,
19/04/2025 15:48,London Camden,Dennis Englander,"Large Flavoured latte - Vanilla - 2.85, Regular Hot chocolate - 2.20, Regular Hot chocolate - 2.20",7.25,CARD,2417666257381055
19/04/2025 15:49,London Camden,Carl Aguilar,"Regular Hot chocolate - 2.20, Regular Speciality Tea - Peppermint - 1.30",3.5,CASH,
19/04/2025 15:50,London Camden,Jason Allen,"Regular Speciality Tea - Peppermint - 1.30, Large Speciality Tea - Peppermint - 1.60, Large Luxury hot chocolate - 2.70, Large Iced latte - 2.85, Large Flavoured hot chocolate - Hazelnut - 2.90, Large Chai latte - 2.60",13.95,CASH,
19/04/2025 15:52,London Camden,Carol Crites,"Large Flavoured hot chocolate - Vanilla - 2.90, Large Iced latte - 2.85, Large Iced latte - 2.85",8.6,CARD,3724827520572058
19/04/2025 15:53,London Camden,David Miya,"Regular Flavoured hot chocolate - Hazelnut - 2.60, Regular Flavoured latte - Vanilla - 2.55",5.15,CARD,7109044135724200
19/04/2025 15:54,London Camden,Rochelle Watkins,Regular Flavoured hot chocolate - Vanilla - 2.60,2.6,CARD,9409635796825273
19/04/2025 15:55,London Camden,Roger Stohr,"Large Speciality Tea - Peppermint - 1.60, Regular Chai latte - 2.30, Regular Iced latte - 2.35, Regular Flavoured hot chocolate - Vanilla - 2.60, Large Flavoured latte - Vanilla - 2.85",11.7,CARD,3074792301560866
19/04/2025 15:56,London Camden,Emanuel Gloria,Regular Iced latte - 2.35,2.35,CARD,9701162973540961
19/04/2025 15:57,London Camden,Bonnie Standard,Regular Speciality Tea - Peppermint - 1.30,1.3,CARD,5360250610519324
19/04/2025 15:59,London Camden,Victoria Horvath,Large Speciality Tea - Peppermint - 1.60,1.6,CASH,
19/04/2025 16:00,London Camden,Norma Newell,Large Flavoured hot chocolate - Hazelnut - 2.90,2.9,CARD,3919359658512283
19/04/2025 16:02,London Camden,Michael Simmons,Large Flavoured hot chocolate - Vanilla - 2.90,2.9,CASH,
19/04/2025 16:04,London Camden,Jesus Corrales,"Regular Flavoured hot chocolate - Hazelnut - 2.60, Regular Speciality Tea - Peppermint - 1.30",3.9,CASH,
19/04/2025 16:06,London Camden,Faye Mccormick,"Large Luxury hot chocolate - 2.70, Large Flavoured latte - Vanilla - 2.85, Large Luxury hot chocolate - 2.70, Regular Hot chocolate - 2.20, Regular Chai latte - 2.30, Regular Chai latte - 2.30",15.05,CASH,
19/04/2025 16:09,London Camden,Evelyn Montgomery,"Large Flavoured hot chocolate - Hazelnut - 2.90, Large Flavoured hot chocolate - Vanilla - 2.90, Large Chai latte - 2.60",8.4,CASH,
19/04/2025 16:11,London Camden,Casie Mooney,Large Flavoured latte - Vanilla - 2.85,2.85,CASH,
19/04/2025 16:13,London Camden,Patrick Cooper,"Regular Luxury hot chocolate - 2.40, Large Flavoured hot chocolate - Vanilla - 2.90, Regular Speciality Tea - Peppermint - 1.30",6.6,CARD,3193144372654069
19/04/2025 16:15,London Camden,Danyelle Bushaw,"Regular Flavoured hot chocolate - Vanilla - 2.60, Large Luxury hot chocolate - 2.70, Regular Flavoured latte - Vanilla - 2.55, Large Luxury hot chocolate - 2.70",10.55,CASH,
19/04/2025 16:18,London Camden,James Brann,"Regular Luxury hot chocolate - 2.40, Regular Flavoured hot chocolate - Vanilla - 2.60, Large Flavoured latte - Vanilla - 2.85, Regular Chai latte - 2.30, Large Chai latte - 2.60",12.75,CARD,9597216817819354
19/04/2025 16:20,London Camden,Matthew Tylwalk,"Large Flavoured hot chocolate - Hazelnut - 2.90, Regular Speciality Tea - Peppermint - 1.30",4.2,CARD,1328636019631679
19/04/2025 16:22,London Camden,Kendra Daniels,"Large Flavoured hot chocolate - Hazelnut - 2.90, Large Flavoured latte - Vanilla - 2.85, Regular Flavoured hot chocolate - Vanilla - 2.60, Regular Flavoured hot chocolate - Hazelnut - 2.60",10.95,CASH,
19/04/2025 16:24,London Camden,Francesca Ferguson,"Regular Speciality Tea - Peppermint - 1.30, Large Iced latte - 2.85, Regular Iced latte - 2.35",6.5,CARD,6628291316600838
19/04/2025 16:26,London Camden,Sean Mushtaq,Regular Iced latte - 2.35,2.35,CARD,7780631080494576
19/04/2025 16:29,London Camden,Edwin Bell,"Large Luxury hot chocolate - 2.70, Regular Flavoured hot chocolate - Vanilla - 2.60, Large Flavoured hot chocolate - Vanilla - 2.90",8.2,CASH,
19/04/2025 16:31,London Camden,James Gardner,Large Flavoured hot chocolate - Hazelnut - 2.90,2.9,CARD,9372377014623372
19/04/2025 16:33,London Camden,Christal Martin,"Regular Luxury hot chocolate - 2.40, Large Chai latte - 2.60, Regular Iced latte - 2.35, Regular Flavoured hot chocolate - Vanilla - 2.60, Regular Flavoured hot chocolate - Vanilla - 2.60",12.55,CARD,4646631886559933
19/04/2025 16:35,London Camden,Karissa Worthy,"Large Luxury hot chocolate - 2.70, Large Flavoured latte - Vanilla - 2.85, Large Iced latte - 2.85, Regular Flavoured hot chocolate - Vanilla - 2.60, Large Flavoured hot chocolate - Vanilla - 2.90",13.9,CARD,8564780174269234
19/04/2025 16:37,London Camden,Joseph Romero,"Large Flavoured hot chocolate - Vanilla - 2.90, Regular Hot chocolate - 2.20",5.1,CARD,6350052850699881
19/04/2025 16:40,London Camden,Maria Jemison,Large Hot chocolate - 2.90,2.9,CARD,8602804840248117
19/04/2025 16:42,London Camden,Lenora Miller,Regular Flavoured hot chocolate - Vanilla - 2.60,2.6,CASH,
19/04/2025 16:44,London Camden,Brenda Long,"Large Iced latte - 2.85, Regular Speciality Tea - Peppermint - 1.30, Regular Speciality Tea - Peppermint - 1.30, Regular Flavoured latte - Vanilla - 2.55",8.0,CARD,5849256112650831
19/04/2025 16:46,London Camden,Jimmy Graham,"Large Luxury hot chocolate - 2.70, Large Hot chocolate - 2.90, Large Speciality Tea - Peppermint - 1.60",7.2,CASH,
19/04/2025 16:49,London Camden,Ruth Anderson,"Large Luxury hot chocolate - 2.70, Regular Chai latte - 2.30, Regular Flavoured hot chocolate - Hazelnut - 2.60, Large Flavoured latte - Vanilla - 2.85",10.45,CARD,6672557722237970
19/04/2025 16:51,London Camden,Amanda Covington,"Large Luxury hot chocolate - 2.70, Regular Chai latte - 2.30, Large Luxury hot chocolate - 2.70, Large Iced latte - 2.85",10.55,CARD,3474306699280092
19/04/2025 16:53,London Camden,Marie Davis,Regular Flavoured hot chocolate - Vanilla - 2.60,2.6,CASH,
19/04/2025 16:55,London Camden,Yolanda Richardson,"Large Flavoured hot chocolate - Hazelnut - 2.90, Large Speciality Tea - Peppermint - 1.60, Regular Speciality Tea - Peppermint - 1.30, Regular Hot chocolate - 2.20",8.0,CARD,7835709054596736
19/04/2025 16:57,London Camden,Angela Ostroski,"Regular Luxury hot chocolate - 2.40, Regular Flavoured latte - Vanilla - 2.55, Large Speciality Tea - Peppermint - 1.60, Large Flavoured hot chocolate - Vanilla - 2.90",9.45,CARD,9878111831174160
