15/04/2025 08:00,London Greenwich,Christopher Berg,"Regular Iced americano - 2.15, Large Flavoured iced latte - Caramel - 3.25, Regular Frappes - Strawberries & Cream - 2.75",8.15,CARD,2488386132379949
15/04/2025 08:01,London Greenwich,Chad Mckoan,"Large Flavoured iced latte - Caramel - 3.25, Large Frappes - Chocolate Cookie - 3.25",6.5,CARD,4027383134965093
15/04/2025 08:03,London Greenwich,Archie Terkelsen,"Regular Iced americano - 2.15, Regular Flavoured iced latte - Caramel - 2.75, Regular Flavoured iced latte - Caramel - 2.75",7.65,CASH,
15/04/2025 08:05,London Greenwich,Kenneth Porter,Regular Iced americano - 2.15,2.15,CARD,2882057156069569
15/04/2025 08:07,London Greenwich,Monica Mcgrath,"Large Flavoured iced latte - Caramel - 3.25, Large Frappes - Chocolate Cookie - 3.25, Regular Frappes - Chocolate Cookie - 2.75, Large Frappes - Strawberries & Cream - 3.25, Regular Flavoured iced latte - Caramel - 2.75",15.25,CARD,4031225207154245
15/04/2025 08:08,London Greenwich,James Anderson,"Large Frappes - Strawberries & Cream - 3.25, Regular Flavoured iced latte - Caramel - 2.75",6.0,CARD,1462817853966989
15/04/2025 08:10,London Greenwich,David Barnes,"Regular Flavoured iced latte - Caramel - 2.75, Regular Latte - 2.15, Regular Latte - 2.15, Large Latte - 2.45, Large Latte - 2.45",11.95,CASH,
15/04/2025 08:12,London Greenwich,Bobby Farrell,Large Frappes - Strawberries & Cream - 3.25,3.25,CARD,1310680903403403
15/04/2025 08:14,London Greenwich,Joseph Bice,Large Flavoured iced latte - Caramel - 3.25,3.25,CARD,9743323521770251
15/04/2025 08:15,London Greenwich,Annie Garza,Large Frappes - Strawberries & Cream - 3.25,3.25,CARD,8760631645410130
15/04/2025 08:17,London Greenwich,Javier Schell,"Regular Iced americano - 2.15, Large Frappes - Chocolate Cookie - 3.25",5.4,CARD,9875559923599677
15/04/2025 08:19,London Greenwich,Judy Mcrae,Regular Frappes - Strawberries & Cream - 2.75,2.75,CARD,8776052924681255
15/04/2025 08:21,London Greenwich,Mary Patterson,"Large Frappes - Chocolate Cookie - 3.25, Large Flavoured iced latte - Caramel - 3.25",6.5,CASH,
15/04/2025 08:22,London Greenwich,Pamela Miller,"Regular Frappes - Strawberries & Cream - 2.75, Large Iced americano - 2.50",5.25,CASH,
15/04/2025 08:24,London Greenwich,Bridgette Dunn,"Large Flavoured iced latte - Caramel - 3.25, Regular Iced americano - 2.15",5.4,CARD,6421728107762671
15/04/2025 08:26,London Greenwich,Charlotte Copley,"Large Frappes - Strawberries & Cream - 3.25, Regular Frappes - Strawberries & Cream - 2.75, Large Frappes - Chocolate Cookie - 3.25, Regular Flavoured iced latte - Caramel - 2.75, Regular Flavoured iced latte - Caramel - 2.75",14.75,CARD,7926766755916579
15/04/2025 08:28,London Greenwich,Mary Sharp,"Regular Latte - 2.15, Regular Latte - 2.15",4.3,CARD,8927526017072538
15/04/2025 08:29,London Greenwich,Justin Rowland,Regular Latte - 2.15,2.15,CARD,4186933745906445
15/04/2025 08:31,London Greenwich,Lola Schroeder,"Large Frappes - Chocolate Cookie - 3.25, Regular Iced americano - 2.15, Regular Flavoured iced latte - Caramel - 2.75",8.15,CARD,5745969825817195
15/04/2025 08:33,London Greenwich,Carrie Compton,"Large Flavoured iced latte - Caramel - 3.25, Regular Iced americano - 2.15, Regular Flavoured iced latte - Caramel - 2.75",8.15,CARD,7099270097395003
15/04/2025 08:35,London Greenwich,Erica Boddie,"Regular Frappes - Chocolate Cookie - 2.75, Large Frappes - Strawberries & Cream - 3.25",6.0,CASH,
15/04/2025 08:36,London Greenwich,Wade Shorr,"Large Latte - 2.45, Large Flavoured iced latte - Caramel - 3.25, Regular Iced americano - 2.15",7.85,CARD,2846048121260824
15/04/2025 08:38,London Greenwich,Adam Thomas,"Regular Flavoured iced latte - Caramel - 2.75, Large Frappes - Chocolate Cookie - 3.25, Regular Latte - 2.15, Large Frappes - Strawberries & Cream - 3.25",11.4,CARD,7900385304589057
15/04/2025 08:40,London Greenwich,Stephen Mcshea,Regular Flavoured iced latte - Caramel - 2.75,2.75,CARD,5790816709473953
15/04/2025 08:42,London Greenwich,Graciela Ashley,"Large Flavoured iced latte - Caramel - 3.25, Large Latte - 2.45, Large Latte - 2.45",8.15,CARD,1813535451143780
15/04/2025 08:43,London Greenwich,Ruby Carter,"Large Frappes - Chocolate Cookie - 3.25, Large Frappes - Chocolate Cookie - 3.25, Regular Iced americano - 2.15",8.65,CARD,7396849091539956
15/04/2025 08:45,London Greenwich,Carmen Ponce,"Large Flavoured iced latte - Caramel - 3.25, Large Flavoured iced latte - Caramel - 3.25",6.5,CARD,8471453966396755
15/04/2025 08:47,London Greenwich,Jeffrey Hughes,"Large Frappes - Strawberries & Cream - 3.25, Large Latte - 2.45",5.7,CARD,9997785194885519
15/04/2025 08:49,London Greenwich,Henry Johnson,"Large Iced americano - 2.50, Regular Flavoured iced latte - Caramel - 2.75",5.25,CARD,6300346614079301
15/04/2025 08:50,London Greenwich,Terry Aiello,"Large Latte - 2.45, Large Frappes - Strawberries & Cream - 3.25",5.7,CASH,
15/04/2025 08:52,London Greenwich,Maryland Weller,"Regular Frappes - Chocolate Cookie - 2.75, Large Latte - 2.45, Regular Frappes - Strawberries & Cream - 2.75, Large Latte - 2.45, Regular Frappes - Strawberries & Cream - 2.75, Large Frappes - Strawberries & Cream - 3.25",16.4,CARD,9934939777714440
15/04/2025 08:54,London Greenwich,Arthur Welch,"Regular Frappes - Chocolate Cookie - 2.75, Regular Iced americano - 2.15, Regular Frappes - Strawberries & Cream - 2.75, Regular Frappes - Strawberries & Cream - 2.75, Large Frappes - Strawberries & Cream - 3.25, Large Iced americano - 2.50",16.15,CASH,
15/04/2025 08:56,London Greenwich,Joseph Harper,Regular Latte - 2.15,2.15,CARD,4996997945340006
15/04/2025 08:57,London Greenwich,Judy Clark,"Large Frappes - Chocolate Cookie - 3.25, Large Frappes - Strawberries & Cream - 3.25",6.5,CARD,5422294306569857
15/04/2025 08:59,London Greenwich,Harry Page,"Regular Flavoured iced latte - Caramel - 2.75, Regular Frappes - Strawberries & Cream - 2.75, Large Iced americano - 2.50",8.0,CASH,
15/04/2025 09:01,London Greenwich,Elbert Davidson,Regular Flavoured iced latte - Caramel - 2.75,2.75,CARD,1706327564855584
15/04/2025 09:05,London Greenwich,America Lowery,"Regular Frappes - Strawberries & Cream - 2.75, Regular Latte - 2.15, Regular Latte - 2.15, Regular Latte - 2.15, Large Latte - 2.45",11.65,CARD,7324746084391770
15/04/2025 09:08,London Greenwich,Juanita Keller,"Regular Flavoured iced latte - Caramel - 2.75, Regular Flavoured iced latte - Caramel - 2.75, Large Iced americano - 2.50, Regular Latte - 2.15",10.15,CARD,1131599131931512
15/04/2025 09:12,London Greenwich,Salvador Hughes,"Regular Iced americano - 2.15, Large Latte - 2.45",4.6,CARD,3794307278530793
15/04/2025 09:15,London Greenwich,William Penny,"Large Flavoured iced latte - Caramel - 3.25, Regular Frappes - Chocolate Cookie - 2.75",6.0,CARD,5762024180608114
15/04/2025 09:19,London Greenwich,Jolene Klatt,"Regular Latte - 2.15, Regular Iced americano - 2.15",4.3,CARD,3090552168098541
15/04/2025 09:22,London Greenwich,Jodi Wong,"Regular Iced americano - 2.15, Regular Flavoured iced latte - Caramel - 2.75, Regular Latte - 2.15",7.05,CARD,8752121337648627
15/04/2025 09:26,London Greenwich,Diane Foster,"Regular Iced americano - 2.15, Regular Flavoured iced latte - Caramel - 2.75",4.9,CARD,3225943783732083
15/04/2025 09:29,London Greenwich,Betty Hanson,Large Flavoured iced latte - Caramel - 3.25,3.25,CARD,6257619335693643
15/04/2025 09:33,London Greenwich,Dennis Strong,"Regular Iced americano - 2.15, Large Frappes - Chocolate Cookie - 3.25, Regular Frappes - Chocolate Cookie - 2.75, Large Frappes - Strawberries & Cream - 3.25, Large Flavoured iced latte - Caramel - 3.25, Regular Latte - 2.15",16.8,CARD,3115221022202709
15/04/2025 09:36,London Greenwich,Agnes Bojorquez,"Large Frappes - Chocolate Cookie - 3.25, Large Flavoured iced latte - Caramel - 3.25, Regular Flavoured iced latte - Caramel - 2.75, Regular Iced americano - 2.15",11.4,CARD,5404127481194267
15/04/2025 09:40,London Greenwich,Richard Duckett,"Large Frappes - Strawberries & Cream - 3.25, Large Latte - 2.45, Regular Flavoured iced latte - Caramel - 2.75",8.45,CARD,3860509274172683
15/04/2025 09:43,London Greenwich,Shannon Cart,"Regular Flavoured iced latte - Caramel - 2.75, Regular Frappes - Strawberries & Cream - 2.75",5.5,CARD,3716398088586296
15/04/2025 09:47,London Greenwich,Laura Seedorf,"Large Latte - 2.45, Regular Iced americano - 2.15",4.6,CARD,1067660570797066
15/04/2025 09:50,London Greenwich,Albert Timme,"Large Frappes - Chocolate Cookie - 3.25, Large Latte - 2.45",5.7,CARD,3951274935174510
15/04/2025 09:54,London Greenwich,Mark Newcomb,Regular Flavoured iced latte - Caramel - 2.75,2.75,CASH,
15/04/2025 09:57,London Greenwich,Edward Wilcox,"Large Iced americano - 2.50, Large Iced americano - 2.50, Regular Latte - 2.15, Large Frappes - Strawberries & Cream - 3.25, Large Frappes - Strawberries & Cream - 3.25",13.65,CASH,
15/04/2025 10:01,London Greenwich,Emma Glancy,"Large Frappes - Chocolate Cookie - 3.25, Regular Frappes - Strawberries & Cream - 2.75",6.0,CARD,5092417386155884
15/04/2025 10:02,London Greenwich,Ossie Jackson,"Large Frappes - Strawberries & Cream - 3.25, Regular Frappes - Strawberries & Cream - 2.75",6.0,CARD,1597458538846314
15/04/2025 10:04,London Greenwich,Rochelle Smith,Large Frappes - Chocolate Cookie - 3.25,3.25,CARD,5794390694758499
15/04/2025 10:05,London Greenwich,Jackie Luongo,"Large Latte - 2.45, Regular Flavoured iced latte - Caramel - 2.75, Regular Frappes - Strawberries & Cream - 2.75",7.95,CASH,
15/04/2025 10:06,London Greenwich,Ricardo Lanza,"Large Iced americano - 2.50, Large Flavoured iced latte - Caramel - 3.25, Large Flavoured iced latte - Caramel - 3.25",9.0,CARD,8163786804944233
15/04/2025 10:08,London Greenwich,Corey Tabares,"Regular Iced americano - 2.15, Large Flavoured iced latte - Caramel - 3.25, Large Frappes - Strawberries & Cream - 3.25, Regular Latte - 2.15, Regular Flavoured iced latte - Caramel - 2.75, Regular Flavoured iced latte - Caramel - 2.75",16.3,CARD,5314612950666491
15/04/2025 10:09,London Greenwich,Margaret Rhodes,Large Frappes - Chocolate Cookie - 3.25,3.25,CASH,
15/04/2025 10:10,London Greenwich,Kathleen Mcvay,"Large Frappes - Strawberries & Cream - 3.25, Regular Frappes - Chocolate Cookie - 2.75, Regular Flavoured iced latte - Caramel - 2.75, Regular Latte - 2.15",10.9,CARD,1086877809547917
15/04/2025 10:12,London Greenwich,Carol Grey,"Large Flavoured iced latte - Caramel - 3.25, Large Latte - 2.45",5.7,CARD,1119773493393996
15/04/2025 10:13,London Greenwich,Mary Marconis,"Large Frappes - Chocolate Cookie - 3.25, Large Flavoured iced latte - Caramel - 3.25",6.5,CARD,9291929884627699
15/04/2025 10:15,London Greenwich,Debra Rodrigues,"Large Iced americano - 2.50, Regular Flavoured iced latte - Caramel - 2.75",5.25,CASH,
15/04/2025 10:16,London Greenwich,John Poindexter,"Regular Flavoured iced latte - Caramel - 2.75, Large Iced americano - 2.50, Large Frappes - Chocolate Cookie - 3.25",8.5,CASH,
15/04/2025 10:17,London Greenwich,David Dutchess,"Regular Iced americano - 2.15, Large Frappes - Strawberries & Cream - 3.25, Regular Frappes - Strawberries & Cream - 2.75",8.15,CASH,
15/04/2025 10:19,London Greenwich,Stacey Day,"Regular Iced americano - 2.15, Large Latte - 2.45",4.6,CARD,1159797166520464
15/04/2025 10:20,London Greenwich,Gregory Lavigne,"Regular Flavoured iced latte - Caramel - 2.75, Regular Flavoured iced latte - Caramel - 2.75, Large Iced americano - 2.50, Regular Latte - 2.15",10.15,CARD,7510433193499645
15/04/2025 10:22,London Greenwich,Kenneth Morgan,"Regular Frappes - Chocolate Cookie - 2.75, Regular Latte - 2.15, Large Iced americano - 2.50, Regular Frappes - Chocolate Cookie - 2.75",10.15,CASH,
15/04/2025 10:23,London Greenwich,Janet Keisler,Regular Flavoured iced latte - Caramel - 2.75,2.75,CARD,8264281395057163
15/04/2025 10:24,London Greenwich,Napoleon Carter,"Large Latte - 2.45, Regular Frappes - Chocolate Cookie - 2.75, Large Iced americano - 2.50",7.7,CASH,
15/04/2025 10:26,London Greenwich,Esperanza Vargas,"Large Flavoured iced latte - Caramel - 3.25, Regular Frappes - Chocolate Cookie - 2.75",6.0,CARD,4134988989994026
15/04/2025 10:27,London Greenwich,Phyllis Thomas,"Large Frappes - Chocolate Cookie - 3.25, Large Flavoured iced latte - Caramel - 3.25, Regular Iced americano - 2.15, Large Frappes - Strawberries & Cream - 3.25",11.9,CASH,
15/04/2025 10:28,London Greenwich,Darline Parrish,Regular Iced americano - 2.15,2.15,CASH,
15/04/2025 10:30,London Greenwich,Martin Bustamante,"Regular Latte - 2.15, Regular Frappes - Chocolate Cookie - 2.75",4.9,CARD,2088892889515340
15/04/2025 10:31,London Greenwich,Sarah Briggs,Large Frappes - Strawberries & Cream - 3.25,3.25,CASH,
15/04/2025 10:33,London Greenwich,Chris Peak,"Regular Latte - 2.15, Large Flavoured iced latte - Caramel - 3.25, Large Frappes - Strawberries & Cream - 3.25, Regular Iced americano - 2.15, Large Iced americano - 2.50",13.3,CARD,6828549891030164
15/04/2025 10:34,London Greenwich,Michelle Bennett,Regular Iced americano - 2.15,2.15,CARD,5600288477789802
15/04/2025 10:35,London Greenwich,Arlie George,"Regular Frappes - Chocolate Cookie - 2.75, Large Frappes - Chocolate Cookie - 3.25, Large Frappes - Chocolate Cookie - 3.25, Large Frappes - Chocolate Cookie - 3.25, Regular Iced americano - 2.15, Large Latte - 2.45",17.1,CARD,4424775725884945
15/04/2025 10:37,London Greenwich,Leonard Renz,Regular Frappes - Chocolate Cookie - 2.75,2.75,CARD,3453396459805800
15/04/2025 10:38,London Greenwich,Laura Ovit,"Regular Frappes - Strawberries & Cream - 2.75, Regular Flavoured iced latte - Caramel - 2.75, Regular Flavoured iced latte - Caramel - 2.75",8.25,CARD,5385078651122078
15/04/2025 10:40,London Greenwich,Brenton Kieser,"Large Latte - 2.45, Large Frappes - Chocolate Cookie - 3.25",5.7,CARD,1085433625277910
15/04/2025 10:41,London Greenwich,Joyce Johnson,"Regular Flavoured iced latte - Caramel - 2.75, Regular Frappes - Chocolate Cookie - 2.75, Regular Latte - 2.15",7.65,CARD,6467096765112197
15/04/2025 10:42,London Greenwich,William Bratton,"Large Frappes - Strawberries & Cream - 3.25, Regular Latte - 2.15, Regular Latte - 2.15, Large Frappes - Strawberries & Cream - 3.25, Regular Frappes - Chocolate Cookie - 2.75",13.55,CARD,4113609382118852
15/04/2025 10:44,London Greenwich,Edgar Ash,"Large Flavoured iced latte - Caramel - 3.25, Large Frappes - Chocolate Cookie - 3.25",6.5,CARD,7007030971345262
15/04/2025 10:45,London Greenwich,Gregory Edwards,"Large Flavoured iced latte - Caramel - 3.25, Large Frappes - Chocolate Cookie - 3.25, Regular Flavoured iced latte - Caramel - 2.75, Regular Frappes - Strawberries & Cream - 2.75, Large Flavoured iced latte - Caramel - 3.25",15.25,CARD,9194072047508982
15/04/2025 10:46,London Greenwich,Nancy Hernandez,"Large Latte - 2.45, Regular Flavoured iced latte - Caramel - 2.75",5.2,CARD,5698532241425110
15/04/2025 10:48,London Greenwich,Lou Strong,Large Flavoured iced latte - Caramel - 3.25,3.25,CARD,7054774765904614
15/04/2025 10:49,London Greenwich,Augustus Wayman,Regular Iced americano - 2.15,2.15,CARD,1793682892380462
15/04/2025 10:51,London Greenwich,Angel Helms,"Large Flavoured iced latte - Caramel - 3.25, Large Frappes - Strawberries & Cream - 3.25, Regular Iced americano - 2.15, Large Frappes - Strawberries & Cream - 3.25",11.9,CARD,5797830497746773
15/04/2025 10:52,London Greenwich,Larry Luiz,"Regular Flavoured iced latte - Caramel - 2.75, Regular Latte - 2.15, Regular Iced americano - 2.15",7.05,CARD,7601105545599574
15/04/2025 10:53,London Greenwich,Julia Kane,Large Frappes - Chocolate Cookie - 3.25,3.25,CARD,5411452595212883
15/04/2025 10:55,London Greenwich,Sidney Smith,"Large Frappes - Strawberries & Cream - 3.25, Regular Iced americano - 2.15",5.4,CARD,2374546305344251
15/04/2025 10:56,London Greenwich,Elsa Perry,"Large Latte - 2.45, Regular Frappes - Chocolate Cookie - 2.75",5.2,CARD,8407091609650805
15/04/2025 10:58,London Greenwich,Carol Bratton,Regular Flavoured iced latte - Caramel - 2.75,2.75,CARD,3223656862987023
15/04/2025 10:59,London Greenwich,Andrew Walker,Regular Latte - 2.15,2.15,CARD,7918378847161808
15/04/2025 11:00,London Greenwich,Alexis Lewis,"Regular Latte - 2.15, Regular Frappes - Chocolate Cookie - 2.75",4.9,CASH,
15/04/2025 11:02,London Greenwich,Melinda Brown,"Large Flavoured iced latte - Caramel - 3.25, Large Flavoured iced latte - Caramel - 3.25, Regular Frappes - Strawberries & Cream - 2.75, Regular Latte - 2.15",11.4,CARD,1503991516480811
15/04/2025 11:04,London Greenwich,Sandra Gagnon,"Regular Frappes - Strawberries & Cream - 2.75, Large Latte - 2.45",5.2,CASH,
15/04/2025 11:06,London Greenwich,Jacqueline Gray,"Large Iced americano - 2.50, Large Flavoured iced latte - Caramel - 3.25, Regular Frappes - Chocolate Cookie - 2.75, Regular Frappes - Chocolate Cookie - 2.75, Regular Latte - 2.15",13.4,CASH,
15/04/2025 11:08,London Greenwich,Brian Zuniga,"Large Latte - 2.45, Large Frappes - Chocolate Cookie - 3.25, Large Frappes - Strawberries & Cream - 3.25, Regular Frappes - Chocolate Cookie - 2.75",11.7,CARD,2486674577341334
15/04/2025 11:09,London Greenwich,Theresa Denney,"Regular Frappes - Chocolate Cookie - 2.75, Regular Flavoured iced latte - Caramel - 2.75",5.5,CASH,
15/04/2025 11:11,London Greenwich,Juan Fitzpatrick,Regular Frappes - Strawberries & Cream - 2.75,2.75,CARD,9482938476207820
15/04/2025 11:13,London Greenwich,Micheal Fernandez,"Regular Iced americano - 2.15, Large Frappes - Strawberries & Cream - 3.25, Large Flavoured iced latte - Caramel - 3.25, Large Flavoured iced latte - Caramel - 3.25, Large Flavoured iced latte - Caramel - 3.25",15.15,CARD,8933508180692107
15/04/2025 11:15,London Greenwich,Lila Powell,Large Iced americano - 2.50,2.5,CARD,7691237091701746
15/04/2025 11:17,London Greenwich,Angela Guerrero,Large Flavoured iced latte - Caramel - 3.25,3.25,CASH,
15/04/2025 11:18,London Greenwich,Bradley Smith,"Large Frappes - Strawberries & Cream - 3.25, Large Frappes - Strawberries & Cream - 3.25",6.5,CARD,5878521293785576
15/04/2025 11:20,London Greenwich,Jacob Blanks,Regular Frappes - Strawberries & Cream - 2.75,2.75,CARD,8143446613101436
15/04/2025 11:22,London Greenwich,Latasha Bell,"Regular Flavoured iced latte - Caramel - 2.75, Large Latte - 2.45",5.2,CARD,6480120482321387
15/04/2025 11:24,London Greenwich,George Kent,"Regular Flavoured iced latte - Caramel - 2.75, Large Iced americano - 2.50, Large Flavoured iced latte - Caramel - 3.25, Large Latte - 2.45",10.95,CARD,3364989607876677
15/04/2025 11:26,London Greenwich,David Atencio,"Regular Flavoured iced latte - Caramel - 2.75, Large Latte - 2.45",5.2,CARD,5696779954069554
15/04/2025 11:28,London Greenwich,James Neal,"Regular Flavoured iced latte - Caramel - 2.75, Large Frappes - Strawberries & Cream - 3.25, Large Latte - 2.45",8.45,CASH,
15/04/2025 11:29,London Greenwich,Jennifer Jones,"Large Latte - 2.45, Regular Flavoured iced latte - Caramel - 2.75, Large Frappes - Chocolate Cookie - 3.25",8.45,CASH,
15/04/2025 11:31,London Greenwich,Marvin Wilcox,Large Frappes - Strawberries & Cream - 3.25,3.25,CARD,3756606480438858
15/04/2025 11:33,London Greenwich,Jennifer Dietlin,"Large Flavoured iced latte - Caramel - 3.25, Regular Flavoured iced latte - Caramel - 2.75, Large Frappes - Strawberries & Cream - 3.25, Large Latte - 2.45",11.7,CASH,
15/04/2025 11:35,London Greenwich,Reggie Yoo,"Regular Frappes - Strawberries & Cream - 2.75, Large Flavoured iced latte - Caramel - 3.25",6.0,CASH,
15/04/2025 11:37,London Greenwich,Andrew Boyce,"Large Latte - 2.45, Large Frappes - Chocolate Cookie - 3.25, Large Frappes - Strawberries & Cream - 3.25, Regular Frappes - Strawberries & Cream - 2.75",11.7,CARD,1459053975606113
15/04/2025 11:38,London Greenwich,Jessie Kocon,"Large Frappes - Chocolate Cookie - 3.25, Regular Latte - 2.15, Large Frappes - Chocolate Cookie - 3.25, Large Flavoured iced latte - Caramel - 3.25",11.9,CARD,2939898260885278
15/04/2025 11:40,London Greenwich,Marie Boles,Large Latte - 2.45,2.45,CARD,9354121800779982
15/04/2025 11:42,London Greenwich,Donna Kinsey,"Large Flavoured iced latte - Caramel - 3.25, Large Frappes - Chocolate Cookie - 3.25",6.5,CARD,1015162054482889
15/04/2025 11:44,London Greenwich,Katherine Adams,"Regular Latte - 2.15, Large Frappes - Strawberries & Cream - 3.25, Large Frappes - Chocolate Cookie - 3.25",8.65,CASH,
15/04/2025 11:46,London Greenwich,Maria Loyd,"Regular Frappes - Chocolate Cookie - 2.75, Regular Latte - 2.15, Regular Flavoured iced latte - Caramel - 2.75",7.65,CASH,
15/04/2025 11:48,London Greenwich,Ruth Reeves,"Regular Iced americano - 2.15, Regular Frappes - Chocolate Cookie - 2.75, Regular Flavoured iced latte - Caramel - 2.75",7.65,CASH,
15/04/2025 11:49,London Greenwich,Carl Singleton,Regular Latte - 2.15,2.15,CARD,4295395845180124
15/04/2025 11:51,London Greenwich,Bernardo Hamblin,"Large Flavoured iced latte - Caramel - 3.25, Large Frappes - Strawberries & Cream - 3.25, Large Flavoured iced latte - Caramel - 3.25",9.75,CARD,3163416116483774
15/04/2025 11:53,London Greenwich,Mary Kantor,Regular Frappes - Chocolate Cookie - 2.75,2.75,CASH,
15/04/2025 11:55,London Greenwich,Michael Evans,"Regular Latte - 2.15, Large Latte - 2.45, Regular Iced americano - 2.15, Large Frappes - Strawberries & Cream - 3.25, Regular Flavoured iced latte - Caramel - 2.75",12.75,CASH,
15/04/2025 11:57,London Greenwich,Randy Silva,"Regular Frappes - Strawberries & Cream - 2.75, Regular Latte - 2.15",4.9,CASH,
15/04/2025 11:58,London Greenwich,Geralyn Fowlie,"Large Latte - 2.45, Regular Flavoured iced latte - Caramel - 2.75, Large Frappes - Strawberries & Cream - 3.25, Regular Frappes - Strawberries & Cream - 2.75",11.2,CARD,9312170793593815
15/04/2025 12:00,London Greenwich,Maria Howard,"Large Flavoured iced latte - Caramel - 3.25, Regular Frappes - Chocolate Cookie - 2.75",6.0,CARD,9693175803835676
15/04/2025 12:02,London Greenwich,Helen Mathison,Regular Iced americano - 2.15,2.15,CARD,6671583944171231
15/04/2025 12:05,London Greenwich,Ilene Frilling,"Regular Flavoured iced latte - Caramel - 2.75, Regular Frappes - Strawberries & Cream - 2.75, Large Latte - 2.45",7.95,CASH,
15/04/2025 12:07,London Greenwich,Tosha Macdonald,"Large Frappes - Strawberries & Cream - 3.25, Large Iced americano - 2.50",5.75,CARD,3225636484852451
15/04/2025 12:09,London Greenwich,Leona Mcrae,"Regular Frappes - Chocolate Cookie - 2.75, Regular Iced americano - 2.15, Large Frappes - Strawberries & Cream - 3.25",8.15,CARD,4751176291122258
15/04/2025 12:11,London Greenwich,Maurice Schaeffer,"Large Frappes - Strawberries & Cream - 3.25, Large Frappes - Strawberries & Cream - 3.25, Large Frappes - Strawberries & Cream - 3.25, Large Frappes - Strawberries & Cream - 3.25",13.0,CARD,6677488226463677
15/04/2025 12:14,London Greenwich,James Harvey,"Regular Iced americano - 2.15, Regular Frappes - Strawberries & Cream - 2.75, Regular Iced americano - 2.15, Regular Latte - 2.15",9.2,CARD,1229578809476754
15/04/2025 12:16,London Greenwich,Kim Smith,"Regular Frappes - Chocolate Cookie - 2.75, Regular Latte - 2.15",4.9,CARD,8650504164687126
15/04/2025 12:18,London Greenwich,William Murphrey,"Regular Frappes - Chocolate Cookie - 2.75, Large Latte - 2.45",5.2,CARD,7148488538551949
15/04/2025 12:20,London Greenwich,Patricia Brooks,Regular Latte - 2.15,2.15,CARD,9950589068526447
15/04/2025 12:22,London Greenwich,Janice Urban,"Regular Latte - 2.15, Large Frappes - Chocolate Cookie - 3.25",5.4,CARD,6557105368207722
15/04/2025 12:25,London Greenwich,Mathew Proctor,"Regular Frappes - Chocolate Cookie - 2.75, Regular Latte - 2.15",4.9,CARD,3603778329633709
15/04/2025 12:27,London Greenwich,Walter Bechtol,"Large Flavoured iced latte - Caramel - 3.25, Regular Frappes - Strawberries & Cream - 2.75, Regular Latte - 2.15",8.15,CARD,7954667631007569
15/04/2025 12:29,London Greenwich,Roderick Virkler,"Large Frappes - Chocolate Cookie - 3.25, Regular Latte - 2.15, Regular Frappes - Chocolate Cookie - 2.75",8.15,CASH,
15/04/2025 12:31,London Greenwich,Sharon Valado,Regular Frappes - Strawberries & Cream - 2.75,2.75,CASH,
15/04/2025 12:33,London Greenwich,Jacquelyn Wilkinson,Regular Frappes - Strawberries & Cream - 2.75,2.75,CASH,
15/04/2025 12:36,London Greenwich,Alan Brady,"Regular Frappes - Chocolate Cookie - 2.75, Regular Latte - 2.15, Regular Flavoured iced latte - Caramel - 2.75",7.65,CARD,5175933060011909
15/04/2025 12:38,London Greenwich,Thomas Ziadie,"Regular Frappes - Chocolate Cookie - 2.75, Large Flavoured iced latte - Caramel - 3.25, Regular Latte - 2.15, Large Iced americano - 2.50, Regular Flavoured iced latte - Caramel - 2.75",13.4,CARD,8536261750938283
15/04/2025 12:40,London Greenwich,Wanda Jenner,"Large Flavoured iced latte - Caramel - 3.25, Regular Frappes - Chocolate Cookie - 2.75",6.0,CASH,
15/04/2025 12:42,London Greenwich,Eartha Teeters,"Large Frappes - Chocolate Cookie - 3.25, Large Flavoured iced latte - Caramel - 3.25",6.5,CASH,
15/04/2025 12:45,London Greenwich,Oscar Smith,"Regular Frappes - Chocolate Cookie - 2.75, Large Frappes - Chocolate Cookie - 3.25",6.0,CASH,
15/04/2025 12:47,London Greenwich,Ben Ferguson,"Regular Flavoured iced latte - Caramel - 2.75, Large Frappes - Strawberries & Cream - 3.25, Regular Frappes - Chocolate Cookie - 2.75, Regular Frappes - Strawberries & Cream - 2.75, Large Flavoured iced latte - Caramel - 3.25",14.75,CASH,
15/04/2025 12:49,London Greenwich,Christine Robinson,"Large Frappes - Chocolate Cookie - 3.25, Large Flavoured iced latte - Caramel - 3.25",6.5,CARD,1129346372501584
15/04/2025 12:51,London Greenwich,David Ardis,"Large Iced americano - 2.50, Regular Flavoured iced latte - Caramel - 2.75, Large Frappes - Chocolate Cookie - 3.25, Regular Latte - 2.15, Regular Frappes - Strawberries & Cream - 2.75, Large Latte - 2.45",15.85,CARD,5498855285562055
15/04/2025 12:53,London Greenwich,Marguerite Canales,Large Flavoured iced latte - Caramel - 3.25,3.25,CASH,
15/04/2025 12:56,London Greenwich,Michael Tuttle,Large Frappes - Strawberries & Cream - 3.25,3.25,CARD,8286103268858500
15/04/2025 12:58,London Greenwich,Kaci Avalos,"Regular Iced americano - 2.15, Regular Flavoured iced latte - Caramel - 2.75, Regular Flavoured iced latte - Caramel - 2.75, Regular Iced americano - 2.15",9.8,CASH,
15/04/2025 13:00,London Greenwich,Richard Wyatt,"Regular Frappes - Strawberries & Cream - 2.75, Regular Frappes - Chocolate Cookie - 2.75, Regular Flavoured iced latte - Caramel - 2.75",8.25,CARD,6785067638720395
15/04/2025 13:01,London Greenwich,Patrick Jones,"Regular Flavoured iced latte - Caramel - 2.75, Regular Latte - 2.15, Large Frappes - Strawberries & Cream - 3.25, Large Latte - 2.45",10.6,CARD,1394700992705812
15/04/2025 13:02,London Greenwich,Christina Monigold,Regular Frappes - Strawberries & Cream - 2.75,2.75,CASH,
15/04/2025 13:03,London Greenwich,Lillie Greene,"Regular Iced americano - 2.15, Large Frappes - Strawberries & Cream - 3.25, Regular Frappes - Strawberries & Cream - 2.75, Regular Frappes - Chocolate Cookie - 2.75",10.9,CARD,7694560526536157
15/04/2025 13:04,London Greenwich,Arthur Gibson,"Regular Frappes - Strawberries & Cream - 2.75, Regular Iced americano - 2.15, Large Frappes - Chocolate Cookie - 3.25, Large Frappes - Strawberries & Cream - 3.25, Regular Flavoured iced latte - Caramel - 2.75",14.15,CARD,3437928357371362
15/04/2025 13:05,London Greenwich,Joann Olmstead,"Regular Flavoured iced latte - Caramel - 2.75, Large Frappes - Strawberries & Cream - 3.25, Regular Iced americano - 2.15, Large Frappes - Strawberries & Cream - 3.25",11.4,CARD,9255641428008522
15/04/2025 13:06,London Greenwich,Kimberly Sullivan,"Regular Latte - 2.15, Regular Latte - 2.15",4.3,CASH,
15/04/2025 13:07,London Greenwich,Gary Kirkham,"Large Flavoured iced latte - Caramel - 3.25, Regular Latte - 2.15",5.4,CARD,3168677798684407
15/04/2025 13:08,London Greenwich,Frank Arrington,Regular Latte - 2.15,2.15,CARD,9616630810192063
15/04/2025 13:09,London Greenwich,Gloria Hickson,"Regular Flavoured iced latte - Caramel - 2.75, Regular Flavoured iced latte - Caramel - 2.75, Large Iced americano - 2.50",8.0,CARD,3663122849080973
15/04/2025 13:10,London Greenwich,Joan Laney,"Large Frappes - Chocolate Cookie - 3.25, Regular Frappes - Chocolate Cookie - 2.75, Regular Frappes - Chocolate Cookie - 2.75, Regular Frappes - Strawberries & Cream - 2.75",11.5,CARD,3740612815965291
15/04/2025 13:11,London Greenwich,Joan Patterson,"Regular Frappes - Strawberries & Cream - 2.75, Regular Latte - 2.15, Regular Frappes - Strawberries & Cream - 2.75",7.65,CARD,4828841974136545
15/04/2025 13:11,London Greenwich,Brandon Williamson,Large Frappes - Chocolate Cookie - 3.25,3.25,CASH,
15/04/2025 13:12,London Greenwich,Linda Spannuth,"Large Frappes - Chocolate Cookie - 3.25, Large Latte - 2.45, Regular Frappes - Chocolate Cookie - 2.75, Regular Latte - 2.15",10.6,CARD,8228825143558305
15/04/2025 13:13,London Greenwich,Margaret Dixon,"Regular Frappes - Chocolate Cookie - 2.75, Large Flavoured iced latte - Caramel - 3.25, Regular Flavoured iced latte - Caramel - 2.75, Regular Latte - 2.15",10.9,CASH,
15/04/2025 13:14,London Greenwich,Daniel Gunter,"Large Flavoured iced latte - Caramel - 3.25, Regular Latte - 2.15, Regular Flavoured iced latte - Caramel - 2.75, Large Iced americano - 2.50",10.65,CARD,3229489258903734
15/04/2025 13:15,London Greenwich,Charles Paget,Regular Frappes - Chocolate Cookie - 2.75,2.75,CARD,6517660902607223
15/04/2025 13:16,London Greenwich,Bianca Cedeno,"Large Latte - 2.45, Large Flavoured iced latte - Caramel - 3.25, Large Frappes - Chocolate Cookie - 3.25",8.95,CARD,8367658235516881
15/04/2025 13:17,London Greenwich,Lonnie Bowers,"Regular Iced americano - 2.15, Large Frappes - Strawberries & Cream - 3.25, Large Flavoured iced latte - Caramel - 3.25, Large Latte - 2.45",11.1,CARD,4579513063788714
15/04/2025 13:18,London Greenwich,Natalie Smith,"Regular Flavoured iced latte - Caramel - 2.75, Regular Latte - 2.15, Regular Frappes - Strawberries & Cream - 2.75",7.65,CARD,7122974079839967
15/04/2025 13:19,London Greenwich,Rita Cole,Large Latte - 2.45,2.45,CARD,9687233103310555
15/04/2025 13:20,London Greenwich,Clyde Mullen,"Regular Frappes - Strawberries & Cream - 2.75, Regular Frappes - Strawberries & Cream - 2.75, Regular Frappes - Chocolate Cookie - 2.75",8.25,CARD,2485789831210255
15/04/2025 13:21,London Greenwich,Boyd Garner,"Regular Iced americano - 2.15, Large Flavoured iced latte - Caramel - 3.25, Large Frappes - Strawberries & Cream - 3.25, Regular Frappes - Chocolate Cookie - 2.75",11.4,CASH,
15/04/2025 13:22,London Greenwich,Stanley Isenberg,"Regular Flavoured iced latte - Caramel - 2.75, Large Frappes - Strawberries & Cream - 3.25, Regular Frappes - Chocolate Cookie - 2.75",8.75,CASH,
15/04/2025 13:23,London Greenwich,Laurie Rodriguez,"Regular Iced americano - 2.15, Large Flavoured iced latte - Caramel - 3.25",5.4,CASH,
15/04/2025 13:24,London Greenwich,James Dannenberg,"Large Frappes - Strawberries & Cream - 3.25, Regular Latte - 2.15, Large Frappes - Strawberries & Cream - 3.25, Regular Frappes - Strawberries & Cream - 2.75, Regular Frappes - Strawberries & Cream - 2.75",14.15,CARD,5744622414704931
15/04/2025 13:25,London Greenwich,Jane Henry,"Large Frappes - Strawberries & Cream - 3.25, Large Flavoured iced latte - Caramel - 3.25",6.5,CASH,
15/04/2025 13:26,London Greenwich,Evelyn Brewer,"Regular Iced americano - 2.15, Regular Frappes - Chocolate Cookie - 2.75, Large Flavoured iced latte - Caramel - 3.25, Regular Frappes - Strawberries & Cream - 2.75",10.9,CARD,1865737626507544
15/04/2025 13:27,London Greenwich,Effie Kaczmarek,Regular Flavoured iced latte - Caramel - 2.75,2.75,CASH,
15/04/2025 13:28,London Greenwich,Brenda Garcia,Regular Flavoured iced latte - Caramel - 2.75,2.75,CASH,
15/04/2025 13:29,London Greenwich,Christopher Tsang,"Regular Latte - 2.15, Regular Iced americano - 2.15, Regular Latte - 2.15, Large Frappes - Chocolate Cookie - 3.25, Regular Frappes - Chocolate Cookie - 2.75",12.45,CARD,6839580094063302
15/04/2025 13:30,London Greenwich,Bernardo Colgan,"Regular Latte - 2.15, Regular Frappes - Chocolate Cookie - 2.75, Large Latte - 2.45, Large Frappes - Strawberries & Cream - 3.25",10.6,CARD,5608269567801331
15/04/2025 13:30,London Greenwich,Gail Burg,"Regular Frappes - Chocolate Cookie - 2.75, Regular Iced americano - 2.15",4.9,CASH,
15/04/2025 13:31,London Greenwich,Willard Brown,"Large Frappes - Strawberries & Cream - 3.25, Large Frappes - Strawberries & Cream - 3.25, Large Flavoured iced latte - Caramel - 3.25, Regular Flavoured iced latte - Caramel - 2.75",12.5,CARD,4310560041942228
15/04/2025 13:32,London Greenwich,Diana Whicker,"Regular Latte - 2.15, Regular Iced americano - 2.15",4.3,CASH,
15/04/2025 13:33,London Greenwich,Iva Flores,"Large Frappes - Chocolate Cookie - 3.25, Large Iced americano - 2.50, Large Flavoured iced latte - Caramel - 3.25, Large Flavoured iced latte - Caramel - 3.25, Large Latte - 2.45, Large Flavoured iced latte - Caramel - 3.25",17.95,CARD,3875327484339318
15/04/2025 13:34,London Greenwich,Edward Yoder,"Large Flavoured iced latte - Caramel - 3.25, Regular Flavoured iced latte - Caramel - 2.75",6.0,CASH,
15/04/2025 13:35,London Greenwich,Olivia Woodall,Regular Flavoured iced latte - Caramel - 2.75,2.75,CASH,
15/04/2025 13:36,London Greenwich,Donald Staton,"Large Latte - 2.45, Regular Frappes - Strawberries & Cream - 2.75, Regular Flavoured iced latte - Caramel - 2.75",7.95,CARD,9798252536934740
15/04/2025 13:37,London Greenwich,Kathleen Searchwell,"Regular Frappes - Strawberries & Cream - 2.75, Regular Flavoured iced latte - Caramel - 2.75, Regular Frappes - Chocolate Cookie - 2.75, Regular Frappes - Chocolate Cookie - 2.75",11.0,CASH,
15/04/2025 13:38,London Greenwich,Mandi Brown,"Large Latte - 2.45, Large Frappes - Strawberries & Cream - 3.25, Regular Frappes - Strawberries & Cream - 2.75",8.45,CARD,4025699741836999
15/04/2025 13:39,London Greenwich,Krystal Randall,"Regular Flavoured iced latte - Caramel - 2.75, Large Latte - 2.45, Regular Flavoured iced latte - Caramel - 2.75",7.95,CASH,
15/04/2025 13:40,London Greenwich,Bettie Leonard,"Regular Frappes - Chocolate Cookie - 2.75, Regular Flavoured iced latte - Caramel - 2.75",5.5,CASH,
15/04/2025 13:41,London Greenwich,Chester Carter,"Large Frappes - Strawberries & Cream - 3.25, Large Latte - 2.45, Regular Frappes - Chocolate Cookie - 2.75",8.45,CARD,7113254246928118
15/04/2025 13:42,London Greenwich,Renata Bray,"Regular Frappes - Strawberries & Cream - 2.75, Regular Flavoured iced latte - Caramel - 2.75, Regular Iced americano - 2.15, Regular Frappes - Strawberries & Cream - 2.75, Large Frappes - Chocolate Cookie - 3.25",13.65,CASH,
15/04/2025 13:43,London Greenwich,Tara Koontz,Regular Frappes - Strawberries & Cream - 2.75,2.75,CARD,1469754073252857
15/04/2025 13:44,London Greenwich,James Boore,Large Iced americano - 2.50,2.5,CARD,1182545036267260
15/04/2025 13:45,London Greenwich,Steven Rudolph,"Regular Frappes - Strawberries & Cream - 2.75, Large Flavoured iced latte - Caramel - 3.25, Regular Frappes - Strawberries & Cream - 2.75",8.75,CARD,5233716539470058
15/04/2025 13:46,London Greenwich,Chloe Gray,"Large Frappes - Chocolate Cookie - 3.25, Regular Frappes - Strawberries & Cream - 2.75",6.0,CARD,8693530673761562
15/04/2025 13:47,London Greenwich,Myrtle Clayton,"Large Flavoured iced latte - Caramel - 3.25, Regular Frappes - Chocolate Cookie - 2.75",6.0,CASH,
15/04/2025 13:48,London Greenwich,Rick Vogel,Regular Flavoured iced latte - Caramel - 2.75,2.75,CARD,6114368204108364
15/04/2025 13:49,London Greenwich,Meghan Webb,"Regular Latte - 2.15, Regular Frappes - Strawberries & Cream - 2.75, Large Frappes - Strawberries & Cream - 3.25, Regular Iced americano - 2.15, Regular Frappes - Chocolate Cookie - 2.75",13.05,CARD,9017841242204525
15/04/2025 13:49,London Greenwich,Mark Mcentegart,"Large Frappes - Chocolate Cookie - 3.25, Regular Frappes - Chocolate Cookie - 2.75, Regular Frappes - Strawberries & Cream - 2.75",8.75,CARD,5988214417792008
15/04/2025 13:50,London Greenwich,Virginia Lovelady,"Regular Frappes - Strawberries & Cream - 2.75, Regular Frappes - Chocolate Cookie - 2.75",5.5,CASH,
15/04/2025 13:51,London Greenwich,Robert Gooding,"Large Latte - 2.45, Large Latte - 2.45, Regular Iced americano - 2.15",7.05,CARD,8716551231027052
15/04/2025 13:52,London Greenwich,Linda Wasson,"Regular Frappes - Chocolate Cookie - 2.75, Regular Latte - 2.15",4.9,CARD,6986615920320829
15/04/2025 13:53,London Greenwich,Roland Orr,"Regular Latte - 2.15, Large Frappes - Chocolate Cookie - 3.25, Large Iced americano - 2.50, Large Frappes - Chocolate Cookie - 3.25, Regular Flavoured iced latte - Caramel - 2.75",13.9,CASH,
15/04/2025 13:54,London Greenwich,John Wright,Large Flavoured iced latte - Caramel - 3.25,3.25,CARD,3800901660185167
15/04/2025 13:55,London Greenwich,Rosa Carrier,"Large Frappes - Chocolate Cookie - 3.25, Large Flavoured iced latte - Caramel - 3.25, Regular Flavoured iced latte - Caramel - 2.75",9.25,CARD,4103505754142662
15/04/2025 13:56,London Greenwich,Juana Powell,"Large Frappes - Chocolate Cookie - 3.25, Large Latte - 2.45",5.7,CARD,2765000487363817
15/04/2025 13:57,London Greenwich,Ruth Marquez,"Large Iced americano - 2.50, Large Flavoured iced latte - Caramel - 3.25, Large Frappes - Chocolate Cookie - 3.25",9.0,CASH,
15/04/2025 13:58,London Greenwich,Ann Harris,"Regular Latte - 2.15, Large Iced americano - 2.50, Large Frappes - Strawberries & Cream - 3.25",7.9,CARD,7692712748302570
15/04/2025 13:59,London Greenwich,Letitia Letlow,"Large Latte - 2.45, Regular Latte - 2.15, Regular Frappes - Chocolate Cookie - 2.75, Large Latte - 2.45, Regular Frappes - Chocolate Cookie - 2.75",12.55,CARD,6773641763072849
15/04/2025 14:00,London Greenwich,William Stahlman,"Regular Latte - 2.15, Regular Frappes - Strawberries & Cream - 2.75, Regular Iced americano - 2.15",7.05,CARD,9091474931033576
15/04/2025 14:01,London Greenwich,John Perri,Large Frappes - Chocolate Cookie - 3.25,3.25,CARD,6401469452137340
15/04/2025 14:02,London Greenwich,Tammera Gilmore,Regular Flavoured iced latte - Caramel - 2.75,2.75,CASH,
15/04/2025 14:03,London Greenwich,Nick Lattimore,"Large Frappes - Strawberries & Cream - 3.25, Large Iced americano - 2.50, Large Frappes - Chocolate Cookie - 3.25, Large Iced americano - 2.50",11.5,CASH,
15/04/2025 14:04,London Greenwich,Mark Krausmann,"Large Latte - 2.45, Regular Flavoured iced latte - Caramel - 2.75, Large Frappes - Strawberries & Cream - 3.25, Regular Frappes - Chocolate Cookie - 2.75",11.2,CARD,1295806716725627
15/04/2025 14:05,London Greenwich,Joseph Strong,"Regular Flavoured iced latte - Caramel - 2.75, Regular Frappes - Strawberries & Cream - 2.75, Large Frappes - Chocolate Cookie - 3.25, Regular Latte - 2.15",10.9,CARD,3770451609124536
15/04/2025 14:06,London Greenwich,Rosie Barberio,"Regular Frappes - Chocolate Cookie - 2.75, Large Frappes - Chocolate Cookie - 3.25",6.0,CARD,2803060041785736
15/04/2025 14:07,London Greenwich,Lauri Holmes,Large Frappes - Strawberries & Cream - 3.25,3.25,CARD,1542645336896988
15/04/2025 14:08,London Greenwich,Mark Bradish,"Regular Iced americano - 2.15, Regular Flavoured iced latte - Caramel - 2.75, Large Frappes - Chocolate Cookie - 3.25, Regular Frappes - Strawberries & Cream - 2.75, Regular Flavoured iced latte - Caramel - 2.75",13.65,CARD,6510025795067787
15/04/2025 14:08,London Greenwich,Debra Carter,Large Flavoured iced latte - Caramel - 3.25,3.25,CARD,1977669923186751
15/04/2025 14:09,London Greenwich,David Shipley,"Regular Flavoured iced latte - Caramel - 2.75, Regular Frappes - Chocolate Cookie - 2.75, Large Flavoured iced latte - Caramel - 3.25",8.75,CARD,6246256890880870
15/04/2025 14:10,London Greenwich,Kristopher Velasquez,"Regular Flavoured iced latte - Caramel - 2.75, Large Flavoured iced latte - Caramel - 3.25, Large Latte - 2.45",8.45,CASH,
15/04/2025 14:11,London Greenwich,Rena Witten,"Large Flavoured iced latte - Caramel - 3.25, Regular Latte - 2.15, Regular Frappes - Strawberries & Cream - 2.75, Large Frappes - Strawberries & Cream - 3.25, Regular Frappes - Chocolate Cookie - 2.75",14.15,CASH,
15/04/2025 14:12,London Greenwich,Lois Lagrand,"Regular Iced americano - 2.15, Large Frappes - Strawberries & Cream - 3.25",5.4,CARD,7683845524491673
15/04/2025 14:13,London Greenwich,Bradley Hill,"Regular Iced americano - 2.15, Large Iced americano - 2.50",4.65,CASH,
15/04/2025 14:14,London Greenwich,Kimberly Gonzalez,"Regular Frappes - Chocolate Cookie - 2.75, Large Frappes - Strawberries & Cream - 3.25",6.0,CARD,5753859841839762
15/04/2025 14:15,London Greenwich,Eugene Riis,"Large Frappes - Strawberries & Cream - 3.25, Large Latte - 2.45, Regular Flavoured iced latte - Caramel - 2.75, Regular Latte - 2.15, Regular Flavoured iced latte - Caramel - 2.75",13.35,CASH,
15/04/2025 14:16,London Greenwich,Vito Box,"Large Iced americano - 2.50, Large Frappes - Chocolate Cookie - 3.25, Large Latte - 2.45, Large Flavoured iced latte - Caramel - 3.25, Regular Flavoured iced latte - Caramel - 2.75",14.2,CARD,4582330274142336
15/04/2025 14:17,London Greenwich,Rosemarie Clemons,"Regular Iced americano - 2.15, Large Frappes - Chocolate Cookie - 3.25, Regular Frappes - Strawberries & Cream - 2.75",8.15,CARD,6922971752899685
15/04/2025 14:18,London Greenwich,Linda Chisholm,"Large Frappes - Chocolate Cookie - 3.25, Regular Flavoured iced latte - Caramel - 2.75",6.0,CASH,
15/04/2025 14:19,London Greenwich,Courtney Carriaga,"Regular Frappes - Chocolate Cookie - 2.75, Large Iced americano - 2.50",5.25,CASH,
15/04/2025 14:20,London Greenwich,Megan Arneecher,Large Latte - 2.45,2.45,CARD,6792254139427343
15/04/2025 14:21,London Greenwich,James Ohearn,"Regular Latte - 2.15, Regular Frappes - Strawberries & Cream - 2.75, Regular Frappes - Strawberries & Cream - 2.75, Regular Iced americano - 2.15, Regular Frappes - Chocolate Cookie - 2.75",12.55,CARD,9072677353491976
15/04/2025 14:22,London Greenwich,Cheryl Irvin,Regular Frappes - Strawberries & Cream - 2.75,2.75,CARD,1476374414750913
15/04/2025 14:23,London Greenwich,Cameron Kovacs,Regular Latte - 2.15,2.15,CASH,
15/04/2025 14:24,London Greenwich,Charlene Platt,"Large Flavoured iced latte - Caramel - 3.25, Regular Frappes - Strawberries & Cream - 2.75",6.0,CARD,9550682855175735
15/04/2025 14:25,London Greenwich,Stanley Bauer,Large Frappes - Chocolate Cookie - 3.25,3.25,CARD,2542658878670721
15/04/2025 14:26,London Greenwich,Tina Ellis,"Regular Latte - 2.15, Large Latte - 2.45, Large Flavoured iced latte - Caramel - 3.25, Large Iced americano - 2.50, Regular Iced americano - 2.15, Large Latte - 2.45",14.95,CARD,6089572686782868
15/04/2025 14:27,London Greenwich,Lloyd Rodriquez,"Regular Flavoured iced latte - Caramel - 2.75, Regular Latte - 2.15, Regular Latte - 2.15",7.05,CASH,
15/04/2025 14:27,London Greenwich,Willie Tello,"Regular Frappes - Chocolate Cookie - 2.75, Regular Flavoured iced latte - Caramel - 2.75, Regular Frappes - Strawberries & Cream - 2.75, Regular Frappes - Strawberries & Cream - 2.75",11.0,CARD,2275670886418732
15/04/2025 14:28,London Greenwich,Richard Allen,Regular Flavoured iced latte - Caramel - 2.75,2.75,CARD,7377051439371775
15/04/2025 14:29,London Greenwich,Christopher Weller,"Regular Iced americano - 2.15, Large Frappes - Strawberries & Cream - 3.25",5.4,CARD,9500859446331797
15/04/2025 14:30,London Greenwich,Vanessa Chipman,Large Frappes - Strawberries & Cream - 3.25,3.25,CARD,4190679436349742
15/04/2025 14:31,London Greenwich,Bradley Turner,"Regular Flavoured iced latte - Caramel - 2.75, Regular Frappes - Strawberries & Cream - 2.75, Regular Iced americano - 2.15, Large Frappes - Strawberries & Cream - 3.25",10.9,CARD,3397695526653335
15/04/2025 14:32,London Greenwich,Federico Williams,"Regular Frappes - Chocolate Cookie - 2.75, Large Frappes - Strawberries & Cream - 3.25, Regular Latte - 2.15, Large Frappes - Chocolate Cookie - 3.25",11.4,CARD,6661573564222136
15/04/2025 14:33,London Greenwich,Terry Mahoney,Regular Frappes - Chocolate Cookie - 2.75,2.75,CASH,
15/04/2025 14:34,London Greenwich,Christi Mcdowell,Large Frappes - Chocolate Cookie - 3.25,3.25,CASH,
15/04/2025 14:35,London Greenwich,Maria Mckellar,"Large Flavoured iced latte - Caramel - 3.25, Regular Iced americano - 2.15",5.4,CARD,3899546088454052
15/04/2025 14:36,London Greenwich,Jeffrey Ko,"Regular Iced americano - 2.15, Large Frappes - Chocolate Cookie - 3.25, Regular Frappes - Chocolate Cookie - 2.75, Large Flavoured iced latte - Caramel - 3.25, Regular Iced americano - 2.15, Large Frappes - Chocolate Cookie - 3.25",16.8,CARD,4238198699157287
15/04/2025 14:37,London Greenwich,Jeff Thomas,"Large Flavoured iced latte - Caramel - 3.25, Large Latte - 2.45",5.7,CARD,2358596225856509
15/04/2025 14:38,London Greenwich,Annette Tracey,"Regular Frappes - Chocolate Cookie - 2.75, Large Frappes - Strawberries & Cream - 3.25",6.0,CASH,
15/04/2025 14:39,London Greenwich,Ruth Crawford,Large Iced americano - 2.50,2.5,CARD,8606857301095909
15/04/2025 14:40,London Greenwich,Mark Asberry,"Regular Iced americano - 2.15, Regular Latte - 2.15, Regular Frappes - Chocolate Cookie - 2.75, Regular Latte - 2.15, Regular Flavoured iced latte - Caramel - 2.75",11.95,CARD,8685817187008085
15/04/2025 14:41,London Greenwich,Jerry Corso,"Regular Frappes - Chocolate Cookie - 2.75, Large Flavoured iced latte - Caramel - 3.25, Regular Flavoured iced latte - Caramel - 2.75",8.75,CARD,9229724554110706
15/04/2025 14:42,London Greenwich,Felix Weathers,"Large Iced americano - 2.50, Large Frappes - Strawberries & Cream - 3.25",5.75,CARD,1357858292990154
15/04/2025 14:43,London Greenwich,Beatrice Miller,"Regular Frappes - Strawberries & Cream - 2.75, Regular Iced americano - 2.15, Regular Frappes - Strawberries & Cream - 2.75, Regular Iced americano - 2.15",9.8,CARD,9747908794576262
15/04/2025 14:44,London Greenwich,Jessica Robey,Large Flavoured iced latte - Caramel - 3.25,3.25,CASH,
15/04/2025 14:45,London Greenwich,Felix Thompson,"Large Flavoured iced latte - Caramel - 3.25, Regular Frappes - Strawberries & Cream - 2.75, Regular Frappes - Strawberries & Cream - 2.75, Large Flavoured iced latte - Caramel - 3.25",12.0,CARD,8726663432879578
15/04/2025 14:46,London Greenwich,Ebony Walker,"Regular Latte - 2.15, Regular Latte - 2.15, Regular Iced americano - 2.15, Regular Iced americano - 2.15",8.6,CARD,6698479684034007
15/04/2025 14:46,London Greenwich,Elsa Flagg,"Regular Latte - 2.15, Regular Flavoured iced latte - Caramel - 2.75",4.9,CARD,6332443225942033
15/04/2025 14:47,London Greenwich,Julie Hernandez,"Regular Frappes - Strawberries & Cream - 2.75, Regular Frappes - Strawberries & Cream - 2.75, Regular Frappes - Strawberries & Cream - 2.75, Large Frappes - Strawberries & Cream - 3.25, Large Flavoured iced latte - Caramel - 3.25",14.75,CARD,3003851306194811
15/04/2025 14:48,London Greenwich,Debbie West,Large Latte - 2.45,2.45,CARD,1911435414613540
15/04/2025 14:49,London Greenwich,Mindy Stone,"Regular Flavoured iced latte - Caramel - 2.75, Regular Latte - 2.15",4.9,CARD,9778792016910710
15/04/2025 14:50,London Greenwich,Carolyn Keener,Large Latte - 2.45,2.45,CARD,5023215846938223
15/04/2025 14:51,London Greenwich,Jose Driggs,"Regular Frappes - Strawberries & Cream - 2.75, Regular Iced americano - 2.15, Large Frappes - Strawberries & Cream - 3.25, Regular Iced americano - 2.15",10.3,CASH,
15/04/2025 14:52,London Greenwich,James Arakaki,"Regular Frappes - Chocolate Cookie - 2.75, Large Frappes - Chocolate Cookie - 3.25, Regular Frappes - Strawberries & Cream - 2.75",8.75,CASH,
15/04/2025 14:53,London Greenwich,Gerald Ramirez,"Regular Iced americano - 2.15, Regular Flavoured iced latte - Caramel - 2.75, Regular Flavoured iced latte - Caramel - 2.75, Regular Frappes - Chocolate Cookie - 2.75, Large Frappes - Chocolate Cookie - 3.25, Regular Iced americano - 2.15",15.8,CARD,8115259804453198
15/04/2025 14:54,London Greenwich,Michael Gutierrez,"Large Latte - 2.45, Regular Frappes - Strawberries & Cream - 2.75, Large Flavoured iced latte - Caramel - 3.25, Regular Flavoured iced latte - Caramel - 2.75",11.2,CARD,5987350988271519
15/04/2025 14:55,London Greenwich,Karen Ross,"Regular Flavoured iced latte - Caramel - 2.75, Large Flavoured iced latte - Caramel - 3.25",6.0,CARD,2653130750078730
15/04/2025 14:56,London Greenwich,Socorro Howard,"Regular Frappes - Strawberries & Cream - 2.75, Large Iced americano - 2.50, Regular Frappes - Chocolate Cookie - 2.75, Regular Frappes - Chocolate Cookie - 2.75",10.75,CARD,3347426007455003
15/04/2025 14:57,London Greenwich,Brooke Fitz,"Large Frappes - Strawberries & Cream - 3.25, Large Iced americano - 2.50",5.75,CASH,
15/04/2025 14:58,London Greenwich,Damien Lee,"Large Frappes - Strawberries & Cream - 3.25, Large Flavoured iced latte - Caramel - 3.25, Regular Flavoured iced latte - Caramel - 2.75, Regular Latte - 2.15, Large Frappes - Chocolate Cookie - 3.25",14.65,CARD,4196384648252369
15/04/2025 14:59,London Greenwich,Donald Hernandez,Regular Frappes - Strawberries & Cream - 2.75,2.75,CARD,4454234636685566
15/04/2025 15:00,London Greenwich,Vincent Moore,"Large Iced americano - 2.50, Large Flavoured iced latte - Caramel - 3.25, Large Latte - 2.45",8.2,CARD,5785457937420344
15/04/2025 15:01,London Greenwich,Sue Duggar,"Large Flavoured iced latte - Caramel - 3.25, Large Frappes - Strawberries & Cream - 3.25",6.5,CASH,
15/04/2025 15:03,London Greenwich,Erika Clarke,Large Iced americano - 2.50,2.5,CARD,4186655803393160
15/04/2025 15:04,London Greenwich,Stan Tatro,"Large Frappes - Chocolate Cookie - 3.25, Large Latte - 2.45, Regular Iced americano - 2.15, Large Frappes - Strawberries & Cream - 3.25, Regular Frappes - Strawberries & Cream - 2.75",13.85,CARD,7106047439968625
15/04/2025 15:05,London Greenwich,David Sprague,"Regular Flavoured iced latte - Caramel - 2.75, Regular Frappes - Chocolate Cookie - 2.75",5.5,CARD,6160646653377799
15/04/2025 15:07,London Greenwich,Loretta Mckenzie,"Regular Flavoured iced latte - Caramel - 2.75, Large Flavoured iced latte - Caramel - 3.25",6.0,CASH,
15/04/2025 15:08,London Greenwich,Clyde Medrano,"Regular Frappes - Strawberries & Cream - 2.75, Large Iced americano - 2.50, Large Frappes - Chocolate Cookie - 3.25, Regular Flavoured iced latte - Caramel - 2.75",11.25,CARD,1279106376177213
15/04/2025 15:09,London Greenwich,Thomas Garner,"Large Latte - 2.45, Large Latte - 2.45, Regular Flavoured iced latte - Caramel - 2.75",7.65,CASH,
15/04/2025 15:11,London Greenwich,Isaias Loftis,"Large Flavoured iced latte - Caramel - 3.25, Regular Flavoured iced latte - Caramel - 2.75, Large Frappes - Strawberries & Cream - 3.25, Regular Latte - 2.15",11.4,CARD,4268486103600536
15/04/2025 15:12,London Greenwich,Curtis Ross,"Regular Iced americano - 2.15, Large Flavoured iced latte - Caramel - 3.25",5.4,CASH,
15/04/2025 15:14,London Greenwich,Ora Flachs,"Regular Latte - 2.15, Regular Frappes - Strawberries & Cream - 2.75, Large Frappes - Strawberries & Cream - 3.25",8.15,CASH,
15/04/2025 15:15,London Greenwich,Ronald Johnson,"Regular Flavoured iced latte - Caramel - 2.75, Regular Frappes - Strawberries & Cream - 2.75, Regular Frappes - Chocolate Cookie - 2.75",8.25,CASH,
15/04/2025 15:16,London Greenwich,Ronnie Weinbauer,Large Frappes - Chocolate Cookie - 3.25,3.25,CARD,7688698101591527
15/04/2025 15:18,London Greenwich,Herbert Guercio,Large Frappes - Strawberries & Cream - 3.25,3.25,CARD,3083404467454059
15/04/2025 15:19,London Greenwich,Don Calderon,"Regular Frappes - Strawberries & Cream - 2.75, Regular Latte - 2.15",4.9,CASH,
15/04/2025 15:21,London Greenwich,Norman Labadie,"Regular Frappes - Strawberries & Cream - 2.75, Regular Flavoured iced latte - Caramel - 2.75, Large Frappes - Strawberries & Cream - 3.25, Regular Flavoured iced latte - Caramel - 2.75",11.5,CARD,2822250810609890
15/04/2025 15:22,London Greenwich,Jeff Bowman,"Large Frappes - Strawberries & Cream - 3.25, Large Frappes - Chocolate Cookie - 3.25, Large Latte - 2.45",8.95,CASH,
15/04/2025 15:23,London Greenwich,Gary Needham,"Large Frappes - Strawberries & Cream - 3.25, Regular Iced americano - 2.15, Regular Iced americano - 2.15, Regular Frappes - Strawberries & Cream - 2.75, Regular Iced americano - 2.15, Regular Frappes - Strawberries & Cream - 2.75",15.2,CASH,
15/04/2025 15:25,London Greenwich,Edward Johnson,"Large Frappes - Strawberries & Cream - 3.25, Regular Latte - 2.15",5.4,CARD,2625136001745023
15/04/2025 15:26,London Greenwich,Mae Alleyne,"Regular Iced americano - 2.15, Regular Flavoured iced latte - Caramel - 2.75, Large Latte - 2.45, Large Frappes - Chocolate Cookie - 3.25, Regular Frappes - Strawberries & Cream - 2.75",13.35,CASH,
15/04/2025 15:27,London Greenwich,Betty Johnson,Regular Latte - 2.15,2.15,CASH,
15/04/2025 15:29,London Greenwich,Mary Busch,Regular Latte - 2.15,2.15,CARD,2748229648052255
15/04/2025 15:30,London Greenwich,Jack Tolbert,Regular Flavoured iced latte - Caramel - 2.75,2.75,CASH,
15/04/2025 15:32,London Greenwich,Gladys Bowman,"Large Frappes - Strawberries & Cream - 3.25, Regular Latte - 2.15, Regular Frappes - Strawberries & Cream - 2.75, Regular Latte - 2.15",10.3,CARD,1384185939964090
15/04/2025 15:33,London Greenwich,Terry Solis,"Large Iced americano - 2.50, Large Frappes - Chocolate Cookie - 3.25, Regular Frappes - Chocolate Cookie - 2.75, Regular Frappes - Strawberries & Cream - 2.75, Large Flavoured iced latte - Caramel - 3.25",14.5,CARD,2793846780721230
15/04/2025 15:34,London Greenwich,Oscar Maldonado,Large Flavoured iced latte - Caramel - 3.25,3.25,CASH,
15/04/2025 15:36,London Greenwich,George Baker,Large Iced americano - 2.50,2.5,CARD,6299426310793377
15/04/2025 15:37,London Greenwich,Karrie Anderson,"Regular Frappes - Strawberries & Cream - 2.75, Large Flavoured iced latte - Caramel - 3.25",6.0,CARD,7242759975898554
15/04/2025 15:39,London Greenwich,Richard Goldsmith,"Regular Flavoured iced latte - Caramel - 2.75, Regular Flavoured iced latte - Caramel - 2.75, Large Frappes - Chocolate Cookie - 3.25, Regular Frappes - Chocolate Cookie - 2.75",11.5,CASH,
15/04/2025 15:40,London Greenwich,William Guy,"Regular Frappes - Chocolate Cookie - 2.75, Large Frappes - Strawberries & Cream - 3.25",6.0,CARD,5714118609797558
15/04/2025 15:41,London Greenwich,Terry Pacheco,"Large Frappes - Strawberries & Cream - 3.25, Regular Latte - 2.15",5.4,CARD,8648993867067858
15/04/2025 15:43,London Greenwich,Elizabeth Carnes,Regular Frappes - Strawberries & Cream - 2.75,2.75,CARD,1042308050502534
15/04/2025 15:44,London Greenwich,John Mckissick,"Regular Iced americano - 2.15, Regular Frappes - Strawberries & Cream - 2.75, Large Frappes - Strawberries & Cream - 3.25",8.15,CARD,3961063923802850
15/04/2025 15:45,London Greenwich,Deborah Hepworth,"Large Latte - 2.45, Regular Flavoured iced latte - Caramel - 2.75, Large Iced americano - 2.50, Regular Iced americano - 2.15",9.85,CASH,
15/04/2025 15:47,London Greenwich,Sandra Dallaire,"Regular Frappes - Strawberries & Cream - 2.75, Regular Frappes - Chocolate Cookie - 2.75, Regular Latte - 2.15",7.65,CARD,7406793705186687
15/04/2025 15:48,London Greenwich,Yoko Mangrum,"Large Frappes - Strawberries & Cream - 3.25, Regular Flavoured iced latte - Caramel - 2.75",6.0,CARD,1091573693777422
15/04/2025 15:50,London Greenwich,Annie Denson,"Regular Frappes - Chocolate Cookie - 2.75, Large Frappes - Chocolate Cookie - 3.25",6.0,CARD,4763703957634789
15/04/2025 15:51,London Greenwich,Peggy Sims,Large Frappes - Strawberries & Cream - 3.25,3.25,CASH,
15/04/2025 15:52,London Greenwich,Alicia Miller,"Large Latte - 2.45, Large Flavoured iced latte - Caramel - 3.25",5.7,CARD,5390281901521600
15/04/2025 15:54,London Greenwich,Lucille Petrie,"Regular Iced americano - 2.15, Large Frappes - Strawberries & Cream - 3.25",5.4,CASH,
15/04/2025 15:55,London Greenwich,Alan Salazar,"Regular Frappes - Strawberries & Cream - 2.75, Regular Frappes - Strawberries & Cream - 2.75, Regular Flavoured iced latte - Caramel - 2.75, Regular Iced americano - 2.15, Regular Flavoured iced latte - Caramel - 2.75",13.15,CARD,6099077461358691
15/04/2025 15:56,London Greenwich,Rachel Perry,"Large Frappes - Chocolate Cookie - 3.25, Regular Iced americano - 2.15, Large Flavoured iced latte - Caramel - 3.25, Regular Flavoured iced latte - Caramel - 2.75",11.4,CARD,4954944412702517
15/04/2025 15:58,London Greenwich,Mattie Mosher,"Large Flavoured iced latte - Caramel - 3.25, Regular Flavoured iced latte - Caramel - 2.75, Regular Frappes - Strawberries & Cream - 2.75, Regular Frappes - Strawberries & Cream - 2.75",11.5,CARD,6774336840665651
15/04/2025 15:59,London Greenwich,Edward Boyd,"Regular Flavoured iced latte - Caramel - 2.75, Regular Latte - 2.15",4.9,CARD,7803106887482295
15/04/2025 16:01,London Greenwich,Kenneth Gordon,"Large Iced americano - 2.50, Large Iced americano - 2.50",5.0,CARD,8372187589293819
15/04/2025 16:03,London Greenwich,Yvonne Bohannan,"Regular Flavoured iced latte - Caramel - 2.75, Large Iced americano - 2.50, Large Flavoured iced latte - Caramel - 3.25, Regular Frappes - Strawberries & Cream - 2.75, Regular Latte - 2.15",13.4,CARD,9969679034478175
15/04/2025 16:05,London Greenwich,Lupe Flamer,"Regular Flavoured iced latte - Caramel - 2.75, Large Flavoured iced latte - Caramel - 3.25, Regular Latte - 2.15, Large Frappes - Chocolate Cookie - 3.25",11.4,CARD,6778939597999221
15/04/2025 16:07,London Greenwich,James Fleming,Large Frappes - Strawberries & Cream - 3.25,3.25,CASH,
15/04/2025 16:09,London Greenwich,Thomas Hernandez,"Regular Iced americano - 2.15, Large Frappes - Chocolate Cookie - 3.25, Large Iced americano - 2.50",7.9,CARD,7436550710296410
15/04/2025 16:11,London Greenwich,Barton Martinez,"Large Latte - 2.45, Regular Flavoured iced latte - Caramel - 2.75, Regular Flavoured iced latte - Caramel - 2.75",7.95,CARD,9039309524564351
15/04/2025 16:13,London Greenwich,Hazel Harrison,"Large Frappes - Strawberries & Cream - 3.25, Large Frappes - Strawberries & Cream - 3.25",6.5,CASH,
15/04/2025 16:15,London Greenwich,Scott Drake,"Regular Frappes - Strawberries & Cream - 2.75, Regular Frappes - Strawberries & Cream - 2.75",5.5,CARD,2482386639331561
15/04/2025 16:17,London Greenwich,Kristen Massey,"Large Flavoured iced latte - Caramel - 3.25, Regular Flavoured iced latte - Caramel - 2.75, Large Flavoured iced latte - Caramel - 3.25",9.25,CASH,
15/04/2025 16:19,London Greenwich,Eddie Sturgis,Regular Iced americano - 2.15,2.15,CASH,
15/04/2025 16:21,London Greenwich,Laura Smith,"Large Frappes - Strawberries & Cream - 3.25, Large Frappes - Chocolate Cookie - 3.25, Regular Flavoured iced latte - Caramel - 2.75, Large Frappes - Chocolate Cookie - 3.25, Large Latte - 2.45",14.95,CASH,
15/04/2025 16:23,London Greenwich,Sharlene Davis,"Large Frappes - Chocolate Cookie - 3.25, Regular Frappes - Chocolate Cookie - 2.75, Large Flavoured iced latte - Caramel - 3.25",9.25,CARD,3692580090608477
15/04/2025 16:25,London Greenwich,Jimmie Carey,Regular Frappes - Chocolate Cookie - 2.75,2.75,CARD,3952819592454419
15/04/2025 16:28,London Greenwich,Tiffany Ponder,"Regular Frappes - Strawberries & Cream - 2.75, Regular Frappes - Strawberries & Cream - 2.75, Regular Frappes - Chocolate Cookie - 2.75, Regular Latte - 2.15, Large Flavoured iced latte - Caramel - 3.25",13.65,CASH,
15/04/2025 16:30,London Greenwich,Virginia Kyser,Large Frappes - Chocolate Cookie - 3.25,3.25,CASH,
15/04/2025 16:32,London Greenwich,Reginald Gravitt,Large Latte - 2.45,2.45,CARD,2217244968468251
15/04/2025 16:34,London Greenwich,Jessica Carrales,"Large Latte - 2.45, Regular Latte - 2.15, Large Iced americano - 2.50, Large Iced americano - 2.50, Regular Frappes - Chocolate Cookie - 2.75, Regular Frappes - Strawberries & Cream - 2.75",15.1,CARD,2543485013122778
15/04/2025 16:36,London Greenwich,Patricia Hatley,"Regular Iced americano - 2.15, Large Flavoured iced latte - Caramel - 3.25, Large Frappes - Chocolate Cookie - 3.25",8.65,CARD,8780561417103203
15/04/2025 16:38,London Greenwich,Sandra Dooley,"Large Latte - 2.45, Regular Flavoured iced latte - Caramel - 2.75",5.2,CARD,7016221783683085
15/04/2025 16:40,London Greenwich,Stella Yates,"Large Latte - 2.45, Large Flavoured iced latte - Caramel - 3.25, Regular Latte - 2.15, Regular Frappes - Strawberries & Cream - 2.75, Large Iced americano - 2.50",13.1,CASH,
15/04/2025 16:42,London Greenwich,Robert Neal,Large Frappes - Chocolate Cookie - 3.25,3.25,CARD,3845319109426471
15/04/2025 16:44,London Greenwich,Marcia Barber,"Regular Frappes - Strawberries & Cream - 2.75, Large Frappes - Strawberries & Cream - 3.25",6.0,CARD,3502295604479536
15/04/2025 16:46,London Greenwich,Dorothy Snyder,"Regular Latte - 2.15, Large Frappes - Strawberries & Cream - 3.25, Regular Latte - 2.15",7.55,CARD,9051874661790902
15/04/2025 16:48,London Greenwich,Claire Johnston,Large Iced americano - 2.50,2.5,CARD,1379071716098005
15/04/2025 16:50,London Greenwich,John Conroy,Regular Latte - 2.15,2.15,CARD,3774770814405893
15/04/2025 16:52,London Greenwich,Carl Fordham,Large Iced americano - 2.50,2.5,CARD,4436703007475234
15/04/2025 16:54,London Greenwich,Timothy Huynh,"Large Frappes - Chocolate Cookie - 3.25, Large Frappes - Chocolate Cookie - 3.25",6.5,CASH,
15/04/2025 16:56,London Greenwich,Annie Lambert,"Large Frappes - Strawberries & Cream - 3.25, Regular Latte - 2.15, Regular Frappes - Chocolate Cookie - 2.75",8.15,CARD,3202021169280199
15/04/2025 16:59,London Greenwich,Daniel Sorensen,Regular Flavoured iced latte - Caramel - 2.75,2.75,CARD,8913233540700082
15/04/2025 17:01,London Greenwich,Roy Eskridge,Regular Iced americano - 2.15,2.15,CARD,9817164735291964
15/04/2025 17:03,London Greenwich,Matthew Craven,"Regular Flavoured iced latte - Caramel - 2.75, Large Frappes - Chocolate Cookie - 3.25, Regular Flavoured iced latte - Caramel - 2.75",8.75,CARD,1797270638322046
15/04/2025 17:05,London Greenwich,Harold Perry,"Large Flavoured iced latte - Caramel - 3.25, Large Frappes - Strawberries & Cream - 3.25, Regular Frappes - Strawberries & Cream - 2.75",9.25,CARD,9223513299687135
15/04/2025 17:07,London Greenwich,Michael Viard,"Large Flavoured iced latte - Caramel - 3.25, Regular Latte - 2.15, Large Frappes - Strawberries & Cream - 3.25",8.65,CARD,9871375042653932
15/04/2025 17:10,London Greenwich,Brian Samuel,"Regular Frappes - Strawberries & Cream - 2.75, Large Iced americano - 2.50",5.25,CASH,
15/04/2025 17:12,London Greenwich,Ryan Tang,Regular Flavoured iced latte - Caramel - 2.75,2.75,CASH,
15/04/2025 17:14,London Greenwich,Fredrick Clements,"Large Flavoured iced latte - Caramel - 3.25, Large Iced americano - 2.50",5.75,CASH,
15/04/2025 17:17,London Greenwich,James Nelson,"Regular Frappes - Strawberries & Cream - 2.75, Large Iced americano - 2.50",5.25,CASH,
15/04/2025 17:19,London Greenwich,Kendra Tellez,"Large Flavoured iced latte - Caramel - 3.25, Regular Flavoured iced latte - Caramel - 2.75, Regular Frappes - Strawberries & Cream - 2.75, Large Frappes - Strawberries & Cream - 3.25, Regular Latte - 2.15, Large Iced americano - 2.50",16.65,CARD,8781093138729862
15/04/2025 17:21,London Greenwich,James Shadwick,"Regular Frappes - Chocolate Cookie - 2.75, Regular Frappes - Strawberries & Cream - 2.75",5.5,CASH,
15/04/2025 17:24,London Greenwich,Peggy Alonzo,"Regular Iced americano - 2.15, Large Flavoured iced latte - Caramel - 3.25, Large Iced americano - 2.50",7.9,CARD,6034044733028465
15/04/2025 17:26,London Greenwich,Shane Chandler,"Regular Frappes - Chocolate Cookie - 2.75, Large Flavoured iced latte - Caramel - 3.25, Regular Flavoured iced latte - Caramel - 2.75, Large Flavoured iced latte - Caramel - 3.25, Large Iced americano - 2.50",14.5,CARD,3460780907306880
15/04/2025 17:28,London Greenwich,Anne Brown,"Regular Flavoured iced latte - Caramel - 2.75, Regular Flavoured iced latte - Caramel - 2.75, Regular Frappes - Strawberries & Cream - 2.75, Large Latte - 2.45",10.7,CARD,5913484249538735
15/04/2025 17:30,London Greenwich,Amy Wilkerson,Regular Frappes - Strawberries & Cream - 2.75,2.75,CARD,7041026838035299
15/04/2025 17:33,London Greenwich,Jonathan Johnson,"Regular Iced americano - 2.15, Regular Flavoured iced latte - Caramel - 2.75, Large Flavoured iced latte - Caramel - 3.25, Large Latte - 2.45, Regular Frappes - Chocolate Cookie - 2.75, Regular Latte - 2.15",15.5,CARD,9933479363694330
15/04/2025 17:35,London Greenwich,Dennis Ackerson,"Large Frappes - Chocolate Cookie - 3.25, Regular Flavoured iced latte - Caramel - 2.75",6.0,CARD,3257296819181672
15/04/2025 17:37,London Greenwich,Amy Songer,"Large Latte - 2.45, Regular Flavoured iced latte - Caramel - 2.75",5.2,CASH,
15/04/2025 17:40,London Greenwich,Margret Zinn,Large Iced americano - 2.50,2.5,CASH,
15/04/2025 17:42,London Greenwich,Amado Ferguson,"Regular Frappes - Chocolate Cookie - 2.75, Regular Iced americano - 2.15, Large Iced americano - 2.50",7.4,CARD,1551276427611714
15/04/2025 17:44,London Greenwich,Leticia Relf,Large Frappes - Strawberries & Cream - 3.25,3.25,CARD,4513912758739503
15/04/2025 17:47,London Greenwich,Kenneth Brannigan,"Regular Iced americano - 2.15, Regular Frappes - Chocolate Cookie - 2.75, Large Iced americano - 2.50, Regular Frappes - Chocolate Cookie - 2.75, Large Flavoured iced latte - Caramel - 3.25, Large Flavoured iced latte - Caramel - 3.25",16.65,CASH,
15/04/2025 17:49,London Greenwich,Jana Chu,"Regular Frappes - Strawberries & Cream - 2.75, Regular Iced americano - 2.15",4.9,CARD,8866512200624245
15/04/2025 17:51,London Greenwich,Helen Rodriguez,Regular Flavoured iced latte - Caramel - 2.75,2.75,CARD,7080173021395600
15/04/2025 17:53,London Greenwich,Alejandro Ramaker,Regular Frappes - Strawberries & Cream - 2.75,2.75,CARD,4554573809261152
15/04/2025 17:56,London Greenwich,Frances Hundley,"Large Flavoured iced latte - Caramel - 3.25, Large Frappes - Chocolate Cookie - 3.25, Regular Iced americano - 2.15, Regular Iced americano - 2.15",10.8,CASH,
15/04/2025 17:58,London Greenwich,Sylvia Lucas,"Large Iced americano - 2.50, Large Iced americano - 2.50, Large Frappes - Strawberries & Cream - 3.25",8.25,CARD,5609420088784565
15/04/2025 18:00,London Greenwich,Edward Smith,"Large Latte - 2.45, Regular Flavoured iced latte - Caramel - 2.75, Large Latte - 2.45, Large Frappes - Strawberries & Cream - 3.25, Large Iced americano - 2.50, Large Latte - 2.45",15.85,CARD,9110466011759928
15/04/2025 18:02,London Greenwich,Lawrence Williams,"Large Latte - 2.45, Large Frappes - Strawberries & Cream - 3.25, Large Frappes - Chocolate Cookie - 3.25, Large Frappes - Chocolate Cookie - 3.25",12.2,CARD,7786389871159249
15/04/2025 18:04,London Greenwich,Kevin Letarte,"Regular Frappes - Chocolate Cookie - 2.75, Large Frappes - Chocolate Cookie - 3.25, Regular Frappes - Strawberries & Cream - 2.75",8.75,CARD,4984218360608456
15/04/2025 18:06,London Greenwich,Marian Davis,"Large Flavoured iced latte - Caramel - 3.25, Large Frappes - Chocolate Cookie - 3.25, Large Frappes - Strawberries & Cream - 3.25, Regular Frappes - Chocolate Cookie - 2.75",12.5,CARD,9348198938647893
15/04/2025 18:08,London Greenwich,Carri Moore,"Large Flavoured iced latte - Caramel - 3.25, Regular Frappes - Strawberries & Cream - 2.75, Regular Frappes - Chocolate Cookie - 2.75, Large Frappes - Strawberries & Cream - 3.25, Regular Latte - 2.15",14.15,CASH,
15/04/2025 18:10,London Greenwich,Elmer Tomlin,Large Frappes - Chocolate Cookie - 3.25,3.25,CASH,
15/04/2025 18:12,London Greenwich,Stephanie Kendal,"Large Latte - 2.45, Regular Flavoured iced latte - Caramel - 2.75, Regular Frappes - Chocolate Cookie - 2.75, Large Iced americano - 2.50, Large Frappes - Strawberries & Cream - 3.25",13.7,CASH,
15/04/2025 18:14,London Greenwich,Michael Dyches,"Regular Latte - 2.15, Regular Iced americano - 2.15, Regular Flavoured iced latte - Caramel - 2.75, Regular Frappes - Strawberries & Cream - 2.75, Regular Latte - 2.15",11.95,CARD,3073566808956102
15/04/2025 18:16,London Greenwich,Tamara Lorenzo,Regular Frappes - Strawberries & Cream - 2.75,2.75,CARD,9240405231569467
15/04/2025 18:18,London Greenwich,Elias Mackey,"Large Latte - 2.45, Regular Frappes - Chocolate Cookie - 2.75, Large Flavoured iced latte - Caramel - 3.25, Regular Flavoured iced latte - Caramel - 2.75",11.2,CARD,8495610009916080
15/04/2025 18:20,London Greenwich,Maricela Foster,"Regular Frappes - Strawberries & Cream - 2.75, Regular Iced americano - 2.15",4.9,CARD,2471497932046835
15/04/2025 18:22,London Greenwich,Alisha Powell,"Large Iced americano - 2.50, Regular Flavoured iced latte - Caramel - 2.75, Large Latte - 2.45",7.7,CARD,9431611428741004
15/04/2025 18:24,London Greenwich,Marion Offerdahl,"Large Flavoured iced latte - Caramel - 3.25, Regular Frappes - Chocolate Cookie - 2.75, Regular Latte - 2.15, Large Latte - 2.45",10.6,CARD,9430764170265570
15/04/2025 18:26,London Greenwich,William Momphard,Regular Iced americano - 2.15,2.15,CARD,6581260458049966
15/04/2025 18:27,London Greenwich,Natasha Williams,"Large Flavoured iced latte - Caramel - 3.25, Regular Iced americano - 2.15, Large Latte - 2.45",7.85,CARD,6255696540288424
15/04/2025 18:29,London Greenwich,Ralph Byers,"Regular Latte - 2.15, Large Latte - 2.45",4.6,CASH,
15/04/2025 18:31,London Greenwich,William Watkins,"Large Frappes - Strawberries & Cream - 3.25, Regular Frappes - Chocolate Cookie - 2.75",6.0,CARD,4637834961706576
15/04/2025 18:33,London Greenwich,Shira Stokes,Large Frappes - Chocolate Cookie - 3.25,3.25,CARD,7113196102933333
15/04/2025 18:35,London Greenwich,Maurice Hicks,"Regular Latte - 2.15, Regular Frappes - Strawberries & Cream - 2.75, Large Frappes - Strawberries & Cream - 3.25, Large Frappes - Strawberries & Cream - 3.25, Regular Latte - 2.15",13.55,CARD,3223658243479040
15/04/2025 18:37,London Greenwich,James Nordman,"Regular Latte - 2.15, Large Iced americano - 2.50, Large Frappes - Strawberries & Cream - 3.25, Regular Latte - 2.15, Regular Frappes - Strawberries & Cream - 2.75",12.8,CARD,2162130374859838
15/04/2025 18:39,London Greenwich,Gerald Harrington,"Regular Frappes - Strawberries & Cream - 2.75, Large Flavoured iced latte - Caramel - 3.25, Large Flavoured iced latte - Caramel - 3.25, Large Frappes - Strawberries & Cream - 3.25",12.5,CARD,2973036471718134
15/04/2025 18:41,London Greenwich,Alicia Cuellar,"Large Frappes - Strawberries & Cream - 3.25, Large Iced americano - 2.50, Large Frappes - Strawberries & Cream - 3.25, Regular Frappes - Strawberries & Cream - 2.75",11.75,CASH,
15/04/2025 18:43,London Greenwich,Richard Landrum,"Large Frappes - Strawberries & Cream - 3.25, Large Iced americano - 2.50, Regular Frappes - Strawberries & Cream - 2.75, Large Iced americano - 2.50, Regular Frappes - Strawberries & Cream - 2.75, Regular Flavoured iced latte - Caramel - 2.75",16.5,CARD,4491985832948054
15/04/2025 18:45,London Greenwich,Kathleen Robinson,"Regular Flavoured iced latte - Caramel - 2.75, Large Latte - 2.45",5.2,CARD,2522797359094646
15/04/2025 18:47,London Greenwich,James Castleberry,Large Iced americano - 2.50,2.5,CARD,2957278404065467
15/04/2025 18:49,London Greenwich,Christie Roybal,"Large Flavoured iced latte - Caramel - 3.25, Large Frappes - Strawberries & Cream - 3.25, Regular Flavoured iced latte - Caramel - 2.75, Regular Latte - 2.15",11.4,CASH,
15/04/2025 18:51,London Greenwich,Jamie Jones,"Large Latte - 2.45, Large Flavoured iced latte - Caramel - 3.25, Regular Iced americano - 2.15, Large Iced americano - 2.50, Regular Frappes - Chocolate Cookie - 2.75, Large Latte - 2.45",15.55,CARD,5404401635283295
15/04/2025 18:53,London Greenwich,Drema Fritsch,"Large Latte - 2.45, Large Flavoured iced latte - Caramel - 3.25, Large Flavoured iced latte - Caramel - 3.25",8.95,CARD,8561333185120079
15/04/2025 18:55,London Greenwich,Brent Laffey,"Large Frappes - Chocolate Cookie - 3.25, Large Flavoured iced latte - Caramel - 3.25, Large Latte - 2.45",8.95,CARD,7664034748918035
15/04/2025 18:56,London Greenwich,Stella Allen,Large Flavoured iced latte - Caramel - 3.25,3.25,CARD,1799402763297632
15/04/2025 18:58,London Greenwich,Jung Stock,"Regular Latte - 2.15, Large Latte - 2.45, Regular Frappes - Strawberries & Cream - 2.75",7.35,CARD,9617304766374743
15/04/2025 19:00,London Greenwich,Stanley Garza,"Large Iced americano - 2.50, Regular Iced americano - 2.15",4.65,CASH,
15/04/2025 19:02,London Greenwich,Katherine Jansen,Regular Latte - 2.15,2.15,CARD,6861766273289556
15/04/2025 19:04,London Greenwich,Charles Curran,"Large Flavoured iced latte - Caramel - 3.25, Large Latte - 2.45, Regular Frappes - Chocolate Cookie - 2.75",8.45,CARD,9992987521649027
15/04/2025 19:07,London Greenwich,Christopher Speir,"Large Frappes - Strawberries & Cream - 3.25, Regular Iced americano - 2.15",5.4,CASH,
15/04/2025 19:09,London Greenwich,Richard Baker,"Regular Flavoured iced latte - Caramel - 2.75, Large Frappes - Chocolate Cookie - 3.25, Large Latte - 2.45, Regular Frappes - Chocolate Cookie - 2.75, Large Flavoured iced latte - Caramel - 3.25",14.45,CASH,
15/04/2025 19:11,London Greenwich,Adrian Poland,"Regular Flavoured iced latte - Caramel - 2.75, Large Flavoured iced latte - Caramel - 3.25",6.0,CASH,
15/04/2025 19:13,London Greenwich,Margaret Smalls,Regular Flavoured iced latte - Caramel - 2.75,2.75,CASH,
15/04/2025 19:15,London Greenwich,Alfred Wallenbrock,"Large Latte - 2.45, Regular Frappes - Strawberries & Cream - 2.75, Regular Latte - 2.15, Regular Frappes - Chocolate Cookie - 2.75",10.1,CARD,6340084813622458
15/04/2025 19:17,London Greenwich,Wesley Derosa,Large Latte - 2.45,2.45,CARD,3402956347225433
15/04/2025 19:19,London Greenwich,Nora Augusto,"Regular Flavoured iced latte - Caramel - 2.75, Regular Frappes - Chocolate Cookie - 2.75",5.5,CARD,6170425747148692
15/04/2025 19:21,London Greenwich,Rachel Pearson,"Regular Flavoured iced latte - Caramel - 2.75, Large Frappes - Strawberries & Cream - 3.25, Large Frappes - Chocolate Cookie - 3.25",9.25,CARD,6382585031811589
15/04/2025 19:23,London Greenwich,Richard James,"Regular Flavoured iced latte - Caramel - 2.75, Large Flavoured iced latte - Caramel - 3.25",6.0,CARD,2495512193545461
15/04/2025 19:25,London Greenwich,Bradford Switzer,"Regular Iced americano - 2.15, Large Frappes - Strawberries & Cream - 3.25, Large Frappes - Strawberries & Cream - 3.25, Large Flavoured iced latte - Caramel - 3.25, Regular Frappes - Chocolate Cookie - 2.75",14.65,CARD,9996038728637708
15/04/2025 19:27,London Greenwich,Thomas Bires,"Regular Iced americano - 2.15, Large Latte - 2.45, Large Flavoured iced latte - Caramel - 3.25",7.85,CARD,8973922022517739
15/04/2025 19:29,London Greenwich,Joshua Boone,"Large Latte - 2.45, Regular Latte - 2.15, Regular Frappes - Strawberries & Cream - 2.75",7.35,CARD,1274215207050736
15/04/2025 19:31,London Greenwich,Mary Byrom,"Large Flavoured iced latte - Caramel - 3.25, Large Frappes - Strawberries & Cream - 3.25",6.5,CARD,7035562861134753
15/04/2025 19:33,London Greenwich,Barbara Ross,"Large Iced americano - 2.50, Regular Latte - 2.15, Large Flavoured iced latte - Caramel - 3.25, Regular Latte - 2.15",10.05,CARD,1357413367112663
15/04/2025 19:35,London Greenwich,Patsy Trout,"Regular Flavoured iced latte - Caramel - 2.75, Regular Frappes - Strawberries & Cream - 2.75",5.5,CASH,
15/04/2025 19:38,London Greenwich,Eduardo Cox,"Large Frappes - Strawberries & Cream - 3.25, Large Latte - 2.45, Large Frappes - Chocolate Cookie - 3.25",8.95,CASH,
15/04/2025 19:40,London Greenwich,John Kitchen,"Large Iced americano - 2.50, Regular Flavoured iced latte - Caramel - 2.75, Regular Iced americano - 2.15",7.4,CARD,2095406176115412
15/04/2025 19:42,London Greenwich,Richard Myatt,"Regular Flavoured iced latte - Caramel - 2.75, Large Frappes - Strawberries & Cream - 3.25",6.0,CARD,4240565205433441
15/04/2025 19:44,London Greenwich,Lauren Ross,Large Frappes - Strawberries & Cream - 3.25,3.25,CARD,2447411157766901
15/04/2025 19:46,London Greenwich,George Haro,"Large Frappes - Strawberries & Cream - 3.25, Regular Iced americano - 2.15",5.4,CARD,8893296464976016
15/04/2025 19:48,London Greenwich,Hector Bracco,"Regular Frappes - Chocolate Cookie - 2.75, Regular Latte - 2.15",4.9,CARD,4606958503202233
15/04/2025 19:50,London Greenwich,Debbie Jensen,"Regular Latte - 2.15, Large Latte - 2.45, Regular Flavoured iced latte - Caramel - 2.75, Large Frappes - Chocolate Cookie - 3.25",10.6,CARD,4636013434404659
15/04/2025 19:52,London Greenwich,Sharon Walker,"Regular Frappes - Chocolate Cookie - 2.75, Regular Frappes - Chocolate Cookie - 2.75, Large Latte - 2.45",7.95,CARD,8000233930638262
15/04/2025 19:54,London Greenwich,Yolanda Centini,"Large Frappes - Strawberries & Cream - 3.25, Regular Frappes - Chocolate Cookie - 2.75, Regular Flavoured iced latte - Caramel - 2.75",8.75,CARD,7349504999330978
15/04/2025 19:56,London Greenwich,Jose Clark,"Regular Flavoured iced latte - Caramel - 2.75, Regular Flavoured iced latte - Caramel - 2.75, Regular Iced americano - 2.15, Large Latte - 2.45, Large Frappes - Strawberries & Cream - 3.25, Large Frappes - Chocolate Cookie - 3.25",16.6,CASH,
15/04/2025 19:58,London Greenwich,Lyle Williams,"Large Frappes - Strawberries & Cream - 3.25, Large Latte - 2.45, Large Frappes - Strawberries & Cream - 3.25, Regular Frappes - Chocolate Cookie - 2.75",11.7,CASH,
15/04/2025 20:00,London Greenwich,Bethany Taylor,"Large Frappes - Strawberries & Cream - 3.25, Large Frappes - Strawberries & Cream - 3.25, Large Frappes - Chocolate Cookie - 3.25, Regular Iced americano - 2.15, Large Flavoured iced latte - Caramel - 3.25",15.15,CASH,
15/04/2025 20:02,London Greenwich,David Holley,Large Frappes - Strawberries & Cream - 3.25,3.25,CASH,
15/04/2025 20:03,London Greenwich,Lisa Trinidad,"Regular Iced americano - 2.15, Regular Latte - 2.15, Large Frappes - Strawberries & Cream - 3.25",7.55,CASH,
15/04/2025 20:04,London Greenwich,Brian Copeland,Regular Frappes - Strawberries & Cream - 2.75,2.75,CASH,
15/04/2025 20:06,London Greenwich,Alfred Turner,"Large Frappes - Chocolate Cookie - 3.25, Large Frappes - Strawberries & Cream - 3.25",6.5,CARD,5815340310695886
15/04/2025 20:07,London Greenwich,Tonja Dacruz,"Regular Iced americano - 2.15, Large Flavoured iced latte - Caramel - 3.25, Large Frappes - Chocolate Cookie - 3.25, Large Frappes - Strawberries & Cream - 3.25",11.9,CARD,8803749659680445
15/04/2025 20:09,London Greenwich,Ismael Brothers,Large Frappes - Strawberries & Cream - 3.25,3.25,CARD,4440534858255112
15/04/2025 20:10,London Greenwich,Clyde Gross,Regular Latte - 2.15,2.15,CARD,3530405232335236
15/04/2025 20:11,London Greenwich,Kathryn Guerrero,"Regular Latte - 2.15, Large Flavoured iced latte - Caramel - 3.25, Large Latte - 2.45, Large Frappes - Chocolate Cookie - 3.25",11.1,CASH,
15/04/2025 20:13,London Greenwich,Joseph Barnes,"Large Frappes - Strawberries & Cream - 3.25, Regular Frappes - Chocolate Cookie - 2.75, Regular Iced americano - 2.15, Regular Frappes - Strawberries & Cream - 2.75, Large Frappes - Strawberries & Cream - 3.25",14.15,CASH,
15/04/2025 20:14,London Greenwich,Karen White,"Large Frappes - Strawberries & Cream - 3.25, Regular Iced americano - 2.15, Regular Frappes - Chocolate Cookie - 2.75, Large Latte - 2.45",10.6,CARD,7241367601228510
15/04/2025 20:15,London Greenwich,Kenneth Mcrae,"Regular Frappes - Chocolate Cookie - 2.75, Large Frappes - Strawberries & Cream - 3.25, Regular Latte - 2.15, Regular Frappes - Strawberries & Cream - 2.75, Large Flavoured iced latte - Caramel - 3.25, Large Frappes - Chocolate Cookie - 3.25",17.4,CASH,
15/04/2025 20:17,London Greenwich,Thelma Minton,"Large Frappes - Chocolate Cookie - 3.25, Large Iced americano - 2.50",5.75,CARD,6087727093698959
15/04/2025 20:18,London Greenwich,Charles Benson,"Large Frappes - Strawberries & Cream - 3.25, Regular Iced americano - 2.15, Large Iced americano - 2.50, Regular Frappes - Chocolate Cookie - 2.75, Regular Frappes - Chocolate Cookie - 2.75, Regular Frappes - Chocolate Cookie - 2.75",16.15,CARD,4113368465025730
15/04/2025 20:20,London Greenwich,Pamela Acevedo,"Large Iced americano - 2.50, Regular Latte - 2.15, Large Iced americano - 2.50",7.15,CASH,
15/04/2025 20:21,London Greenwich,Tina Hutchinson,"Regular Frappes - Strawberries & Cream - 2.75, Regular Flavoured iced latte - Caramel - 2.75, Regular Frappes - Chocolate Cookie - 2.75, Large Flavoured iced latte - Caramel - 3.25",11.5,CARD,6289053388372241
15/04/2025 20:22,London Greenwich,Delores Haney,Large Frappes - Chocolate Cookie - 3.25,3.25,CASH,
15/04/2025 20:24,London Greenwich,Bobby Beman,Large Flavoured iced latte - Caramel - 3.25,3.25,CARD,7752904840648151
15/04/2025 20:25,London Greenwich,Barbara Byerly,"Regular Frappes - Strawberries & Cream - 2.75, Large Frappes - Strawberries & Cream - 3.25, Regular Frappes - Strawberries & Cream - 2.75",8.75,CASH,
15/04/2025 20:27,London Greenwich,Timothy Lindley,"Large Frappes - Chocolate Cookie - 3.25, Large Frappes - Chocolate Cookie - 3.25, Regular Frappes - Strawberries & Cream - 2.75, Large Frappes - Strawberries & Cream - 3.25, Large Flavoured iced latte - Caramel - 3.25, Large Iced americano - 2.50",18.25,CASH,
15/04/2025 20:28,London Greenwich,Chris Orr,Regular Latte - 2.15,2.15,CARD,4611907953900922
15/04/2025 20:29,London Greenwich,Kenneth Curtis,"Regular Latte - 2.15, Large Latte - 2.45",4.6,CARD,7483009912522502
15/04/2025 20:31,London Greenwich,Ernest Flagge,"Large Frappes - Strawberries & Cream - 3.25, Large Frappes - Strawberries & Cream - 3.25",6.5,CARD,5529974216876530
15/04/2025 20:32,London Greenwich,Miranda Mcmahan,"Large Frappes - Strawberries & Cream - 3.25, Large Frappes - Chocolate Cookie - 3.25",6.5,CARD,8900466518584503
15/04/2025 20:33,London Greenwich,Manuel Wick,"Regular Flavoured iced latte - Caramel - 2.75, Regular Latte - 2.15, Regular Latte - 2.15, Large Frappes - Chocolate Cookie - 3.25",10.3,CARD,8838349335615545
15/04/2025 20:35,London Greenwich,Bruce Poche,"Regular Frappes - Chocolate Cookie - 2.75, Regular Frappes - Strawberries & Cream - 2.75, Large Latte - 2.45, Large Frappes - Strawberries & Cream - 3.25",11.2,CARD,1284300498812188
15/04/2025 20:36,London Greenwich,Robert Pickett,"Large Flavoured iced latte - Caramel - 3.25, Regular Frappes - Strawberries & Cream - 2.75, Regular Flavoured iced latte - Caramel - 2.75",8.75,CASH,
15/04/2025 20:38,London Greenwich,Brinda Leonard,"Large Latte - 2.45, Large Frappes - Chocolate Cookie - 3.25, Regular Flavoured iced latte - Caramel - 2.75, Large Latte - 2.45, Large Frappes - Chocolate Cookie - 3.25, Large Frappes - Chocolate Cookie - 3.25",17.4,CASH,
15/04/2025 20:39,London Greenwich,Eugene Lawton,"Regular Frappes - Chocolate Cookie - 2.75, Large Frappes - Strawberries & Cream - 3.25, Regular Latte - 2.15",8.15,CASH,
15/04/2025 20:40,London Greenwich,Charles Tran,Regular Flavoured iced latte - Caramel - 2.75,2.75,CARD,8331392970693952
15/04/2025 20:42,London Greenwich,Lawrence Dettman,"Large Frappes - Strawberries & Cream - 3.25, Regular Frappes - Strawberries & Cream - 2.75, Large Frappes - Chocolate Cookie - 3.25, Large Latte - 2.45, Regular Iced americano - 2.15, Regular Frappes - Chocolate Cookie - 2.75",16.6,CARD,1439978783221125
15/04/2025 20:43,London Greenwich,Gretchen Mahoney,"Large Flavoured iced latte - Caramel - 3.25, Regular Latte - 2.15, Regular Flavoured iced latte - Caramel - 2.75",8.15,CARD,1048283905548327
15/04/2025 20:45,London Greenwich,Andrew Edwards,"Large Latte - 2.45, Regular Frappes - Chocolate Cookie - 2.75, Regular Frappes - Chocolate Cookie - 2.75, Large Iced americano - 2.50, Large Flavoured iced latte - Caramel - 3.25",13.7,CARD,4450697982689672
15/04/2025 20:46,London Greenwich,Rodger Perdomo,"Large Frappes - Strawberries & Cream - 3.25, Large Latte - 2.45, Large Iced americano - 2.50, Regular Frappes - Chocolate Cookie - 2.75, Regular Frappes - Chocolate Cookie - 2.75",13.7,CASH,
15/04/2025 20:47,London Greenwich,Lisa Gay,"Regular Latte - 2.15, Large Latte - 2.45, Regular Flavoured iced latte - Caramel - 2.75, Large Iced americano - 2.50, Regular Flavoured iced latte - Caramel - 2.75",12.6,CARD,8613950101382148
15/04/2025 20:49,London Greenwich,Neil Neverson,Regular Latte - 2.15,2.15,CARD,3224893379648774
15/04/2025 20:50,London Greenwich,Robert Stewart,"Regular Iced americano - 2.15, Large Frappes - Strawberries & Cream - 3.25, Large Frappes - Strawberries & Cream - 3.25",8.65,CARD,9386642136748787
15/04/2025 20:51,London Greenwich,Sylvia Vega,"Large Frappes - Strawberries & Cream - 3.25, Regular Flavoured iced latte - Caramel - 2.75",6.0,CARD,9888978106133230
15/04/2025 20:53,London Greenwich,Clifton Jackson,Regular Frappes - Strawberries & Cream - 2.75,2.75,CARD,5710901563457358
15/04/2025 20:54,London Greenwich,Jacquelyn Spurgeon,"Regular Flavoured iced latte - Caramel - 2.75, Large Latte - 2.45, Regular Frappes - Strawberries & Cream - 2.75, Large Iced americano - 2.50",10.45,CARD,2437071198137874
15/04/2025 20:56,London Greenwich,Colleen Jaynes,Regular Frappes - Chocolate Cookie - 2.75,2.75,CARD,6876911888210795
15/04/2025 20:57,London Greenwich,Bobbie Jenkins,"Regular Flavoured iced latte - Caramel - 2.75, Large Flavoured iced latte - Caramel - 3.25",6.0,CASH,
15/04/2025 20:58,London Greenwich,Louise Oliva,"Large Frappes - Chocolate Cookie - 3.25, Regular Frappes - Chocolate Cookie - 2.75, Large Latte - 2.45, Large Frappes - Strawberries & Cream - 3.25",11.7,CARD,3621278705491398
