13/04/2025 09:00,London Camden,Russell Steele,"Regular Hot chocolate - 2.20, Regular Chai latte - 2.30",4.5,CARD,2260364129042249
13/04/2025 09:02,London Camden,Phillip Neubert,"Large Luxury hot chocolate - 2.70, Regular Flavoured hot chocolate - Hazelnut - 2.60",5.3,CASH,
13/04/2025 09:05,London Camden,Thomas Bauer,"Large Flavoured latte - Vanilla - 2.85, Large Flavoured hot chocolate - Hazelnut - 2.90",5.75,CARD,5491351962974330
13/04/2025 09:08,London Camden,Pia Schlaefli,"Large Hot chocolate - 2.90, Large Flavoured hot chocolate - Vanilla - 2.90, Regular Speciality Tea - Peppermint - 1.30, Large Flavoured hot chocolate - Vanilla - 2.90",10.0,CARD,9453206463048638
13/04/2025 09:10,London Camden,Ronald Cross,Regular Iced latte - 2.35,2.35,CARD,1478290160249945
13/04/2025 09:13,London Camden,Charles Lowden,Regular Flavoured hot chocolate - Hazelnut - 2.60,2.6,CARD,1333891707737755
13/04/2025 09:16,London Camden,Rosalyn Crocker,Regular Hot chocolate - 2.20,2.2,CASH,
13/04/2025 09:19,London Camden,Angela Moses,"Regular Iced latte - 2.35, Large Iced latte - 2.85, Large Flavoured latte - Vanilla - 2.85, Regular Luxury hot chocolate - 2.40",10.45,CARD,5683150784448995
13/04/2025 09:21,London Camden,David Hoekstra,Regular Flavoured latte - Vanilla - 2.55,2.55,CASH,
13/04/2025 09:24,London Camden,William Robinson,"Regular Speciality Tea - Peppermint - 1.30, Regular Hot chocolate - 2.20, Regular Speciality Tea - Peppermint - 1.30",4.8,CASH,
13/04/2025 09:27,London Camden,Gregory Knaub,Regular Iced latte - 2.35,2.35,CARD,8340150695990547
13/04/2025 09:29,London Camden,Raymond Cea,"Regular Speciality Tea - Peppermint - 1.30, Regular Hot chocolate - 2.20",3.5,CARD,6760019047967626
13/04/2025 09:32,London Camden,Stewart Modine,"Regular Flavoured latte - Vanilla - 2.55, Large Flavoured hot chocolate - Vanilla - 2.90, Regular Flavoured hot chocolate - Vanilla - 2.60",8.05,CARD,5006013417182642
13/04/2025 09:35,London Camden,Charles Parker,Large Speciality Tea - Peppermint - 1.60,1.6,CARD,2873907894406162
13/04/2025 09:38,London Camden,Eugene Carr,"Regular Iced latte - 2.35, Large Chai latte - 2.60, Large Luxury hot chocolate - 2.70, Regular Luxury hot chocolate - 2.40, Regular Luxury hot chocolate - 2.40",12.45,CASH,
13/04/2025 09:40,London Camden,Marcus Walter,Regular Hot chocolate - 2.20,2.2,CARD,6880819002300462
13/04/2025 09:43,London Camden,Brian Bunton,"Large Hot chocolate - 2.90, Regular Luxury hot chocolate - 2.40, Large Chai latte - 2.60, Large Speciality Tea - Peppermint - 1.60",9.5,CARD,7262502248073940
13/04/2025 09:46,London Camden,Judith Mcgee,Large Flavoured hot chocolate - Hazelnut - 2.90,2.9,CASH,
13/04/2025 09:48,London Camden,Ray Dargan,"Large Flavoured hot chocolate - Hazelnut - 2.90, Regular Flavoured hot chocolate - Hazelnut - 2.60, Regular Flavoured hot chocolate - Vanilla - 2.60, Large Luxury hot chocolate - 2.70",10.8,CASH,
13/04/2025 09:51,London Camden,Noreen Hunter,Large Flavoured latte - Vanilla - 2.85,2.85,CARD,6091606230724429
13/04/2025 09:54,London Camden,Delphia Sandridge,"Large Hot chocolate - 2.90, Regular Flavoured hot chocolate - Hazelnut - 2.60, Large Hot chocolate - 2.90, Regular Chai latte - 2.30",10.7,CASH,
13/04/2025 09:57,London Camden,Oscar Neubert,"Large Flavoured hot chocolate - Hazelnut - 2.90, Regular Luxury hot chocolate - 2.40, Large Speciality Tea - Peppermint - 1.60",6.9,CASH,
13/04/2025 09:59,London Camden,Bernard Hughes,"Large Speciality Tea - Peppermint - 1.60, Regular Iced latte - 2.35, Regular Chai latte - 2.30",6.25,CARD,1482251549784756
13/04/2025 10:02,London Camden,Tracey Woods,"Regular Luxury hot chocolate - 2.40, Regular Speciality Tea - Peppermint - 1.30, Regular Flavoured latte - Vanilla - 2.55, Large Flavoured hot chocolate - Vanilla - 2.90, Regular Hot chocolate - 2.20",11.35,CARD,6260744137757819
13/04/2025 10:04,London Camden,Richard Vanicek,Regular Flavoured latte - Vanilla - 2.55,2.55,CARD,7480261847621818
13/04/2025 10:06,London Camden,Steven Bowens,"Large Chai latte - 2.60, Regular Flavoured hot chocolate - Vanilla - 2.60",5.2,CARD,5189445328815209
13/04/2025 10:09,London Camden,Aaron Pettigrew,Large Flavoured hot chocolate - Vanilla - 2.90,2.9,CARD,6763997459169655
13/04/2025 10:11,London Camden,Tom Stanford,"Large Luxury hot chocolate - 2.70, Regular Flavoured hot chocolate - Hazelnut - 2.60, Regular Flavoured hot chocolate - Hazelnut - 2.60",7.9,CASH,
13/04/2025 10:13,London Camden,Stephen Winston,Large Luxury hot chocolate - 2.70,2.7,CARD,1732718342534184
13/04/2025 10:15,London Camden,Carl Pogue,"Regular Flavoured hot chocolate - Hazelnut - 2.60, Large Luxury hot chocolate - 2.70, Regular Speciality Tea - Peppermint - 1.30",6.6,CARD,3287421051507139
13/04/2025 10:18,London Camden,Maria Yoshizumi,"Large Chai latte - 2.60, Large Speciality Tea - Peppermint - 1.60, Large Flavoured hot chocolate - Vanilla - 2.90, Large Speciality Tea - Peppermint - 1.60, Large Flavoured hot chocolate - Vanilla - 2.90, Regular Luxury hot chocolate - 2.40",14.0,CARD,2858912031518667
13/04/2025 10:20,London Camden,Hank Funderburk,"Large Flavoured hot chocolate - Vanilla - 2.90, Regular Chai latte - 2.30",5.2,CARD,8986187630560110
13/04/2025 10:22,London Camden,Timothy Valliere,"Large Speciality Tea - Peppermint - 1.60, Large Hot chocolate - 2.90",4.5,CASH,
13/04/2025 10:24,London Camden,David Shippy,"Regular Flavoured hot chocolate - Vanilla - 2.60, Regular Flavoured hot chocolate - Hazelnut - 2.60, Regular Chai latte - 2.30",7.5,CARD,7565439772977705
13/04/2025 10:26,London Camden,Diane Wade,"Large Luxury hot chocolate - 2.70, Large Flavoured hot chocolate - Hazelnut - 2.90",5.6,CARD,7961818937940914
13/04/2025 10:29,London Camden,Gary Kimmons,"Large Speciality Tea - Peppermint - 1.60, Large Flavoured hot chocolate - Vanilla - 2.90, Large Speciality Tea - Peppermint - 1.60",6.1,CARD,8742602949328947
13/04/2025 10:31,London Camden,Richard Hoover,Regular Flavoured latte - Vanilla - 2.55,2.55,CARD,5422429937539357
13/04/2025 10:33,London Camden,Phyllis Cannaday,"Large Hot chocolate - 2.90, Regular Luxury hot chocolate - 2.40, Regular Hot chocolate - 2.20",7.5,CARD,5898902117829440
13/04/2025 10:35,London Camden,William Hasas,"Large Luxury hot chocolate - 2.70, Large Luxury hot chocolate - 2.70, Regular Luxury hot chocolate - 2.40",7.8,CARD,2735267091532545
13/04/2025 10:37,London Camden,Philip Yoder,"Regular Flavoured latte - Vanilla - 2.55, Regular Flavoured hot chocolate - Hazelnut - 2.60, Regular Chai latte - 2.30",7.45,CASH,
13/04/2025 10:40,London Camden,Sarah Ebbs,"Regular Speciality Tea - Peppermint - 1.30, Regular Luxury hot chocolate - 2.40",3.7,CASH,
13/04/2025 10:42,London Camden,Richard Schmidt,"Large Luxury hot chocolate - 2.70, Large Luxury hot chocolate - 2.70, Regular Luxury hot chocolate - 2.40",7.8,CARD,9527228225556800
13/04/2025 10:44,London Camden,Juan Fisher,"Regular Flavoured latte - Vanilla - 2.55, Regular Flavoured hot chocolate - Hazelnut - 2.60",5.15,CASH,
13/04/2025 10:46,London Camden,Shirley Ramirez,"Regular Speciality Tea - Peppermint - 1.30, Regular Hot chocolate - 2.20, Regular Chai latte - 2.30",5.8,CASH,
13/04/2025 10:49,London Camden,Jennie Williams,"Large Speciality Tea - Peppermint - 1.60, Regular Luxury hot chocolate - 2.40",4.0,CARD,6404212622548155
13/04/2025 10:51,London Camden,Barbara Whitley,Regular Flavoured latte - Vanilla - 2.55,2.55,CARD,7734860434334665
13/04/2025 10:53,London Camden,Richard Webster,"Large Speciality Tea - Peppermint - 1.60, Large Flavoured latte - Vanilla - 2.85, Large Flavoured hot chocolate - Hazelnut - 2.90, Large Hot chocolate - 2.90, Regular Flavoured latte - Vanilla - 2.55",12.8,CARD,5984768150071785
13/04/2025 10:55,London Camden,Dorothy Bianco,"Large Flavoured hot chocolate - Hazelnut - 2.90, Large Speciality Tea - Peppermint - 1.60, Regular Chai latte - 2.30",6.8,CARD,4159981688188892
13/04/2025 10:57,London Camden,Rebecca Tonner,"Regular Flavoured latte - Vanilla - 2.55, Large Iced latte - 2.85, Regular Luxury hot chocolate - 2.40, Regular Chai latte - 2.30, Large Luxury hot chocolate - 2.70",12.8,CARD,5320516883682617
13/04/2025 11:00,London Camden,Gregory Muncy,"Regular Chai latte - 2.30, Large Flavoured hot chocolate - Hazelnut - 2.90",5.2,CASH,
13/04/2025 11:02,London Camden,Rachel Wolf,"Regular Chai latte - 2.30, Large Flavoured latte - Vanilla - 2.85",5.15,CARD,3936807043172993
13/04/2025 11:05,London Camden,Robert Sheppard,"Large Luxury hot chocolate - 2.70, Large Hot chocolate - 2.90, Regular Flavoured hot chocolate - Hazelnut - 2.60",8.2,CARD,4428315375495345
13/04/2025 11:07,London Camden,Aimee Long,Large Chai latte - 2.60,2.6,CARD,9854844248728043
13/04/2025 11:10,London Camden,David Earl,Regular Chai latte - 2.30,2.3,CARD,3631105188280318
13/04/2025 11:12,London Camden,James Thomas,"Large Hot chocolate - 2.90, Large Flavoured latte - Vanilla - 2.85",5.75,CARD,6652040974884122
13/04/2025 11:15,London Camden,Darrell Zebell,"Regular Luxury hot chocolate - 2.40, Regular Luxury hot chocolate - 2.40",4.8,CARD,3315976233445770
13/04/2025 11:17,London Camden,Jeffrey Roush,"Large Flavoured latte - Vanilla - 2.85, Regular Luxury hot chocolate - 2.40, Regular Speciality Tea - Peppermint - 1.30",6.55,CARD,8748752528172758
13/04/2025 11:20,London Camden,Jean Desotel,Large Flavoured hot chocolate - Vanilla - 2.90,2.9,CARD,8390764253724013
13/04/2025 11:22,London Camden,John Woods,Large Speciality Tea - Peppermint - 1.60,1.6,CASH,
13/04/2025 11:25,London Camden,Karen Dean,"Regular Iced latte - 2.35, Large Flavoured hot chocolate - Hazelnut - 2.90",5.25,CARD,8057161549860617
13/04/2025 11:27,London Camden,Margaret Jimenez,"Large Luxury hot chocolate - 2.70, Regular Flavoured hot chocolate - Hazelnut - 2.60, Large Flavoured hot chocolate - Vanilla - 2.90",8.2,CASH,
13/04/2025 11:30,London Camden,Kathleen Mayo,"Large Hot chocolate - 2.90, Large Hot chocolate - 2.90, Regular Flavoured hot chocolate - Vanilla - 2.60",8.4,CASH,
13/04/2025 11:32,London Camden,Maria Breton,"Regular Flavoured hot chocolate - Hazelnut - 2.60, Large Iced latte - 2.85",5.45,CASH,
13/04/2025 11:35,London Camden,Lily Teruel,"Large Luxury hot chocolate - 2.70, Regular Speciality Tea - Peppermint - 1.30, Large Iced latte - 2.85, Regular Flavoured latte - Vanilla - 2.55, Large Flavoured latte - Vanilla - 2.85",12.25,CARD,2485120791865093
13/04/2025 11:37,London Camden,John Lawson,"Large Speciality Tea - Peppermint - 1.60, Large Hot chocolate - 2.90, Regular Iced latte - 2.35",6.85,CARD,7404484244609610
13/04/2025 11:40,London Camden,Laura Curry,Large Flavoured latte - Vanilla - 2.85,2.85,CARD,7484473385724345
13/04/2025 11:42,London Camden,Rudolph Mair,Large Iced latte - 2.85,2.85,CARD,4416060026607815
13/04/2025 11:45,London Camden,Sean Powell,"Large Flavoured latte - Vanilla - 2.85, Regular Flavoured hot chocolate - Vanilla - 2.60, Large Flavoured hot chocolate - Vanilla - 2.90",8.35,CASH,
13/04/2025 11:47,London Camden,Lena Brown,Large Hot chocolate - 2.90,2.9,CARD,7868217841027949
13/04/2025 11:50,London Camden,Brandon Jacocks,"Regular Hot chocolate - 2.20, Large Flavoured hot chocolate - Vanilla - 2.90",5.1,CASH,
13/04/2025 11:52,London Camden,Donald Morrison,"Large Flavoured hot chocolate - Vanilla - 2.90, Large Iced latte - 2.85",5.75,CARD,7744325149332322
13/04/2025 11:55,London Camden,Jose Russell,"Large Chai latte - 2.60, Regular Flavoured latte - Vanilla - 2.55, Large Flavoured hot chocolate - Hazelnut - 2.90, Regular Chai latte - 2.30, Regular Iced latte - 2.35, Regular Iced latte - 2.35",15.05,CASH,
13/04/2025 11:57,London Camden,Megan Shin,"Large Speciality Tea - Peppermint - 1.60, Regular Chai latte - 2.30",3.9,CASH,
13/04/2025 12:00,London Camden,Carletta Oakes,"Large Iced latte - 2.85, Regular Chai latte - 2.30, Regular Flavoured hot chocolate - Hazelnut - 2.60, Large Hot chocolate - 2.90",10.65,CARD,7538549039870743
13/04/2025 12:02,London Camden,Herman Storjohann,"Regular Hot chocolate - 2.20, Regular Chai latte - 2.30",4.5,CARD,1577124085419196
13/04/2025 12:03,London Camden,Linda Bostwick,"Large Iced latte - 2.85, Regular Chai latte - 2.30, Regular Luxury hot chocolate - 2.40, Regular Luxury hot chocolate - 2.40",9.95,CASH,
13/04/2025 12:05,London Camden,Jennifer Swendsen,"Large Iced latte - 2.85, Regular Flavoured latte - Vanilla - 2.55",5.4,CARD,9416941082217634
13/04/2025 12:07,London Camden,Helga Hixon,"Regular Flavoured hot chocolate - Hazelnut - 2.60, Large Flavoured hot chocolate - Hazelnut - 2.90, Large Chai latte - 2.60",8.1,CASH,
13/04/2025 12:09,London Camden,Marya Matthews,"Large Flavoured latte - Vanilla - 2.85, Regular Speciality Tea - Peppermint - 1.30, Regular Iced latte - 2.35, Regular Flavoured hot chocolate - Vanilla - 2.60",9.1,CARD,2548159156957459
13/04/2025 12:11,London Camden,Joseph Gomez,"Regular Speciality Tea - Peppermint - 1.30, Regular Flavoured latte - Vanilla - 2.55, Large Speciality Tea - Peppermint - 1.60, Regular Hot chocolate - 2.20",7.65,CARD,3105334153565765
13/04/2025 12:13,London Camden,Tina Baker,"Large Flavoured latte - Vanilla - 2.85, Large Flavoured hot chocolate - Hazelnut - 2.90",5.75,CARD,4880866585782466
13/04/2025 12:15,London Camden,Loreen Barfield,"Large Iced latte - 2.85, Regular Flavoured hot chocolate - Hazelnut - 2.60",5.45,CASH,
13/04/2025 12:17,London Camden,Cheryl Belair,Regular Flavoured hot chocolate - Vanilla - 2.60,2.6,CARD,9199229446461357
13/04/2025 12:19,London Camden,Eric Spencer,"Large Luxury hot chocolate - 2.70, Large Hot chocolate - 2.90, Large Hot chocolate - 2.90, Large Flavoured hot chocolate - Vanilla - 2.90",11.4,CASH,
13/04/2025 12:21,London Camden,Rosalinda Goodman,"Large Iced latte - 2.85, Large Flavoured hot chocolate - Hazelnut - 2.90",5.75,CARD,2981745998246581
13/04/2025 12:23,London Camden,Michael Tucker,"Large Chai latte - 2.60, Regular Speciality Tea - Peppermint - 1.30, Large Flavoured hot chocolate - Vanilla - 2.90, Regular Luxury hot chocolate - 2.40, Large Iced latte - 2.85",12.05,CARD,1908623020966742
13/04/2025 12:25,London Camden,Cynthia Henderson,"Large Chai latte - 2.60, Regular Flavoured hot chocolate - Hazelnut - 2.60, Large Flavoured hot chocolate - Hazelnut - 2.90",8.1,CARD,4922260383008929
13/04/2025 12:27,London Camden,Wiley Sharp,Regular Flavoured hot chocolate - Hazelnut - 2.60,2.6,CARD,9642584638909622
13/04/2025 12:29,London Camden,Louis Vasquez,"Large Flavoured hot chocolate - Hazelnut - 2.90, Regular Speciality Tea - Peppermint - 1.30, Large Flavoured latte - Vanilla - 2.85, Regular Flavoured latte - Vanilla - 2.55, Large Chai latte - 2.60",12.2,CARD,4487297577785214
13/04/2025 12:31,London Camden,Dorothy Graham,"Regular Speciality Tea - Peppermint - 1.30, Large Flavoured hot chocolate - Vanilla - 2.90, Regular Flavoured hot chocolate - Vanilla - 2.60",6.8,CASH,
13/04/2025 12:32,London Camden,Regina Ross,"Regular Chai latte - 2.30, Regular Iced latte - 2.35, Regular Luxury hot chocolate - 2.40",7.05,CARD,4636441599207190
13/04/2025 12:34,London Camden,Tara Richardson,"Regular Hot chocolate - 2.20, Regular Hot chocolate - 2.20, Large Hot chocolate - 2.90, Large Chai latte - 2.60, Large Iced latte - 2.85",12.75,CARD,1138351656527622
13/04/2025 12:36,London Camden,Patrick Nava,Large Flavoured latte - Vanilla - 2.85,2.85,CARD,6494952983239058
13/04/2025 12:38,London Camden,Jose Thompson,"Regular Speciality Tea - Peppermint - 1.30, Large Chai latte - 2.60, Large Flavoured hot chocolate - Vanilla - 2.90, Large Flavoured hot chocolate - Vanilla - 2.90",9.7,CARD,6844625370885506
13/04/2025 12:40,London Camden,Scott Roman,"Regular Hot chocolate - 2.20, Regular Flavoured latte - Vanilla - 2.55",4.75,CASH,
13/04/2025 12:42,London Camden,James Berger,Regular Flavoured hot chocolate - Vanilla - 2.60,2.6,CASH,
13/04/2025 12:44,London Camden,Perry Williams,"Regular Flavoured latte - Vanilla - 2.55, Regular Chai latte - 2.30, Regular Luxury hot chocolate - 2.40, Large Flavoured latte - Vanilla - 2.85, Large Speciality Tea - Peppermint - 1.60, Large Iced latte - 2.85",14.55,CASH,
13/04/2025 12:46,London Camden,John Hill,"Large Flavoured hot chocolate - Vanilla - 2.90, Regular Luxury hot chocolate - 2.40, Regular Luxury hot chocolate - 2.40, Regular Flavoured hot chocolate - Hazelnut - 2.60, Regular Luxury hot chocolate - 2.40",12.7,CARD,4360603370236375
13/04/2025 12:48,London Camden,Eleanor Mccall,"Regular Iced latte - 2.35, Regular Luxury hot chocolate - 2.40, Regular Iced latte - 2.35",7.1,CASH,
13/04/2025 12:50,London Camden,William Dickey,"Regular Flavoured hot chocolate - Vanilla - 2.60, Large Flavoured latte - Vanilla - 2.85, Large Flavoured latte - Vanilla - 2.85, Large Flavoured hot chocolate - Vanilla - 2.90, Large Iced latte - 2.85, Regular Flavoured latte - Vanilla - 2.55",16.6,CARD,2876945934649324
13/04/2025 12:52,London Camden,Mark Harris,"Regular Flavoured latte - Vanilla - 2.55, Large Luxury hot chocolate - 2.70, Regular Flavoured latte - Vanilla - 2.55, Regular Flavoured hot chocolate - Vanilla - 2.60, Large Flavoured hot chocolate - Vanilla - 2.90",13.3,CASH,
13/04/2025 12:54,London Camden,Victoria Davis,"Large Flavoured hot chocolate - Vanilla - 2.90, Regular Speciality Tea - Peppermint - 1.30, Regular Chai latte - 2.30",6.5,CASH,
13/04/2025 12:56,London Camden,Laverne Griffin,"Large Speciality Tea - Peppermint - 1.60, Large Speciality Tea - Peppermint - 1.60, Large Chai latte - 2.60, Large Flavoured hot chocolate - Vanilla - 2.90, Regular Flavoured hot chocolate - Hazelnut - 2.60",11.3,CARD,9143784087127429
13/04/2025 12:58,London Camden,Susan Lussier,"Regular Flavoured latte - Vanilla - 2.55, Large Chai latte - 2.60, Large Flavoured hot chocolate - Hazelnut - 2.90",8.05,CASH,
13/04/2025 13:00,London Camden,Joshua Jones,Large Speciality Tea - Peppermint - 1.60,1.6,CARD,6078933159639393
13/04/2025 13:00,London Camden,Estelle Lopez,"Regular Flavoured latte - Vanilla - 2.55, Large Chai latte - 2.60, Regular Flavoured latte - Vanilla - 2.55",7.7,CARD,9470512306679633
13/04/2025 13:01,London Camden,Joyce Campbell,Regular Flavoured hot chocolate - Vanilla - 2.60,2.6,CASH,
13/04/2025 13:02,London Camden,Carl Moore,"Large Flavoured hot chocolate - Vanilla - 2.90, Regular Speciality Tea - Peppermint - 1.30",4.2,CARD,9319864776685019
13/04/2025 13:03,London Camden,Coleen Ulberg,"Large Flavoured hot chocolate - Vanilla - 2.90, Large Chai latte - 2.60, Large Flavoured latte - Vanilla - 2.85",8.35,CARD,6133892234988429
13/04/2025 13:04,London Camden,Richard Miller,"Regular Iced latte - 2.35, Regular Hot chocolate - 2.20",4.55,CARD,3409594869873351
13/04/2025 13:05,London Camden,John Winders,"Large Flavoured latte - Vanilla - 2.85, Large Hot chocolate - 2.90, Large Luxury hot chocolate - 2.70, Large Flavoured latte - Vanilla - 2.85",11.3,CARD,1089859066979402
13/04/2025 13:06,London Camden,Debra Hancock,Regular Luxury hot chocolate - 2.40,2.4,CASH,
13/04/2025 13:07,London Camden,Maria Erdmann,Regular Hot chocolate - 2.20,2.2,CARD,4783137522301578
13/04/2025 13:08,London Camden,Richard Freeman,"Large Flavoured hot chocolate - Vanilla - 2.90, Regular Hot chocolate - 2.20, Large Hot chocolate - 2.90, Regular Chai latte - 2.30, Regular Flavoured latte - Vanilla - 2.55",12.85,CARD,2376103728643654
13/04/2025 13:08,London Camden,Katherine Duffin,Large Chai latte - 2.60,2.6,CARD,3321295574778563
13/04/2025 13:09,London Camden,Flora Maynard,"Regular Chai latte - 2.30, Large Iced latte - 2.85",5.15,CARD,7328449216085112
13/04/2025 13:10,London Camden,Kerry Titcomb,Large Chai latte - 2.60,2.6,CARD,1725039993008729
13/04/2025 13:11,London Camden,Peter Sperdute,"Large Speciality Tea - Peppermint - 1.60, Regular Hot chocolate - 2.20, Regular Chai latte - 2.30",6.1,CARD,9758168039344088
13/04/2025 13:12,London Camden,Virginia Steele,"Regular Hot chocolate - 2.20, Regular Iced latte - 2.35, Regular Iced latte - 2.35",6.9,CARD,7404429475577324
13/04/2025 13:13,London Camden,Ralph Brazelton,"Regular Flavoured hot chocolate - Vanilla - 2.60, Large Flavoured hot chocolate - Hazelnut - 2.90",5.5,CARD,4190683798011721
13/04/2025 13:14,London Camden,Charles Watson,"Large Chai latte - 2.60, Regular Hot chocolate - 2.20",4.8,CARD,6166455699320322
13/04/2025 13:15,London Camden,Sheena Riddick,"Regular Luxury hot chocolate - 2.40, Large Chai latte - 2.60, Regular Speciality Tea - Peppermint - 1.30",6.3,CARD,7975366523466540
13/04/2025 13:15,London Camden,Steven Oneil,"Regular Luxury hot chocolate - 2.40, Regular Chai latte - 2.30, Regular Chai latte - 2.30",7.0,CARD,9209127205154164
13/04/2025 13:16,London Camden,Carl Merritt,Large Hot chocolate - 2.90,2.9,CARD,8410955581836148
13/04/2025 13:17,London Camden,Melody Walton,"Regular Luxury hot chocolate - 2.40, Large Flavoured hot chocolate - Vanilla - 2.90, Regular Flavoured hot chocolate - Hazelnut - 2.60, Regular Speciality Tea - Peppermint - 1.30",9.2,CARD,9595465172822261
13/04/2025 13:18,London Camden,Harold Mejorado,"Large Flavoured hot chocolate - Vanilla - 2.90, Regular Speciality Tea - Peppermint - 1.30, Large Flavoured latte - Vanilla - 2.85, Large Hot chocolate - 2.90",9.95,CASH,
13/04/2025 13:19,London Camden,Georgia Brock,"Regular Flavoured latte - Vanilla - 2.55, Large Flavoured latte - Vanilla - 2.85, Large Iced latte - 2.85",8.25,CARD,1660762419580876
13/04/2025 13:20,London Camden,Ami Gillon,"Regular Flavoured hot chocolate - Hazelnut - 2.60, Regular Flavoured hot chocolate - Vanilla - 2.60, Regular Flavoured hot chocolate - Vanilla - 2.60, Large Chai latte - 2.60",10.4,CASH,
13/04/2025 13:21,London Camden,Emma Wood,"Regular Chai latte - 2.30, Regular Luxury hot chocolate - 2.40, Large Luxury hot chocolate - 2.70",7.4,CARD,3235667445789684
13/04/2025 13:22,London Camden,Julia Reed,"Large Iced latte - 2.85, Large Speciality Tea - Peppermint - 1.60, Large Flavoured hot chocolate - Hazelnut - 2.90, Regular Speciality Tea - Peppermint - 1.30",8.65,CARD,9637342459640184
13/04/2025 13:23,London Camden,Patricia Jones,Large Chai latte - 2.60,2.6,CASH,
13/04/2025 13:23,London Camden,Pilar Johnson,"Large Speciality Tea - Peppermint - 1.60, Large Flavoured hot chocolate - Vanilla - 2.90, Large Speciality Tea - Peppermint - 1.60, Large Hot chocolate - 2.90, Regular Luxury hot chocolate - 2.40",11.4,CARD,5829032266369011
13/04/2025 13:24,London Camden,Timmy Hamm,Large Speciality Tea - Peppermint - 1.60,1.6,CARD,5690160586385041
13/04/2025 13:25,London Camden,James Thomas,Regular Chai latte - 2.30,2.3,CASH,
13/04/2025 13:26,London Camden,Todd Illsley,"Regular Hot chocolate - 2.20, Large Chai latte - 2.60, Large Iced latte - 2.85, Large Speciality Tea - Peppermint - 1.60",9.25,CARD,4931302435439496
13/04/2025 13:27,London Camden,Etta Pfeffer,Large Luxury hot chocolate - 2.70,2.7,CARD,8309252866877134
13/04/2025 13:28,London Camden,Lonnie Segraves,Regular Flavoured hot chocolate - Hazelnut - 2.60,2.6,CASH,
13/04/2025 13:29,London Camden,James Powell,"Large Flavoured hot chocolate - Vanilla - 2.90, Large Iced latte - 2.85, Large Luxury hot chocolate - 2.70, Regular Flavoured hot chocolate - Hazelnut - 2.60, Regular Speciality Tea - Peppermint - 1.30",12.35,CARD,5357806292233191
13/04/2025 13:30,London Camden,Joan Gallion,"Large Flavoured hot chocolate - Vanilla - 2.90, Regular Luxury hot chocolate - 2.40, Large Chai latte - 2.60, Large Speciality Tea - Peppermint - 1.60, Large Hot chocolate - 2.90",12.4,CARD,2777288391200960
13/04/2025 13:30,London Camden,Fred Burns,"Large Flavoured latte - Vanilla - 2.85, Regular Iced latte - 2.35",5.2,CARD,8308698385709623
13/04/2025 13:31,London Camden,John Christian,Regular Hot chocolate - 2.20,2.2,CARD,3139668588820978
13/04/2025 13:32,London Camden,Patricia Blue,"Regular Luxury hot chocolate - 2.40, Large Luxury hot chocolate - 2.70, Large Chai latte - 2.60, Large Speciality Tea - Peppermint - 1.60, Regular Chai latte - 2.30, Large Iced latte - 2.85",14.45,CARD,9605490328750041
13/04/2025 13:33,London Camden,Jennifer Miceli,Regular Hot chocolate - 2.20,2.2,CARD,6742143889426629
13/04/2025 13:34,London Camden,Dawn Hebert,"Large Chai latte - 2.60, Large Speciality Tea - Peppermint - 1.60",4.2,CARD,9116366632755866
13/04/2025 13:35,London Camden,Leo Wood,"Large Luxury hot chocolate - 2.70, Regular Flavoured hot chocolate - Vanilla - 2.60, Regular Speciality Tea - Peppermint - 1.30",6.6,CARD,6046859728076673
13/04/2025 13:36,London Camden,David Wheeler,"Regular Flavoured hot chocolate - Vanilla - 2.60, Regular Flavoured hot chocolate - Vanilla - 2.60",5.2,CASH,
13/04/2025 13:37,London Camden,Ryan Bellocchio,"Large Speciality Tea - Peppermint - 1.60, Regular Iced latte - 2.35, Large Hot chocolate - 2.90, Regular Flavoured hot chocolate - Vanilla - 2.60",9.45,CARD,2263202792422470
13/04/2025 13:38,London Camden,Megan Dunbar,"Regular Flavoured latte - Vanilla - 2.55, Regular Speciality Tea - Peppermint - 1.30, Regular Flavoured hot chocolate - Vanilla - 2.60, Large Flavoured latte - Vanilla - 2.85",9.3,CARD,2269007711828761
13/04/2025 13:38,London Camden,Wesley Westcott,"Large Chai latte - 2.60, Regular Iced latte - 2.35, Regular Iced latte - 2.35, Large Flavoured hot chocolate - Hazelnut - 2.90, Regular Flavoured latte - Vanilla - 2.55",12.75,CARD,4631379977727313
13/04/2025 13:39,London Camden,Anthony Dejesus,"Large Flavoured hot chocolate - Vanilla - 2.90, Large Flavoured hot chocolate - Hazelnut - 2.90",5.8,CASH,
13/04/2025 13:40,London Camden,Cheryl Balch,Large Flavoured hot chocolate - Hazelnut - 2.90,2.9,CARD,3482810639962913
13/04/2025 13:41,London Camden,Nannie Cannone,"Large Flavoured hot chocolate - Hazelnut - 2.90, Large Flavoured latte - Vanilla - 2.85, Regular Speciality Tea - Peppermint - 1.30, Regular Chai latte - 2.30, Regular Speciality Tea - Peppermint - 1.30, Large Flavoured hot chocolate - Vanilla - 2.90",13.55,CASH,
13/04/2025 13:42,London Camden,Evelyn Cotton,"Regular Flavoured hot chocolate - Hazelnut - 2.60, Regular Flavoured hot chocolate - Hazelnut - 2.60",5.2,CARD,7297601499161227
13/04/2025 13:43,London Camden,Barbara Guillotte,Large Flavoured hot chocolate - Vanilla - 2.90,2.9,CARD,7824959020537194
13/04/2025 13:44,London Camden,Stacey Carrizales,"Large Luxury hot chocolate - 2.70, Large Flavoured hot chocolate - Vanilla - 2.90, Regular Luxury hot chocolate - 2.40",8.0,CARD,1139301956633809
13/04/2025 13:45,London Camden,Debra Couture,"Regular Speciality Tea - Peppermint - 1.30, Large Flavoured hot chocolate - Hazelnut - 2.90, Regular Iced latte - 2.35, Large Flavoured hot chocolate - Vanilla - 2.90, Regular Luxury hot chocolate - 2.40",11.85,CASH,
13/04/2025 13:45,London Camden,Kelly Mckenzie,"Regular Hot chocolate - 2.20, Regular Luxury hot chocolate - 2.40",4.6,CASH,
13/04/2025 13:46,London Camden,Johnny Broughton,Regular Luxury hot chocolate - 2.40,2.4,CARD,7702987386691956
13/04/2025 13:47,London Camden,Edward Elliott,"Regular Hot chocolate - 2.20, Regular Chai latte - 2.30, Large Speciality Tea - Peppermint - 1.60, Regular Hot chocolate - 2.20, Large Flavoured hot chocolate - Vanilla - 2.90",11.2,CARD,9951324368863671
13/04/2025 13:48,London Camden,Gene Wilson,"Regular Iced latte - 2.35, Regular Flavoured latte - Vanilla - 2.55, Regular Chai latte - 2.30, Regular Flavoured latte - Vanilla - 2.55, Regular Luxury hot chocolate - 2.40",12.15,CARD,9411506108250101
13/04/2025 13:49,London Camden,Richard Quinn,"Large Flavoured hot chocolate - Hazelnut - 2.90, Large Flavoured hot chocolate - Vanilla - 2.90",5.8,CARD,7147377094526966
13/04/2025 13:50,London Camden,Richard Pointer,"Regular Luxury hot chocolate - 2.40, Large Chai latte - 2.60, Large Flavoured hot chocolate - Vanilla - 2.90, Large Luxury hot chocolate - 2.70, Large Luxury hot chocolate - 2.70",13.3,CARD,8005936516328430
13/04/2025 13:51,London Camden,Justin Jones,"Large Flavoured hot chocolate - Vanilla - 2.90, Regular Flavoured latte - Vanilla - 2.55, Large Speciality Tea - Peppermint - 1.60",7.05,CARD,9665302011271298
13/04/2025 13:52,London Camden,Charles Jones,"Large Flavoured hot chocolate - Vanilla - 2.90, Large Luxury hot chocolate - 2.70, Large Flavoured latte - Vanilla - 2.85, Large Luxury hot chocolate - 2.70, Regular Iced latte - 2.35, Regular Speciality Tea - Peppermint - 1.30",14.8,CARD,7525143799319221
13/04/2025 13:53,London Camden,Robert Zhang,Regular Hot chocolate - 2.20,2.2,CASH,
13/04/2025 13:53,London Camden,Susan Richert,"Large Flavoured hot chocolate - Hazelnut - 2.90, Regular Flavoured latte - Vanilla - 2.55, Large Flavoured hot chocolate - Vanilla - 2.90, Large Flavoured hot chocolate - Vanilla - 2.90",11.25,CARD,3850906304280525
13/04/2025 13:54,London Camden,Samantha Stover,Regular Chai latte - 2.30,2.3,CARD,8883277457958512
13/04/2025 13:55,London Camden,Lee Mascarenas,Large Iced latte - 2.85,2.85,CARD,1133882986258650
13/04/2025 13:56,London Camden,Helen Rivers,"Large Flavoured hot chocolate - Hazelnut - 2.90, Regular Flavoured hot chocolate - Vanilla - 2.60, Regular Chai latte - 2.30, Large Speciality Tea - Peppermint - 1.60, Regular Hot chocolate - 2.20, Large Flavoured hot chocolate - Hazelnut - 2.90",14.5,CARD,7383455129445386
13/04/2025 13:57,London Camden,Rachel Kindred,"Large Flavoured hot chocolate - Vanilla - 2.90, Regular Flavoured hot chocolate - Vanilla - 2.60, Large Hot chocolate - 2.90",8.4,CARD,1894303769002338
13/04/2025 13:58,London Camden,Carol Taylor,Regular Iced latte - 2.35,2.35,CARD,7169612220044735
13/04/2025 13:59,London Camden,Ruby Sturges,"Large Iced latte - 2.85, Regular Hot chocolate - 2.20",5.05,CARD,8609881769412074
13/04/2025 14:00,London Camden,Ronald Berry,"Large Flavoured latte - Vanilla - 2.85, Large Flavoured latte - Vanilla - 2.85",5.7,CASH,
13/04/2025 14:00,London Camden,Danica Denham,"Regular Hot chocolate - 2.20, Large Luxury hot chocolate - 2.70",4.9,CASH,
13/04/2025 14:01,London Camden,Doris Greene,"Regular Hot chocolate - 2.20, Regular Flavoured hot chocolate - Vanilla - 2.60, Large Flavoured latte - Vanilla - 2.85",7.65,CASH,
13/04/2025 14:02,London Camden,Dana Brown,"Large Flavoured latte - Vanilla - 2.85, Large Iced latte - 2.85",5.7,CASH,
13/04/2025 14:03,London Camden,Joyce Blasengame,"Regular Hot chocolate - 2.20, Regular Speciality Tea - Peppermint - 1.30",3.5,CASH,
13/04/2025 14:04,London Camden,Thomas Butler,Regular Hot chocolate - 2.20,2.2,CARD,8985985661167209
13/04/2025 14:05,London Camden,Bertha Mccreary,"Regular Iced latte - 2.35, Regular Luxury hot chocolate - 2.40",4.75,CASH,
13/04/2025 14:06,London Camden,Carol Ayala,"Large Flavoured latte - Vanilla - 2.85, Large Flavoured hot chocolate - Hazelnut - 2.90, Large Luxury hot chocolate - 2.70",8.45,CARD,3721035106095272
13/04/2025 14:07,London Camden,Jamie Henderson,Regular Iced latte - 2.35,2.35,CARD,9750244827021112
13/04/2025 14:07,London Camden,Jamal Baumgardner,Large Iced latte - 2.85,2.85,CARD,2779842607616289
13/04/2025 14:08,London Camden,Patricia Ward,Large Flavoured latte - Vanilla - 2.85,2.85,CASH,
13/04/2025 14:09,London Camden,Doris Reed,"Regular Flavoured hot chocolate - Hazelnut - 2.60, Large Chai latte - 2.60, Regular Speciality Tea - Peppermint - 1.30, Large Speciality Tea - Peppermint - 1.60, Large Flavoured latte - Vanilla - 2.85",10.95,CARD,3082345498724383
13/04/2025 14:10,London Camden,William Ford,"Large Flavoured hot chocolate - Hazelnut - 2.90, Regular Speciality Tea - Peppermint - 1.30, Regular Luxury hot chocolate - 2.40",6.6,CASH,
13/04/2025 14:11,London Camden,Walter Jacobson,"Large Chai latte - 2.60, Regular Luxury hot chocolate - 2.40",5.0,CARD,2040941984369027
13/04/2025 14:12,London Camden,Gregory Sierra,"Large Flavoured latte - Vanilla - 2.85, Large Hot chocolate - 2.90, Large Hot chocolate - 2.90, Large Hot chocolate - 2.90",11.55,CARD,4678929100141823
13/04/2025 14:13,London Camden,Micheal Vance,"Large Hot chocolate - 2.90, Large Flavoured hot chocolate - Hazelnut - 2.90, Large Flavoured hot chocolate - Vanilla - 2.90, Large Luxury hot chocolate - 2.70",11.4,CARD,2860936638315709
13/04/2025 14:13,London Camden,Allan Merrick,"Regular Flavoured latte - Vanilla - 2.55, Large Luxury hot chocolate - 2.70",5.25,CARD,4417261846220741
13/04/2025 14:14,London Camden,Lawrence Hurst,"Large Flavoured hot chocolate - Vanilla - 2.90, Large Speciality Tea - Peppermint - 1.60, Large Iced latte - 2.85, Large Speciality Tea - Peppermint - 1.60, Large Flavoured latte - Vanilla - 2.85, Regular Flavoured hot chocolate - Hazelnut - 2.60",14.4,CASH,
13/04/2025 14:15,London Camden,Paula Smith,Large Speciality Tea - Peppermint - 1.60,1.6,CASH,
13/04/2025 14:16,London Camden,Ernestine Harris,"Large Flavoured hot chocolate - Hazelnut - 2.90, Regular Chai latte - 2.30",5.2,CARD,8858563318258098
13/04/2025 14:17,London Camden,Monique Tucker,"Regular Flavoured latte - Vanilla - 2.55, Large Flavoured hot chocolate - Hazelnut - 2.90, Regular Flavoured latte - Vanilla - 2.55, Large Luxury hot chocolate - 2.70, Regular Flavoured latte - Vanilla - 2.55",13.25,CARD,9453037483842548
13/04/2025 14:18,London Camden,Bernard Hayes,"Regular Flavoured latte - Vanilla - 2.55, Regular Speciality Tea - Peppermint - 1.30, Regular Flavoured hot chocolate - Hazelnut - 2.60, Regular Flavoured hot chocolate - Vanilla - 2.60, Regular Luxury hot chocolate - 2.40",11.45,CARD,9652069713912230
13/04/2025 14:19,London Camden,Marie Taylor,"Large Flavoured latte - Vanilla - 2.85, Regular Flavoured hot chocolate - Vanilla - 2.60, Regular Hot chocolate - 2.20, Regular Hot chocolate - 2.20, Regular Chai latte - 2.30",12.15,CASH,
13/04/2025 14:20,London Camden,Mary Edwards,Regular Iced latte - 2.35,2.35,CARD,5376958715063282
13/04/2025 14:20,London Camden,Carl Mclendon,"Regular Chai latte - 2.30, Regular Flavoured hot chocolate - Hazelnut - 2.60, Regular Luxury hot chocolate - 2.40, Large Flavoured latte - Vanilla - 2.85",10.15,CARD,5193839884454965
13/04/2025 14:21,London Camden,Natalie Adams,"Large Flavoured latte - Vanilla - 2.85, Regular Flavoured latte - Vanilla - 2.55, Large Flavoured latte - Vanilla - 2.85, Regular Hot chocolate - 2.20",10.45,CARD,7736294715822250
13/04/2025 14:22,London Camden,Edwin Osburn,Large Iced latte - 2.85,2.85,CARD,4958729278289770
13/04/2025 14:23,London Camden,Ernest Robinette,"Large Hot chocolate - 2.90, Regular Hot chocolate - 2.20, Regular Hot chocolate - 2.20, Large Iced latte - 2.85",10.15,CARD,6200068255240107
13/04/2025 14:24,London Camden,Dana Bloodsaw,"Large Flavoured hot chocolate - Vanilla - 2.90, Regular Flavoured hot chocolate - Vanilla - 2.60, Large Flavoured latte - Vanilla - 2.85",8.35,CARD,8913199265770578
13/04/2025 14:25,London Camden,Mary Morrison,"Large Hot chocolate - 2.90, Large Flavoured hot chocolate - Vanilla - 2.90, Regular Chai latte - 2.30, Large Speciality Tea - Peppermint - 1.60, Regular Iced latte - 2.35, Regular Flavoured hot chocolate - Vanilla - 2.60",14.65,CARD,7734965118830354
13/04/2025 14:26,London Camden,Mason Boutin,"Large Flavoured hot chocolate - Hazelnut - 2.90, Large Flavoured latte - Vanilla - 2.85, Large Iced latte - 2.85, Large Luxury hot chocolate - 2.70",11.3,CASH,
13/04/2025 14:26,London Camden,Edward Wolfe,Regular Hot chocolate - 2.20,2.2,CASH,
13/04/2025 14:27,London Camden,Timothy Bell,Large Flavoured latte - Vanilla - 2.85,2.85,CASH,
13/04/2025 14:28,London Camden,Fred Morehouse,"Regular Luxury hot chocolate - 2.40, Regular Flavoured latte - Vanilla - 2.55, Regular Flavoured hot chocolate - Hazelnut - 2.60",7.55,CARD,7241849179998572
13/04/2025 14:29,London Camden,William Ramsey,"Large Speciality Tea - Peppermint - 1.60, Large Speciality Tea - Peppermint - 1.60, Large Speciality Tea - Peppermint - 1.60",4.8,CASH,
13/04/2025 14:30,London Camden,Shawn Langevin,Large Chai latte - 2.60,2.6,CASH,
13/04/2025 14:31,London Camden,Stephen Tallent,Large Iced latte - 2.85,2.85,CARD,3540552908913856
13/04/2025 14:32,London Camden,Carole Russell,Large Hot chocolate - 2.90,2.9,CARD,3923803284812952
13/04/2025 14:33,London Camden,Lorraine Allen,"Large Chai latte - 2.60, Regular Flavoured hot chocolate - Hazelnut - 2.60, Large Hot chocolate - 2.90, Regular Chai latte - 2.30, Large Flavoured latte - Vanilla - 2.85",13.25,CARD,2212543883709390
13/04/2025 14:33,London Camden,Kyle Hernandez,"Regular Speciality Tea - Peppermint - 1.30, Large Flavoured hot chocolate - Hazelnut - 2.90, Large Flavoured hot chocolate - Vanilla - 2.90",7.1,CARD,1687596298777568
13/04/2025 14:34,London Camden,Angela Dupuis,"Large Speciality Tea - Peppermint - 1.60, Regular Chai latte - 2.30",3.9,CASH,
13/04/2025 14:35,London Camden,Kathryn Pierce,Regular Iced latte - 2.35,2.35,CARD,8630811585342826
13/04/2025 14:36,London Camden,Ronald Donaldson,"Regular Flavoured latte - Vanilla - 2.55, Large Flavoured hot chocolate - Vanilla - 2.90, Regular Speciality Tea - Peppermint - 1.30",6.75,CASH,
13/04/2025 14:37,London Camden,Deborah Selkirk,"Regular Flavoured hot chocolate - Vanilla - 2.60, Large Hot chocolate - 2.90, Regular Flavoured hot chocolate - Hazelnut - 2.60, Large Flavoured hot chocolate - Hazelnut - 2.90, Large Flavoured hot chocolate - Vanilla - 2.90",13.9,CARD,5905256473256299
13/04/2025 14:38,London Camden,Lena Andrews,"Regular Chai latte - 2.30, Large Iced latte - 2.85, Regular Hot chocolate - 2.20",7.35,CASH,
13/04/2025 14:39,London Camden,Gregoria Chen,"Regular Flavoured hot chocolate - Hazelnut - 2.60, Regular Hot chocolate - 2.20",4.8,CARD,1140775424054550
13/04/2025 14:39,London Camden,Lee Elder,Large Flavoured hot chocolate - Vanilla - 2.90,2.9,CARD,7427297186253062
13/04/2025 14:40,London Camden,Jacob Schott,"Regular Chai latte - 2.30, Regular Flavoured hot chocolate - Hazelnut - 2.60",4.9,CARD,7740110672781319
13/04/2025 14:41,London Camden,Zachary Kleck,"Large Flavoured hot chocolate - Hazelnut - 2.90, Large Flavoured hot chocolate - Hazelnut - 2.90, Large Speciality Tea - Peppermint - 1.60",7.4,CASH,
13/04/2025 14:42,London Camden,Alan Carson,"Regular Iced latte - 2.35, Large Speciality Tea - Peppermint - 1.60, Regular Flavoured hot chocolate - Hazelnut - 2.60, Regular Speciality Tea - Peppermint - 1.30",7.85,CARD,4006545900481062
13/04/2025 14:43,London Camden,George Dorsey,"Regular Luxury hot chocolate - 2.40, Large Luxury hot chocolate - 2.70, Regular Flavoured hot chocolate - Vanilla - 2.60",7.7,CARD,6251589901475945
13/04/2025 14:44,London Camden,Joseph Dortch,"Regular Flavoured hot chocolate - Vanilla - 2.60, Regular Flavoured latte - Vanilla - 2.55, Large Hot chocolate - 2.90",8.05,CARD,3293193330468829
13/04/2025 14:45,London Camden,Numbers Dell,"Regular Flavoured hot chocolate - Hazelnut - 2.60, Large Luxury hot chocolate - 2.70",5.3,CARD,2616433139854543
13/04/2025 14:46,London Camden,Mia Merten,"Regular Hot chocolate - 2.20, Large Flavoured hot chocolate - Hazelnut - 2.90, Large Flavoured hot chocolate - Hazelnut - 2.90",8.0,CARD,8928549143022724
13/04/2025 14:46,London Camden,Chrissy Gordon,Large Flavoured latte - Vanilla - 2.85,2.85,CASH,
13/04/2025 14:47,London Camden,Stephanie Guel,Large Iced latte - 2.85,2.85,CARD,3088681796301990
13/04/2025 14:48,London Camden,Calvin Hill,"Regular Chai latte - 2.30, Regular Chai latte - 2.30, Regular Chai latte - 2.30, Regular Flavoured hot chocolate - Vanilla - 2.60",9.5,CARD,6036443029984236
13/04/2025 14:49,London Camden,Freddy Sanchez,"Large Iced latte - 2.85, Regular Speciality Tea - Peppermint - 1.30, Regular Flavoured hot chocolate - Hazelnut - 2.60, Large Chai latte - 2.60, Large Flavoured hot chocolate - Vanilla - 2.90",12.25,CARD,9624570896969283
13/04/2025 14:50,London Camden,Michael Roche,"Regular Flavoured hot chocolate - Vanilla - 2.60, Large Flavoured hot chocolate - Hazelnut - 2.90, Large Flavoured latte - Vanilla - 2.85",8.35,CARD,6826200593875946
13/04/2025 14:51,London Camden,Alma Sanchez,"Regular Flavoured hot chocolate - Hazelnut - 2.60, Large Flavoured hot chocolate - Hazelnut - 2.90, Regular Speciality Tea - Peppermint - 1.30, Large Iced latte - 2.85",9.65,CARD,8886906206687598
13/04/2025 14:52,London Camden,John Marcucci,"Regular Flavoured hot chocolate - Vanilla - 2.60, Large Speciality Tea - Peppermint - 1.60",4.2,CARD,1110370435843435
13/04/2025 14:52,London Camden,June Leak,"Regular Flavoured hot chocolate - Hazelnut - 2.60, Regular Iced latte - 2.35",4.95,CASH,
13/04/2025 14:53,London Camden,Candice Miller,"Large Flavoured hot chocolate - Hazelnut - 2.90, Large Speciality Tea - Peppermint - 1.60, Large Iced latte - 2.85, Large Flavoured hot chocolate - Hazelnut - 2.90",10.25,CARD,3928176541914226
13/04/2025 14:54,London Camden,Manuel Robinson,Regular Chai latte - 2.30,2.3,CARD,7874753999004393
13/04/2025 14:55,London Camden,Kristen Willemsen,Regular Luxury hot chocolate - 2.40,2.4,CASH,
13/04/2025 14:56,London Camden,Carl Bennett,"Regular Flavoured latte - Vanilla - 2.55, Large Flavoured hot chocolate - Vanilla - 2.90",5.45,CASH,
13/04/2025 14:57,London Camden,Robert Carlin,"Large Luxury hot chocolate - 2.70, Large Hot chocolate - 2.90",5.6,CARD,7756792466987067
13/04/2025 14:58,London Camden,Julius Brown,Large Flavoured hot chocolate - Hazelnut - 2.90,2.9,CARD,7510236126456348
13/04/2025 14:59,London Camden,Tara Cosley,Regular Speciality Tea - Peppermint - 1.30,1.3,CARD,1107997192142106
13/04/2025 14:59,London Camden,Melanie Hoke,"Regular Hot chocolate - 2.20, Regular Speciality Tea - Peppermint - 1.30, Large Speciality Tea - Peppermint - 1.60",5.1,CARD,4575546996384753
13/04/2025 15:00,London Camden,George Griggs,"Large Flavoured hot chocolate - Hazelnut - 2.90, Large Flavoured hot chocolate - Vanilla - 2.90, Large Iced latte - 2.85, Regular Luxury hot chocolate - 2.40, Regular Chai latte - 2.30, Regular Speciality Tea - Peppermint - 1.30",14.65,CARD,7416941634246433
13/04/2025 15:01,London Camden,Jose Talkington,"Regular Speciality Tea - Peppermint - 1.30, Large Luxury hot chocolate - 2.70, Large Flavoured hot chocolate - Hazelnut - 2.90, Large Flavoured latte - Vanilla - 2.85",9.75,CASH,
13/04/2025 15:03,London Camden,Hershel Mcquade,Large Iced latte - 2.85,2.85,CARD,8117737936341328
13/04/2025 15:04,London Camden,Janet Adkins,Large Luxury hot chocolate - 2.70,2.7,CARD,8047606359398308
13/04/2025 15:05,London Camden,Laura Kelley,"Regular Hot chocolate - 2.20, Regular Flavoured latte - Vanilla - 2.55",4.75,CASH,
13/04/2025 15:06,London Camden,Marna Holland,"Large Speciality Tea - Peppermint - 1.60, Large Hot chocolate - 2.90, Large Hot chocolate - 2.90, Regular Iced latte - 2.35",9.75,CASH,
13/04/2025 15:07,London Camden,August Odonnell,"Regular Flavoured hot chocolate - Vanilla - 2.60, Large Speciality Tea - Peppermint - 1.60",4.2,CARD,9057943607231225
13/04/2025 15:08,London Camden,Ramon Hatcher,"Regular Flavoured latte - Vanilla - 2.55, Large Flavoured hot chocolate - Vanilla - 2.90, Regular Luxury hot chocolate - 2.40",7.85,CARD,8053221503813363
13/04/2025 15:10,London Camden,Charles Slane,Regular Flavoured hot chocolate - Vanilla - 2.60,2.6,CARD,5769565928896612
13/04/2025 15:11,London Camden,Stella Goddard,"Large Flavoured hot chocolate - Hazelnut - 2.90, Large Flavoured latte - Vanilla - 2.85",5.75,CARD,3563429985292225
13/04/2025 15:12,London Camden,Claire Dufrene,"Regular Flavoured hot chocolate - Hazelnut - 2.60, Regular Luxury hot chocolate - 2.40",5.0,CASH,
13/04/2025 15:13,London Camden,Wayne Lotz,"Large Hot chocolate - 2.90, Large Hot chocolate - 2.90",5.8,CARD,3909532985223204
13/04/2025 15:14,London Camden,Sharon Hancock,Large Luxury hot chocolate - 2.70,2.7,CARD,8587622856547954
13/04/2025 15:15,London Camden,Evelyn Barthelemy,"Large Hot chocolate - 2.90, Large Hot chocolate - 2.90",5.8,CARD,1290139244166452
13/04/2025 15:17,London Camden,Kristi Frazier,"Regular Hot chocolate - 2.20, Regular Speciality Tea - Peppermint - 1.30, Regular Flavoured hot chocolate - Hazelnut - 2.60, Regular Flavoured hot chocolate - Vanilla - 2.60, Large Hot chocolate - 2.90, Large Flavoured hot chocolate - Vanilla - 2.90",14.5,CARD,8192781425424376
13/04/2025 15:18,London Camden,Judy Donaldson,"Regular Flavoured latte - Vanilla - 2.55, Regular Speciality Tea - Peppermint - 1.30",3.85,CARD,5024710322814233
13/04/2025 15:19,London Camden,Michele Banister,"Large Speciality Tea - Peppermint - 1.60, Large Speciality Tea - Peppermint - 1.60, Large Flavoured latte - Vanilla - 2.85, Large Luxury hot chocolate - 2.70",8.75,CARD,8818011475894564
13/04/2025 15:20,London Camden,Armandina Bean,Large Flavoured hot chocolate - Vanilla - 2.90,2.9,CARD,7555990162133862
13/04/2025 15:21,London Camden,Robert French,"Large Luxury hot chocolate - 2.70, Large Hot chocolate - 2.90",5.6,CARD,2248409181840942
13/04/2025 15:22,London Camden,John Charney,"Regular Chai latte - 2.30, Regular Iced latte - 2.35, Regular Hot chocolate - 2.20, Regular Flavoured hot chocolate - Hazelnut - 2.60",9.45,CARD,5827248936097557
13/04/2025 15:24,London Camden,Helen Moree,"Regular Flavoured hot chocolate - Vanilla - 2.60, Regular Luxury hot chocolate - 2.40",5.0,CARD,6602163305966458
13/04/2025 15:25,London Camden,Michael Godfrey,"Large Chai latte - 2.60, Large Flavoured latte - Vanilla - 2.85, Regular Flavoured latte - Vanilla - 2.55, Regular Speciality Tea - Peppermint - 1.30",9.3,CARD,6966366042107282
13/04/2025 15:26,London Camden,Timothy Mccants,Regular Luxury hot chocolate - 2.40,2.4,CARD,2558128827982183
13/04/2025 15:27,London Camden,Ruth Webster,"Regular Flavoured latte - Vanilla - 2.55, Large Flavoured latte - Vanilla - 2.85, Regular Iced latte - 2.35, Regular Flavoured hot chocolate - Vanilla - 2.60, Large Iced latte - 2.85",13.2,CARD,7638708925307088
13/04/2025 15:28,London Camden,Angel Jennings,"Regular Flavoured hot chocolate - Hazelnut - 2.60, Regular Flavoured hot chocolate - Vanilla - 2.60, Large Luxury hot chocolate - 2.70",7.9,CARD,7222800571213508
13/04/2025 15:29,London Camden,Aida Jenkins,"Regular Iced latte - 2.35, Regular Flavoured hot chocolate - Hazelnut - 2.60",4.95,CARD,7662354089736027
13/04/2025 15:31,London Camden,David Sizemore,"Regular Luxury hot chocolate - 2.40, Regular Flavoured latte - Vanilla - 2.55, Large Speciality Tea - Peppermint - 1.60, Large Flavoured hot chocolate - Hazelnut - 2.90",9.45,CASH,
13/04/2025 15:32,London Camden,Richard Hubert,"Large Flavoured hot chocolate - Vanilla - 2.90, Regular Flavoured hot chocolate - Hazelnut - 2.60",5.5,CARD,3855193534233512
13/04/2025 15:33,London Camden,Brian Bender,"Large Speciality Tea - Peppermint - 1.60, Regular Flavoured hot chocolate - Vanilla - 2.60, Large Flavoured latte - Vanilla - 2.85, Regular Flavoured hot chocolate - Vanilla - 2.60",9.65,CARD,8113014299022345
13/04/2025 15:34,London Camden,Jeanette Ortega,"Regular Luxury hot chocolate - 2.40, Regular Speciality Tea - Peppermint - 1.30, Regular Flavoured hot chocolate - Vanilla - 2.60, Large Speciality Tea - Peppermint - 1.60, Regular Luxury hot chocolate - 2.40, Large Luxury hot chocolate - 2.70",13.0,CARD,8169019041976243
13/04/2025 15:35,London Camden,David Stevens,Regular Hot chocolate - 2.20,2.2,CARD,7200437947421657
13/04/2025 15:36,London Camden,Dennis Thorsen,"Regular Flavoured hot chocolate - Vanilla - 2.60, Large Chai latte - 2.60, Large Speciality Tea - Peppermint - 1.60, Large Chai latte - 2.60, Regular Speciality Tea - Peppermint - 1.30",10.7,CARD,9506213987870088
13/04/2025 15:38,London Camden,Karen Izatt,"Regular Flavoured latte - Vanilla - 2.55, Regular Flavoured latte - Vanilla - 2.55, Regular Flavoured hot chocolate - Hazelnut - 2.60",7.7,CARD,2017948639187042
13/04/2025 15:39,London Camden,William Bowers,Regular Chai latte - 2.30,2.3,CARD,7140365472935998
13/04/2025 15:40,London Camden,Donald Shield,"Regular Flavoured latte - Vanilla - 2.55, Regular Chai latte - 2.30, Large Flavoured hot chocolate - Hazelnut - 2.90, Regular Luxury hot chocolate - 2.40",10.15,CARD,1817260199306239
13/04/2025 15:41,London Camden,Edward Shelton,"Large Flavoured latte - Vanilla - 2.85, Regular Flavoured latte - Vanilla - 2.55",5.4,CARD,7565425227994284
13/04/2025 15:42,London Camden,Dusty Clark,"Regular Iced latte - 2.35, Large Flavoured latte - Vanilla - 2.85, Large Speciality Tea - Peppermint - 1.60, Large Flavoured hot chocolate - Hazelnut - 2.90, Large Iced latte - 2.85",12.55,CARD,6412855767127080
13/04/2025 15:43,London Camden,Karen Singleton,"Large Flavoured hot chocolate - Hazelnut - 2.90, Regular Flavoured hot chocolate - Vanilla - 2.60, Regular Flavoured latte - Vanilla - 2.55, Regular Speciality Tea - Peppermint - 1.30",9.35,CARD,2394810171063156
13/04/2025 15:45,London Camden,Stacy Wood,"Large Flavoured hot chocolate - Vanilla - 2.90, Large Chai latte - 2.60",5.5,CARD,2216935239282954
13/04/2025 15:46,London Camden,Edward Price,Regular Chai latte - 2.30,2.3,CARD,5319559319791105
13/04/2025 15:47,London Camden,Melanie Shelton,"Regular Hot chocolate - 2.20, Regular Hot chocolate - 2.20",4.4,CASH,
13/04/2025 15:48,London Camden,James Williams,"Large Flavoured latte - Vanilla - 2.85, Regular Hot chocolate - 2.20",5.05,CASH,
13/04/2025 15:49,London Camden,Gary Brungardt,"Large Flavoured hot chocolate - Hazelnut - 2.90, Regular Flavoured hot chocolate - Hazelnut - 2.60",5.5,CARD,6409061789288169
13/04/2025 15:50,London Camden,Heidi George,"Large Flavoured latte - Vanilla - 2.85, Large Speciality Tea - Peppermint - 1.60",4.45,CARD,5373748416252371
13/04/2025 15:52,London Camden,Harold Eagle,"Regular Speciality Tea - Peppermint - 1.30, Regular Hot chocolate - 2.20, Large Speciality Tea - Peppermint - 1.60, Large Hot chocolate - 2.90",8.0,CARD,7797452232961616
13/04/2025 15:53,London Camden,Dolores Gonzalez,"Regular Flavoured hot chocolate - Vanilla - 2.60, Large Flavoured hot chocolate - Hazelnut - 2.90, Regular Flavoured latte - Vanilla - 2.55, Regular Iced latte - 2.35, Large Flavoured hot chocolate - Vanilla - 2.90",13.3,CASH,
13/04/2025 15:54,London Camden,Patrick Anderson,"Large Chai latte - 2.60, Regular Flavoured latte - Vanilla - 2.55, Large Iced latte - 2.85",8.0,CASH,
13/04/2025 15:55,London Camden,Marilyn Hoffmann,"Large Hot chocolate - 2.90, Regular Iced latte - 2.35, Regular Iced latte - 2.35",7.6,CARD,1419767670946911
13/04/2025 15:56,London Camden,Mary Casillas,Large Luxury hot chocolate - 2.70,2.7,CASH,
13/04/2025 15:57,London Camden,Sarah Rivers,Regular Speciality Tea - Peppermint - 1.30,1.3,CARD,9315440395776053
13/04/2025 15:59,London Camden,Brenda Wilson,"Regular Flavoured hot chocolate - Hazelnut - 2.60, Large Iced latte - 2.85, Regular Hot chocolate - 2.20",7.65,CASH,
13/04/2025 16:00,London Camden,Frederick Jones,Regular Hot chocolate - 2.20,2.2,CARD,1314659609158341
13/04/2025 16:02,London Camden,Carolyn Wicklund,Large Hot chocolate - 2.90,2.9,CARD,8650128764639910
13/04/2025 16:04,London Camden,Judith Ford,"Large Flavoured hot chocolate - Vanilla - 2.90, Large Flavoured latte - Vanilla - 2.85, Regular Flavoured latte - Vanilla - 2.55, Large Hot chocolate - 2.90, Regular Iced latte - 2.35, Large Flavoured hot chocolate - Vanilla - 2.90",16.45,CASH,
13/04/2025 16:06,London Camden,Maggie Vanluven,Large Flavoured hot chocolate - Hazelnut - 2.90,2.9,CARD,7916297245455103
13/04/2025 16:09,London Camden,Fletcher Richardson,"Large Iced latte - 2.85, Large Speciality Tea - Peppermint - 1.60, Regular Flavoured hot chocolate - Vanilla - 2.60, Regular Hot chocolate - 2.20, Regular Chai latte - 2.30, Regular Flavoured hot chocolate - Hazelnut - 2.60",14.15,CASH,
13/04/2025 16:11,London Camden,Cynthia Coutee,"Regular Luxury hot chocolate - 2.40, Large Flavoured hot chocolate - Hazelnut - 2.90, Large Flavoured latte - Vanilla - 2.85, Regular Flavoured latte - Vanilla - 2.55",10.7,CARD,6692060296341931
13/04/2025 16:13,London Camden,Marvin Gilbert,"Large Iced latte - 2.85, Regular Luxury hot chocolate - 2.40, Large Flavoured hot chocolate - Vanilla - 2.90",8.15,CASH,
13/04/2025 16:15,London Camden,James Bullard,"Large Luxury hot chocolate - 2.70, Regular Speciality Tea - Peppermint - 1.30, Large Iced latte - 2.85, Regular Flavoured hot chocolate - Hazelnut - 2.60, Regular Iced latte - 2.35",11.8,CASH,
13/04/2025 16:18,London Camden,Trevor Rivera,Large Flavoured hot chocolate - Hazelnut - 2.90,2.9,CARD,3150261359908320
13/04/2025 16:20,London Camden,Martha Baxter,"Large Iced latte - 2.85, Regular Flavoured latte - Vanilla - 2.55",5.4,CARD,2464824312550467
13/04/2025 16:22,London Camden,Barbara Dowdell,"Regular Flavoured hot chocolate - Hazelnut - 2.60, Large Luxury hot chocolate - 2.70",5.3,CARD,2610422417701647
13/04/2025 16:24,London Camden,Charles Burroughs,"Large Chai latte - 2.60, Regular Iced latte - 2.35, Regular Chai latte - 2.30, Regular Flavoured hot chocolate - Hazelnut - 2.60, Regular Flavoured hot chocolate - Hazelnut - 2.60, Large Luxury hot chocolate - 2.70",15.15,CARD,9442526682993061
13/04/2025 16:26,London Camden,Christopher Litton,"Regular Flavoured latte - Vanilla - 2.55, Regular Iced latte - 2.35, Regular Luxury hot chocolate - 2.40",7.3,CARD,1980907765225043
13/04/2025 16:29,London Camden,Sabrina Williams,"Large Luxury hot chocolate - 2.70, Regular Luxury hot chocolate - 2.40, Large Iced latte - 2.85, Large Chai latte - 2.60, Regular Iced latte - 2.35",12.9,CARD,4619036009469269
13/04/2025 16:31,London Camden,Christine Carey,"Regular Speciality Tea - Peppermint - 1.30, Regular Iced latte - 2.35, Large Flavoured latte - Vanilla - 2.85, Regular Flavoured hot chocolate - Vanilla - 2.60, Regular Flavoured hot chocolate - Hazelnut - 2.60",11.7,CASH,
13/04/2025 16:33,London Camden,Bennie Boyce,"Regular Chai latte - 2.30, Large Flavoured hot chocolate - Vanilla - 2.90, Regular Iced latte - 2.35, Large Flavoured hot chocolate - Vanilla - 2.90, Regular Speciality Tea - Peppermint - 1.30",11.75,CASH,
13/04/2025 16:35,London Camden,Paul Crayton,"Large Chai latte - 2.60, Large Iced latte - 2.85",5.45,CARD,4392380999250791
13/04/2025 16:37,London Camden,Robin Leymeister,"Regular Flavoured hot chocolate - Vanilla - 2.60, Large Hot chocolate - 2.90, Regular Speciality Tea - Peppermint - 1.30, Large Luxury hot chocolate - 2.70",9.5,CASH,
13/04/2025 16:40,London Camden,Charles Bowman,Large Hot chocolate - 2.90,2.9,CASH,
13/04/2025 16:42,London Camden,Holli Pittman,"Regular Luxury hot chocolate - 2.40, Large Chai latte - 2.60, Regular Speciality Tea - Peppermint - 1.30, Large Iced latte - 2.85",9.15,CASH,
13/04/2025 16:44,London Camden,Doris Parker,"Large Speciality Tea - Peppermint - 1.60, Large Iced latte - 2.85, Regular Flavoured latte - Vanilla - 2.55, Large Speciality Tea - Peppermint - 1.60",8.6,CASH,
13/04/2025 16:46,London Camden,Marvin Legrand,"Large Flavoured hot chocolate - Hazelnut - 2.90, Regular Speciality Tea - Peppermint - 1.30, Large Hot chocolate - 2.90",7.1,CARD,9981672367694261
13/04/2025 16:49,London Camden,James Verch,Regular Chai latte - 2.30,2.3,CARD,8298824783847202
13/04/2025 16:51,London Camden,Maria Huston,"Large Flavoured latte - Vanilla - 2.85, Regular Luxury hot chocolate - 2.40, Large Luxury hot chocolate - 2.70",7.95,CARD,6564967750708977
13/04/2025 16:53,London Camden,Anthony Engebretson,"Large Flavoured hot chocolate - Vanilla - 2.90, Large Iced latte - 2.85, Large Flavoured hot chocolate - Vanilla - 2.90, Regular Speciality Tea - Peppermint - 1.30, Regular Chai latte - 2.30, Regular Flavoured hot chocolate - Vanilla - 2.60",14.85,CARD,7311909562550223
13/04/2025 16:55,London Camden,Anita Bennett,"Large Flavoured latte - Vanilla - 2.85, Regular Flavoured hot chocolate - Hazelnut - 2.60, Large Speciality Tea - Peppermint - 1.60, Regular Flavoured latte - Vanilla - 2.55, Regular Flavoured hot chocolate - Vanilla - 2.60",12.2,CARD,6358045175862394
13/04/2025 16:57,London Camden,Michael Collier,"Large Speciality Tea - Peppermint - 1.60, Large Flavoured latte - Vanilla - 2.85, Regular Speciality Tea - Peppermint - 1.30, Regular Speciality Tea - Peppermint - 1.30, Large Speciality Tea - Peppermint - 1.60",8.65,CARD,6939446949602474
