17/04/2025 08:00,London Brixton,Louis Barnes,"Large Cappuccino - 2.45, Regular Smoothies - Carrot Kick - 2.00, Large Iced americano - 2.50",6.95,CASH,
17/04/2025 08:00,London Brixton,Melissa Smith,Regular Cappuccino - 2.15,2.15,CARD,8758938665141013
17/04/2025 08:01,London Brixton,Otis Farmer,Regular Smoothies - Carrot Kick - 2.00,2.0,CARD,9424565916042266
17/04/2025 08:02,London Brixton,Kerry Sugarman,Large Iced americano - 2.50,2.5,CARD,6519469945218932
17/04/2025 08:03,London Brixton,Andrew Robinson,Large Speciality Tea - Earl Grey - 1.60,1.6,CASH,
17/04/2025 08:04,London Brixton,Paul Hancock,"Regular Cappuccino - 2.15, Regular Cappuccino - 2.15",4.3,CASH,
17/04/2025 08:05,London Brixton,Peggy Haverstick,"Large Frappes - Strawberries & Cream - 3.25, Large Smoothies - Carrot Kick - 2.50, Large Cappuccino - 2.45, Regular Hot chocolate - 2.20",10.4,CASH,
17/04/2025 08:06,London Brixton,Armando Benack,Large Speciality Tea - Earl Grey - 1.60,1.6,CARD,4031723125090018
17/04/2025 08:07,London Brixton,Lena Perras,"Regular Frappes - Strawberries & Cream - 2.75, Large Smoothies - Carrot Kick - 2.50, Large Cappuccino - 2.45",7.7,CARD,9951397451667667
17/04/2025 08:08,London Brixton,Bryan Coleman,"Regular Iced americano - 2.15, Regular Smoothies - Glowing Greens - 2.00, Large Iced americano - 2.50, Regular Smoothies - Glowing Greens - 2.00",8.65,CARD,8541162373897212
17/04/2025 08:09,London Brixton,William Searles,"Large Hot chocolate - 2.90, Large Cappuccino - 2.45, Regular Hot chocolate - 2.20, Regular Smoothies - Carrot Kick - 2.00",9.55,CARD,9337662853303662
17/04/2025 08:10,London Brixton,Eileen Karpinen,"Regular Hot chocolate - 2.20, Large Cappuccino - 2.45",4.65,CARD,6223433922289072
17/04/2025 08:11,London Brixton,Jonathan Wiley,"Large Cappuccino - 2.45, Regular Cappuccino - 2.15",4.6,CASH,
17/04/2025 08:12,London Brixton,Christine Hitchcock,"Regular Smoothies - Glowing Greens - 2.00, Large Frappes - Strawberries & Cream - 3.25, Regular Espresso - 1.50, Regular Speciality Tea - Earl Grey - 1.30, Large Espresso - 1.80",9.85,CARD,4341009879571880
17/04/2025 08:13,London Brixton,James Mcadory,"Regular Hot chocolate - 2.20, Regular Cappuccino - 2.15, Regular Cappuccino - 2.15, Large Espresso - 1.80",8.3,CARD,4624036176311511
17/04/2025 08:14,London Brixton,Ethan Linen,"Regular Cappuccino - 2.15, Large Cappuccino - 2.45, Regular Espresso - 1.50",6.1,CARD,8909224293483416
17/04/2025 08:15,London Brixton,Tony Herrera,"Regular Frappes - Strawberries & Cream - 2.75, Large Speciality Tea - Earl Grey - 1.60, Large Hot chocolate - 2.90, Large Frappes - Strawberries & Cream - 3.25, Large Iced americano - 2.50",13.0,CARD,8247972562991227
17/04/2025 08:16,London Brixton,Tracey Arterberry,"Regular Espresso - 1.50, Large Iced americano - 2.50, Regular Espresso - 1.50",5.5,CASH,
17/04/2025 08:17,London Brixton,Douglas Weatherford,"Regular Iced americano - 2.15, Regular Iced americano - 2.15",4.3,CARD,2866387332153480
17/04/2025 08:18,London Brixton,Diane Harrington,"Large Smoothies - Glowing Greens - 2.50, Large Speciality Tea - Earl Grey - 1.60, Large Frappes - Strawberries & Cream - 3.25",7.35,CASH,
17/04/2025 08:19,London Brixton,Humberto White,Large Hot chocolate - 2.90,2.9,CARD,1236750865352934
17/04/2025 08:20,London Brixton,Vesta Kahn,"Large Hot chocolate - 2.90, Large Smoothies - Carrot Kick - 2.50, Large Espresso - 1.80, Large Speciality Tea - Earl Grey - 1.60",8.8,CARD,8995375916388353
17/04/2025 08:21,London Brixton,Richard Floyd,"Large Speciality Tea - Earl Grey - 1.60, Large Iced americano - 2.50",4.1,CARD,3939783613657349
17/04/2025 08:22,London Brixton,William Owens,"Regular Smoothies - Carrot Kick - 2.00, Large Hot chocolate - 2.90, Regular Smoothies - Glowing Greens - 2.00",6.9,CASH,
17/04/2025 08:23,London Brixton,Adam Fox,"Regular Iced americano - 2.15, Large Speciality Tea - Earl Grey - 1.60, Regular Smoothies - Glowing Greens - 2.00, Large Smoothies - Glowing Greens - 2.50, Large Iced americano - 2.50",10.75,CASH,
17/04/2025 08:24,London Brixton,Rita Mcdonald,"Large Iced americano - 2.50, Regular Iced americano - 2.15, Regular Frappes - Strawberries & Cream - 2.75, Large Frappes - Strawberries & Cream - 3.25",10.65,CARD,7675784361792634
17/04/2025 08:25,London Brixton,Matthew Shone,"Large Espresso - 1.80, Large Speciality Tea - Earl Grey - 1.60",3.4,CARD,4921434703438156
17/04/2025 08:26,London Brixton,Kristen Kelton,"Regular Smoothies - Carrot Kick - 2.00, Regular Hot chocolate - 2.20",4.2,CARD,9534834184695853
17/04/2025 08:27,London Brixton,Paula Wagner,Regular Hot chocolate - 2.20,2.2,CARD,2493526537946599
17/04/2025 08:28,London Brixton,Henry Somerville,"Large Smoothies - Glowing Greens - 2.50, Large Espresso - 1.80, Large Speciality Tea - Earl Grey - 1.60, Regular Espresso - 1.50",7.4,CARD,7745978434146315
17/04/2025 08:29,London Brixton,Carroll Lively,"Large Speciality Tea - Earl Grey - 1.60, Regular Speciality Tea - Earl Grey - 1.30, Large Frappes - Strawberries & Cream - 3.25, Large Frappes - Strawberries & Cream - 3.25",9.4,CASH,
17/04/2025 08:30,London Brixton,Vicky Robinson,"Large Speciality Tea - Earl Grey - 1.60, Large Cappuccino - 2.45, Regular Espresso - 1.50",5.55,CASH,
17/04/2025 08:31,London Brixton,Bonnie Buitron,"Regular Speciality Tea - Earl Grey - 1.30, Large Espresso - 1.80, Regular Hot chocolate - 2.20",5.3,CARD,5648235645679813
17/04/2025 08:32,London Brixton,Kimberly Jenkins,Large Espresso - 1.80,1.8,CARD,7116078916708513
17/04/2025 08:33,London Brixton,Brian Bohnen,"Regular Speciality Tea - Earl Grey - 1.30, Large Smoothies - Glowing Greens - 2.50, Large Espresso - 1.80, Regular Iced americano - 2.15, Large Cappuccino - 2.45",10.2,CARD,2385330850263210
17/04/2025 08:34,London Brixton,Timothy Zabel,"Regular Iced americano - 2.15, Regular Smoothies - Glowing Greens - 2.00, Regular Smoothies - Glowing Greens - 2.00, Regular Smoothies - Carrot Kick - 2.00, Regular Hot chocolate - 2.20",10.35,CASH,
17/04/2025 08:35,London Brixton,Robert Garner,"Large Hot chocolate - 2.90, Large Espresso - 1.80, Large Hot chocolate - 2.90",7.6,CARD,9471060024965165
17/04/2025 08:36,London Brixton,Tamika Reed,"Large Frappes - Strawberries & Cream - 3.25, Large Smoothies - Carrot Kick - 2.50, Large Iced americano - 2.50, Large Frappes - Strawberries & Cream - 3.25",11.5,CASH,
17/04/2025 08:37,London Brixton,Tommie Settle,"Regular Smoothies - Glowing Greens - 2.00, Regular Speciality Tea - Earl Grey - 1.30, Large Smoothies - Glowing Greens - 2.50, Large Smoothies - Carrot Kick - 2.50, Regular Cappuccino - 2.15",10.45,CARD,2358179770285476
17/04/2025 08:38,London Brixton,Launa Mcintyre,"Large Espresso - 1.80, Large Iced americano - 2.50",4.3,CARD,5516783272014701
17/04/2025 08:39,London Brixton,Wesley Bonds,Regular Speciality Tea - Earl Grey - 1.30,1.3,CARD,7333426271781956
17/04/2025 08:40,London Brixton,Robert Willis,"Regular Espresso - 1.50, Regular Smoothies - Glowing Greens - 2.00, Regular Cappuccino - 2.15",5.65,CARD,7889277051609818
17/04/2025 08:41,London Brixton,Robert Reed,"Large Espresso - 1.80, Large Speciality Tea - Earl Grey - 1.60",3.4,CASH,
17/04/2025 08:42,London Brixton,Martin Hopkins,"Large Hot chocolate - 2.90, Large Smoothies - Carrot Kick - 2.50",5.4,CARD,2517613788375864
17/04/2025 08:43,London Brixton,Karen Strause,"Regular Iced americano - 2.15, Regular Smoothies - Carrot Kick - 2.00",4.15,CARD,1479123957047778
17/04/2025 08:44,London Brixton,Betty Walker,"Large Iced americano - 2.50, Large Frappes - Strawberries & Cream - 3.25, Regular Iced americano - 2.15, Large Cappuccino - 2.45",10.35,CASH,
17/04/2025 08:45,London Brixton,Amy Johnson,Large Hot chocolate - 2.90,2.9,CARD,9569520148101594
17/04/2025 08:46,London Brixton,Anthony Smith,"Large Cappuccino - 2.45, Large Espresso - 1.80, Large Frappes - Strawberries & Cream - 3.25, Large Espresso - 1.80, Large Iced americano - 2.50",11.8,CARD,6535954060361654
17/04/2025 08:47,London Brixton,Clayton Campbell,"Regular Hot chocolate - 2.20, Large Iced americano - 2.50",4.7,CARD,1196688212525902
17/04/2025 08:48,London Brixton,Margie Auxier,"Large Speciality Tea - Earl Grey - 1.60, Regular Speciality Tea - Earl Grey - 1.30, Large Smoothies - Carrot Kick - 2.50",5.4,CARD,9065396983116428
17/04/2025 08:49,London Brixton,Gerard Amos,Regular Speciality Tea - Earl Grey - 1.30,1.3,CARD,4067675902094481
17/04/2025 08:50,London Brixton,Jimmie Ramsey,"Large Hot chocolate - 2.90, Large Smoothies - Glowing Greens - 2.50, Large Iced americano - 2.50, Large Speciality Tea - Earl Grey - 1.60",9.5,CARD,5881814856654335
17/04/2025 08:51,London Brixton,Carolyn Carter,"Regular Smoothies - Carrot Kick - 2.00, Regular Speciality Tea - Earl Grey - 1.30, Regular Espresso - 1.50, Large Smoothies - Glowing Greens - 2.50",7.3,CARD,4877377975127348
17/04/2025 08:52,London Brixton,Thomas Pothoven,"Regular Smoothies - Glowing Greens - 2.00, Large Iced americano - 2.50, Large Hot chocolate - 2.90",7.4,CASH,
17/04/2025 08:53,London Brixton,Yvette Smith,"Large Iced americano - 2.50, Regular Hot chocolate - 2.20",4.7,CARD,1646661123340647
17/04/2025 08:54,London Brixton,Kathleen Wu,"Regular Cappuccino - 2.15, Regular Cappuccino - 2.15",4.3,CARD,1379136022251133
17/04/2025 08:55,London Brixton,Elisabeth Walker,"Regular Speciality Tea - Earl Grey - 1.30, Regular Smoothies - Glowing Greens - 2.00, Regular Espresso - 1.50, Regular Speciality Tea - Earl Grey - 1.30",6.1,CASH,
17/04/2025 08:56,London Brixton,Leola Woodside,Regular Frappes - Strawberries & Cream - 2.75,2.75,CARD,9431476958004860
17/04/2025 08:57,London Brixton,Rick Crabtree,"Regular Speciality Tea - Earl Grey - 1.30, Regular Frappes - Strawberries & Cream - 2.75, Large Iced americano - 2.50, Large Cappuccino - 2.45",9.0,CARD,4569771856261857
17/04/2025 08:58,London Brixton,Allen Smith,Regular Iced americano - 2.15,2.15,CASH,
17/04/2025 08:59,London Brixton,Al Pinkerton,"Regular Iced americano - 2.15, Large Smoothies - Carrot Kick - 2.50, Large Speciality Tea - Earl Grey - 1.60",6.25,CARD,2006991871306070
17/04/2025 08:59,London Brixton,Tracy Lewis,"Large Frappes - Strawberries & Cream - 3.25, Regular Speciality Tea - Earl Grey - 1.30, Large Smoothies - Carrot Kick - 2.50, Regular Espresso - 1.50",8.55,CARD,7730939697641954
17/04/2025 09:00,London Brixton,Stephanie Small,Regular Smoothies - Carrot Kick - 2.00,2.0,CASH,
17/04/2025 09:02,London Brixton,April Henesey,"Large Frappes - Strawberries & Cream - 3.25, Regular Iced americano - 2.15, Regular Iced americano - 2.15, Regular Smoothies - Glowing Greens - 2.00, Large Iced americano - 2.50, Regular Cappuccino - 2.15",14.2,CASH,
17/04/2025 09:03,London Brixton,Joseph Dyer,"Large Frappes - Strawberries & Cream - 3.25, Regular Smoothies - Carrot Kick - 2.00",5.25,CARD,8522962074799080
17/04/2025 09:04,London Brixton,Charles Magruder,Regular Smoothies - Glowing Greens - 2.00,2.0,CARD,2630958244915782
17/04/2025 09:05,London Brixton,Ross Webb,"Regular Smoothies - Carrot Kick - 2.00, Regular Hot chocolate - 2.20",4.2,CASH,
17/04/2025 09:06,London Brixton,Thelma Page,"Regular Iced americano - 2.15, Regular Frappes - Strawberries & Cream - 2.75",4.9,CARD,3208670556301766
17/04/2025 09:07,London Brixton,Rebekah Hart,"Regular Smoothies - Glowing Greens - 2.00, Large Cappuccino - 2.45, Regular Speciality Tea - Earl Grey - 1.30, Large Espresso - 1.80, Large Cappuccino - 2.45, Large Frappes - Strawberries & Cream - 3.25",13.25,CARD,5472537149131196
17/04/2025 09:09,London Brixton,Alicia Stokes,"Large Speciality Tea - Earl Grey - 1.60, Regular Smoothies - Carrot Kick - 2.00",3.6,CARD,2742005650256439
17/04/2025 09:10,London Brixton,Bennie Cavazos,"Large Speciality Tea - Earl Grey - 1.60, Regular Iced americano - 2.15, Regular Hot chocolate - 2.20, Large Smoothies - Carrot Kick - 2.50, Regular Frappes - Strawberries & Cream - 2.75, Large Iced americano - 2.50",13.7,CARD,4699372526198267
17/04/2025 09:11,London Brixton,Andrea Pletcher,"Large Iced americano - 2.50, Large Cappuccino - 2.45, Large Speciality Tea - Earl Grey - 1.60, Regular Smoothies - Glowing Greens - 2.00",8.55,CARD,4259528865601210
17/04/2025 09:12,London Brixton,Maryann Morgan,"Large Cappuccino - 2.45, Large Speciality Tea - Earl Grey - 1.60",4.05,CARD,1634774390855447
17/04/2025 09:13,London Brixton,George Aguilar,"Large Frappes - Strawberries & Cream - 3.25, Large Speciality Tea - Earl Grey - 1.60, Regular Speciality Tea - Earl Grey - 1.30, Regular Speciality Tea - Earl Grey - 1.30",7.45,CASH,
17/04/2025 09:14,London Brixton,Aaron Young,"Regular Espresso - 1.50, Large Iced americano - 2.50",4.0,CARD,8488495767728281
17/04/2025 09:16,London Brixton,Maria Mcnally,"Large Iced americano - 2.50, Regular Iced americano - 2.15, Regular Iced americano - 2.15, Regular Cappuccino - 2.15",8.95,CASH,
17/04/2025 09:17,London Brixton,Inez Cool,"Regular Iced americano - 2.15, Regular Smoothies - Glowing Greens - 2.00",4.15,CASH,
17/04/2025 09:18,London Brixton,Frank Mcphail,"Large Speciality Tea - Earl Grey - 1.60, Large Frappes - Strawberries & Cream - 3.25",4.85,CARD,3256985984880939
17/04/2025 09:19,London Brixton,James Ferreira,"Large Frappes - Strawberries & Cream - 3.25, Regular Speciality Tea - Earl Grey - 1.30, Large Cappuccino - 2.45",7.0,CARD,6684723906828717
17/04/2025 09:20,London Brixton,Lee Harms,"Regular Smoothies - Glowing Greens - 2.00, Large Speciality Tea - Earl Grey - 1.60, Large Speciality Tea - Earl Grey - 1.60, Large Iced americano - 2.50",7.7,CARD,7946849002667003
17/04/2025 09:21,London Brixton,Denise Villalobos,"Large Iced americano - 2.50, Regular Frappes - Strawberries & Cream - 2.75, Large Speciality Tea - Earl Grey - 1.60, Large Frappes - Strawberries & Cream - 3.25, Large Hot chocolate - 2.90",13.0,CARD,1745559800650559
17/04/2025 09:23,London Brixton,Robert Gibson,"Regular Smoothies - Carrot Kick - 2.00, Regular Smoothies - Carrot Kick - 2.00, Large Espresso - 1.80, Regular Iced americano - 2.15",7.95,CARD,2915199077959708
17/04/2025 09:24,London Brixton,James Clark,Regular Iced americano - 2.15,2.15,CARD,5498187118314361
17/04/2025 09:25,London Brixton,Damian Scovel,"Regular Smoothies - Glowing Greens - 2.00, Regular Frappes - Strawberries & Cream - 2.75, Large Smoothies - Glowing Greens - 2.50",7.25,CARD,5066982910691450
17/04/2025 09:26,London Brixton,Virginia Welton,"Large Espresso - 1.80, Regular Speciality Tea - Earl Grey - 1.30, Regular Espresso - 1.50, Regular Cappuccino - 2.15",6.75,CARD,8115245794609003
17/04/2025 09:27,London Brixton,Nathan Yang,"Large Smoothies - Glowing Greens - 2.50, Large Iced americano - 2.50, Regular Frappes - Strawberries & Cream - 2.75, Regular Hot chocolate - 2.20",9.95,CASH,
17/04/2025 09:28,London Brixton,Rob Raney,"Regular Smoothies - Carrot Kick - 2.00, Large Espresso - 1.80",3.8,CARD,9697059837818306
17/04/2025 09:30,London Brixton,Cody Piles,"Regular Hot chocolate - 2.20, Large Frappes - Strawberries & Cream - 3.25",5.45,CARD,9415953829473848
17/04/2025 09:31,London Brixton,William Burnham,"Large Speciality Tea - Earl Grey - 1.60, Regular Hot chocolate - 2.20",3.8,CARD,1433066835811744
17/04/2025 09:32,London Brixton,Simon Dietz,"Regular Iced americano - 2.15, Regular Speciality Tea - Earl Grey - 1.30, Regular Hot chocolate - 2.20, Large Smoothies - Glowing Greens - 2.50, Large Smoothies - Carrot Kick - 2.50",10.65,CARD,2218965434469085
17/04/2025 09:33,London Brixton,Jack Cooper,"Regular Iced americano - 2.15, Large Smoothies - Glowing Greens - 2.50",4.65,CARD,1703354767798374
17/04/2025 09:34,London Brixton,Jane Snyder,"Large Cappuccino - 2.45, Regular Frappes - Strawberries & Cream - 2.75, Large Frappes - Strawberries & Cream - 3.25",8.45,CARD,7854081596281107
17/04/2025 09:35,London Brixton,Rudolph Manning,"Large Hot chocolate - 2.90, Regular Hot chocolate - 2.20, Large Iced americano - 2.50",7.6,CASH,
17/04/2025 09:37,London Brixton,Constance Chong,Large Smoothies - Glowing Greens - 2.50,2.5,CARD,7121230018775747
17/04/2025 09:38,London Brixton,Robert Jordan,"Regular Espresso - 1.50, Large Hot chocolate - 2.90, Large Speciality Tea - Earl Grey - 1.60, Regular Speciality Tea - Earl Grey - 1.30, Large Hot chocolate - 2.90",10.2,CARD,7468234095082908
17/04/2025 09:39,London Brixton,Warren Odell,"Large Smoothies - Glowing Greens - 2.50, Regular Cappuccino - 2.15, Large Hot chocolate - 2.90",7.55,CARD,7301742590699506
17/04/2025 09:40,London Brixton,Mary Johnson,"Regular Cappuccino - 2.15, Regular Smoothies - Glowing Greens - 2.00, Regular Frappes - Strawberries & Cream - 2.75, Regular Smoothies - Carrot Kick - 2.00",8.9,CARD,2989846882787408
17/04/2025 09:41,London Brixton,Calvin Magar,"Regular Frappes - Strawberries & Cream - 2.75, Large Iced americano - 2.50, Large Hot chocolate - 2.90",8.15,CASH,
17/04/2025 09:42,London Brixton,Stanley Burkhardt,"Large Smoothies - Glowing Greens - 2.50, Regular Frappes - Strawberries & Cream - 2.75",5.25,CASH,
17/04/2025 09:44,London Brixton,David Rodriguez,"Regular Iced americano - 2.15, Regular Iced americano - 2.15, Regular Hot chocolate - 2.20, Large Cappuccino - 2.45",8.95,CARD,4393726616608862
17/04/2025 09:45,London Brixton,Mary Cook,"Regular Espresso - 1.50, Regular Iced americano - 2.15, Regular Frappes - Strawberries & Cream - 2.75, Large Iced americano - 2.50",8.9,CASH,
17/04/2025 09:46,London Brixton,Lee Pritt,"Regular Iced americano - 2.15, Regular Smoothies - Glowing Greens - 2.00, Regular Speciality Tea - Earl Grey - 1.30",5.45,CASH,
17/04/2025 09:47,London Brixton,Edgar Navarro,"Regular Hot chocolate - 2.20, Large Hot chocolate - 2.90",5.1,CASH,
17/04/2025 09:48,London Brixton,Dana Hoffmann,"Regular Speciality Tea - Earl Grey - 1.30, Regular Iced americano - 2.15, Regular Hot chocolate - 2.20, Regular Hot chocolate - 2.20, Regular Smoothies - Carrot Kick - 2.00, Large Smoothies - Carrot Kick - 2.50",12.35,CASH,
17/04/2025 09:49,London Brixton,Tonya Loeschner,"Regular Hot chocolate - 2.20, Large Iced americano - 2.50, Large Cappuccino - 2.45",7.15,CARD,5891805663314862
17/04/2025 09:51,London Brixton,Felicia Christensen,"Large Smoothies - Carrot Kick - 2.50, Regular Frappes - Strawberries & Cream - 2.75, Large Smoothies - Carrot Kick - 2.50, Regular Espresso - 1.50, Regular Smoothies - Carrot Kick - 2.00, Regular Frappes - Strawberries & Cream - 2.75",14.0,CARD,6892278540445602
17/04/2025 09:52,London Brixton,Carol Perl,"Large Hot chocolate - 2.90, Large Frappes - Strawberries & Cream - 3.25",6.15,CASH,
17/04/2025 09:53,London Brixton,Richard Norton,Large Frappes - Strawberries & Cream - 3.25,3.25,CARD,1533674304624195
17/04/2025 09:54,London Brixton,Walter Roos,"Regular Speciality Tea - Earl Grey - 1.30, Regular Cappuccino - 2.15, Regular Hot chocolate - 2.20",5.65,CASH,
17/04/2025 09:55,London Brixton,Jason Duque,"Large Smoothies - Carrot Kick - 2.50, Large Smoothies - Carrot Kick - 2.50, Large Cappuccino - 2.45, Regular Espresso - 1.50",8.95,CASH,
17/04/2025 09:56,London Brixton,Suzanne Shaw,"Large Hot chocolate - 2.90, Regular Iced americano - 2.15, Regular Hot chocolate - 2.20",7.25,CARD,7549333932088164
17/04/2025 09:58,London Brixton,Viola Roach,"Regular Hot chocolate - 2.20, Regular Speciality Tea - Earl Grey - 1.30, Large Iced americano - 2.50",6.0,CASH,
17/04/2025 09:59,London Brixton,Daniel Falkenhagen,Regular Smoothies - Glowing Greens - 2.00,2.0,CARD,4905248839897540
17/04/2025 10:00,London Brixton,Robert Vandamme,"Large Hot chocolate - 2.90, Regular Smoothies - Glowing Greens - 2.00, Regular Frappes - Strawberries & Cream - 2.75",7.65,CARD,2726104712303521
17/04/2025 10:01,London Brixton,Alvin Nading,Large Hot chocolate - 2.90,2.9,CASH,
17/04/2025 10:02,London Brixton,Shirley Elhard,"Large Cappuccino - 2.45, Large Cappuccino - 2.45, Large Hot chocolate - 2.90, Large Smoothies - Glowing Greens - 2.50, Regular Smoothies - Glowing Greens - 2.00, Regular Speciality Tea - Earl Grey - 1.30",13.6,CARD,5342190451662857
17/04/2025 10:03,London Brixton,Jo Fechtner,"Large Speciality Tea - Earl Grey - 1.60, Regular Cappuccino - 2.15",3.75,CASH,
17/04/2025 10:05,London Brixton,Pamela Priest,"Regular Hot chocolate - 2.20, Regular Iced americano - 2.15, Large Cappuccino - 2.45, Large Espresso - 1.80",8.6,CARD,5499338101653777
17/04/2025 10:06,London Brixton,Blaine Taylor,"Large Iced americano - 2.50, Large Espresso - 1.80",4.3,CASH,
17/04/2025 10:07,London Brixton,Charles Carey,"Large Cappuccino - 2.45, Large Speciality Tea - Earl Grey - 1.60, Regular Smoothies - Glowing Greens - 2.00",6.05,CARD,6436061612189058
17/04/2025 10:08,London Brixton,William Lopez,"Large Espresso - 1.80, Large Espresso - 1.80, Large Cappuccino - 2.45, Large Smoothies - Glowing Greens - 2.50",8.55,CASH,
17/04/2025 10:09,London Brixton,Elmira Higdon,"Large Iced americano - 2.50, Large Speciality Tea - Earl Grey - 1.60, Regular Speciality Tea - Earl Grey - 1.30, Large Cappuccino - 2.45, Regular Cappuccino - 2.15",10.0,CASH,
17/04/2025 10:10,London Brixton,David Ramirez,"Large Speciality Tea - Earl Grey - 1.60, Regular Espresso - 1.50, Regular Cappuccino - 2.15, Large Smoothies - Glowing Greens - 2.50",7.75,CARD,2353858077628084
17/04/2025 10:12,London Brixton,Pamela Williamson,Large Smoothies - Carrot Kick - 2.50,2.5,CASH,
17/04/2025 10:13,London Brixton,Andrew Chambers,"Large Speciality Tea - Earl Grey - 1.60, Large Smoothies - Carrot Kick - 2.50, Regular Espresso - 1.50, Regular Smoothies - Carrot Kick - 2.00, Regular Hot chocolate - 2.20",9.8,CARD,5714681563032525
17/04/2025 10:14,London Brixton,Travis Leavitt,Large Espresso - 1.80,1.8,CASH,
17/04/2025 10:15,London Brixton,Kenneth Dage,"Large Cappuccino - 2.45, Large Frappes - Strawberries & Cream - 3.25, Regular Hot chocolate - 2.20, Large Speciality Tea - Earl Grey - 1.60, Regular Frappes - Strawberries & Cream - 2.75",12.25,CARD,3915922486663060
17/04/2025 10:16,London Brixton,Alisa Williamson,"Large Hot chocolate - 2.90, Regular Speciality Tea - Earl Grey - 1.30, Large Cappuccino - 2.45",6.65,CARD,8844645405457611
17/04/2025 10:17,London Brixton,Richard Hardy,"Large Smoothies - Glowing Greens - 2.50, Large Smoothies - Glowing Greens - 2.50, Regular Cappuccino - 2.15, Large Speciality Tea - Earl Grey - 1.60",8.75,CARD,1524062983295883
17/04/2025 10:19,London Brixton,Bradley Lee,Regular Smoothies - Glowing Greens - 2.00,2.0,CARD,5759758919501545
17/04/2025 10:20,London Brixton,Fredrick Clements,Regular Speciality Tea - Earl Grey - 1.30,1.3,CASH,
17/04/2025 10:21,London Brixton,John Montes,Regular Hot chocolate - 2.20,2.2,CARD,4125197790435621
17/04/2025 10:22,London Brixton,Terri Moser,Regular Iced americano - 2.15,2.15,CARD,3801356195780221
17/04/2025 10:23,London Brixton,Nicolas Bedsole,"Large Smoothies - Glowing Greens - 2.50, Large Iced americano - 2.50, Regular Iced americano - 2.15, Large Espresso - 1.80",8.95,CARD,4035602300282160
17/04/2025 10:24,London Brixton,Kim Seeley,Regular Hot chocolate - 2.20,2.2,CASH,
17/04/2025 10:26,London Brixton,Jessica Lee,Regular Frappes - Strawberries & Cream - 2.75,2.75,CASH,
17/04/2025 10:27,London Brixton,Ronald Wallin,Regular Hot chocolate - 2.20,2.2,CARD,9566058808242005
17/04/2025 10:28,London Brixton,William Delarosa,"Regular Hot chocolate - 2.20, Regular Frappes - Strawberries & Cream - 2.75",4.95,CARD,4735136345803289
17/04/2025 10:29,London Brixton,Carol Owens,"Regular Speciality Tea - Earl Grey - 1.30, Large Speciality Tea - Earl Grey - 1.60, Large Iced americano - 2.50, Large Smoothies - Carrot Kick - 2.50, Regular Cappuccino - 2.15, Regular Smoothies - Glowing Greens - 2.00",12.05,CASH,
17/04/2025 10:30,London Brixton,Sherrie Wagner,"Large Iced americano - 2.50, Regular Smoothies - Carrot Kick - 2.00, Large Smoothies - Carrot Kick - 2.50, Regular Smoothies - Glowing Greens - 2.00",9.0,CARD,5494510609986857
17/04/2025 10:31,London Brixton,Anthony Tambe,Large Espresso - 1.80,1.8,CARD,6262211426795107
17/04/2025 10:33,London Brixton,David Rangel,"Large Smoothies - Glowing Greens - 2.50, Large Speciality Tea - Earl Grey - 1.60, Regular Smoothies - Glowing Greens - 2.00",6.1,CARD,7930335783597310
17/04/2025 10:34,London Brixton,Billy Masser,"Large Iced americano - 2.50, Large Frappes - Strawberries & Cream - 3.25",5.75,CARD,3715788128754971
17/04/2025 10:35,London Brixton,Charles Brumback,"Regular Cappuccino - 2.15, Regular Smoothies - Carrot Kick - 2.00, Regular Espresso - 1.50",5.65,CARD,7404561738395496
17/04/2025 10:36,London Brixton,Edna Hanson,"Regular Iced americano - 2.15, Large Smoothies - Glowing Greens - 2.50, Large Cappuccino - 2.45, Large Smoothies - Carrot Kick - 2.50, Large Hot chocolate - 2.90",12.5,CARD,2590183510339756
17/04/2025 10:37,London Brixton,Cynthia Sanders,"Regular Frappes - Strawberries & Cream - 2.75, Large Frappes - Strawberries & Cream - 3.25",6.0,CARD,6664728474560995
17/04/2025 10:38,London Brixton,Jean Jimenez,"Regular Cappuccino - 2.15, Regular Smoothies - Carrot Kick - 2.00, Regular Hot chocolate - 2.20, Large Frappes - Strawberries & Cream - 3.25",9.6,CASH,
17/04/2025 10:40,London Brixton,Patrick Morris,Regular Smoothies - Carrot Kick - 2.00,2.0,CARD,7907148496851916
17/04/2025 10:41,London Brixton,Anthony Mckay,"Large Iced americano - 2.50, Regular Cappuccino - 2.15, Large Iced americano - 2.50",7.15,CARD,5546758634818677
17/04/2025 10:42,London Brixton,Donald Nordenstrom,"Regular Iced americano - 2.15, Regular Smoothies - Carrot Kick - 2.00, Regular Smoothies - Glowing Greens - 2.00",6.15,CARD,8779124475915108
17/04/2025 10:43,London Brixton,James Harris,Regular Iced americano - 2.15,2.15,CARD,5139079136076407
17/04/2025 10:44,London Brixton,Mary Hill,"Large Smoothies - Carrot Kick - 2.50, Regular Hot chocolate - 2.20, Large Cappuccino - 2.45",7.15,CARD,5537186190426594
17/04/2025 10:45,London Brixton,Suzanne Lewis,"Large Smoothies - Glowing Greens - 2.50, Large Smoothies - Carrot Kick - 2.50",5.0,CARD,2794920112107309
17/04/2025 10:47,London Brixton,Marilyn Richer,"Regular Frappes - Strawberries & Cream - 2.75, Regular Espresso - 1.50, Regular Speciality Tea - Earl Grey - 1.30",5.55,CASH,
17/04/2025 10:48,London Brixton,Sandra Little,"Regular Smoothies - Glowing Greens - 2.00, Regular Iced americano - 2.15, Regular Espresso - 1.50",5.65,CARD,7141091935138310
17/04/2025 10:49,London Brixton,Denver Thomas,"Regular Hot chocolate - 2.20, Regular Iced americano - 2.15, Large Hot chocolate - 2.90, Large Speciality Tea - Earl Grey - 1.60",8.85,CARD,5269464826295699
17/04/2025 10:50,London Brixton,Ray Hutto,"Large Frappes - Strawberries & Cream - 3.25, Regular Hot chocolate - 2.20",5.45,CARD,7807813473358613
17/04/2025 10:51,London Brixton,Leroy Sanders,"Regular Speciality Tea - Earl Grey - 1.30, Large Iced americano - 2.50, Large Espresso - 1.80",5.6,CARD,4530519011717716
17/04/2025 10:52,London Brixton,Kenneth Carr,"Regular Speciality Tea - Earl Grey - 1.30, Large Iced americano - 2.50, Large Iced americano - 2.50, Regular Speciality Tea - Earl Grey - 1.30, Large Speciality Tea - Earl Grey - 1.60",9.2,CASH,
17/04/2025 10:54,London Brixton,Marilyn Gullion,"Large Iced americano - 2.50, Regular Smoothies - Carrot Kick - 2.00, Large Smoothies - Glowing Greens - 2.50, Large Speciality Tea - Earl Grey - 1.60, Large Smoothies - Glowing Greens - 2.50, Large Cappuccino - 2.45",13.55,CARD,7488157550776478
17/04/2025 10:55,London Brixton,Albert Weston,Regular Smoothies - Carrot Kick - 2.00,2.0,CASH,
17/04/2025 10:56,London Brixton,William Shinabarger,Regular Smoothies - Carrot Kick - 2.00,2.0,CARD,1602421015414997
17/04/2025 10:57,London Brixton,Betty Boulanger,Regular Smoothies - Glowing Greens - 2.00,2.0,CARD,5445667899079444
17/04/2025 10:58,London Brixton,Rita Woods,"Large Iced americano - 2.50, Large Hot chocolate - 2.90, Large Cappuccino - 2.45, Regular Cappuccino - 2.15, Regular Hot chocolate - 2.20, Large Cappuccino - 2.45",14.65,CASH,
17/04/2025 10:59,London Brixton,Dorothy Rock,"Regular Iced americano - 2.15, Regular Speciality Tea - Earl Grey - 1.30, Regular Iced americano - 2.15, Large Hot chocolate - 2.90, Regular Smoothies - Glowing Greens - 2.00",10.5,CARD,8884730498615651
17/04/2025 11:01,London Brixton,Hyacinth Scribner,"Large Cappuccino - 2.45, Large Speciality Tea - Earl Grey - 1.60, Regular Frappes - Strawberries & Cream - 2.75",6.8,CARD,1966942961637429
17/04/2025 11:03,London Brixton,Beverly Carmack,"Large Smoothies - Glowing Greens - 2.50, Regular Iced americano - 2.15, Regular Speciality Tea - Earl Grey - 1.30, Large Speciality Tea - Earl Grey - 1.60",7.55,CARD,2248168729749167
17/04/2025 11:04,London Brixton,Shelia Honeywell,"Regular Cappuccino - 2.15, Large Iced americano - 2.50",4.65,CARD,5426530611380712
17/04/2025 11:06,London Brixton,Patricia Traylor,Regular Iced americano - 2.15,2.15,CARD,5741924821641884
17/04/2025 11:08,London Brixton,James Gulick,Large Speciality Tea - Earl Grey - 1.60,1.6,CARD,9391731144330453
17/04/2025 11:10,London Brixton,Ellen Eubanks,"Large Hot chocolate - 2.90, Large Cappuccino - 2.45, Regular Cappuccino - 2.15",7.5,CASH,
17/04/2025 11:12,London Brixton,Amanda Petitt,"Regular Frappes - Strawberries & Cream - 2.75, Large Espresso - 1.80",4.55,CARD,3585474120649694
17/04/2025 11:14,London Brixton,Rachel Saathoff,"Large Frappes - Strawberries & Cream - 3.25, Regular Speciality Tea - Earl Grey - 1.30",4.55,CARD,9779662567070726
17/04/2025 11:16,London Brixton,Brett Fitch,"Regular Iced americano - 2.15, Regular Hot chocolate - 2.20",4.35,CARD,9682536659133762
17/04/2025 11:17,London Brixton,Thomas Reese,"Large Frappes - Strawberries & Cream - 3.25, Regular Speciality Tea - Earl Grey - 1.30, Large Iced americano - 2.50",7.05,CARD,1200629594144875
17/04/2025 11:19,London Brixton,Jennifer Barham,Regular Espresso - 1.50,1.5,CARD,2404109128146308
17/04/2025 11:21,London Brixton,Bryan Phillips,"Regular Espresso - 1.50, Regular Speciality Tea - Earl Grey - 1.30, Large Frappes - Strawberries & Cream - 3.25, Regular Espresso - 1.50, Large Espresso - 1.80, Regular Hot chocolate - 2.20",11.55,CASH,
17/04/2025 11:23,London Brixton,Jeffrey Parada,Large Cappuccino - 2.45,2.45,CARD,3751237584212324
17/04/2025 11:25,London Brixton,Ida Ragland,"Large Speciality Tea - Earl Grey - 1.60, Regular Frappes - Strawberries & Cream - 2.75",4.35,CARD,2228512718028462
17/04/2025 11:27,London Brixton,Darrell Harris,"Large Cappuccino - 2.45, Regular Speciality Tea - Earl Grey - 1.30, Large Cappuccino - 2.45",6.2,CARD,3744721047340090
17/04/2025 11:29,London Brixton,Eric Cottman,"Large Hot chocolate - 2.90, Large Iced americano - 2.50, Large Smoothies - Glowing Greens - 2.50",7.9,CARD,5547757556003913
17/04/2025 11:31,London Brixton,Thomas Lomax,"Regular Frappes - Strawberries & Cream - 2.75, Regular Hot chocolate - 2.20, Large Smoothies - Glowing Greens - 2.50, Large Speciality Tea - Earl Grey - 1.60",9.05,CASH,
17/04/2025 11:32,London Brixton,Judith Scerbo,"Large Frappes - Strawberries & Cream - 3.25, Large Smoothies - Carrot Kick - 2.50",5.75,CARD,2881229653836005
17/04/2025 11:34,London Brixton,James Rogers,Regular Frappes - Strawberries & Cream - 2.75,2.75,CARD,8339322523377681
17/04/2025 11:36,London Brixton,Ian Landry,"Regular Cappuccino - 2.15, Large Espresso - 1.80, Large Cappuccino - 2.45",6.4,CARD,9338251158770334
17/04/2025 11:38,London Brixton,Brandi Allen,"Large Speciality Tea - Earl Grey - 1.60, Regular Frappes - Strawberries & Cream - 2.75, Regular Smoothies - Glowing Greens - 2.00",6.35,CARD,4936969925388887
17/04/2025 11:40,London Brixton,Elise Gregory,"Regular Cappuccino - 2.15, Regular Espresso - 1.50, Regular Espresso - 1.50, Regular Cappuccino - 2.15, Regular Smoothies - Carrot Kick - 2.00",9.3,CARD,2728905317711018
17/04/2025 11:42,London Brixton,Lucila Jack,"Large Cappuccino - 2.45, Regular Iced americano - 2.15",4.6,CARD,7290077081361772
17/04/2025 11:44,London Brixton,Karen Cohen,"Large Smoothies - Glowing Greens - 2.50, Large Cappuccino - 2.45",4.95,CARD,5067462501034441
17/04/2025 11:45,London Brixton,Rosemary Oberg,"Large Cappuccino - 2.45, Regular Iced americano - 2.15",4.6,CARD,5476467038887902
17/04/2025 11:47,London Brixton,Mary Hillman,Large Frappes - Strawberries & Cream - 3.25,3.25,CARD,5324015589724922
17/04/2025 11:49,London Brixton,Mildred Wren,Large Speciality Tea - Earl Grey - 1.60,1.6,CARD,1816184119960193
17/04/2025 11:51,London Brixton,Nicole Brock,"Large Hot chocolate - 2.90, Regular Espresso - 1.50, Regular Smoothies - Carrot Kick - 2.00, Large Frappes - Strawberries & Cream - 3.25",9.65,CASH,
17/04/2025 11:53,London Brixton,Franklin Cutler,"Regular Espresso - 1.50, Large Hot chocolate - 2.90, Regular Smoothies - Glowing Greens - 2.00, Large Smoothies - Glowing Greens - 2.50",8.9,CASH,
17/04/2025 11:55,London Brixton,Dawn Speziale,"Regular Hot chocolate - 2.20, Large Frappes - Strawberries & Cream - 3.25",5.45,CARD,3210232247750566
17/04/2025 11:57,London Brixton,Jose Losada,"Large Iced americano - 2.50, Regular Smoothies - Glowing Greens - 2.00, Regular Espresso - 1.50, Large Smoothies - Glowing Greens - 2.50",8.5,CASH,
17/04/2025 11:59,London Brixton,Philip Peterson,"Regular Frappes - Strawberries & Cream - 2.75, Large Cappuccino - 2.45, Regular Espresso - 1.50, Large Espresso - 1.80",8.5,CARD,6353190886439495
17/04/2025 12:00,London Brixton,Sharon Notti,Large Cappuccino - 2.45,2.45,CASH,
17/04/2025 12:02,London Brixton,George Schroeder,"Regular Espresso - 1.50, Regular Iced americano - 2.15, Regular Frappes - Strawberries & Cream - 2.75, Regular Smoothies - Glowing Greens - 2.00",8.4,CASH,
17/04/2025 12:04,London Brixton,Pansy Ware,"Large Iced americano - 2.50, Large Hot chocolate - 2.90",5.4,CARD,9524203614305542
17/04/2025 12:06,London Brixton,Sue Yuro,"Large Smoothies - Glowing Greens - 2.50, Regular Iced americano - 2.15",4.65,CASH,
17/04/2025 12:08,London Brixton,Kenny Mart,"Large Iced americano - 2.50, Regular Cappuccino - 2.15, Regular Speciality Tea - Earl Grey - 1.30, Large Speciality Tea - Earl Grey - 1.60, Large Smoothies - Glowing Greens - 2.50",10.05,CARD,9252960718941617
17/04/2025 12:10,London Brixton,James Preston,"Large Speciality Tea - Earl Grey - 1.60, Regular Speciality Tea - Earl Grey - 1.30",2.9,CARD,9127414392761148
17/04/2025 12:12,London Brixton,Nicholas Ralph,"Large Frappes - Strawberries & Cream - 3.25, Large Frappes - Strawberries & Cream - 3.25, Regular Hot chocolate - 2.20",8.7,CASH,
17/04/2025 12:14,London Brixton,Aleen Vadasy,"Large Iced americano - 2.50, Regular Smoothies - Glowing Greens - 2.00, Regular Iced americano - 2.15, Large Speciality Tea - Earl Grey - 1.60, Large Cappuccino - 2.45, Regular Hot chocolate - 2.20",12.9,CARD,5461674310406596
17/04/2025 12:16,London Brixton,William Weiss,Regular Frappes - Strawberries & Cream - 2.75,2.75,CARD,7817263476676821
17/04/2025 12:18,London Brixton,Mark Hernandez,"Regular Iced americano - 2.15, Regular Smoothies - Glowing Greens - 2.00",4.15,CARD,8187155619354973
17/04/2025 12:20,London Brixton,Patricia Johnson,"Regular Smoothies - Glowing Greens - 2.00, Regular Speciality Tea - Earl Grey - 1.30, Large Speciality Tea - Earl Grey - 1.60, Regular Speciality Tea - Earl Grey - 1.30, Large Frappes - Strawberries & Cream - 3.25, Regular Smoothies - Glowing Greens - 2.00",11.45,CARD,2468732811380462
17/04/2025 12:22,London Brixton,Shaina Antonucci,"Regular Cappuccino - 2.15, Regular Hot chocolate - 2.20, Regular Speciality Tea - Earl Grey - 1.30",5.65,CARD,1585317291958475
17/04/2025 12:24,London Brixton,Jean Goodman,"Regular Smoothies - Carrot Kick - 2.00, Large Speciality Tea - Earl Grey - 1.60, Regular Speciality Tea - Earl Grey - 1.30, Large Speciality Tea - Earl Grey - 1.60",6.5,CARD,8680951090694072
17/04/2025 12:26,London Brixton,Renee Kennedy,"Regular Smoothies - Carrot Kick - 2.00, Regular Smoothies - Carrot Kick - 2.00, Large Smoothies - Glowing Greens - 2.50",6.5,CARD,4508774763119071
17/04/2025 12:27,London Brixton,Andrew Allen,Large Frappes - Strawberries & Cream - 3.25,3.25,CARD,1502107841184241
17/04/2025 12:29,London Brixton,Wilma Beecher,Large Speciality Tea - Earl Grey - 1.60,1.6,CARD,2083618973672231
17/04/2025 12:31,London Brixton,Linda Mccormick,"Regular Speciality Tea - Earl Grey - 1.30, Large Hot chocolate - 2.90, Regular Cappuccino - 2.15, Regular Espresso - 1.50, Large Espresso - 1.80",9.65,CASH,
17/04/2025 12:33,London Brixton,John Fahrlander,"Large Frappes - Strawberries & Cream - 3.25, Regular Frappes - Strawberries & Cream - 2.75, Regular Speciality Tea - Earl Grey - 1.30",7.3,CARD,4527734564706402
17/04/2025 12:35,London Brixton,William Pace,"Large Hot chocolate - 2.90, Large Espresso - 1.80, Regular Smoothies - Glowing Greens - 2.00, Regular Speciality Tea - Earl Grey - 1.30, Regular Hot chocolate - 2.20, Large Smoothies - Carrot Kick - 2.50",12.7,CASH,
17/04/2025 12:37,London Brixton,Mary Lupo,"Large Smoothies - Glowing Greens - 2.50, Large Iced americano - 2.50",5.0,CASH,
17/04/2025 12:39,London Brixton,Justine Saylor,"Regular Hot chocolate - 2.20, Large Hot chocolate - 2.90",5.1,CARD,3783682161041895
17/04/2025 12:41,London Brixton,William Sofranko,"Regular Espresso - 1.50, Regular Frappes - Strawberries & Cream - 2.75",4.25,CARD,9292989227109297
17/04/2025 12:43,London Brixton,Barbara Taylor,"Large Smoothies - Glowing Greens - 2.50, Large Frappes - Strawberries & Cream - 3.25",5.75,CARD,9740572593759148
17/04/2025 12:45,London Brixton,Robert Bailey,"Regular Iced americano - 2.15, Regular Frappes - Strawberries & Cream - 2.75, Large Cappuccino - 2.45",7.35,CARD,4009174933371594
17/04/2025 12:47,London Brixton,Shane Clark,"Regular Smoothies - Glowing Greens - 2.00, Large Speciality Tea - Earl Grey - 1.60",3.6,CARD,2171767421505212
17/04/2025 12:49,London Brixton,James Ramirez,Large Smoothies - Glowing Greens - 2.50,2.5,CARD,3443486261412520
17/04/2025 12:51,London Brixton,Jonathan Hilton,"Regular Smoothies - Carrot Kick - 2.00, Regular Iced americano - 2.15, Large Espresso - 1.80, Regular Cappuccino - 2.15, Regular Cappuccino - 2.15",10.25,CASH,
17/04/2025 12:53,London Brixton,Jetta Yoshioka,"Large Speciality Tea - Earl Grey - 1.60, Regular Espresso - 1.50, Large Smoothies - Glowing Greens - 2.50, Regular Speciality Tea - Earl Grey - 1.30, Regular Hot chocolate - 2.20",9.1,CARD,7184441778506098
17/04/2025 12:55,London Brixton,Brett Allen,"Large Speciality Tea - Earl Grey - 1.60, Regular Cappuccino - 2.15, Regular Hot chocolate - 2.20, Regular Hot chocolate - 2.20, Regular Speciality Tea - Earl Grey - 1.30",9.45,CASH,
17/04/2025 12:56,London Brixton,Charlotte Chambers,Large Espresso - 1.80,1.8,CARD,2742143736715269
17/04/2025 12:58,London Brixton,Marie Boatwright,"Large Hot chocolate - 2.90, Regular Iced americano - 2.15, Regular Speciality Tea - Earl Grey - 1.30",6.35,CARD,7354176721352882
17/04/2025 13:00,London Brixton,Edith Bagaoisan,"Large Smoothies - Glowing Greens - 2.50, Large Hot chocolate - 2.90, Regular Speciality Tea - Earl Grey - 1.30",6.7,CASH,
17/04/2025 13:01,London Brixton,Leonard Nasers,"Regular Smoothies - Carrot Kick - 2.00, Large Iced americano - 2.50, Regular Smoothies - Carrot Kick - 2.00",6.5,CARD,5447521990515808
17/04/2025 13:02,London Brixton,Cecil Hensley,"Large Espresso - 1.80, Regular Iced americano - 2.15, Regular Speciality Tea - Earl Grey - 1.30, Large Smoothies - Glowing Greens - 2.50",7.75,CARD,6577986965313411
17/04/2025 13:03,London Brixton,Stacie Bedford,Regular Espresso - 1.50,1.5,CARD,3443646009719675
17/04/2025 13:04,London Brixton,Edward Barlow,"Regular Hot chocolate - 2.20, Large Smoothies - Carrot Kick - 2.50",4.7,CASH,
17/04/2025 13:05,London Brixton,Mathew Daniels,"Regular Frappes - Strawberries & Cream - 2.75, Large Frappes - Strawberries & Cream - 3.25, Regular Espresso - 1.50, Large Speciality Tea - Earl Grey - 1.60, Regular Hot chocolate - 2.20",11.3,CASH,
17/04/2025 13:06,London Brixton,Sarah Roth,Large Hot chocolate - 2.90,2.9,CARD,2244784957097481
17/04/2025 13:07,London Brixton,Roberta Fiorita,Regular Cappuccino - 2.15,2.15,CARD,3461039328939391
17/04/2025 13:08,London Brixton,Michelle Blanchard,"Large Cappuccino - 2.45, Regular Hot chocolate - 2.20, Large Smoothies - Carrot Kick - 2.50, Regular Frappes - Strawberries & Cream - 2.75",9.9,CARD,3586429799680346
17/04/2025 13:09,London Brixton,Linda Kooser,"Large Iced americano - 2.50, Regular Smoothies - Glowing Greens - 2.00",4.5,CARD,4170373592917709
17/04/2025 13:09,London Brixton,Annie Kidd,Regular Cappuccino - 2.15,2.15,CARD,5349049079858711
17/04/2025 13:10,London Brixton,Harry Fernandez,"Large Speciality Tea - Earl Grey - 1.60, Regular Speciality Tea - Earl Grey - 1.30, Regular Espresso - 1.50, Regular Hot chocolate - 2.20, Regular Frappes - Strawberries & Cream - 2.75, Large Smoothies - Carrot Kick - 2.50",11.85,CARD,3158641310006787
17/04/2025 13:11,London Brixton,Christopher Mattos,"Regular Speciality Tea - Earl Grey - 1.30, Regular Speciality Tea - Earl Grey - 1.30",2.6,CARD,5413464832638188
17/04/2025 13:12,London Brixton,Robin Peres,"Regular Smoothies - Carrot Kick - 2.00, Large Speciality Tea - Earl Grey - 1.60, Large Iced americano - 2.50, Large Smoothies - Glowing Greens - 2.50, Regular Frappes - Strawberries & Cream - 2.75, Large Smoothies - Carrot Kick - 2.50",13.85,CARD,5222321907286538
17/04/2025 13:13,London Brixton,Natasha Copper,Large Smoothies - Carrot Kick - 2.50,2.5,CARD,6112194094063100
17/04/2025 13:14,London Brixton,Sylvia Trombetta,"Regular Speciality Tea - Earl Grey - 1.30, Regular Smoothies - Glowing Greens - 2.00",3.3,CARD,1377314540780767
17/04/2025 13:15,London Brixton,Barry Shulda,Regular Smoothies - Glowing Greens - 2.00,2.0,CARD,5837917091687851
17/04/2025 13:16,London Brixton,Daniel Santos,"Large Smoothies - Glowing Greens - 2.50, Large Smoothies - Carrot Kick - 2.50",5.0,CASH,
17/04/2025 13:17,London Brixton,Mark Dunbar,"Large Speciality Tea - Earl Grey - 1.60, Large Iced americano - 2.50, Regular Hot chocolate - 2.20",6.3,CARD,9390184050974474
17/04/2025 13:18,London Brixton,Roger Londono,"Regular Smoothies - Glowing Greens - 2.00, Regular Speciality Tea - Earl Grey - 1.30",3.3,CARD,6676406616406842
17/04/2025 13:19,London Brixton,Duane Diaz,"Large Frappes - Strawberries & Cream - 3.25, Large Espresso - 1.80, Large Espresso - 1.80, Large Smoothies - Carrot Kick - 2.50",9.35,CARD,6064395628487886
17/04/2025 13:20,London Brixton,Barbara Zimmerman,"Regular Smoothies - Glowing Greens - 2.00, Regular Smoothies - Carrot Kick - 2.00, Large Hot chocolate - 2.90, Regular Hot chocolate - 2.20, Large Smoothies - Carrot Kick - 2.50, Regular Smoothies - Glowing Greens - 2.00",13.6,CARD,8677228706501676
17/04/2025 13:20,London Brixton,Laurie Arnone,"Large Iced americano - 2.50, Large Hot chocolate - 2.90, Regular Hot chocolate - 2.20, Large Espresso - 1.80, Large Hot chocolate - 2.90",12.3,CARD,9363146332113090
17/04/2025 13:21,London Brixton,Kelsey Beam,Large Cappuccino - 2.45,2.45,CARD,4148683194095449
17/04/2025 13:22,London Brixton,Amy Jefferson,"Large Hot chocolate - 2.90, Large Smoothies - Glowing Greens - 2.50, Regular Speciality Tea - Earl Grey - 1.30, Large Espresso - 1.80",8.5,CARD,3119471481887198
17/04/2025 13:23,London Brixton,Estelle Mccoy,Regular Cappuccino - 2.15,2.15,CARD,7110629001938138
17/04/2025 13:24,London Brixton,Emile Walker,"Large Frappes - Strawberries & Cream - 3.25, Regular Frappes - Strawberries & Cream - 2.75, Large Hot chocolate - 2.90, Regular Frappes - Strawberries & Cream - 2.75, Regular Smoothies - Glowing Greens - 2.00",13.65,CARD,9019130938576366
17/04/2025 13:25,London Brixton,Jennifer Adderley,"Large Iced americano - 2.50, Large Frappes - Strawberries & Cream - 3.25, Large Espresso - 1.80",7.55,CARD,1197983979226385
17/04/2025 13:26,London Brixton,Anthony Wright,"Regular Smoothies - Carrot Kick - 2.00, Large Smoothies - Glowing Greens - 2.50, Regular Cappuccino - 2.15",6.65,CARD,8326660613008187
17/04/2025 13:27,London Brixton,Julio Ferraro,"Large Frappes - Strawberries & Cream - 3.25, Regular Hot chocolate - 2.20, Regular Espresso - 1.50",6.95,CARD,8997760704334001
17/04/2025 13:28,London Brixton,Tammy Lopez,Regular Cappuccino - 2.15,2.15,CARD,8200732554634026
17/04/2025 13:29,London Brixton,Jason Jones,"Regular Frappes - Strawberries & Cream - 2.75, Regular Smoothies - Carrot Kick - 2.00, Regular Frappes - Strawberries & Cream - 2.75",7.5,CASH,
17/04/2025 13:30,London Brixton,Thalia Ahlman,"Large Hot chocolate - 2.90, Regular Speciality Tea - Earl Grey - 1.30, Regular Cappuccino - 2.15",6.35,CASH,
17/04/2025 13:31,London Brixton,David Alonzo,"Regular Espresso - 1.50, Regular Hot chocolate - 2.20",3.7,CARD,4249313280365651
17/04/2025 13:31,London Brixton,Jose Sisson,"Large Cappuccino - 2.45, Regular Frappes - Strawberries & Cream - 2.75, Regular Iced americano - 2.15, Regular Speciality Tea - Earl Grey - 1.30, Regular Cappuccino - 2.15, Regular Iced americano - 2.15",12.95,CARD,5008309821417956
17/04/2025 13:32,London Brixton,Sara Delatorre,"Regular Iced americano - 2.15, Large Smoothies - Carrot Kick - 2.50",4.65,CARD,8335386674916807
17/04/2025 13:33,London Brixton,Laura Estes,"Large Smoothies - Glowing Greens - 2.50, Large Espresso - 1.80, Regular Espresso - 1.50, Large Cappuccino - 2.45, Large Cappuccino - 2.45, Large Iced americano - 2.50",13.2,CARD,4143440848108430
17/04/2025 13:34,London Brixton,Alfred Rhew,Large Cappuccino - 2.45,2.45,CARD,8522071917204183
17/04/2025 13:35,London Brixton,James Link,"Regular Frappes - Strawberries & Cream - 2.75, Regular Smoothies - Glowing Greens - 2.00, Large Frappes - Strawberries & Cream - 3.25",8.0,CARD,6011834302943039
17/04/2025 13:36,London Brixton,Ismael Judd,"Large Iced americano - 2.50, Regular Cappuccino - 2.15",4.65,CARD,3465115538443426
17/04/2025 13:37,London Brixton,Evelyn Gomes,"Regular Smoothies - Glowing Greens - 2.00, Large Espresso - 1.80, Large Cappuccino - 2.45, Regular Smoothies - Glowing Greens - 2.00, Large Speciality Tea - Earl Grey - 1.60, Regular Espresso - 1.50",11.35,CASH,
17/04/2025 13:38,London Brixton,Kevin Ramirez,"Regular Speciality Tea - Earl Grey - 1.30, Regular Espresso - 1.50",2.8,CARD,9911544764965673
17/04/2025 13:39,London Brixton,Gwendolyn Wilson,"Large Smoothies - Carrot Kick - 2.50, Large Speciality Tea - Earl Grey - 1.60, Large Smoothies - Glowing Greens - 2.50, Large Frappes - Strawberries & Cream - 3.25",9.85,CASH,
17/04/2025 13:40,London Brixton,John Smothers,"Regular Iced americano - 2.15, Large Iced americano - 2.50, Regular Frappes - Strawberries & Cream - 2.75, Regular Iced americano - 2.15, Large Espresso - 1.80",11.35,CARD,1279137430307529
17/04/2025 13:41,London Brixton,Tiana Farrell,"Large Cappuccino - 2.45, Regular Smoothies - Carrot Kick - 2.00, Large Hot chocolate - 2.90",7.35,CASH,
17/04/2025 13:42,London Brixton,Mattie Riherd,"Large Frappes - Strawberries & Cream - 3.25, Large Cappuccino - 2.45, Large Cappuccino - 2.45",8.15,CARD,5698528377170920
17/04/2025 13:42,London Brixton,Wallace Metzger,Large Smoothies - Carrot Kick - 2.50,2.5,CARD,9103771607862090
17/04/2025 13:43,London Brixton,Michael Rinaldi,"Regular Iced americano - 2.15, Regular Frappes - Strawberries & Cream - 2.75, Large Frappes - Strawberries & Cream - 3.25, Regular Smoothies - Glowing Greens - 2.00",10.15,CASH,
17/04/2025 13:44,London Brixton,Margaret Rasmussen,"Large Speciality Tea - Earl Grey - 1.60, Regular Smoothies - Carrot Kick - 2.00, Large Hot chocolate - 2.90",6.5,CASH,
17/04/2025 13:45,London Brixton,Tina Izzo,"Regular Espresso - 1.50, Regular Espresso - 1.50, Large Speciality Tea - Earl Grey - 1.60, Regular Speciality Tea - Earl Grey - 1.30",5.9,CARD,9683876742172688
17/04/2025 13:46,London Brixton,Barbara Steffan,Large Iced americano - 2.50,2.5,CARD,5232885459937318
17/04/2025 13:47,London Brixton,Gloria Gray,"Large Cappuccino - 2.45, Regular Hot chocolate - 2.20, Regular Iced americano - 2.15",6.8,CARD,5798274075656939
17/04/2025 13:48,London Brixton,Anita Gorham,"Regular Iced americano - 2.15, Regular Espresso - 1.50, Regular Smoothies - Carrot Kick - 2.00, Large Espresso - 1.80, Regular Cappuccino - 2.15",9.6,CARD,7829605209493787
17/04/2025 13:49,London Brixton,Phoebe Tafolla,Regular Smoothies - Carrot Kick - 2.00,2.0,CASH,
17/04/2025 13:50,London Brixton,Larry Fox,"Large Smoothies - Carrot Kick - 2.50, Large Iced americano - 2.50, Regular Smoothies - Glowing Greens - 2.00",7.0,CASH,
17/04/2025 13:51,London Brixton,Willie Brown,"Regular Smoothies - Glowing Greens - 2.00, Large Hot chocolate - 2.90, Regular Speciality Tea - Earl Grey - 1.30, Regular Espresso - 1.50, Regular Cappuccino - 2.15",9.85,CASH,
17/04/2025 13:52,London Brixton,Jonathan Mclure,"Regular Espresso - 1.50, Regular Frappes - Strawberries & Cream - 2.75, Large Smoothies - Glowing Greens - 2.50",6.75,CASH,
17/04/2025 13:53,London Brixton,Donna Eilerman,"Regular Espresso - 1.50, Regular Frappes - Strawberries & Cream - 2.75, Regular Espresso - 1.50, Large Frappes - Strawberries & Cream - 3.25, Regular Smoothies - Glowing Greens - 2.00, Large Smoothies - Glowing Greens - 2.50",13.5,CASH,
17/04/2025 13:53,London Brixton,Seth Dent,"Large Iced americano - 2.50, Regular Smoothies - Glowing Greens - 2.00, Regular Smoothies - Glowing Greens - 2.00, Regular Speciality Tea - Earl Grey - 1.30",7.8,CARD,5862116979957128
17/04/2025 13:54,London Brixton,Mary Dolly,"Large Hot chocolate - 2.90, Large Smoothies - Glowing Greens - 2.50",5.4,CASH,
17/04/2025 13:55,London Brixton,Glenn Tester,"Regular Cappuccino - 2.15, Large Hot chocolate - 2.90, Regular Cappuccino - 2.15",7.2,CARD,5188439757576361
17/04/2025 13:56,London Brixton,George Gaskins,"Regular Speciality Tea - Earl Grey - 1.30, Large Smoothies - Carrot Kick - 2.50",3.8,CARD,8482826517174446
17/04/2025 13:57,London Brixton,Kathryn Delatrinidad,Regular Smoothies - Carrot Kick - 2.00,2.0,CARD,7735677298780218
17/04/2025 13:58,London Brixton,Rufus Douglass,"Large Speciality Tea - Earl Grey - 1.60, Large Iced americano - 2.50",4.1,CARD,8330911870721086
17/04/2025 13:59,London Brixton,Mary Ortego,"Regular Smoothies - Carrot Kick - 2.00, Large Espresso - 1.80, Regular Iced americano - 2.15",5.95,CASH,
17/04/2025 14:00,London Brixton,John Bryant,"Large Smoothies - Glowing Greens - 2.50, Large Iced americano - 2.50",5.0,CARD,9927509285610191
17/04/2025 14:01,London Brixton,Sandra Solomon,"Large Iced americano - 2.50, Regular Smoothies - Glowing Greens - 2.00, Regular Smoothies - Glowing Greens - 2.00, Large Smoothies - Glowing Greens - 2.50",9.0,CASH,
17/04/2025 14:02,London Brixton,Rochelle Mcgraw,"Regular Cappuccino - 2.15, Large Cappuccino - 2.45, Large Smoothies - Glowing Greens - 2.50, Large Hot chocolate - 2.90",10.0,CARD,1247094963684716
17/04/2025 14:03,London Brixton,Luz Rester,"Regular Iced americano - 2.15, Regular Hot chocolate - 2.20, Large Cappuccino - 2.45, Large Iced americano - 2.50, Large Espresso - 1.80, Large Iced americano - 2.50",13.6,CARD,8476522636375493
17/04/2025 14:04,London Brixton,Dorothy Shows,"Large Espresso - 1.80, Regular Iced americano - 2.15, Large Speciality Tea - Earl Grey - 1.60, Large Speciality Tea - Earl Grey - 1.60, Large Iced americano - 2.50",9.65,CARD,8550103670241463
17/04/2025 14:05,London Brixton,Gregory Delgado,"Regular Iced americano - 2.15, Large Speciality Tea - Earl Grey - 1.60, Large Smoothies - Glowing Greens - 2.50",6.25,CARD,3328878994808979
17/04/2025 14:06,London Brixton,Jose Acevedo,Large Frappes - Strawberries & Cream - 3.25,3.25,CARD,4927349704010916
17/04/2025 14:07,London Brixton,Leslie Seaver,"Large Speciality Tea - Earl Grey - 1.60, Regular Cappuccino - 2.15, Regular Hot chocolate - 2.20",5.95,CARD,3776351322563792
17/04/2025 14:08,London Brixton,Jason Isakson,"Regular Iced americano - 2.15, Large Hot chocolate - 2.90, Large Frappes - Strawberries & Cream - 3.25, Large Hot chocolate - 2.90, Regular Smoothies - Carrot Kick - 2.00",13.2,CASH,
17/04/2025 14:09,London Brixton,Sylvia Bennett,"Regular Iced americano - 2.15, Regular Hot chocolate - 2.20, Regular Smoothies - Carrot Kick - 2.00, Regular Frappes - Strawberries & Cream - 2.75, Large Espresso - 1.80",10.9,CARD,2911677219736121
17/04/2025 14:10,London Brixton,Sandra Hargrove,"Large Speciality Tea - Earl Grey - 1.60, Large Espresso - 1.80",3.4,CASH,
17/04/2025 14:11,London Brixton,Norma Manley,"Regular Iced americano - 2.15, Large Espresso - 1.80, Regular Smoothies - Carrot Kick - 2.00",5.95,CARD,3654465518019886
17/04/2025 14:12,London Brixton,Jeffrey Marshall,"Large Iced americano - 2.50, Large Smoothies - Glowing Greens - 2.50, Large Speciality Tea - Earl Grey - 1.60, Large Smoothies - Glowing Greens - 2.50, Regular Cappuccino - 2.15",11.25,CASH,
17/04/2025 14:13,London Brixton,Carol Valencia,"Large Frappes - Strawberries & Cream - 3.25, Regular Smoothies - Carrot Kick - 2.00, Regular Smoothies - Glowing Greens - 2.00, Large Hot chocolate - 2.90, Regular Smoothies - Glowing Greens - 2.00",12.15,CARD,5786836909559133
17/04/2025 14:14,London Brixton,Michael Howell,"Large Speciality Tea - Earl Grey - 1.60, Large Iced americano - 2.50, Large Smoothies - Carrot Kick - 2.50, Regular Smoothies - Carrot Kick - 2.00",8.6,CARD,5024997269201072
17/04/2025 14:15,London Brixton,Shauna Lovett,"Regular Iced americano - 2.15, Large Frappes - Strawberries & Cream - 3.25, Large Smoothies - Glowing Greens - 2.50",7.9,CASH,
17/04/2025 14:16,London Brixton,Stephanie Ramirez,"Large Espresso - 1.80, Large Cappuccino - 2.45, Large Espresso - 1.80, Large Smoothies - Glowing Greens - 2.50, Regular Iced americano - 2.15, Large Smoothies - Carrot Kick - 2.50",13.2,CARD,6577661007263532
17/04/2025 14:17,London Brixton,Barbara Doward,"Regular Speciality Tea - Earl Grey - 1.30, Large Cappuccino - 2.45, Large Iced americano - 2.50",6.25,CARD,2685049256283827
17/04/2025 14:18,London Brixton,Philip Roe,"Large Speciality Tea - Earl Grey - 1.60, Regular Smoothies - Glowing Greens - 2.00",3.6,CARD,3092110338655085
17/04/2025 14:19,London Brixton,Paul Brunner,Regular Iced americano - 2.15,2.15,CARD,7315271813683863
17/04/2025 14:20,London Brixton,Sergio Lugo,"Large Hot chocolate - 2.90, Regular Hot chocolate - 2.20, Large Iced americano - 2.50, Regular Iced americano - 2.15",9.75,CARD,8679299955056828
17/04/2025 14:21,London Brixton,James Johnson,"Regular Iced americano - 2.15, Regular Hot chocolate - 2.20, Regular Smoothies - Glowing Greens - 2.00",6.35,CARD,5437075465396402
17/04/2025 14:22,London Brixton,Gertrude Darnell,"Large Hot chocolate - 2.90, Large Frappes - Strawberries & Cream - 3.25",6.15,CARD,3063428231509908
17/04/2025 14:23,London Brixton,Sherrie Hanlon,"Regular Smoothies - Glowing Greens - 2.00, Regular Smoothies - Glowing Greens - 2.00",4.0,CASH,
17/04/2025 14:23,London Brixton,Robert Redmond,"Large Smoothies - Glowing Greens - 2.50, Regular Smoothies - Carrot Kick - 2.00, Regular Smoothies - Glowing Greens - 2.00, Large Hot chocolate - 2.90, Large Hot chocolate - 2.90, Regular Frappes - Strawberries & Cream - 2.75",15.05,CASH,
17/04/2025 14:24,London Brixton,Drew Rodriquez,"Large Hot chocolate - 2.90, Regular Hot chocolate - 2.20",5.1,CARD,3447567204239434
17/04/2025 14:25,London Brixton,Joy Thomas,"Large Speciality Tea - Earl Grey - 1.60, Regular Espresso - 1.50, Large Cappuccino - 2.45",5.55,CARD,2891711229052377
17/04/2025 14:26,London Brixton,Joseph Buroker,"Regular Espresso - 1.50, Large Frappes - Strawberries & Cream - 3.25, Large Smoothies - Glowing Greens - 2.50",7.25,CASH,
17/04/2025 14:27,London Brixton,Allison Wetherbee,"Regular Speciality Tea - Earl Grey - 1.30, Large Smoothies - Glowing Greens - 2.50, Large Espresso - 1.80, Regular Smoothies - Glowing Greens - 2.00, Regular Hot chocolate - 2.20, Large Smoothies - Carrot Kick - 2.50",12.3,CARD,3779574031539020
17/04/2025 14:28,London Brixton,Patricia Nuzback,"Large Iced americano - 2.50, Regular Espresso - 1.50, Regular Iced americano - 2.15",6.15,CARD,8369023114957771
17/04/2025 14:29,London Brixton,Kenisha Bonnette,"Large Frappes - Strawberries & Cream - 3.25, Regular Smoothies - Carrot Kick - 2.00, Large Smoothies - Glowing Greens - 2.50, Large Smoothies - Carrot Kick - 2.50",10.25,CARD,8139447762578473
17/04/2025 14:30,London Brixton,Jeffrey Sherrod,"Regular Speciality Tea - Earl Grey - 1.30, Regular Espresso - 1.50, Regular Smoothies - Glowing Greens - 2.00, Large Speciality Tea - Earl Grey - 1.60, Regular Hot chocolate - 2.20",8.6,CARD,6195122187590215
17/04/2025 14:31,London Brixton,Erica Howell,"Large Speciality Tea - Earl Grey - 1.60, Large Speciality Tea - Earl Grey - 1.60",3.2,CARD,5503978663831457
17/04/2025 14:32,London Brixton,Pamela Lorenzo,"Large Espresso - 1.80, Regular Hot chocolate - 2.20, Regular Espresso - 1.50, Regular Hot chocolate - 2.20, Regular Speciality Tea - Earl Grey - 1.30",9.0,CARD,2664646884240076
17/04/2025 14:33,London Brixton,Olga Duley,"Regular Cappuccino - 2.15, Regular Espresso - 1.50",3.65,CARD,5350514079687255
17/04/2025 14:34,London Brixton,Robert Schlarbaum,Large Speciality Tea - Earl Grey - 1.60,1.6,CARD,9508762154753034
17/04/2025 14:35,London Brixton,Colleen Russell,"Regular Cappuccino - 2.15, Regular Smoothies - Glowing Greens - 2.00, Large Frappes - Strawberries & Cream - 3.25, Large Espresso - 1.80, Large Cappuccino - 2.45",11.65,CARD,5145692029963628
17/04/2025 14:36,London Brixton,Inez Albrecht,Large Smoothies - Carrot Kick - 2.50,2.5,CARD,4918842940559107
17/04/2025 14:37,London Brixton,Mary Mills,Large Iced americano - 2.50,2.5,CARD,3908466129003730
17/04/2025 14:38,London Brixton,Brenda Tucker,"Regular Iced americano - 2.15, Regular Frappes - Strawberries & Cream - 2.75, Regular Cappuccino - 2.15",7.05,CASH,
17/04/2025 14:39,London Brixton,Eugene Quick,"Large Smoothies - Carrot Kick - 2.50, Large Smoothies - Glowing Greens - 2.50, Regular Speciality Tea - Earl Grey - 1.30, Large Iced americano - 2.50, Regular Cappuccino - 2.15",10.95,CASH,
17/04/2025 14:40,London Brixton,Tina Estrada,"Large Speciality Tea - Earl Grey - 1.60, Large Smoothies - Glowing Greens - 2.50, Regular Hot chocolate - 2.20",6.3,CARD,7236957758561993
17/04/2025 14:41,London Brixton,Randy Carter,"Large Smoothies - Glowing Greens - 2.50, Regular Espresso - 1.50, Regular Hot chocolate - 2.20, Regular Frappes - Strawberries & Cream - 2.75",8.95,CASH,
17/04/2025 14:42,London Brixton,Maureen Merson,"Large Speciality Tea - Earl Grey - 1.60, Regular Espresso - 1.50, Large Espresso - 1.80",4.9,CARD,9103806229621111
17/04/2025 14:43,London Brixton,Maurice Migl,"Large Frappes - Strawberries & Cream - 3.25, Large Frappes - Strawberries & Cream - 3.25, Large Speciality Tea - Earl Grey - 1.60, Large Hot chocolate - 2.90, Large Frappes - Strawberries & Cream - 3.25, Large Hot chocolate - 2.90",17.15,CARD,8705372468897907
17/04/2025 14:44,London Brixton,Mariam Brown,"Regular Smoothies - Carrot Kick - 2.00, Regular Espresso - 1.50",3.5,CARD,1523381557764271
17/04/2025 14:45,London Brixton,Refugio Barboza,"Regular Frappes - Strawberries & Cream - 2.75, Regular Espresso - 1.50",4.25,CARD,5600549913205949
17/04/2025 14:46,London Brixton,Michael Ivy,Large Espresso - 1.80,1.8,CARD,3005513557159278
17/04/2025 14:47,London Brixton,Ethel Orlowski,"Large Espresso - 1.80, Large Speciality Tea - Earl Grey - 1.60",3.4,CARD,5560763131569184
17/04/2025 14:48,London Brixton,Tom Bishop,"Large Cappuccino - 2.45, Regular Smoothies - Glowing Greens - 2.00",4.45,CARD,9970554467764831
17/04/2025 14:49,London Brixton,Gloria Childers,Large Cappuccino - 2.45,2.45,CASH,
17/04/2025 14:50,London Brixton,Robert Cavaliero,"Large Smoothies - Carrot Kick - 2.50, Large Smoothies - Glowing Greens - 2.50, Large Iced americano - 2.50, Regular Espresso - 1.50, Large Speciality Tea - Earl Grey - 1.60",10.6,CARD,1650473550174301
17/04/2025 14:51,London Brixton,Kathryn Pawloski,Regular Hot chocolate - 2.20,2.2,CARD,4550020115845194
17/04/2025 14:52,London Brixton,Herman Gillett,"Large Smoothies - Carrot Kick - 2.50, Regular Hot chocolate - 2.20, Large Espresso - 1.80",6.5,CASH,
17/04/2025 14:53,London Brixton,Joel Dotson,"Large Smoothies - Carrot Kick - 2.50, Regular Iced americano - 2.15, Large Smoothies - Glowing Greens - 2.50, Regular Iced americano - 2.15, Regular Frappes - Strawberries & Cream - 2.75",12.05,CARD,7265236606044906
17/04/2025 14:54,London Brixton,Carla Fabrizio,"Large Smoothies - Glowing Greens - 2.50, Regular Smoothies - Carrot Kick - 2.00",4.5,CASH,
17/04/2025 14:55,London Brixton,Anthony Holton,"Large Frappes - Strawberries & Cream - 3.25, Large Smoothies - Glowing Greens - 2.50, Large Speciality Tea - Earl Grey - 1.60",7.35,CARD,2973723767969070
17/04/2025 14:56,London Brixton,Joseph Merkle,Regular Hot chocolate - 2.20,2.2,CASH,
17/04/2025 14:57,London Brixton,Steve Tweedy,"Regular Iced americano - 2.15, Regular Espresso - 1.50, Large Cappuccino - 2.45",6.1,CASH,
17/04/2025 14:58,London Brixton,Henry Kenney,"Large Smoothies - Glowing Greens - 2.50, Large Smoothies - Glowing Greens - 2.50",5.0,CARD,6931750440326211
17/04/2025 14:59,London Brixton,Julie Klien,"Regular Cappuccino - 2.15, Large Iced americano - 2.50",4.65,CARD,9696871529853971
17/04/2025 15:00,London Brixton,Christopher Darden,"Large Hot chocolate - 2.90, Large Cappuccino - 2.45",5.35,CARD,5759066073414114
17/04/2025 15:02,London Brixton,Ricky Franco,"Large Cappuccino - 2.45, Large Smoothies - Glowing Greens - 2.50, Large Iced americano - 2.50, Large Iced americano - 2.50",9.95,CARD,9640379184212050
17/04/2025 15:03,London Brixton,Fred Ingram,Regular Speciality Tea - Earl Grey - 1.30,1.3,CARD,4871510199627240
17/04/2025 15:05,London Brixton,Curt Aguayo,Regular Speciality Tea - Earl Grey - 1.30,1.3,CARD,5286793917384455
17/04/2025 15:07,London Brixton,Guy Finney,"Regular Frappes - Strawberries & Cream - 2.75, Large Smoothies - Glowing Greens - 2.50",5.25,CARD,7707672669032017
17/04/2025 15:08,London Brixton,John Holloman,"Large Smoothies - Glowing Greens - 2.50, Regular Speciality Tea - Earl Grey - 1.30, Regular Smoothies - Glowing Greens - 2.00",5.8,CASH,
17/04/2025 15:10,London Brixton,Miguel Thomas,"Large Espresso - 1.80, Regular Espresso - 1.50",3.3,CARD,4512347430352319
17/04/2025 15:12,London Brixton,Daniel Young,Large Speciality Tea - Earl Grey - 1.60,1.6,CASH,
17/04/2025 15:13,London Brixton,James Sanchez,"Large Smoothies - Carrot Kick - 2.50, Regular Hot chocolate - 2.20",4.7,CARD,6519884328686451
17/04/2025 15:15,London Brixton,Kenneth Fletcher,"Large Iced americano - 2.50, Regular Iced americano - 2.15, Regular Speciality Tea - Earl Grey - 1.30",5.95,CARD,4489581004209200
17/04/2025 15:17,London Brixton,Billy Oneill,"Large Hot chocolate - 2.90, Regular Espresso - 1.50, Regular Speciality Tea - Earl Grey - 1.30, Regular Frappes - Strawberries & Cream - 2.75, Regular Speciality Tea - Earl Grey - 1.30",9.75,CARD,8088264798965951
17/04/2025 15:19,London Brixton,Lawrence Tesh,Large Cappuccino - 2.45,2.45,CARD,3509674137832514
17/04/2025 15:20,London Brixton,Rodney Davis,Regular Iced americano - 2.15,2.15,CARD,5712637723516933
17/04/2025 15:22,London Brixton,Vernon Cashen,"Large Speciality Tea - Earl Grey - 1.60, Regular Iced americano - 2.15, Large Cappuccino - 2.45",6.2,CARD,9273654433806855
17/04/2025 15:24,London Brixton,Bradley Kallin,"Large Iced americano - 2.50, Regular Smoothies - Glowing Greens - 2.00, Large Smoothies - Carrot Kick - 2.50, Large Espresso - 1.80",8.8,CASH,
17/04/2025 15:25,London Brixton,Adrianna Harder,"Large Iced americano - 2.50, Large Speciality Tea - Earl Grey - 1.60, Large Iced americano - 2.50",6.6,CARD,4308073860541313
17/04/2025 15:27,London Brixton,Lisa Joiner,"Regular Espresso - 1.50, Large Smoothies - Glowing Greens - 2.50, Regular Hot chocolate - 2.20, Regular Hot chocolate - 2.20, Regular Hot chocolate - 2.20",10.6,CASH,
17/04/2025 15:29,London Brixton,Denise Cover,"Large Smoothies - Carrot Kick - 2.50, Regular Smoothies - Carrot Kick - 2.00, Large Smoothies - Carrot Kick - 2.50, Large Frappes - Strawberries & Cream - 3.25, Large Hot chocolate - 2.90",13.15,CASH,
17/04/2025 15:31,London Brixton,Eugene Giles,"Large Espresso - 1.80, Regular Iced americano - 2.15, Regular Espresso - 1.50, Large Espresso - 1.80, Regular Hot chocolate - 2.20",9.45,CARD,2839835717253010
17/04/2025 15:32,London Brixton,Krista Smith,"Regular Speciality Tea - Earl Grey - 1.30, Regular Cappuccino - 2.15, Large Speciality Tea - Earl Grey - 1.60",5.05,CARD,1185734454670393
17/04/2025 15:34,London Brixton,Carl Rivera,"Regular Cappuccino - 2.15, Large Frappes - Strawberries & Cream - 3.25, Large Speciality Tea - Earl Grey - 1.60",7.0,CASH,
17/04/2025 15:36,London Brixton,Charles Knudsen,"Large Speciality Tea - Earl Grey - 1.60, Regular Iced americano - 2.15",3.75,CARD,6674316393012352
17/04/2025 15:37,London Brixton,Mark Flournoy,"Regular Cappuccino - 2.15, Large Smoothies - Carrot Kick - 2.50",4.65,CARD,3595307943580075
17/04/2025 15:39,London Brixton,Cynthia Brock,"Regular Frappes - Strawberries & Cream - 2.75, Large Speciality Tea - Earl Grey - 1.60, Regular Hot chocolate - 2.20",6.55,CARD,2926293669165489
17/04/2025 15:41,London Brixton,Geri Knepper,"Regular Espresso - 1.50, Large Cappuccino - 2.45",3.95,CARD,6494874521458372
17/04/2025 15:42,London Brixton,Janet Nelson,"Regular Smoothies - Glowing Greens - 2.00, Large Smoothies - Carrot Kick - 2.50, Regular Iced americano - 2.15, Regular Smoothies - Carrot Kick - 2.00",8.65,CARD,1485253922863978
17/04/2025 15:44,London Brixton,Larry Kennedy,"Large Smoothies - Glowing Greens - 2.50, Large Cappuccino - 2.45",4.95,CASH,
17/04/2025 15:46,London Brixton,Glenna Pratt,Regular Cappuccino - 2.15,2.15,CARD,3710014066137201
17/04/2025 15:48,London Brixton,Susan Toure,"Large Smoothies - Carrot Kick - 2.50, Regular Espresso - 1.50, Large Cappuccino - 2.45, Regular Hot chocolate - 2.20, Regular Espresso - 1.50",10.15,CARD,9152733714773911
17/04/2025 15:49,London Brixton,Donald Epley,Large Speciality Tea - Earl Grey - 1.60,1.6,CARD,1663168798622635
17/04/2025 15:51,London Brixton,Elaine Lay,Large Speciality Tea - Earl Grey - 1.60,1.6,CARD,7440797143380468
17/04/2025 15:53,London Brixton,Victor Littrell,"Regular Speciality Tea - Earl Grey - 1.30, Large Smoothies - Carrot Kick - 2.50, Regular Smoothies - Carrot Kick - 2.00, Large Iced americano - 2.50, Regular Cappuccino - 2.15",10.45,CARD,4443317178264213
17/04/2025 15:54,London Brixton,Craig Whitten,Large Hot chocolate - 2.90,2.9,CARD,8304394849852376
17/04/2025 15:56,London Brixton,Jason Castro,Large Smoothies - Carrot Kick - 2.50,2.5,CASH,
17/04/2025 15:58,London Brixton,Walter Beckley,"Large Hot chocolate - 2.90, Regular Hot chocolate - 2.20, Large Iced americano - 2.50",7.6,CARD,3992563987178660
17/04/2025 15:59,London Brixton,Daniel Duran,"Regular Espresso - 1.50, Regular Cappuccino - 2.15",3.65,CASH,
17/04/2025 16:01,London Brixton,Milton Hall,Large Espresso - 1.80,1.8,CARD,3833369099578233
17/04/2025 16:04,London Brixton,Eric Hoyman,"Large Cappuccino - 2.45, Large Speciality Tea - Earl Grey - 1.60",4.05,CARD,1211984490090023
17/04/2025 16:07,London Brixton,James Alcantara,"Large Cappuccino - 2.45, Large Smoothies - Carrot Kick - 2.50, Large Hot chocolate - 2.90, Large Hot chocolate - 2.90, Large Speciality Tea - Earl Grey - 1.60",12.35,CARD,4803499332052115
17/04/2025 16:11,London Brixton,Shery Patterson,Large Frappes - Strawberries & Cream - 3.25,3.25,CARD,1394788584988913
17/04/2025 16:14,London Brixton,Jennifer Smith,"Regular Smoothies - Glowing Greens - 2.00, Regular Iced americano - 2.15",4.15,CASH,
17/04/2025 16:17,London Brixton,Annie Hough,"Large Frappes - Strawberries & Cream - 3.25, Large Espresso - 1.80",5.05,CASH,
17/04/2025 16:20,London Brixton,Diane Curtis,"Regular Cappuccino - 2.15, Large Iced americano - 2.50, Regular Frappes - Strawberries & Cream - 2.75, Regular Frappes - Strawberries & Cream - 2.75, Regular Frappes - Strawberries & Cream - 2.75, Large Frappes - Strawberries & Cream - 3.25",16.15,CASH,
17/04/2025 16:23,London Brixton,Deborah Layland,"Large Smoothies - Carrot Kick - 2.50, Large Speciality Tea - Earl Grey - 1.60, Large Hot chocolate - 2.90",7.0,CARD,6477748713956596
17/04/2025 16:26,London Brixton,Ernest Smith,"Large Cappuccino - 2.45, Large Cappuccino - 2.45, Regular Smoothies - Glowing Greens - 2.00",6.9,CASH,
17/04/2025 16:30,London Brixton,Elizabeth Wells,"Large Cappuccino - 2.45, Regular Iced americano - 2.15, Regular Smoothies - Carrot Kick - 2.00, Large Hot chocolate - 2.90",9.5,CARD,9023168994973073
17/04/2025 16:33,London Brixton,Colleen Copland,Large Frappes - Strawberries & Cream - 3.25,3.25,CARD,9095170698542722
17/04/2025 16:36,London Brixton,Michael Quattlebaum,"Large Cappuccino - 2.45, Regular Hot chocolate - 2.20",4.65,CARD,7695307515671463
17/04/2025 16:39,London Brixton,Brandon Carver,Regular Iced americano - 2.15,2.15,CARD,7130471864803034
17/04/2025 16:42,London Brixton,Carissa Griffith,"Regular Cappuccino - 2.15, Large Smoothies - Glowing Greens - 2.50",4.65,CARD,9301244445732320
17/04/2025 16:45,London Brixton,Charles Chapin,"Large Espresso - 1.80, Large Speciality Tea - Earl Grey - 1.60, Large Smoothies - Glowing Greens - 2.50",5.9,CASH,
17/04/2025 16:48,London Brixton,Mark Jobe,Regular Cappuccino - 2.15,2.15,CARD,5222795196651217
17/04/2025 16:52,London Brixton,Steven Ross,"Regular Hot chocolate - 2.20, Regular Speciality Tea - Earl Grey - 1.30, Large Speciality Tea - Earl Grey - 1.60, Large Smoothies - Glowing Greens - 2.50",7.6,CARD,2763334916825815
17/04/2025 16:55,London Brixton,Margaret Delancey,Large Speciality Tea - Earl Grey - 1.60,1.6,CARD,2804894654629299
17/04/2025 16:58,London Brixton,John Mcdonald,"Regular Speciality Tea - Earl Grey - 1.30, Large Speciality Tea - Earl Grey - 1.60",2.9,CARD,1318379723750678
17/04/2025 17:01,London Brixton,Mark Mccane,"Large Iced americano - 2.50, Regular Espresso - 1.50, Regular Smoothies - Carrot Kick - 2.00, Regular Speciality Tea - Earl Grey - 1.30, Regular Hot chocolate - 2.20, Regular Smoothies - Glowing Greens - 2.00",11.5,CARD,5224778586875730
17/04/2025 17:03,London Brixton,Robert Schultz,Regular Hot chocolate - 2.20,2.2,CARD,5652283374805005
17/04/2025 17:06,London Brixton,John Gaffney,Large Smoothies - Glowing Greens - 2.50,2.5,CARD,3426700023661651
17/04/2025 17:08,London Brixton,Wiley Contreras,Regular Speciality Tea - Earl Grey - 1.30,1.3,CASH,
17/04/2025 17:11,London Brixton,Terresa Peterson,"Regular Cappuccino - 2.15, Regular Frappes - Strawberries & Cream - 2.75, Regular Smoothies - Carrot Kick - 2.00, Large Iced americano - 2.50, Large Smoothies - Glowing Greens - 2.50",11.9,CARD,9385099796221183
17/04/2025 17:13,London Brixton,Shane Rose,"Large Frappes - Strawberries & Cream - 3.25, Large Speciality Tea - Earl Grey - 1.60, Regular Smoothies - Carrot Kick - 2.00, Large Smoothies - Carrot Kick - 2.50",9.35,CARD,5741572545043412
17/04/2025 17:15,London Brixton,Maria Mocher,"Regular Espresso - 1.50, Regular Speciality Tea - Earl Grey - 1.30, Large Espresso - 1.80",4.6,CARD,8437034171720824
17/04/2025 17:18,London Brixton,Linda Guenther,"Large Smoothies - Carrot Kick - 2.50, Large Iced americano - 2.50, Large Iced americano - 2.50, Large Frappes - Strawberries & Cream - 3.25, Regular Frappes - Strawberries & Cream - 2.75, Large Iced americano - 2.50",16.0,CARD,4219947273345469
17/04/2025 17:20,London Brixton,Melissa Murphy,"Regular Speciality Tea - Earl Grey - 1.30, Large Speciality Tea - Earl Grey - 1.60, Large Speciality Tea - Earl Grey - 1.60",4.5,CARD,5830876484767727
17/04/2025 17:23,London Brixton,Caitlin Wells,"Large Speciality Tea - Earl Grey - 1.60, Large Smoothies - Glowing Greens - 2.50, Large Iced americano - 2.50, Large Frappes - Strawberries & Cream - 3.25",9.85,CARD,7959141607465372
17/04/2025 17:25,London Brixton,Douglas Wolfe,Regular Smoothies - Glowing Greens - 2.00,2.0,CARD,3848738986863296
17/04/2025 17:27,London Brixton,Daryl Banks,"Large Speciality Tea - Earl Grey - 1.60, Large Hot chocolate - 2.90",4.5,CASH,
17/04/2025 17:30,London Brixton,Carlos Jones,"Regular Iced americano - 2.15, Large Hot chocolate - 2.90, Regular Iced americano - 2.15",7.2,CASH,
17/04/2025 17:32,London Brixton,Tracy Sutton,Large Cappuccino - 2.45,2.45,CARD,6743895611688874
17/04/2025 17:35,London Brixton,Delia Brown,"Large Frappes - Strawberries & Cream - 3.25, Regular Hot chocolate - 2.20",5.45,CARD,5582503490036550
17/04/2025 17:37,London Brixton,Mary Difranco,Large Cappuccino - 2.45,2.45,CARD,9481764370370267
17/04/2025 17:39,London Brixton,Cherie Milhorn,"Regular Speciality Tea - Earl Grey - 1.30, Regular Iced americano - 2.15, Large Speciality Tea - Earl Grey - 1.60",5.05,CASH,
17/04/2025 17:42,London Brixton,Porsha Poulin,"Regular Espresso - 1.50, Regular Speciality Tea - Earl Grey - 1.30",2.8,CASH,
17/04/2025 17:44,London Brixton,Jeff Hutton,"Large Espresso - 1.80, Large Speciality Tea - Earl Grey - 1.60",3.4,CASH,
17/04/2025 17:47,London Brixton,Scott Patterson,"Regular Smoothies - Carrot Kick - 2.00, Large Frappes - Strawberries & Cream - 3.25, Large Iced americano - 2.50, Regular Hot chocolate - 2.20, Large Iced americano - 2.50",12.45,CARD,9817380382828013
17/04/2025 17:49,London Brixton,Margaret Hannon,"Regular Frappes - Strawberries & Cream - 2.75, Large Speciality Tea - Earl Grey - 1.60, Regular Cappuccino - 2.15, Regular Frappes - Strawberries & Cream - 2.75, Large Smoothies - Carrot Kick - 2.50, Regular Smoothies - Glowing Greens - 2.00",13.75,CARD,4979291275430582
17/04/2025 17:51,London Brixton,Sheri Mitchell,"Regular Iced americano - 2.15, Large Espresso - 1.80, Regular Frappes - Strawberries & Cream - 2.75",6.7,CARD,5839159471661561
17/04/2025 17:54,London Brixton,Marilyn Anderson,"Regular Speciality Tea - Earl Grey - 1.30, Regular Iced americano - 2.15",3.45,CASH,
17/04/2025 17:56,London Brixton,Ryan Malone,"Regular Espresso - 1.50, Regular Espresso - 1.50, Regular Smoothies - Glowing Greens - 2.00, Regular Smoothies - Glowing Greens - 2.00",7.0,CASH,
17/04/2025 17:59,London Brixton,Larry Harris,Regular Frappes - Strawberries & Cream - 2.75,2.75,CARD,5277708808714611
17/04/2025 18:01,London Brixton,Robert Roach,"Large Speciality Tea - Earl Grey - 1.60, Large Frappes - Strawberries & Cream - 3.25, Large Espresso - 1.80",6.65,CARD,1666237594485402
17/04/2025 18:03,London Brixton,William Trapp,"Large Smoothies - Glowing Greens - 2.50, Regular Iced americano - 2.15, Regular Hot chocolate - 2.20, Regular Cappuccino - 2.15, Large Iced americano - 2.50",11.5,CARD,8986287961118528
17/04/2025 18:05,London Brixton,Brent Sheeley,"Large Hot chocolate - 2.90, Regular Frappes - Strawberries & Cream - 2.75",5.65,CASH,
17/04/2025 18:07,London Brixton,John Jackson,"Large Speciality Tea - Earl Grey - 1.60, Regular Espresso - 1.50, Large Iced americano - 2.50, Regular Iced americano - 2.15, Large Frappes - Strawberries & Cream - 3.25",11.0,CARD,4995056357713170
17/04/2025 18:10,London Brixton,Amy Hargrove,Large Iced americano - 2.50,2.5,CARD,3656017130410488
17/04/2025 18:12,London Brixton,Saul Hepler,Regular Smoothies - Carrot Kick - 2.00,2.0,CASH,
17/04/2025 18:14,London Brixton,Sharon Thompson,"Large Smoothies - Carrot Kick - 2.50, Large Hot chocolate - 2.90, Large Cappuccino - 2.45, Large Speciality Tea - Earl Grey - 1.60, Large Smoothies - Carrot Kick - 2.50",11.95,CARD,7444787634130107
17/04/2025 18:16,London Brixton,Daniel Higa,"Regular Speciality Tea - Earl Grey - 1.30, Regular Frappes - Strawberries & Cream - 2.75",4.05,CASH,
17/04/2025 18:18,London Brixton,Stefanie Brown,"Large Speciality Tea - Earl Grey - 1.60, Regular Smoothies - Glowing Greens - 2.00, Regular Hot chocolate - 2.20",5.8,CARD,5623353998567091
17/04/2025 18:20,London Brixton,Mary Miles,"Large Cappuccino - 2.45, Large Frappes - Strawberries & Cream - 3.25, Large Speciality Tea - Earl Grey - 1.60",7.3,CASH,
17/04/2025 18:22,London Brixton,Gerald Burke,Large Frappes - Strawberries & Cream - 3.25,3.25,CASH,
17/04/2025 18:24,London Brixton,Donna Moore,Regular Espresso - 1.50,1.5,CARD,4745868149743042
17/04/2025 18:27,London Brixton,Howard Ramsey,Large Speciality Tea - Earl Grey - 1.60,1.6,CARD,4271122945727204
17/04/2025 18:29,London Brixton,Merlyn Thomas,Regular Smoothies - Glowing Greens - 2.00,2.0,CASH,
17/04/2025 18:31,London Brixton,Michael Barnas,"Large Smoothies - Glowing Greens - 2.50, Regular Espresso - 1.50, Regular Frappes - Strawberries & Cream - 2.75, Regular Cappuccino - 2.15",8.9,CARD,4000685771601237
17/04/2025 18:33,London Brixton,Daniel Young,Large Speciality Tea - Earl Grey - 1.60,1.6,CARD,8655691802236418
17/04/2025 18:35,London Brixton,Anna Smith,Regular Cappuccino - 2.15,2.15,CARD,1300307007079028
17/04/2025 18:37,London Brixton,Carroll Smith,"Large Smoothies - Glowing Greens - 2.50, Regular Speciality Tea - Earl Grey - 1.30, Regular Hot chocolate - 2.20",6.0,CARD,8254006986625771
17/04/2025 18:39,London Brixton,Erica Bozarth,"Large Cappuccino - 2.45, Regular Frappes - Strawberries & Cream - 2.75",5.2,CASH,
17/04/2025 18:42,London Brixton,David Tillman,"Large Iced americano - 2.50, Regular Iced americano - 2.15",4.65,CASH,
17/04/2025 18:44,London Brixton,Norman Malloy,"Large Frappes - Strawberries & Cream - 3.25, Large Iced americano - 2.50",5.75,CARD,3625288609741146
17/04/2025 18:46,London Brixton,Thomas Boyer,"Large Frappes - Strawberries & Cream - 3.25, Regular Speciality Tea - Earl Grey - 1.30, Large Frappes - Strawberries & Cream - 3.25, Regular Frappes - Strawberries & Cream - 2.75, Large Hot chocolate - 2.90",13.45,CARD,1121500438261060
17/04/2025 18:48,London Brixton,Marie Samples,"Regular Smoothies - Carrot Kick - 2.00, Regular Speciality Tea - Earl Grey - 1.30, Large Speciality Tea - Earl Grey - 1.60",4.9,CARD,3044840922647109
17/04/2025 18:50,London Brixton,Ashleigh Johnston,Regular Smoothies - Glowing Greens - 2.00,2.0,CARD,2678598926646972
17/04/2025 18:52,London Brixton,Sheena Lomax,"Regular Frappes - Strawberries & Cream - 2.75, Large Smoothies - Glowing Greens - 2.50, Regular Espresso - 1.50",6.75,CASH,
17/04/2025 18:54,London Brixton,Donald Smalls,Regular Iced americano - 2.15,2.15,CARD,3380295767048209
17/04/2025 18:56,London Brixton,Michael Holton,"Regular Iced americano - 2.15, Regular Smoothies - Glowing Greens - 2.00, Regular Espresso - 1.50",5.65,CASH,
17/04/2025 18:59,London Brixton,Todd Rodriguez,Regular Iced americano - 2.15,2.15,CARD,9576003747622157
17/04/2025 19:01,London Brixton,Iris George,"Regular Speciality Tea - Earl Grey - 1.30, Regular Smoothies - Carrot Kick - 2.00, Regular Frappes - Strawberries & Cream - 2.75",6.05,CARD,1396644443909417
17/04/2025 19:02,London Brixton,Annette Veer,"Large Smoothies - Carrot Kick - 2.50, Regular Smoothies - Glowing Greens - 2.00, Regular Speciality Tea - Earl Grey - 1.30, Large Iced americano - 2.50, Large Iced americano - 2.50",10.8,CASH,
17/04/2025 19:03,London Brixton,James Cochran,Regular Hot chocolate - 2.20,2.2,CARD,8322015912217754
17/04/2025 19:05,London Brixton,Lorraine Becton,"Large Frappes - Strawberries & Cream - 3.25, Large Frappes - Strawberries & Cream - 3.25, Regular Smoothies - Carrot Kick - 2.00, Large Frappes - Strawberries & Cream - 3.25",11.75,CARD,6864403846324274
17/04/2025 19:06,London Brixton,Brandon Wang,"Regular Smoothies - Glowing Greens - 2.00, Large Speciality Tea - Earl Grey - 1.60",3.6,CASH,
17/04/2025 19:08,London Brixton,Alfred Jimenez,"Large Espresso - 1.80, Regular Iced americano - 2.15",3.95,CARD,8717484267598771
17/04/2025 19:09,London Brixton,James Donnellan,"Regular Smoothies - Glowing Greens - 2.00, Large Smoothies - Carrot Kick - 2.50, Regular Espresso - 1.50, Regular Frappes - Strawberries & Cream - 2.75, Regular Speciality Tea - Earl Grey - 1.30, Regular Hot chocolate - 2.20",12.25,CARD,9132685463004781
17/04/2025 19:10,London Brixton,Dale Kissane,"Large Iced americano - 2.50, Large Speciality Tea - Earl Grey - 1.60",4.1,CASH,
17/04/2025 19:12,London Brixton,Christopher Morales,"Large Smoothies - Carrot Kick - 2.50, Large Cappuccino - 2.45",4.95,CARD,1047111856995920
17/04/2025 19:13,London Brixton,Jared Mendez,Large Frappes - Strawberries & Cream - 3.25,3.25,CARD,9100900706675176
17/04/2025 19:14,London Brixton,Joseph Powers,"Large Smoothies - Glowing Greens - 2.50, Large Cappuccino - 2.45",4.95,CARD,6421085528868166
17/04/2025 19:16,London Brixton,Edmund Gonzales,Large Hot chocolate - 2.90,2.9,CASH,
17/04/2025 19:17,London Brixton,Kay Lee,"Large Speciality Tea - Earl Grey - 1.60, Regular Hot chocolate - 2.20, Large Iced americano - 2.50",6.3,CARD,8239815052921032
17/04/2025 19:18,London Brixton,Tom Massey,Regular Cappuccino - 2.15,2.15,CARD,8997622549668250
17/04/2025 19:20,London Brixton,Andrew Hoffman,Large Smoothies - Carrot Kick - 2.50,2.5,CARD,4060572631558706
17/04/2025 19:21,London Brixton,Robert Nunez,"Regular Speciality Tea - Earl Grey - 1.30, Large Hot chocolate - 2.90",4.2,CARD,4302955356505269
17/04/2025 19:22,London Brixton,Robert Harrison,"Regular Smoothies - Glowing Greens - 2.00, Large Frappes - Strawberries & Cream - 3.25, Regular Hot chocolate - 2.20, Regular Speciality Tea - Earl Grey - 1.30, Large Cappuccino - 2.45, Regular Smoothies - Carrot Kick - 2.00",13.2,CARD,3638699411632675
17/04/2025 19:24,London Brixton,Patricia Adams,"Large Iced americano - 2.50, Regular Iced americano - 2.15, Large Smoothies - Glowing Greens - 2.50",7.15,CARD,5424473183481142
17/04/2025 19:25,London Brixton,Felix Rosenfield,Regular Speciality Tea - Earl Grey - 1.30,1.3,CASH,
17/04/2025 19:26,London Brixton,Timothy Coon,"Large Cappuccino - 2.45, Large Speciality Tea - Earl Grey - 1.60, Regular Hot chocolate - 2.20",6.25,CASH,
17/04/2025 19:28,London Brixton,Frank Avila,"Regular Smoothies - Glowing Greens - 2.00, Regular Frappes - Strawberries & Cream - 2.75",4.75,CASH,
17/04/2025 19:29,London Brixton,Lori Yoder,Large Hot chocolate - 2.90,2.9,CARD,9613562074991269
17/04/2025 19:31,London Brixton,Lisa Rinks,"Large Espresso - 1.80, Regular Iced americano - 2.15, Large Iced americano - 2.50",6.45,CARD,9741581487573124
17/04/2025 19:32,London Brixton,Phyliss Elston,"Large Cappuccino - 2.45, Regular Smoothies - Glowing Greens - 2.00, Large Smoothies - Glowing Greens - 2.50, Regular Espresso - 1.50",8.45,CASH,
17/04/2025 19:33,London Brixton,Brad Capponi,"Large Smoothies - Glowing Greens - 2.50, Large Espresso - 1.80",4.3,CASH,
17/04/2025 19:35,London Brixton,Catherine Saxton,"Large Iced americano - 2.50, Regular Hot chocolate - 2.20",4.7,CASH,
17/04/2025 19:36,London Brixton,Phyllis Swayne,"Large Espresso - 1.80, Regular Smoothies - Glowing Greens - 2.00, Regular Speciality Tea - Earl Grey - 1.30",5.1,CASH,
17/04/2025 19:37,London Brixton,Barbara Edwards,"Regular Iced americano - 2.15, Large Cappuccino - 2.45, Regular Speciality Tea - Earl Grey - 1.30, Regular Hot chocolate - 2.20",8.1,CARD,8601987846339097
17/04/2025 19:39,London Brixton,Suzanne Russ,"Regular Espresso - 1.50, Regular Speciality Tea - Earl Grey - 1.30",2.8,CARD,7845253210145447
17/04/2025 19:40,London Brixton,Diana Garcia,"Regular Frappes - Strawberries & Cream - 2.75, Regular Smoothies - Carrot Kick - 2.00",4.75,CARD,7812725655670676
17/04/2025 19:41,London Brixton,Richard Asbury,"Regular Cappuccino - 2.15, Large Frappes - Strawberries & Cream - 3.25",5.4,CASH,
17/04/2025 19:43,London Brixton,Katherine Bowie,"Regular Hot chocolate - 2.20, Large Espresso - 1.80, Regular Iced americano - 2.15, Large Speciality Tea - Earl Grey - 1.60",7.75,CARD,1563930722562444
17/04/2025 19:44,London Brixton,David Letendre,"Large Espresso - 1.80, Regular Iced americano - 2.15, Regular Espresso - 1.50",5.45,CARD,6080629191987227
17/04/2025 19:45,London Brixton,Pete Folk,Regular Iced americano - 2.15,2.15,CARD,5207117606674305
17/04/2025 19:47,London Brixton,Ward Bisom,"Large Smoothies - Carrot Kick - 2.50, Large Cappuccino - 2.45, Regular Frappes - Strawberries & Cream - 2.75",7.7,CARD,6570070475875382
17/04/2025 19:48,London Brixton,Nicholas Millis,Regular Smoothies - Carrot Kick - 2.00,2.0,CASH,
17/04/2025 19:49,London Brixton,Elizabeth Arredondo,"Large Smoothies - Carrot Kick - 2.50, Regular Iced americano - 2.15, Large Espresso - 1.80",6.45,CARD,8571385849881783
17/04/2025 19:51,London Brixton,Barry Fisher,"Regular Speciality Tea - Earl Grey - 1.30, Large Speciality Tea - Earl Grey - 1.60, Regular Speciality Tea - Earl Grey - 1.30, Large Smoothies - Carrot Kick - 2.50, Large Iced americano - 2.50",9.2,CASH,
17/04/2025 19:52,London Brixton,Kenneth Welch,"Large Iced americano - 2.50, Large Hot chocolate - 2.90, Large Espresso - 1.80, Large Smoothies - Carrot Kick - 2.50, Regular Espresso - 1.50, Regular Cappuccino - 2.15",13.35,CASH,
17/04/2025 19:53,London Brixton,Edith Mccrary,Regular Espresso - 1.50,1.5,CASH,
17/04/2025 19:55,London Brixton,Jean Howard,"Regular Hot chocolate - 2.20, Regular Smoothies - Carrot Kick - 2.00, Large Cappuccino - 2.45, Regular Frappes - Strawberries & Cream - 2.75, Large Iced americano - 2.50, Large Smoothies - Glowing Greens - 2.50",14.4,CARD,3768286788357073
17/04/2025 19:56,London Brixton,Nancy Davis,"Regular Frappes - Strawberries & Cream - 2.75, Regular Speciality Tea - Earl Grey - 1.30, Large Smoothies - Glowing Greens - 2.50, Regular Espresso - 1.50",8.05,CARD,5525425521634566
17/04/2025 19:58,London Brixton,Linda Wright,"Large Iced americano - 2.50, Regular Speciality Tea - Earl Grey - 1.30",3.8,CARD,4113709847657840
17/04/2025 19:59,London Brixton,Raymond Beavers,"Large Hot chocolate - 2.90, Regular Cappuccino - 2.15",5.05,CASH,
17/04/2025 20:00,London Brixton,Carl Hull,"Large Smoothies - Glowing Greens - 2.50, Regular Smoothies - Glowing Greens - 2.00, Regular Smoothies - Glowing Greens - 2.00, Regular Speciality Tea - Earl Grey - 1.30, Regular Speciality Tea - Earl Grey - 1.30",9.1,CASH,
17/04/2025 20:03,London Brixton,Sherri Simpson,"Large Frappes - Strawberries & Cream - 3.25, Regular Iced americano - 2.15",5.4,CASH,
17/04/2025 20:05,London Brixton,Anthony Rutan,Regular Espresso - 1.50,1.5,CARD,4992816621735773
17/04/2025 20:07,London Brixton,Marion Lyle,"Large Hot chocolate - 2.90, Large Smoothies - Glowing Greens - 2.50, Regular Espresso - 1.50, Large Speciality Tea - Earl Grey - 1.60, Large Espresso - 1.80, Large Iced americano - 2.50",12.8,CARD,1943279504463666
17/04/2025 20:10,London Brixton,Peter Alcala,Large Cappuccino - 2.45,2.45,CARD,4899546297914068
17/04/2025 20:12,London Brixton,James Dudley,"Large Frappes - Strawberries & Cream - 3.25, Regular Cappuccino - 2.15, Regular Frappes - Strawberries & Cream - 2.75, Large Hot chocolate - 2.90, Regular Speciality Tea - Earl Grey - 1.30",12.35,CARD,6034633847026602
17/04/2025 20:15,London Brixton,Dawn Messersmith,"Large Espresso - 1.80, Large Speciality Tea - Earl Grey - 1.60, Regular Iced americano - 2.15",5.55,CARD,6789275381632803
17/04/2025 20:17,London Brixton,Roy Ricketts,"Regular Espresso - 1.50, Large Smoothies - Glowing Greens - 2.50",4.0,CARD,1797683310234963
17/04/2025 20:19,London Brixton,Kimberly Parkhill,Regular Cappuccino - 2.15,2.15,CARD,2752603280870487
17/04/2025 20:22,London Brixton,Eileen Tompkins,"Regular Smoothies - Glowing Greens - 2.00, Large Smoothies - Carrot Kick - 2.50",4.5,CARD,7124200459587991
17/04/2025 20:24,London Brixton,Mary Powell,"Regular Speciality Tea - Earl Grey - 1.30, Large Cappuccino - 2.45, Large Cappuccino - 2.45",6.2,CARD,2928533643368333
17/04/2025 20:27,London Brixton,Willie Orth,"Regular Frappes - Strawberries & Cream - 2.75, Regular Espresso - 1.50",4.25,CARD,4577520613899929
17/04/2025 20:29,London Brixton,Phyllis Parks,"Regular Cappuccino - 2.15, Regular Iced americano - 2.15, Regular Cappuccino - 2.15, Regular Iced americano - 2.15",8.6,CASH,
17/04/2025 20:31,London Brixton,Darryl Healey,"Large Frappes - Strawberries & Cream - 3.25, Large Iced americano - 2.50, Regular Frappes - Strawberries & Cream - 2.75, Regular Speciality Tea - Earl Grey - 1.30, Regular Cappuccino - 2.15, Regular Iced americano - 2.15",14.1,CARD,9297251527709042
17/04/2025 20:34,London Brixton,Lillie Arnot,"Regular Speciality Tea - Earl Grey - 1.30, Regular Iced americano - 2.15, Regular Smoothies - Glowing Greens - 2.00",5.45,CASH,
17/04/2025 20:36,London Brixton,Gregory Siegmund,Large Iced americano - 2.50,2.5,CARD,2489696845114037
17/04/2025 20:39,London Brixton,Donna Pena,"Large Espresso - 1.80, Regular Hot chocolate - 2.20, Large Iced americano - 2.50",6.5,CARD,8527693440550077
17/04/2025 20:41,London Brixton,Bobbie Demarsico,"Regular Hot chocolate - 2.20, Regular Smoothies - Carrot Kick - 2.00, Large Hot chocolate - 2.90",7.1,CARD,7407015945200268
17/04/2025 20:43,London Brixton,Jeffrey Voelker,"Large Iced americano - 2.50, Regular Frappes - Strawberries & Cream - 2.75, Large Iced americano - 2.50",7.75,CARD,4397518430636558
17/04/2025 20:46,London Brixton,Preston Custer,"Large Espresso - 1.80, Large Cappuccino - 2.45, Large Iced americano - 2.50, Large Frappes - Strawberries & Cream - 3.25, Large Espresso - 1.80",11.8,CASH,
17/04/2025 20:48,London Brixton,Michael Buster,"Regular Smoothies - Glowing Greens - 2.00, Large Hot chocolate - 2.90, Regular Smoothies - Glowing Greens - 2.00, Regular Iced americano - 2.15",9.05,CARD,3123308415911371
17/04/2025 20:51,London Brixton,Michael Wiggins,"Large Iced americano - 2.50, Regular Frappes - Strawberries & Cream - 2.75",5.25,CARD,9802156404615228
17/04/2025 20:53,London Brixton,Luis Rose,"Regular Smoothies - Carrot Kick - 2.00, Large Espresso - 1.80",3.8,CARD,3373523689267614
17/04/2025 20:55,London Brixton,Blanca Warner,"Regular Frappes - Strawberries & Cream - 2.75, Large Cappuccino - 2.45, Regular Cappuccino - 2.15",7.35,CARD,2914016808956314
17/04/2025 20:58,London Brixton,Donald Aybar,Large Cappuccino - 2.45,2.45,CARD,7502913577330190
