18/04/2025 08:00,London Greenwich,Richard Reding,"Regular Frappes - Chocolate Cookie - 2.75, Regular Flavoured iced latte - Caramel - 2.75, Regular Flavoured iced latte - Caramel - 2.75, Large Frappes - Strawberries & Cream - 3.25",11.5,CASH,
18/04/2025 08:01,London Greenwich,David Peckham,Regular Latte - 2.15,2.15,CASH,
18/04/2025 08:03,London Greenwich,Sandra Bigelow,Large Frappes - Strawberries & Cream - 3.25,3.25,CARD,4774519476557834
18/04/2025 08:05,London Greenwich,Laura Brown,Regular Frappes - Chocolate Cookie - 2.75,2.75,CARD,3936071135309283
18/04/2025 08:07,London Greenwich,Maria North,"Regular Flavoured iced latte - Caramel - 2.75, Large Frappes - Strawberries & Cream - 3.25, Regular Latte - 2.15, Regular Latte - 2.15, Large Frappes - Chocolate Cookie - 3.25",13.55,CARD,3050614446844481
18/04/2025 08:08,London Greenwich,Alexander Gray,"Large Iced americano - 2.50, Regular Frappes - Chocolate Cookie - 2.75",5.25,CARD,1893625618244549
18/04/2025 08:10,London Greenwich,Cuc Youngblood,"Regular Iced americano - 2.15, Regular Frappes - Chocolate Cookie - 2.75",4.9,CARD,8478638309569582
18/04/2025 08:12,London Greenwich,Joseph Shaffer,"Large Frappes - Chocolate Cookie - 3.25, Large Flavoured iced latte - Caramel - 3.25, Regular Frappes - Strawberries & Cream - 2.75",9.25,CARD,9938932463404303
18/04/2025 08:14,London Greenwich,David Killian,"Large Frappes - Strawberries & Cream - 3.25, Large Frappes - Strawberries & Cream - 3.25, Large Flavoured iced latte - Caramel - 3.25, Large Latte - 2.45",12.2,CARD,2855232244343205
18/04/2025 08:15,London Greenwich,Joseph Williams,"Large Flavoured iced latte - Caramel - 3.25, Large Flavoured iced latte - Caramel - 3.25",6.5,CARD,4833138743759047
18/04/2025 08:17,London Greenwich,Evangelina Franklin,"Large Latte - 2.45, Regular Frappes - Strawberries & Cream - 2.75, Regular Latte - 2.15",7.35,CASH,
18/04/2025 08:19,London Greenwich,Nelson Scriven,"Large Flavoured iced latte - Caramel - 3.25, Regular Flavoured iced latte - Caramel - 2.75, Large Flavoured iced latte - Caramel - 3.25",9.25,CARD,8514239256774777
18/04/2025 08:21,London Greenwich,Mildred Davignon,"Regular Latte - 2.15, Large Frappes - Chocolate Cookie - 3.25, Regular Flavoured iced latte - Caramel - 2.75, Regular Flavoured iced latte - Caramel - 2.75, Regular Frappes - Chocolate Cookie - 2.75, Regular Frappes - Chocolate Cookie - 2.75",16.4,CARD,3603416981930539
18/04/2025 08:22,London Greenwich,Alfredo Laumbach,"Large Flavoured iced latte - Caramel - 3.25, Large Frappes - Strawberries & Cream - 3.25",6.5,CASH,
18/04/2025 08:24,London Greenwich,Mildred Miller,"Large Latte - 2.45, Large Frappes - Strawberries & Cream - 3.25",5.7,CASH,
18/04/2025 08:26,London Greenwich,Joan Howard,"Regular Frappes - Chocolate Cookie - 2.75, Large Frappes - Chocolate Cookie - 3.25",6.0,CARD,9762928702844185
18/04/2025 08:28,London Greenwich,Jeanne Jameson,"Large Frappes - Chocolate Cookie - 3.25, Large Flavoured iced latte - Caramel - 3.25, Large Frappes - Strawberries & Cream - 3.25, Regular Frappes - Strawberries & Cream - 2.75",12.5,CARD,8025868285858655
18/04/2025 08:29,London Greenwich,Lindsay Druck,"Regular Latte - 2.15, Large Flavoured iced latte - Caramel - 3.25, Large Flavoured iced latte - Caramel - 3.25, Regular Flavoured iced latte - Caramel - 2.75",11.4,CARD,7916987093046859
18/04/2025 08:31,London Greenwich,George Thompson,"Regular Flavoured iced latte - Caramel - 2.75, Large Iced americano - 2.50",5.25,CARD,3415706382459633
18/04/2025 08:33,London Greenwich,Lauren Perez,"Regular Flavoured iced latte - Caramel - 2.75, Large Iced americano - 2.50, Large Flavoured iced latte - Caramel - 3.25, Regular Latte - 2.15, Large Frappes - Chocolate Cookie - 3.25",13.9,CARD,3235034948989852
18/04/2025 08:35,London Greenwich,Willie Sneed,"Large Flavoured iced latte - Caramel - 3.25, Large Latte - 2.45",5.7,CASH,
18/04/2025 08:36,London Greenwich,Rosemary Brock,"Large Iced americano - 2.50, Large Iced americano - 2.50, Large Latte - 2.45",7.45,CASH,
18/04/2025 08:38,London Greenwich,Michael Portnoy,"Large Frappes - Chocolate Cookie - 3.25, Large Iced americano - 2.50, Large Iced americano - 2.50, Large Frappes - Chocolate Cookie - 3.25, Regular Iced americano - 2.15",13.65,CARD,2379265937913338
18/04/2025 08:40,London Greenwich,Sterling Brackins,Regular Frappes - Strawberries & Cream - 2.75,2.75,CARD,3719000234585394
18/04/2025 08:42,London Greenwich,Francesca Washington,"Regular Latte - 2.15, Large Latte - 2.45",4.6,CARD,8821139938301286
18/04/2025 08:43,London Greenwich,Pierre Dunson,Large Frappes - Strawberries & Cream - 3.25,3.25,CASH,
18/04/2025 08:45,London Greenwich,Wayne Mcclintock,"Regular Latte - 2.15, Large Flavoured iced latte - Caramel - 3.25, Regular Frappes - Strawberries & Cream - 2.75, Large Flavoured iced latte - Caramel - 3.25, Large Latte - 2.45",13.85,CASH,
18/04/2025 08:47,London Greenwich,Patrick Getzschman,"Regular Frappes - Chocolate Cookie - 2.75, Large Frappes - Chocolate Cookie - 3.25, Large Frappes - Strawberries & Cream - 3.25",9.25,CARD,4097327228513208
18/04/2025 08:49,London Greenwich,Lauren Hall,"Large Frappes - Strawberries & Cream - 3.25, Large Iced americano - 2.50, Large Flavoured iced latte - Caramel - 3.25, Regular Frappes - Chocolate Cookie - 2.75",11.75,CARD,4690499495369575
18/04/2025 08:50,London Greenwich,Roberto Lynch,"Large Flavoured iced latte - Caramel - 3.25, Large Latte - 2.45, Regular Frappes - Strawberries & Cream - 2.75",8.45,CASH,
18/04/2025 08:52,London Greenwich,Robin Mcgraw,"Large Frappes - Strawberries & Cream - 3.25, Regular Flavoured iced latte - Caramel - 2.75, Regular Frappes - Strawberries & Cream - 2.75, Large Latte - 2.45, Regular Frappes - Chocolate Cookie - 2.75",13.95,CARD,9748777417408500
18/04/2025 08:54,London Greenwich,James Smart,Regular Frappes - Strawberries & Cream - 2.75,2.75,CARD,7470589492478809
18/04/2025 08:56,London Greenwich,Ida Hill,"Regular Frappes - Chocolate Cookie - 2.75, Regular Frappes - Strawberries & Cream - 2.75, Regular Iced americano - 2.15, Regular Latte - 2.15",9.8,CARD,4807597773765470
18/04/2025 08:57,London Greenwich,Eleanor Mays,"Regular Flavoured iced latte - Caramel - 2.75, Large Latte - 2.45, Large Iced americano - 2.50, Large Frappes - Strawberries & Cream - 3.25, Regular Frappes - Strawberries & Cream - 2.75",13.7,CARD,3193976860163657
18/04/2025 08:59,London Greenwich,Louise Drake,"Large Flavoured iced latte - Caramel - 3.25, Large Latte - 2.45, Regular Flavoured iced latte - Caramel - 2.75, Large Frappes - Chocolate Cookie - 3.25",11.7,CARD,6125805317037850
18/04/2025 09:01,London Greenwich,Charles Hernandez,"Large Frappes - Strawberries & Cream - 3.25, Large Iced americano - 2.50",5.75,CARD,9125787439527628
18/04/2025 09:04,London Greenwich,Clara Bliss,"Regular Frappes - Strawberries & Cream - 2.75, Large Iced americano - 2.50, Regular Frappes - Chocolate Cookie - 2.75, Large Iced americano - 2.50, Large Iced americano - 2.50, Regular Frappes - Strawberries & Cream - 2.75",15.75,CARD,1156727712817881
18/04/2025 09:08,London Greenwich,Jerry Douthitt,"Regular Latte - 2.15, Regular Latte - 2.15",4.3,CARD,3053261017349966
18/04/2025 09:11,London Greenwich,Donald Shute,Regular Frappes - Strawberries & Cream - 2.75,2.75,CARD,2489801471859813
18/04/2025 09:15,London Greenwich,Frank Schroeder,"Large Frappes - Strawberries & Cream - 3.25, Regular Flavoured iced latte - Caramel - 2.75, Large Latte - 2.45",8.45,CASH,
18/04/2025 09:18,London Greenwich,Jill Holden,"Regular Frappes - Chocolate Cookie - 2.75, Regular Iced americano - 2.15",4.9,CASH,
18/04/2025 09:22,London Greenwich,Jack Watkins,"Regular Flavoured iced latte - Caramel - 2.75, Large Iced americano - 2.50, Large Frappes - Chocolate Cookie - 3.25",8.5,CARD,7902478956888281
18/04/2025 09:26,London Greenwich,Jerry Lewis,"Large Frappes - Chocolate Cookie - 3.25, Regular Latte - 2.15",5.4,CARD,2809179357615278
18/04/2025 09:29,London Greenwich,Todd Grace,Large Flavoured iced latte - Caramel - 3.25,3.25,CARD,5035928821096636
18/04/2025 09:33,London Greenwich,Heather Sikes,"Large Flavoured iced latte - Caramel - 3.25, Regular Frappes - Chocolate Cookie - 2.75, Regular Latte - 2.15, Regular Latte - 2.15, Large Frappes - Strawberries & Cream - 3.25, Large Iced americano - 2.50",16.05,CARD,2428430683748729
18/04/2025 09:36,London Greenwich,Melinda Crowe,"Regular Flavoured iced latte - Caramel - 2.75, Large Frappes - Chocolate Cookie - 3.25, Regular Latte - 2.15",8.15,CASH,
18/04/2025 09:40,London Greenwich,Virginia Harris,"Large Latte - 2.45, Regular Iced americano - 2.15",4.6,CARD,1048406245932059
18/04/2025 09:43,London Greenwich,Stephanie Gharing,"Large Latte - 2.45, Large Flavoured iced latte - Caramel - 3.25",5.7,CARD,9351049812031534
18/04/2025 09:47,London Greenwich,Ann Hamm,"Large Iced americano - 2.50, Regular Frappes - Chocolate Cookie - 2.75",5.25,CARD,3333848524088179
18/04/2025 09:50,London Greenwich,Roy Romano,"Regular Frappes - Strawberries & Cream - 2.75, Regular Frappes - Strawberries & Cream - 2.75, Regular Flavoured iced latte - Caramel - 2.75, Large Frappes - Chocolate Cookie - 3.25",11.5,CARD,8750674748034887
18/04/2025 09:54,London Greenwich,Virginia Fitzgerald,"Regular Frappes - Chocolate Cookie - 2.75, Regular Flavoured iced latte - Caramel - 2.75",5.5,CARD,6239230268746892
18/04/2025 09:57,London Greenwich,Leroy Guthrie,Regular Iced americano - 2.15,2.15,CARD,4585868939720255
18/04/2025 10:01,London Greenwich,Lisa Smith,"Regular Flavoured iced latte - Caramel - 2.75, Regular Frappes - Chocolate Cookie - 2.75, Regular Flavoured iced latte - Caramel - 2.75, Regular Frappes - Chocolate Cookie - 2.75, Large Flavoured iced latte - Caramel - 3.25",14.25,CARD,6515452602026372
18/04/2025 10:02,London Greenwich,Thomas Purcell,Regular Iced americano - 2.15,2.15,CASH,
18/04/2025 10:03,London Greenwich,James Broughton,"Regular Frappes - Strawberries & Cream - 2.75, Large Latte - 2.45, Large Frappes - Chocolate Cookie - 3.25, Regular Iced americano - 2.15, Large Frappes - Strawberries & Cream - 3.25, Regular Flavoured iced latte - Caramel - 2.75",16.6,CARD,7013997736260901
18/04/2025 10:05,London Greenwich,Susan Aponte,Large Latte - 2.45,2.45,CASH,
18/04/2025 10:06,London Greenwich,Sofia Motley,"Large Flavoured iced latte - Caramel - 3.25, Regular Frappes - Strawberries & Cream - 2.75",6.0,CARD,7701932819364649
18/04/2025 10:08,London Greenwich,Lisa Delarosa,"Large Latte - 2.45, Large Frappes - Strawberries & Cream - 3.25, Regular Flavoured iced latte - Caramel - 2.75",8.45,CASH,
18/04/2025 10:09,London Greenwich,Estrella Cole,"Regular Flavoured iced latte - Caramel - 2.75, Regular Flavoured iced latte - Caramel - 2.75",5.5,CARD,3810421367089453
18/04/2025 10:10,London Greenwich,Nicholas Dubois,"Large Frappes - Chocolate Cookie - 3.25, Large Iced americano - 2.50, Regular Iced americano - 2.15",7.9,CARD,6386446691455897
18/04/2025 10:12,London Greenwich,James Thomas,Large Frappes - Strawberries & Cream - 3.25,3.25,CARD,8705269209845351
18/04/2025 10:13,London Greenwich,Shannon Kelley,"Large Flavoured iced latte - Caramel - 3.25, Regular Latte - 2.15, Regular Frappes - Chocolate Cookie - 2.75, Regular Frappes - Chocolate Cookie - 2.75",10.9,CASH,
18/04/2025 10:15,London Greenwich,Mark Scott,"Large Latte - 2.45, Regular Frappes - Chocolate Cookie - 2.75, Regular Frappes - Strawberries & Cream - 2.75, Regular Frappes - Strawberries & Cream - 2.75",10.7,CARD,4798743432044139
18/04/2025 10:16,London Greenwich,Robert Peck,"Regular Frappes - Strawberries & Cream - 2.75, Regular Iced americano - 2.15, Large Frappes - Chocolate Cookie - 3.25",8.15,CARD,5457476022721920
18/04/2025 10:17,London Greenwich,Tom Hull,"Regular Iced americano - 2.15, Large Latte - 2.45, Regular Latte - 2.15",6.75,CARD,9426751492816702
18/04/2025 10:19,London Greenwich,Howard Kinsella,"Large Frappes - Chocolate Cookie - 3.25, Large Iced americano - 2.50",5.75,CARD,4479918825647249
18/04/2025 10:20,London Greenwich,Maryalice Campbell,Large Frappes - Strawberries & Cream - 3.25,3.25,CARD,5050725419603033
18/04/2025 10:21,London Greenwich,Margaret Ellis,"Regular Latte - 2.15, Large Frappes - Chocolate Cookie - 3.25",5.4,CARD,4430431919561311
18/04/2025 10:23,London Greenwich,Ruby Outlaw,"Large Frappes - Chocolate Cookie - 3.25, Large Latte - 2.45, Large Frappes - Strawberries & Cream - 3.25, Large Latte - 2.45, Large Iced americano - 2.50",13.9,CASH,
18/04/2025 10:24,London Greenwich,Sylvia Martinez,"Regular Iced americano - 2.15, Regular Flavoured iced latte - Caramel - 2.75, Large Flavoured iced latte - Caramel - 3.25, Large Frappes - Strawberries & Cream - 3.25, Large Frappes - Chocolate Cookie - 3.25",14.65,CARD,2318424567025256
18/04/2025 10:26,London Greenwich,Louise Archut,"Regular Frappes - Chocolate Cookie - 2.75, Large Flavoured iced latte - Caramel - 3.25",6.0,CARD,6119931638780429
18/04/2025 10:27,London Greenwich,Breann Mauriello,Regular Iced americano - 2.15,2.15,CARD,6047064541451377
18/04/2025 10:28,London Greenwich,Mark Henry,Large Frappes - Strawberries & Cream - 3.25,3.25,CASH,
18/04/2025 10:30,London Greenwich,Doris Robinson,"Large Frappes - Strawberries & Cream - 3.25, Regular Latte - 2.15, Large Flavoured iced latte - Caramel - 3.25, Large Frappes - Chocolate Cookie - 3.25",11.9,CASH,
18/04/2025 10:31,London Greenwich,Walter Martinez,"Regular Latte - 2.15, Large Iced americano - 2.50, Regular Flavoured iced latte - Caramel - 2.75",7.4,CASH,
18/04/2025 10:33,London Greenwich,Charles Geller,Large Iced americano - 2.50,2.5,CARD,4586358094243126
18/04/2025 10:34,London Greenwich,Jacqueline Rash,"Large Frappes - Chocolate Cookie - 3.25, Regular Flavoured iced latte - Caramel - 2.75",6.0,CASH,
18/04/2025 10:35,London Greenwich,Lola Bailey,"Regular Iced americano - 2.15, Large Latte - 2.45",4.6,CASH,
18/04/2025 10:37,London Greenwich,Victoria Vanzandt,Regular Frappes - Strawberries & Cream - 2.75,2.75,CASH,
18/04/2025 10:38,London Greenwich,Darius Cash,"Regular Frappes - Strawberries & Cream - 2.75, Large Iced americano - 2.50, Regular Frappes - Chocolate Cookie - 2.75, Regular Latte - 2.15, Large Frappes - Strawberries & Cream - 3.25",13.4,CARD,2734996836416989
18/04/2025 10:39,London Greenwich,Michael Jenkins,"Large Iced americano - 2.50, Large Flavoured iced latte - Caramel - 3.25, Regular Latte - 2.15, Large Iced americano - 2.50",10.4,CASH,
18/04/2025 10:41,London Greenwich,Susan Lynch,"Regular Iced americano - 2.15, Large Latte - 2.45",4.6,CARD,1892853043700567
18/04/2025 10:42,London Greenwich,Jeremy Williams,Large Frappes - Strawberries & Cream - 3.25,3.25,CARD,3054441900490892
18/04/2025 10:44,London Greenwich,Charles King,Large Iced americano - 2.50,2.5,CARD,5283933818745975
18/04/2025 10:45,London Greenwich,Larry Bullen,Large Frappes - Chocolate Cookie - 3.25,3.25,CARD,7024290998771806
18/04/2025 10:46,London Greenwich,Timothy Card,Regular Frappes - Chocolate Cookie - 2.75,2.75,CASH,
18/04/2025 10:48,London Greenwich,William Rundle,"Regular Flavoured iced latte - Caramel - 2.75, Regular Frappes - Chocolate Cookie - 2.75, Large Latte - 2.45, Regular Flavoured iced latte - Caramel - 2.75, Regular Frappes - Chocolate Cookie - 2.75",13.45,CARD,4121002497716613
18/04/2025 10:49,London Greenwich,Brandon Atkinson,"Large Flavoured iced latte - Caramel - 3.25, Large Flavoured iced latte - Caramel - 3.25, Large Frappes - Strawberries & Cream - 3.25",9.75,CASH,
18/04/2025 10:50,London Greenwich,Thomas Mike,"Large Frappes - Chocolate Cookie - 3.25, Regular Frappes - Strawberries & Cream - 2.75",6.0,CASH,
18/04/2025 10:52,London Greenwich,Ada Adams,"Large Latte - 2.45, Large Frappes - Strawberries & Cream - 3.25, Large Flavoured iced latte - Caramel - 3.25",8.95,CARD,1971683894259096
18/04/2025 10:53,London Greenwich,Robert Perry,Regular Iced americano - 2.15,2.15,CARD,1526752788431693
18/04/2025 10:55,London Greenwich,Carl Snowden,"Large Flavoured iced latte - Caramel - 3.25, Large Latte - 2.45, Regular Flavoured iced latte - Caramel - 2.75, Large Frappes - Chocolate Cookie - 3.25, Large Frappes - Chocolate Cookie - 3.25",14.95,CARD,9670296619407423
18/04/2025 10:56,London Greenwich,Ryan Engelhart,"Large Frappes - Strawberries & Cream - 3.25, Regular Frappes - Chocolate Cookie - 2.75, Regular Flavoured iced latte - Caramel - 2.75, Regular Frappes - Strawberries & Cream - 2.75",11.5,CARD,7755650239706546
18/04/2025 10:57,London Greenwich,Howard Swafford,"Regular Latte - 2.15, Large Flavoured iced latte - Caramel - 3.25, Large Iced americano - 2.50",7.9,CARD,6892950200015899
18/04/2025 10:59,London Greenwich,Debra Ring,"Large Frappes - Chocolate Cookie - 3.25, Regular Frappes - Chocolate Cookie - 2.75, Regular Iced americano - 2.15",8.15,CARD,3925491974883455
18/04/2025 11:00,London Greenwich,Lori Darby,"Large Iced americano - 2.50, Regular Flavoured iced latte - Caramel - 2.75, Large Latte - 2.45",7.7,CARD,8107811879390975
18/04/2025 11:02,London Greenwich,Theresa Esquivez,"Regular Latte - 2.15, Regular Latte - 2.15, Large Flavoured iced latte - Caramel - 3.25, Large Latte - 2.45",10.0,CARD,9631690042766115
18/04/2025 11:04,London Greenwich,Sharon Hampton,"Large Frappes - Chocolate Cookie - 3.25, Large Frappes - Strawberries & Cream - 3.25",6.5,CARD,4554098233019192
18/04/2025 11:06,London Greenwich,Lucas Wagner,"Large Latte - 2.45, Large Flavoured iced latte - Caramel - 3.25, Regular Iced americano - 2.15, Regular Latte - 2.15",10.0,CARD,5444509866058847
18/04/2025 11:07,London Greenwich,Virginia Johnston,"Large Frappes - Strawberries & Cream - 3.25, Regular Flavoured iced latte - Caramel - 2.75, Large Latte - 2.45, Regular Latte - 2.15, Regular Flavoured iced latte - Caramel - 2.75",13.35,CASH,
18/04/2025 11:09,London Greenwich,Sofia Valencia,Large Frappes - Strawberries & Cream - 3.25,3.25,CASH,
18/04/2025 11:11,London Greenwich,Billy Young,"Regular Iced americano - 2.15, Regular Frappes - Strawberries & Cream - 2.75, Regular Latte - 2.15",7.05,CASH,
18/04/2025 11:13,London Greenwich,Betty Dowell,"Large Latte - 2.45, Large Iced americano - 2.50, Regular Flavoured iced latte - Caramel - 2.75",7.7,CARD,7724254757009849
18/04/2025 11:15,London Greenwich,Carroll Matheson,"Large Frappes - Strawberries & Cream - 3.25, Large Flavoured iced latte - Caramel - 3.25",6.5,CASH,
18/04/2025 11:17,London Greenwich,Iva Gagne,Regular Flavoured iced latte - Caramel - 2.75,2.75,CARD,4233485894575165
18/04/2025 11:18,London Greenwich,Kim Ruiz,"Regular Iced americano - 2.15, Regular Flavoured iced latte - Caramel - 2.75, Regular Flavoured iced latte - Caramel - 2.75, Large Latte - 2.45",10.1,CASH,
18/04/2025 11:20,London Greenwich,Consuelo Rodriguez,Regular Iced americano - 2.15,2.15,CASH,
18/04/2025 11:22,London Greenwich,Kenneth Martin,"Large Iced americano - 2.50, Regular Frappes - Strawberries & Cream - 2.75",5.25,CARD,2086861668313880
18/04/2025 11:24,London Greenwich,Marcia Scerra,Large Frappes - Strawberries & Cream - 3.25,3.25,CARD,4522288835742576
18/04/2025 11:26,London Greenwich,Jeannie Rivers,"Large Latte - 2.45, Large Frappes - Chocolate Cookie - 3.25, Regular Flavoured iced latte - Caramel - 2.75",8.45,CARD,7998860539043963
18/04/2025 11:27,London Greenwich,Marsha Burnette,Large Frappes - Strawberries & Cream - 3.25,3.25,CARD,8626807208519189
18/04/2025 11:29,London Greenwich,Howard Lee,"Regular Frappes - Strawberries & Cream - 2.75, Large Frappes - Strawberries & Cream - 3.25",6.0,CASH,
18/04/2025 11:31,London Greenwich,Albert Seebach,"Large Latte - 2.45, Regular Iced americano - 2.15, Large Iced americano - 2.50, Large Frappes - Chocolate Cookie - 3.25",10.35,CASH,
18/04/2025 11:33,London Greenwich,Andrew Burbach,Large Frappes - Strawberries & Cream - 3.25,3.25,CASH,
18/04/2025 11:35,London Greenwich,Dorothy Gavitt,"Regular Iced americano - 2.15, Large Flavoured iced latte - Caramel - 3.25, Regular Latte - 2.15, Regular Flavoured iced latte - Caramel - 2.75",10.3,CARD,7140778847796055
18/04/2025 11:37,London Greenwich,Tina Alexander,"Large Iced americano - 2.50, Regular Latte - 2.15, Large Flavoured iced latte - Caramel - 3.25",7.9,CARD,2984207089805416
18/04/2025 11:38,London Greenwich,Frank Baccam,"Regular Frappes - Chocolate Cookie - 2.75, Large Flavoured iced latte - Caramel - 3.25, Regular Latte - 2.15, Large Frappes - Strawberries & Cream - 3.25",11.4,CASH,
18/04/2025 11:40,London Greenwich,Patrick Morris,"Regular Iced americano - 2.15, Large Latte - 2.45",4.6,CARD,5848933346526020
18/04/2025 11:42,London Greenwich,Jessica Crissler,"Large Flavoured iced latte - Caramel - 3.25, Large Flavoured iced latte - Caramel - 3.25, Large Iced americano - 2.50",9.0,CASH,
18/04/2025 11:44,London Greenwich,Charles Rushing,"Regular Frappes - Chocolate Cookie - 2.75, Regular Latte - 2.15",4.9,CARD,4978575318978342
18/04/2025 11:46,London Greenwich,Teri Konrad,"Large Frappes - Strawberries & Cream - 3.25, Regular Flavoured iced latte - Caramel - 2.75",6.0,CARD,7022945247904237
18/04/2025 11:47,London Greenwich,Mary Oneal,"Regular Flavoured iced latte - Caramel - 2.75, Large Frappes - Strawberries & Cream - 3.25, Regular Frappes - Strawberries & Cream - 2.75",8.75,CARD,5154336429230962
18/04/2025 11:49,London Greenwich,Brittany Provence,"Regular Frappes - Strawberries & Cream - 2.75, Large Latte - 2.45, Large Latte - 2.45, Large Iced americano - 2.50",10.15,CASH,
18/04/2025 11:51,London Greenwich,Harriet Edwards,"Regular Iced americano - 2.15, Large Flavoured iced latte - Caramel - 3.25",5.4,CASH,
18/04/2025 11:53,London Greenwich,Ian Lopez,"Regular Iced americano - 2.15, Large Iced americano - 2.50, Large Latte - 2.45",7.1,CASH,
18/04/2025 11:55,London Greenwich,Brenda Plemons,Regular Flavoured iced latte - Caramel - 2.75,2.75,CARD,8923868105973216
18/04/2025 11:56,London Greenwich,Suzanne Justice,"Large Iced americano - 2.50, Regular Iced americano - 2.15, Large Flavoured iced latte - Caramel - 3.25, Large Frappes - Chocolate Cookie - 3.25",11.15,CASH,
18/04/2025 11:58,London Greenwich,Stephanie Michel,"Large Frappes - Chocolate Cookie - 3.25, Large Latte - 2.45, Large Frappes - Chocolate Cookie - 3.25, Regular Flavoured iced latte - Caramel - 2.75",11.7,CARD,6705433535651690
18/04/2025 12:00,London Greenwich,Olive Castellanos,"Regular Latte - 2.15, Large Flavoured iced latte - Caramel - 3.25, Regular Flavoured iced latte - Caramel - 2.75",8.15,CARD,6221364604310644
18/04/2025 12:02,London Greenwich,Constance Johnson,Large Flavoured iced latte - Caramel - 3.25,3.25,CASH,
18/04/2025 12:05,London Greenwich,Heather Swarey,"Large Frappes - Strawberries & Cream - 3.25, Large Iced americano - 2.50",5.75,CARD,2873598448841097
18/04/2025 12:07,London Greenwich,Tara Hatcher,Regular Iced americano - 2.15,2.15,CASH,
18/04/2025 12:09,London Greenwich,Avery Mccaffrey,"Large Iced americano - 2.50, Large Latte - 2.45",4.95,CASH,
18/04/2025 12:11,London Greenwich,Dorothy Burt,"Large Frappes - Strawberries & Cream - 3.25, Large Latte - 2.45, Regular Frappes - Strawberries & Cream - 2.75, Regular Latte - 2.15, Regular Flavoured iced latte - Caramel - 2.75, Large Latte - 2.45",15.8,CARD,5676082461683273
18/04/2025 12:13,London Greenwich,Angela Young,"Large Flavoured iced latte - Caramel - 3.25, Large Iced americano - 2.50",5.75,CARD,8764225352643057
18/04/2025 12:16,London Greenwich,Jeffery Thomas,"Regular Iced americano - 2.15, Large Flavoured iced latte - Caramel - 3.25, Regular Flavoured iced latte - Caramel - 2.75, Regular Frappes - Chocolate Cookie - 2.75",10.9,CASH,
18/04/2025 12:18,London Greenwich,Julianne Cumiskey,"Large Flavoured iced latte - Caramel - 3.25, Regular Frappes - Strawberries & Cream - 2.75, Regular Frappes - Strawberries & Cream - 2.75, Regular Latte - 2.15, Large Frappes - Strawberries & Cream - 3.25, Regular Frappes - Strawberries & Cream - 2.75",16.9,CARD,3201184588171481
18/04/2025 12:20,London Greenwich,Virginia Matherne,"Regular Latte - 2.15, Large Latte - 2.45, Regular Iced americano - 2.15, Large Flavoured iced latte - Caramel - 3.25, Regular Flavoured iced latte - Caramel - 2.75",12.75,CASH,
18/04/2025 12:22,London Greenwich,Charlie Kilroy,"Large Iced americano - 2.50, Large Latte - 2.45",4.95,CASH,
18/04/2025 12:25,London Greenwich,Bob Robertson,"Regular Frappes - Chocolate Cookie - 2.75, Regular Iced americano - 2.15",4.9,CARD,9896529919723550
18/04/2025 12:27,London Greenwich,Roy Sanchez,Large Latte - 2.45,2.45,CARD,3434734430742627
18/04/2025 12:29,London Greenwich,Phyllis Mccoy,"Regular Flavoured iced latte - Caramel - 2.75, Regular Iced americano - 2.15",4.9,CARD,8540434977199551
18/04/2025 12:31,London Greenwich,Joyce Searcy,Large Latte - 2.45,2.45,CASH,
18/04/2025 12:33,London Greenwich,David Kirby,"Large Iced americano - 2.50, Large Flavoured iced latte - Caramel - 3.25",5.75,CARD,7408249143910779
18/04/2025 12:36,London Greenwich,Gerald Larkin,"Regular Flavoured iced latte - Caramel - 2.75, Regular Latte - 2.15",4.9,CARD,7576473080425801
18/04/2025 12:38,London Greenwich,James Pena,"Regular Latte - 2.15, Large Latte - 2.45, Large Frappes - Chocolate Cookie - 3.25",7.85,CASH,
18/04/2025 12:40,London Greenwich,Nancy Roberts,"Large Frappes - Strawberries & Cream - 3.25, Large Frappes - Chocolate Cookie - 3.25",6.5,CASH,
18/04/2025 12:42,London Greenwich,Thurman Phillips,"Regular Flavoured iced latte - Caramel - 2.75, Regular Frappes - Strawberries & Cream - 2.75",5.5,CASH,
18/04/2025 12:44,London Greenwich,Susan Hernandez,"Regular Frappes - Chocolate Cookie - 2.75, Large Flavoured iced latte - Caramel - 3.25, Large Frappes - Chocolate Cookie - 3.25, Regular Frappes - Chocolate Cookie - 2.75",12.0,CASH,
18/04/2025 12:47,London Greenwich,Ann Parduhn,"Large Frappes - Chocolate Cookie - 3.25, Large Latte - 2.45, Regular Latte - 2.15, Large Iced americano - 2.50",10.35,CARD,6936337236033599
18/04/2025 12:49,London Greenwich,Brenda Wilson,Regular Frappes - Chocolate Cookie - 2.75,2.75,CARD,4299190050756753
18/04/2025 12:51,London Greenwich,Donna Cruz,Large Flavoured iced latte - Caramel - 3.25,3.25,CARD,1872191679499605
18/04/2025 12:53,London Greenwich,Anja Neal,Large Flavoured iced latte - Caramel - 3.25,3.25,CARD,3280487148818373
18/04/2025 12:56,London Greenwich,James Tuck,"Large Flavoured iced latte - Caramel - 3.25, Large Frappes - Chocolate Cookie - 3.25, Regular Frappes - Chocolate Cookie - 2.75",9.25,CASH,
18/04/2025 12:58,London Greenwich,Carmelina Lopez,"Regular Latte - 2.15, Large Frappes - Strawberries & Cream - 3.25",5.4,CASH,
18/04/2025 13:00,London Greenwich,Cathern Tillman,Regular Iced americano - 2.15,2.15,CARD,5475035769311832
18/04/2025 13:01,London Greenwich,Travis Nordahl,"Large Iced americano - 2.50, Large Flavoured iced latte - Caramel - 3.25",5.75,CARD,7838362385049037
18/04/2025 13:02,London Greenwich,Julia Owens,"Regular Flavoured iced latte - Caramel - 2.75, Regular Frappes - Strawberries & Cream - 2.75",5.5,CASH,
18/04/2025 13:03,London Greenwich,Vernon Hernandez,"Regular Iced americano - 2.15, Large Latte - 2.45, Large Frappes - Chocolate Cookie - 3.25",7.85,CASH,
18/04/2025 13:04,London Greenwich,Brandy Forshee,"Large Latte - 2.45, Regular Iced americano - 2.15, Large Frappes - Strawberries & Cream - 3.25, Large Frappes - Chocolate Cookie - 3.25, Regular Frappes - Strawberries & Cream - 2.75, Regular Flavoured iced latte - Caramel - 2.75",16.6,CARD,6508721653066524
18/04/2025 13:05,London Greenwich,Myrtle Sudduth,Regular Frappes - Chocolate Cookie - 2.75,2.75,CARD,4626968628776851
18/04/2025 13:06,London Greenwich,Alphonso Smith,"Large Frappes - Strawberries & Cream - 3.25, Regular Iced americano - 2.15, Regular Latte - 2.15",7.55,CARD,3452002587847545
18/04/2025 13:07,London Greenwich,Steven Perez,Large Frappes - Strawberries & Cream - 3.25,3.25,CARD,8722179500121657
18/04/2025 13:08,London Greenwich,Linda Casavant,Regular Latte - 2.15,2.15,CARD,6175475316985746
18/04/2025 13:09,London Greenwich,Christopher Jenkins,"Large Latte - 2.45, Large Iced americano - 2.50, Large Iced americano - 2.50, Regular Frappes - Chocolate Cookie - 2.75, Regular Frappes - Strawberries & Cream - 2.75, Large Frappes - Chocolate Cookie - 3.25",16.2,CASH,
18/04/2025 13:09,London Greenwich,Cary Freeman,"Large Iced americano - 2.50, Regular Latte - 2.15",4.65,CASH,
18/04/2025 13:10,London Greenwich,Debra Clark,Large Frappes - Chocolate Cookie - 3.25,3.25,CASH,
18/04/2025 13:11,London Greenwich,Joe Chambliss,"Large Iced americano - 2.50, Regular Frappes - Strawberries & Cream - 2.75, Regular Latte - 2.15, Large Latte - 2.45, Large Frappes - Strawberries & Cream - 3.25",13.1,CARD,4248581512951870
18/04/2025 13:12,London Greenwich,Ryan Fenwick,Regular Frappes - Chocolate Cookie - 2.75,2.75,CARD,6462712339781337
18/04/2025 13:13,London Greenwich,Ted Andress,"Regular Frappes - Chocolate Cookie - 2.75, Regular Latte - 2.15, Regular Iced americano - 2.15",7.05,CARD,7281612698594179
18/04/2025 13:14,London Greenwich,Marie Salter,"Regular Latte - 2.15, Large Latte - 2.45",4.6,CASH,
18/04/2025 13:15,London Greenwich,Thomas Olson,Regular Latte - 2.15,2.15,CARD,9571582740043739
18/04/2025 13:16,London Greenwich,Kevin Allen,"Large Flavoured iced latte - Caramel - 3.25, Regular Flavoured iced latte - Caramel - 2.75",6.0,CASH,
18/04/2025 13:17,London Greenwich,Edward Howell,"Regular Iced americano - 2.15, Large Flavoured iced latte - Caramel - 3.25, Large Frappes - Strawberries & Cream - 3.25, Large Latte - 2.45, Regular Flavoured iced latte - Caramel - 2.75",13.85,CASH,
18/04/2025 13:18,London Greenwich,Angeline Mancha,Large Flavoured iced latte - Caramel - 3.25,3.25,CASH,
18/04/2025 13:19,London Greenwich,Michael Smith,"Regular Frappes - Chocolate Cookie - 2.75, Large Flavoured iced latte - Caramel - 3.25, Regular Latte - 2.15, Large Frappes - Chocolate Cookie - 3.25",11.4,CASH,
18/04/2025 13:20,London Greenwich,Cassandra Hanrahan,"Regular Frappes - Strawberries & Cream - 2.75, Large Flavoured iced latte - Caramel - 3.25, Regular Iced americano - 2.15, Regular Frappes - Strawberries & Cream - 2.75, Regular Iced americano - 2.15",13.05,CASH,
18/04/2025 13:21,London Greenwich,Patricia Bravo,"Large Flavoured iced latte - Caramel - 3.25, Regular Frappes - Strawberries & Cream - 2.75, Large Frappes - Chocolate Cookie - 3.25, Large Latte - 2.45, Regular Frappes - Chocolate Cookie - 2.75",14.45,CARD,5944678386845685
18/04/2025 13:22,London Greenwich,Joyce Givens,"Large Iced americano - 2.50, Large Latte - 2.45, Large Iced americano - 2.50, Large Latte - 2.45, Regular Latte - 2.15",12.05,CARD,2520744200945924
18/04/2025 13:23,London Greenwich,Daniel Phelps,Regular Iced americano - 2.15,2.15,CASH,
18/04/2025 13:24,London Greenwich,William Eberhardt,"Large Flavoured iced latte - Caramel - 3.25, Large Flavoured iced latte - Caramel - 3.25, Regular Frappes - Chocolate Cookie - 2.75",9.25,CARD,7521770369376051
18/04/2025 13:25,London Greenwich,Richard Blomdahl,"Regular Frappes - Strawberries & Cream - 2.75, Large Flavoured iced latte - Caramel - 3.25, Large Iced americano - 2.50, Regular Frappes - Strawberries & Cream - 2.75",11.25,CARD,7628304514079338
18/04/2025 13:26,London Greenwich,Rosa Walke,"Large Frappes - Strawberries & Cream - 3.25, Large Flavoured iced latte - Caramel - 3.25, Regular Iced americano - 2.15",8.65,CARD,5451074200692120
18/04/2025 13:27,London Greenwich,Thomas Newhall,Regular Flavoured iced latte - Caramel - 2.75,2.75,CARD,4838086641626336
18/04/2025 13:28,London Greenwich,Alicia Taylor,Regular Flavoured iced latte - Caramel - 2.75,2.75,CASH,
18/04/2025 13:28,London Greenwich,Helen Wampler,"Large Frappes - Strawberries & Cream - 3.25, Regular Latte - 2.15, Regular Latte - 2.15, Regular Latte - 2.15",9.7,CARD,8617291225437438
18/04/2025 13:29,London Greenwich,Diane Murphy,"Regular Iced americano - 2.15, Regular Frappes - Strawberries & Cream - 2.75",4.9,CASH,
18/04/2025 13:30,London Greenwich,Marguerite Teague,Large Flavoured iced latte - Caramel - 3.25,3.25,CASH,
18/04/2025 13:31,London Greenwich,Della Vaughan,"Large Frappes - Chocolate Cookie - 3.25, Large Frappes - Chocolate Cookie - 3.25, Large Iced americano - 2.50",9.0,CARD,8024735434076303
18/04/2025 13:32,London Greenwich,Orlando Norris,"Large Frappes - Chocolate Cookie - 3.25, Large Iced americano - 2.50, Large Frappes - Chocolate Cookie - 3.25, Regular Frappes - Strawberries & Cream - 2.75, Regular Frappes - Strawberries & Cream - 2.75",14.5,CARD,8895495978662485
18/04/2025 13:33,London Greenwich,Darrell Tes,"Large Frappes - Strawberries & Cream - 3.25, Large Latte - 2.45, Large Flavoured iced latte - Caramel - 3.25",8.95,CASH,
18/04/2025 13:34,London Greenwich,Gabriel Smith,"Regular Flavoured iced latte - Caramel - 2.75, Large Frappes - Strawberries & Cream - 3.25, Regular Frappes - Strawberries & Cream - 2.75, Large Frappes - Strawberries & Cream - 3.25, Regular Frappes - Strawberries & Cream - 2.75",14.75,CASH,
18/04/2025 13:35,London Greenwich,Susana Moran,Large Iced americano - 2.50,2.5,CARD,4771321447534273
18/04/2025 13:36,London Greenwich,Kim Prentice,"Regular Frappes - Strawberries & Cream - 2.75, Regular Frappes - Strawberries & Cream - 2.75",5.5,CASH,
18/04/2025 13:37,London Greenwich,Robert Storlie,"Large Frappes - Chocolate Cookie - 3.25, Regular Latte - 2.15, Large Latte - 2.45, Regular Flavoured iced latte - Caramel - 2.75, Large Frappes - Strawberries & Cream - 3.25",13.85,CARD,1303449444305687
18/04/2025 13:38,London Greenwich,Robin Finwall,"Regular Frappes - Strawberries & Cream - 2.75, Large Latte - 2.45, Large Latte - 2.45, Regular Latte - 2.15, Regular Frappes - Chocolate Cookie - 2.75",12.55,CASH,
18/04/2025 13:39,London Greenwich,Cornelia Harris,Large Frappes - Strawberries & Cream - 3.25,3.25,CARD,4916278062883931
18/04/2025 13:40,London Greenwich,Sherry Leverenz,"Regular Iced americano - 2.15, Regular Frappes - Strawberries & Cream - 2.75, Large Frappes - Strawberries & Cream - 3.25, Large Frappes - Chocolate Cookie - 3.25",11.4,CARD,6924463544993334
18/04/2025 13:41,London Greenwich,Katherine Smith,"Large Frappes - Strawberries & Cream - 3.25, Regular Flavoured iced latte - Caramel - 2.75",6.0,CASH,
18/04/2025 13:42,London Greenwich,Mike Aguilar,"Large Frappes - Chocolate Cookie - 3.25, Regular Iced americano - 2.15",5.4,CARD,5045988406714633
18/04/2025 13:43,London Greenwich,Geraldine Chavez,"Regular Frappes - Strawberries & Cream - 2.75, Regular Frappes - Chocolate Cookie - 2.75, Regular Flavoured iced latte - Caramel - 2.75, Large Flavoured iced latte - Caramel - 3.25, Large Latte - 2.45",13.95,CASH,
18/04/2025 13:44,London Greenwich,Lilian Shotkoski,"Large Latte - 2.45, Regular Latte - 2.15",4.6,CARD,2177431766532857
18/04/2025 13:45,London Greenwich,Michael Robinson,Large Iced americano - 2.50,2.5,CARD,9064853435681516
18/04/2025 13:46,London Greenwich,Bryan Pfeffer,Large Flavoured iced latte - Caramel - 3.25,3.25,CARD,3633879289796061
18/04/2025 13:47,London Greenwich,Josephine Molina,"Regular Flavoured iced latte - Caramel - 2.75, Large Iced americano - 2.50, Regular Flavoured iced latte - Caramel - 2.75",8.0,CARD,4258158002483762
18/04/2025 13:47,London Greenwich,Gina Fernandez,"Large Latte - 2.45, Large Frappes - Chocolate Cookie - 3.25, Large Frappes - Chocolate Cookie - 3.25, Large Iced americano - 2.50",11.45,CARD,5718885355269134
18/04/2025 13:48,London Greenwich,Wilford Burnett,"Regular Frappes - Strawberries & Cream - 2.75, Large Frappes - Strawberries & Cream - 3.25",6.0,CARD,1810805889712669
18/04/2025 13:49,London Greenwich,Clarence Cayer,"Large Latte - 2.45, Regular Iced americano - 2.15, Regular Flavoured iced latte - Caramel - 2.75, Regular Frappes - Chocolate Cookie - 2.75, Regular Frappes - Chocolate Cookie - 2.75",12.85,CASH,
18/04/2025 13:50,London Greenwich,Samantha Williams,"Large Latte - 2.45, Regular Frappes - Chocolate Cookie - 2.75",5.2,CASH,
18/04/2025 13:51,London Greenwich,Howard Clark,"Large Latte - 2.45, Regular Flavoured iced latte - Caramel - 2.75",5.2,CARD,8607451977849115
18/04/2025 13:52,London Greenwich,Antoine Moore,"Regular Latte - 2.15, Large Frappes - Chocolate Cookie - 3.25",5.4,CARD,3374256189429475
18/04/2025 13:53,London Greenwich,Jeffery Intrieri,"Regular Flavoured iced latte - Caramel - 2.75, Large Flavoured iced latte - Caramel - 3.25, Large Flavoured iced latte - Caramel - 3.25",9.25,CASH,
18/04/2025 13:54,London Greenwich,Judy Orbeck,"Regular Frappes - Chocolate Cookie - 2.75, Regular Latte - 2.15, Large Frappes - Strawberries & Cream - 3.25, Large Latte - 2.45",10.6,CASH,
18/04/2025 13:55,London Greenwich,Ryan Hibert,"Regular Frappes - Strawberries & Cream - 2.75, Regular Iced americano - 2.15",4.9,CARD,8020165125674867
18/04/2025 13:56,London Greenwich,Virginia Sumner,"Regular Flavoured iced latte - Caramel - 2.75, Large Frappes - Strawberries & Cream - 3.25, Large Flavoured iced latte - Caramel - 3.25, Large Latte - 2.45",11.7,CARD,2796210863640376
18/04/2025 13:57,London Greenwich,Latoya Mccord,"Regular Frappes - Chocolate Cookie - 2.75, Large Flavoured iced latte - Caramel - 3.25",6.0,CARD,8203026919177600
18/04/2025 13:58,London Greenwich,Lorraine Hodges,Large Latte - 2.45,2.45,CARD,9314591438465746
18/04/2025 13:59,London Greenwich,Russell Lim,"Large Latte - 2.45, Regular Latte - 2.15",4.6,CARD,8235389267323324
18/04/2025 14:00,London Greenwich,Billy Heard,"Regular Iced americano - 2.15, Regular Flavoured iced latte - Caramel - 2.75, Large Flavoured iced latte - Caramel - 3.25",8.15,CASH,
18/04/2025 14:01,London Greenwich,Jean Williams,"Large Latte - 2.45, Regular Frappes - Chocolate Cookie - 2.75, Regular Flavoured iced latte - Caramel - 2.75, Regular Iced americano - 2.15, Regular Frappes - Chocolate Cookie - 2.75, Large Frappes - Strawberries & Cream - 3.25",16.1,CARD,9394823145051907
18/04/2025 14:02,London Greenwich,Deloris Horne,Large Frappes - Strawberries & Cream - 3.25,3.25,CARD,1630651430634383
18/04/2025 14:03,London Greenwich,Marianne Donovan,Large Flavoured iced latte - Caramel - 3.25,3.25,CARD,6682685161387368
18/04/2025 14:04,London Greenwich,William Davis,"Regular Frappes - Strawberries & Cream - 2.75, Regular Iced americano - 2.15, Regular Flavoured iced latte - Caramel - 2.75, Large Flavoured iced latte - Caramel - 3.25, Large Frappes - Chocolate Cookie - 3.25",14.15,CARD,1710997578562264
18/04/2025 14:05,London Greenwich,Jeff Mccormick,Large Flavoured iced latte - Caramel - 3.25,3.25,CARD,5011997767532661
18/04/2025 14:06,London Greenwich,Manuel Hoppe,Large Latte - 2.45,2.45,CARD,1309518474063543
18/04/2025 14:06,London Greenwich,Geraldine Colyer,"Large Flavoured iced latte - Caramel - 3.25, Large Frappes - Strawberries & Cream - 3.25, Regular Frappes - Strawberries & Cream - 2.75, Regular Flavoured iced latte - Caramel - 2.75, Large Frappes - Strawberries & Cream - 3.25",15.25,CARD,4035391557310858
18/04/2025 14:07,London Greenwich,Sharon Hogue,"Regular Frappes - Chocolate Cookie - 2.75, Regular Flavoured iced latte - Caramel - 2.75, Large Latte - 2.45",7.95,CASH,
18/04/2025 14:08,London Greenwich,Blake Greggs,"Large Frappes - Chocolate Cookie - 3.25, Regular Frappes - Chocolate Cookie - 2.75",6.0,CARD,2756965995114280
18/04/2025 14:09,London Greenwich,Linda Ekmark,Regular Frappes - Strawberries & Cream - 2.75,2.75,CARD,7851399499546995
18/04/2025 14:10,London Greenwich,Nicholas Nelson,"Regular Frappes - Strawberries & Cream - 2.75, Regular Frappes - Strawberries & Cream - 2.75, Regular Latte - 2.15, Large Latte - 2.45, Large Flavoured iced latte - Caramel - 3.25, Large Flavoured iced latte - Caramel - 3.25",16.6,CARD,9405948888501619
18/04/2025 14:11,London Greenwich,Jesusa Okoye,Regular Latte - 2.15,2.15,CARD,3754679247619157
18/04/2025 14:12,London Greenwich,Kevin Sheldon,"Regular Frappes - Strawberries & Cream - 2.75, Regular Frappes - Strawberries & Cream - 2.75",5.5,CASH,
18/04/2025 14:13,London Greenwich,Pennie Lopez,Regular Latte - 2.15,2.15,CASH,
18/04/2025 14:14,London Greenwich,Sandra Ready,"Regular Latte - 2.15, Large Iced americano - 2.50",4.65,CARD,1113976411813127
18/04/2025 14:15,London Greenwich,Christopher Byrne,"Regular Frappes - Chocolate Cookie - 2.75, Large Iced americano - 2.50",5.25,CASH,
18/04/2025 14:16,London Greenwich,Helen Bird,Large Latte - 2.45,2.45,CARD,3035941928699180
18/04/2025 14:17,London Greenwich,Ann Caruthers,Large Latte - 2.45,2.45,CARD,3240536055831262
18/04/2025 14:18,London Greenwich,Carrie Montgomery,"Large Iced americano - 2.50, Large Frappes - Strawberries & Cream - 3.25",5.75,CASH,
18/04/2025 14:19,London Greenwich,Kelly Wood,Regular Iced americano - 2.15,2.15,CARD,7770102406269807
18/04/2025 14:20,London Greenwich,Thomas Nicholes,"Large Flavoured iced latte - Caramel - 3.25, Large Flavoured iced latte - Caramel - 3.25, Regular Frappes - Chocolate Cookie - 2.75",9.25,CARD,2858997158739379
18/04/2025 14:21,London Greenwich,Otto Sexton,"Regular Flavoured iced latte - Caramel - 2.75, Large Latte - 2.45, Regular Latte - 2.15, Large Iced americano - 2.50, Regular Frappes - Chocolate Cookie - 2.75, Large Latte - 2.45",15.05,CARD,9608214879221224
18/04/2025 14:22,London Greenwich,Nicole Morris,"Large Latte - 2.45, Regular Frappes - Chocolate Cookie - 2.75, Regular Latte - 2.15, Regular Frappes - Chocolate Cookie - 2.75",10.1,CARD,7400486380329362
18/04/2025 14:23,London Greenwich,Barbar Smith,"Regular Flavoured iced latte - Caramel - 2.75, Large Flavoured iced latte - Caramel - 3.25, Regular Latte - 2.15",8.15,CARD,8721327900988509
18/04/2025 14:24,London Greenwich,Jose Dyer,"Regular Frappes - Strawberries & Cream - 2.75, Regular Latte - 2.15, Regular Latte - 2.15, Large Latte - 2.45",9.5,CARD,7658189351974611
18/04/2025 14:25,London Greenwich,Myra Kalish,Large Iced americano - 2.50,2.5,CARD,2814556038982567
18/04/2025 14:25,London Greenwich,William Arceneaux,"Large Flavoured iced latte - Caramel - 3.25, Large Frappes - Strawberries & Cream - 3.25, Large Frappes - Strawberries & Cream - 3.25, Large Frappes - Strawberries & Cream - 3.25, Regular Latte - 2.15, Regular Flavoured iced latte - Caramel - 2.75",17.9,CASH,
18/04/2025 14:26,London Greenwich,Joyce Anastasiades,"Regular Flavoured iced latte - Caramel - 2.75, Regular Flavoured iced latte - Caramel - 2.75",5.5,CARD,3765722169441753
18/04/2025 14:27,London Greenwich,David Rehart,"Large Frappes - Strawberries & Cream - 3.25, Regular Iced americano - 2.15, Large Latte - 2.45",7.85,CARD,3199715296603790
18/04/2025 14:28,London Greenwich,Rebecca Bantz,"Large Flavoured iced latte - Caramel - 3.25, Large Flavoured iced latte - Caramel - 3.25",6.5,CARD,2279057601340685
18/04/2025 14:29,London Greenwich,Ramona Haddad,Large Flavoured iced latte - Caramel - 3.25,3.25,CARD,5785969302459833
18/04/2025 14:30,London Greenwich,Johnathon Alexander,Regular Flavoured iced latte - Caramel - 2.75,2.75,CASH,
18/04/2025 14:31,London Greenwich,Dorian Bruder,"Large Frappes - Chocolate Cookie - 3.25, Large Latte - 2.45, Large Frappes - Strawberries & Cream - 3.25",8.95,CARD,1650615469923171
18/04/2025 14:32,London Greenwich,Irene Williams,Large Frappes - Strawberries & Cream - 3.25,3.25,CARD,2447089566426468
18/04/2025 14:33,London Greenwich,Frances Andreason,"Regular Latte - 2.15, Regular Frappes - Chocolate Cookie - 2.75, Large Frappes - Chocolate Cookie - 3.25",8.15,CASH,
18/04/2025 14:34,London Greenwich,Kevin Gibson,Regular Flavoured iced latte - Caramel - 2.75,2.75,CARD,4039809614079554
18/04/2025 14:35,London Greenwich,Jason Deck,"Large Frappes - Strawberries & Cream - 3.25, Regular Flavoured iced latte - Caramel - 2.75",6.0,CASH,
18/04/2025 14:36,London Greenwich,Martha Lee,"Large Frappes - Strawberries & Cream - 3.25, Large Flavoured iced latte - Caramel - 3.25",6.5,CARD,4850508862889471
18/04/2025 14:37,London Greenwich,Martha Craft,"Large Flavoured iced latte - Caramel - 3.25, Regular Frappes - Strawberries & Cream - 2.75, Regular Latte - 2.15, Large Flavoured iced latte - Caramel - 3.25",11.4,CARD,8525727643702508
18/04/2025 14:38,London Greenwich,Kay Oelschlaeger,Large Flavoured iced latte - Caramel - 3.25,3.25,CARD,2094563304797942
18/04/2025 14:39,London Greenwich,Aubrey Chadwick,"Large Frappes - Strawberries & Cream - 3.25, Large Iced americano - 2.50",5.75,CARD,4474446802329819
18/04/2025 14:40,London Greenwich,Maureen German,Regular Latte - 2.15,2.15,CARD,3147055713620362
18/04/2025 14:41,London Greenwich,Angela Harmon,"Regular Frappes - Strawberries & Cream - 2.75, Large Latte - 2.45, Regular Iced americano - 2.15, Regular Flavoured iced latte - Caramel - 2.75, Large Frappes - Strawberries & Cream - 3.25, Regular Frappes - Chocolate Cookie - 2.75",16.1,CASH,
18/04/2025 14:42,London Greenwich,Max Tuenge,Regular Flavoured iced latte - Caramel - 2.75,2.75,CARD,8691303552208944
18/04/2025 14:43,London Greenwich,Kathy Almonte,"Large Flavoured iced latte - Caramel - 3.25, Regular Frappes - Chocolate Cookie - 2.75",6.0,CASH,
18/04/2025 14:44,London Greenwich,Douglas Dirks,"Large Latte - 2.45, Regular Frappes - Strawberries & Cream - 2.75",5.2,CASH,
18/04/2025 14:44,London Greenwich,Joe Evans,Large Flavoured iced latte - Caramel - 3.25,3.25,CARD,7255808647458539
18/04/2025 14:45,London Greenwich,Fritz Ostrowski,"Large Flavoured iced latte - Caramel - 3.25, Large Latte - 2.45",5.7,CARD,7694904332021959
18/04/2025 14:46,London Greenwich,James Shouse,Regular Flavoured iced latte - Caramel - 2.75,2.75,CARD,9061809856074900
18/04/2025 14:47,London Greenwich,Paul Tisdale,"Regular Frappes - Chocolate Cookie - 2.75, Regular Flavoured iced latte - Caramel - 2.75, Large Flavoured iced latte - Caramel - 3.25, Regular Frappes - Strawberries & Cream - 2.75",11.5,CARD,4247923159910285
18/04/2025 14:48,London Greenwich,Fred Bryan,"Regular Frappes - Strawberries & Cream - 2.75, Regular Frappes - Strawberries & Cream - 2.75",5.5,CASH,
18/04/2025 14:49,London Greenwich,Don Agnew,"Regular Frappes - Chocolate Cookie - 2.75, Large Latte - 2.45",5.2,CASH,
18/04/2025 14:50,London Greenwich,Rebecca Wilson,Regular Flavoured iced latte - Caramel - 2.75,2.75,CASH,
18/04/2025 14:51,London Greenwich,Michael Musial,"Large Latte - 2.45, Large Flavoured iced latte - Caramel - 3.25, Regular Iced americano - 2.15, Regular Latte - 2.15",10.0,CASH,
18/04/2025 14:52,London Greenwich,David Gardiner,"Regular Flavoured iced latte - Caramel - 2.75, Large Frappes - Strawberries & Cream - 3.25, Large Frappes - Chocolate Cookie - 3.25, Large Flavoured iced latte - Caramel - 3.25",12.5,CASH,
18/04/2025 14:53,London Greenwich,Larry David,"Regular Frappes - Strawberries & Cream - 2.75, Regular Frappes - Strawberries & Cream - 2.75, Regular Latte - 2.15",7.65,CASH,
18/04/2025 14:54,London Greenwich,Jane Cox,"Regular Frappes - Chocolate Cookie - 2.75, Large Frappes - Chocolate Cookie - 3.25",6.0,CASH,
18/04/2025 14:55,London Greenwich,Cathy Hargreaves,"Regular Frappes - Strawberries & Cream - 2.75, Regular Iced americano - 2.15",4.9,CASH,
18/04/2025 14:56,London Greenwich,Jamie Gunter,"Large Iced americano - 2.50, Regular Frappes - Strawberries & Cream - 2.75, Regular Flavoured iced latte - Caramel - 2.75",8.0,CARD,8548903526997704
18/04/2025 14:57,London Greenwich,David Wilson,"Regular Frappes - Strawberries & Cream - 2.75, Regular Frappes - Strawberries & Cream - 2.75, Regular Frappes - Strawberries & Cream - 2.75, Large Frappes - Strawberries & Cream - 3.25, Regular Latte - 2.15",13.65,CASH,
18/04/2025 14:58,London Greenwich,Angel Magano,Large Frappes - Chocolate Cookie - 3.25,3.25,CARD,4425132954752761
18/04/2025 14:59,London Greenwich,Christina Anthony,"Large Frappes - Chocolate Cookie - 3.25, Regular Frappes - Chocolate Cookie - 2.75, Large Flavoured iced latte - Caramel - 3.25, Large Frappes - Strawberries & Cream - 3.25, Regular Iced americano - 2.15",14.65,CARD,1142555812137352
18/04/2025 15:00,London Greenwich,Becky Vickery,"Large Flavoured iced latte - Caramel - 3.25, Large Flavoured iced latte - Caramel - 3.25, Regular Flavoured iced latte - Caramel - 2.75, Large Latte - 2.45",11.7,CARD,7053938148535023
18/04/2025 15:01,London Greenwich,Christine Hadsall,Large Frappes - Strawberries & Cream - 3.25,3.25,CARD,8258212885525231
18/04/2025 15:02,London Greenwich,Dylan Mowery,"Regular Latte - 2.15, Large Iced americano - 2.50, Regular Flavoured iced latte - Caramel - 2.75, Regular Frappes - Strawberries & Cream - 2.75, Large Latte - 2.45",12.6,CARD,7406090477235945
18/04/2025 15:04,London Greenwich,Hyman Finch,"Large Latte - 2.45, Large Frappes - Strawberries & Cream - 3.25, Regular Frappes - Chocolate Cookie - 2.75, Regular Flavoured iced latte - Caramel - 2.75, Large Flavoured iced latte - Caramel - 3.25",14.45,CARD,8865721723726268
18/04/2025 15:05,London Greenwich,Ann Gaynor,"Regular Iced americano - 2.15, Regular Flavoured iced latte - Caramel - 2.75, Regular Frappes - Chocolate Cookie - 2.75, Regular Iced americano - 2.15",9.8,CASH,
18/04/2025 15:07,London Greenwich,Cathy Gonzales,"Regular Frappes - Chocolate Cookie - 2.75, Large Flavoured iced latte - Caramel - 3.25, Regular Frappes - Chocolate Cookie - 2.75, Regular Frappes - Strawberries & Cream - 2.75, Large Frappes - Strawberries & Cream - 3.25",14.75,CARD,5667437575615529
18/04/2025 15:08,London Greenwich,Sheryl Purnell,"Regular Iced americano - 2.15, Large Latte - 2.45, Regular Latte - 2.15, Large Frappes - Chocolate Cookie - 3.25",10.0,CASH,
18/04/2025 15:09,London Greenwich,Carlos Embry,"Regular Flavoured iced latte - Caramel - 2.75, Regular Frappes - Strawberries & Cream - 2.75",5.5,CASH,
18/04/2025 15:11,London Greenwich,Dina Brunner,Regular Frappes - Strawberries & Cream - 2.75,2.75,CARD,1858932669091762
18/04/2025 15:12,London Greenwich,Verdie Kendall,"Regular Latte - 2.15, Large Frappes - Strawberries & Cream - 3.25, Large Flavoured iced latte - Caramel - 3.25, Regular Iced americano - 2.15",10.8,CARD,1259381034023117
18/04/2025 15:14,London Greenwich,Susan Rawls,"Large Latte - 2.45, Regular Latte - 2.15, Large Frappes - Strawberries & Cream - 3.25",7.85,CARD,6183396566424548
18/04/2025 15:15,London Greenwich,Naomi Davis,"Regular Frappes - Strawberries & Cream - 2.75, Regular Frappes - Chocolate Cookie - 2.75",5.5,CARD,3094953955657152
18/04/2025 15:16,London Greenwich,Richard March,"Regular Latte - 2.15, Large Frappes - Chocolate Cookie - 3.25, Large Latte - 2.45, Large Flavoured iced latte - Caramel - 3.25, Large Latte - 2.45",13.55,CARD,9717960798937866
18/04/2025 15:18,London Greenwich,William Ruffin,"Regular Flavoured iced latte - Caramel - 2.75, Regular Iced americano - 2.15, Regular Frappes - Strawberries & Cream - 2.75",7.65,CARD,1115192826252702
18/04/2025 15:19,London Greenwich,Clementina Clark,"Large Frappes - Strawberries & Cream - 3.25, Regular Iced americano - 2.15, Regular Latte - 2.15",7.55,CARD,4245176141185999
18/04/2025 15:20,London Greenwich,Shannon Gage,"Regular Frappes - Chocolate Cookie - 2.75, Regular Frappes - Strawberries & Cream - 2.75, Large Frappes - Strawberries & Cream - 3.25, Large Iced americano - 2.50, Large Frappes - Chocolate Cookie - 3.25, Large Frappes - Strawberries & Cream - 3.25",17.75,CARD,7859279218627997
18/04/2025 15:22,London Greenwich,Wilma Stracke,"Large Flavoured iced latte - Caramel - 3.25, Large Latte - 2.45, Large Iced americano - 2.50",8.2,CARD,5549233823549566
18/04/2025 15:23,London Greenwich,Selena Uhlman,"Large Latte - 2.45, Regular Frappes - Strawberries & Cream - 2.75, Regular Frappes - Strawberries & Cream - 2.75, Large Latte - 2.45, Regular Iced americano - 2.15",12.55,CASH,
18/04/2025 15:25,London Greenwich,Frank Montgomery,"Large Iced americano - 2.50, Regular Frappes - Strawberries & Cream - 2.75",5.25,CASH,
18/04/2025 15:26,London Greenwich,Thomas Hunter,"Large Flavoured iced latte - Caramel - 3.25, Regular Frappes - Chocolate Cookie - 2.75, Large Iced americano - 2.50, Regular Latte - 2.15",10.65,CASH,
18/04/2025 15:27,London Greenwich,Deborah Lopez,Regular Iced americano - 2.15,2.15,CARD,5592829733562792
18/04/2025 15:29,London Greenwich,Gary Kleffman,"Regular Frappes - Chocolate Cookie - 2.75, Large Latte - 2.45",5.2,CARD,4936917068452580
18/04/2025 15:30,London Greenwich,Juan Arrington,Regular Flavoured iced latte - Caramel - 2.75,2.75,CARD,3585505643136574
18/04/2025 15:31,London Greenwich,Rudolph Williams,"Large Iced americano - 2.50, Regular Frappes - Strawberries & Cream - 2.75",5.25,CARD,1043824641310767
18/04/2025 15:33,London Greenwich,Christopher Deuell,Large Latte - 2.45,2.45,CARD,8191264325876494
18/04/2025 15:34,London Greenwich,Linda Chapman,"Regular Frappes - Strawberries & Cream - 2.75, Regular Frappes - Strawberries & Cream - 2.75",5.5,CARD,7479109710076339
18/04/2025 15:36,London Greenwich,Edith Watkins,"Large Flavoured iced latte - Caramel - 3.25, Regular Latte - 2.15, Regular Frappes - Chocolate Cookie - 2.75, Large Frappes - Chocolate Cookie - 3.25, Large Frappes - Strawberries & Cream - 3.25",14.65,CARD,8842561970213780
18/04/2025 15:37,London Greenwich,Armando Fitz,Large Latte - 2.45,2.45,CASH,
18/04/2025 15:38,London Greenwich,Filomena Phelps,"Regular Iced americano - 2.15, Large Iced americano - 2.50, Large Frappes - Chocolate Cookie - 3.25",7.9,CARD,9849444009841179
18/04/2025 15:40,London Greenwich,Doris White,"Large Latte - 2.45, Large Latte - 2.45",4.9,CASH,
18/04/2025 15:41,London Greenwich,Robert Cheng,"Large Frappes - Strawberries & Cream - 3.25, Regular Latte - 2.15, Regular Flavoured iced latte - Caramel - 2.75",8.15,CASH,
18/04/2025 15:43,London Greenwich,Kristina Childs,"Regular Latte - 2.15, Regular Frappes - Strawberries & Cream - 2.75, Large Flavoured iced latte - Caramel - 3.25, Regular Frappes - Chocolate Cookie - 2.75",10.9,CARD,9978419593380252
18/04/2025 15:44,London Greenwich,Jon Sanders,Large Frappes - Strawberries & Cream - 3.25,3.25,CARD,6708249744135469
18/04/2025 15:45,London Greenwich,Darryl Curtice,Large Frappes - Chocolate Cookie - 3.25,3.25,CASH,
18/04/2025 15:47,London Greenwich,Richard Lopez,Large Flavoured iced latte - Caramel - 3.25,3.25,CARD,2972212616227765
18/04/2025 15:48,London Greenwich,Kristen Johnson,"Regular Frappes - Chocolate Cookie - 2.75, Large Iced americano - 2.50, Large Frappes - Strawberries & Cream - 3.25, Regular Latte - 2.15, Regular Flavoured iced latte - Caramel - 2.75",13.4,CARD,2878846778523565
18/04/2025 15:49,London Greenwich,Shawn Griffiths,"Regular Iced americano - 2.15, Regular Flavoured iced latte - Caramel - 2.75, Regular Flavoured iced latte - Caramel - 2.75, Regular Frappes - Strawberries & Cream - 2.75",10.4,CARD,2313842513662492
18/04/2025 15:51,London Greenwich,Randall Weiner,"Large Frappes - Strawberries & Cream - 3.25, Large Frappes - Chocolate Cookie - 3.25",6.5,CARD,1664790778253854
18/04/2025 15:52,London Greenwich,Ramon Price,Regular Latte - 2.15,2.15,CARD,4528247286657580
18/04/2025 15:54,London Greenwich,Mark Robinson,"Large Frappes - Strawberries & Cream - 3.25, Regular Frappes - Strawberries & Cream - 2.75",6.0,CARD,9061115808774983
18/04/2025 15:55,London Greenwich,Jacqueline Macina,"Large Iced americano - 2.50, Regular Frappes - Strawberries & Cream - 2.75, Large Frappes - Chocolate Cookie - 3.25",8.5,CARD,5444708843063181
18/04/2025 15:56,London Greenwich,Raul Congdon,"Large Flavoured iced latte - Caramel - 3.25, Regular Frappes - Strawberries & Cream - 2.75",6.0,CARD,7006512158546406
18/04/2025 15:58,London Greenwich,Maxine Fowlkes,"Regular Frappes - Strawberries & Cream - 2.75, Regular Latte - 2.15, Large Frappes - Chocolate Cookie - 3.25, Large Frappes - Strawberries & Cream - 3.25",11.4,CARD,7610533039163328
18/04/2025 15:59,London Greenwich,John Norton,Regular Frappes - Strawberries & Cream - 2.75,2.75,CARD,8595259436007129
18/04/2025 16:01,London Greenwich,Elizabeth Rogers,Regular Iced americano - 2.15,2.15,CARD,6342804326503313
18/04/2025 16:03,London Greenwich,Eva Mccullough,"Regular Frappes - Strawberries & Cream - 2.75, Regular Iced americano - 2.15, Large Frappes - Strawberries & Cream - 3.25",8.15,CASH,
18/04/2025 16:05,London Greenwich,Cynthia Fettig,Large Frappes - Chocolate Cookie - 3.25,3.25,CARD,3179328482987172
18/04/2025 16:07,London Greenwich,Charles Robinson,Large Iced americano - 2.50,2.5,CARD,7851109438438315
18/04/2025 16:09,London Greenwich,Aline Nalepa,"Regular Flavoured iced latte - Caramel - 2.75, Regular Frappes - Strawberries & Cream - 2.75, Regular Flavoured iced latte - Caramel - 2.75",8.25,CASH,
18/04/2025 16:11,London Greenwich,Maria Cervantes,"Large Frappes - Strawberries & Cream - 3.25, Regular Flavoured iced latte - Caramel - 2.75",6.0,CASH,
18/04/2025 16:13,London Greenwich,Paul Sarracino,"Large Frappes - Strawberries & Cream - 3.25, Large Flavoured iced latte - Caramel - 3.25, Regular Frappes - Strawberries & Cream - 2.75",9.25,CARD,8033996374454534
18/04/2025 16:15,London Greenwich,Katherine Atkins,"Large Flavoured iced latte - Caramel - 3.25, Large Frappes - Strawberries & Cream - 3.25, Large Frappes - Chocolate Cookie - 3.25, Large Latte - 2.45",12.2,CARD,3936945384352770
18/04/2025 16:17,London Greenwich,Jeffrey Hiles,"Regular Flavoured iced latte - Caramel - 2.75, Regular Frappes - Strawberries & Cream - 2.75, Large Flavoured iced latte - Caramel - 3.25",8.75,CARD,7392475758863952
18/04/2025 16:19,London Greenwich,Kirk Smith,Regular Frappes - Strawberries & Cream - 2.75,2.75,CARD,3057168271334367
18/04/2025 16:21,London Greenwich,David Phelps,"Regular Frappes - Strawberries & Cream - 2.75, Large Frappes - Chocolate Cookie - 3.25",6.0,CARD,3228277060600870
18/04/2025 16:23,London Greenwich,Bobbi Perez,"Large Flavoured iced latte - Caramel - 3.25, Regular Latte - 2.15",5.4,CASH,
18/04/2025 16:25,London Greenwich,Nicole Partin,"Large Frappes - Chocolate Cookie - 3.25, Large Flavoured iced latte - Caramel - 3.25",6.5,CARD,4783725652350165
18/04/2025 16:27,London Greenwich,Gregory Robinson,"Large Frappes - Strawberries & Cream - 3.25, Regular Flavoured iced latte - Caramel - 2.75",6.0,CARD,5008825594195043
18/04/2025 16:29,London Greenwich,Reginald Colon,Regular Latte - 2.15,2.15,CARD,3966200113737986
18/04/2025 16:32,London Greenwich,Terra Hughes,"Regular Flavoured iced latte - Caramel - 2.75, Large Latte - 2.45, Large Frappes - Strawberries & Cream - 3.25, Large Latte - 2.45",10.9,CASH,
18/04/2025 16:34,London Greenwich,Willie Beanblossom,"Large Frappes - Chocolate Cookie - 3.25, Large Latte - 2.45, Large Frappes - Strawberries & Cream - 3.25, Regular Flavoured iced latte - Caramel - 2.75",11.7,CARD,3320332624366462
18/04/2025 16:36,London Greenwich,Frank Suitt,"Large Frappes - Chocolate Cookie - 3.25, Large Iced americano - 2.50, Large Frappes - Strawberries & Cream - 3.25, Large Iced americano - 2.50",11.5,CARD,8957282644740577
18/04/2025 16:38,London Greenwich,Robert Collins,"Regular Iced americano - 2.15, Regular Iced americano - 2.15",4.3,CASH,
18/04/2025 16:40,London Greenwich,Lena Mitchell,"Regular Latte - 2.15, Regular Frappes - Strawberries & Cream - 2.75, Regular Flavoured iced latte - Caramel - 2.75, Regular Flavoured iced latte - Caramel - 2.75",10.4,CARD,3592252445430638
18/04/2025 16:42,London Greenwich,Scott Harris,"Large Frappes - Chocolate Cookie - 3.25, Regular Latte - 2.15, Large Flavoured iced latte - Caramel - 3.25, Large Frappes - Chocolate Cookie - 3.25, Large Frappes - Chocolate Cookie - 3.25",15.15,CARD,5965816851504339
18/04/2025 16:44,London Greenwich,Joy Curles,Large Flavoured iced latte - Caramel - 3.25,3.25,CARD,5179587312475821
18/04/2025 16:46,London Greenwich,Johnnie Cayea,"Large Flavoured iced latte - Caramel - 3.25, Regular Latte - 2.15, Regular Frappes - Chocolate Cookie - 2.75",8.15,CARD,4067255632658715
18/04/2025 16:48,London Greenwich,Whitney Wayland,Large Latte - 2.45,2.45,CASH,
18/04/2025 16:50,London Greenwich,Charles Cobbins,"Regular Latte - 2.15, Regular Flavoured iced latte - Caramel - 2.75",4.9,CARD,3476335733633398
18/04/2025 16:52,London Greenwich,Veronica Vildosola,Large Frappes - Strawberries & Cream - 3.25,3.25,CARD,1596861119993147
18/04/2025 16:54,London Greenwich,Grace Schmatz,"Large Flavoured iced latte - Caramel - 3.25, Large Iced americano - 2.50, Large Frappes - Strawberries & Cream - 3.25, Regular Flavoured iced latte - Caramel - 2.75",11.75,CARD,4464100540501997
18/04/2025 16:56,London Greenwich,James Tello,"Large Frappes - Strawberries & Cream - 3.25, Regular Frappes - Strawberries & Cream - 2.75, Large Iced americano - 2.50, Large Iced americano - 2.50",11.0,CARD,1961945977499573
18/04/2025 16:58,London Greenwich,Michael Schroeder,Large Latte - 2.45,2.45,CARD,6833386105546079
18/04/2025 17:00,London Greenwich,Donald Crumley,Regular Latte - 2.15,2.15,CARD,3944770028444626
18/04/2025 17:03,London Greenwich,Robert Cepeda,Large Frappes - Strawberries & Cream - 3.25,3.25,CARD,1330130575909567
18/04/2025 17:05,London Greenwich,Jeremy Luce,"Large Flavoured iced latte - Caramel - 3.25, Large Frappes - Chocolate Cookie - 3.25",6.5,CASH,
18/04/2025 17:07,London Greenwich,Barbara Lindsey,"Regular Frappes - Strawberries & Cream - 2.75, Large Iced americano - 2.50, Regular Latte - 2.15",7.4,CASH,
18/04/2025 17:10,London Greenwich,Denise Lade,"Regular Frappes - Strawberries & Cream - 2.75, Regular Latte - 2.15",4.9,CARD,2835804327040748
18/04/2025 17:12,London Greenwich,Sarah Arnold,"Large Iced americano - 2.50, Large Frappes - Strawberries & Cream - 3.25",5.75,CASH,
18/04/2025 17:14,London Greenwich,Ervin Ingram,"Regular Latte - 2.15, Large Iced americano - 2.50, Regular Frappes - Chocolate Cookie - 2.75, Large Flavoured iced latte - Caramel - 3.25, Regular Flavoured iced latte - Caramel - 2.75",13.4,CARD,4755724603540914
18/04/2025 17:17,London Greenwich,Jennifer Klumpp,"Large Frappes - Strawberries & Cream - 3.25, Large Iced americano - 2.50, Large Frappes - Strawberries & Cream - 3.25",9.0,CARD,6819799081940370
18/04/2025 17:19,London Greenwich,Mary Wimberly,"Large Flavoured iced latte - Caramel - 3.25, Large Frappes - Chocolate Cookie - 3.25",6.5,CASH,
18/04/2025 17:21,London Greenwich,Ann Bays,Large Flavoured iced latte - Caramel - 3.25,3.25,CARD,4511196944455749
18/04/2025 17:23,London Greenwich,Beatrice Simmons,"Large Iced americano - 2.50, Regular Iced americano - 2.15, Regular Iced americano - 2.15, Regular Frappes - Strawberries & Cream - 2.75, Large Latte - 2.45, Regular Frappes - Chocolate Cookie - 2.75",14.75,CASH,
18/04/2025 17:26,London Greenwich,Kathy Smith,"Large Frappes - Chocolate Cookie - 3.25, Large Frappes - Chocolate Cookie - 3.25",6.5,CASH,
18/04/2025 17:28,London Greenwich,Cecilia Rice,"Regular Flavoured iced latte - Caramel - 2.75, Large Frappes - Strawberries & Cream - 3.25, Regular Frappes - Chocolate Cookie - 2.75, Regular Flavoured iced latte - Caramel - 2.75",11.5,CARD,1896673634713640
18/04/2025 17:30,London Greenwich,Joann Bidlack,"Regular Iced americano - 2.15, Regular Iced americano - 2.15, Large Iced americano - 2.50, Large Frappes - Strawberries & Cream - 3.25",10.05,CARD,3946066377268409
18/04/2025 17:33,London Greenwich,Ramona Pettiford,Regular Iced americano - 2.15,2.15,CASH,
18/04/2025 17:35,London Greenwich,Mary Allen,"Large Frappes - Strawberries & Cream - 3.25, Regular Flavoured iced latte - Caramel - 2.75, Regular Flavoured iced latte - Caramel - 2.75",8.75,CARD,1349129653002490
18/04/2025 17:37,London Greenwich,Mike Johnson,Regular Iced americano - 2.15,2.15,CARD,7256569433786218
18/04/2025 17:40,London Greenwich,Donna Cormier,Large Latte - 2.45,2.45,CASH,
18/04/2025 17:42,London Greenwich,Blanca Yeung,"Large Frappes - Strawberries & Cream - 3.25, Regular Flavoured iced latte - Caramel - 2.75, Large Frappes - Chocolate Cookie - 3.25, Regular Flavoured iced latte - Caramel - 2.75, Large Flavoured iced latte - Caramel - 3.25",15.25,CARD,4150042028552561
18/04/2025 17:44,London Greenwich,Grace Anglen,"Large Flavoured iced latte - Caramel - 3.25, Large Flavoured iced latte - Caramel - 3.25, Regular Frappes - Strawberries & Cream - 2.75, Large Frappes - Strawberries & Cream - 3.25, Large Frappes - Strawberries & Cream - 3.25, Large Frappes - Chocolate Cookie - 3.25",19.0,CASH,
18/04/2025 17:46,London Greenwich,Betty Spencer,"Regular Flavoured iced latte - Caramel - 2.75, Large Frappes - Strawberries & Cream - 3.25, Regular Frappes - Chocolate Cookie - 2.75, Large Frappes - Strawberries & Cream - 3.25, Regular Frappes - Chocolate Cookie - 2.75",14.75,CASH,
18/04/2025 17:49,London Greenwich,Shawn Rochon,"Large Frappes - Strawberries & Cream - 3.25, Regular Iced americano - 2.15, Large Frappes - Strawberries & Cream - 3.25, Large Frappes - Chocolate Cookie - 3.25, Large Iced americano - 2.50",14.4,CARD,2225669109359757
18/04/2025 17:51,London Greenwich,James Packard,"Regular Frappes - Strawberries & Cream - 2.75, Regular Latte - 2.15, Large Latte - 2.45, Large Flavoured iced latte - Caramel - 3.25",10.6,CASH,
18/04/2025 17:53,London Greenwich,John George,"Regular Iced americano - 2.15, Large Frappes - Chocolate Cookie - 3.25, Regular Flavoured iced latte - Caramel - 2.75, Large Iced americano - 2.50, Large Iced americano - 2.50",13.15,CARD,7137781538695488
18/04/2025 17:56,London Greenwich,Karl Moss,Regular Flavoured iced latte - Caramel - 2.75,2.75,CASH,
18/04/2025 17:58,London Greenwich,Peter Hardison,Large Latte - 2.45,2.45,CARD,4269610061863624
18/04/2025 18:00,London Greenwich,David Pearson,Large Latte - 2.45,2.45,CASH,
18/04/2025 18:02,London Greenwich,Joseph Johnson,"Regular Latte - 2.15, Large Frappes - Strawberries & Cream - 3.25",5.4,CARD,7874683723303372
18/04/2025 18:04,London Greenwich,James Wilson,"Large Frappes - Strawberries & Cream - 3.25, Large Frappes - Chocolate Cookie - 3.25",6.5,CASH,
18/04/2025 18:06,London Greenwich,Jesse Tinkham,"Large Flavoured iced latte - Caramel - 3.25, Regular Iced americano - 2.15",5.4,CARD,2601149892147259
18/04/2025 18:08,London Greenwich,Teresa Smith,"Regular Flavoured iced latte - Caramel - 2.75, Large Iced americano - 2.50, Regular Iced americano - 2.15",7.4,CARD,4050686789634131
18/04/2025 18:10,London Greenwich,Kathryn Scurry,"Regular Frappes - Chocolate Cookie - 2.75, Large Frappes - Strawberries & Cream - 3.25, Large Frappes - Chocolate Cookie - 3.25, Large Latte - 2.45",11.7,CASH,
18/04/2025 18:12,London Greenwich,Jesus Manders,"Regular Frappes - Strawberries & Cream - 2.75, Regular Latte - 2.15",4.9,CARD,6447286194091088
18/04/2025 18:14,London Greenwich,Paul Price,"Regular Latte - 2.15, Regular Frappes - Chocolate Cookie - 2.75",4.9,CARD,8256469089988004
18/04/2025 18:16,London Greenwich,Richard Roberts,"Regular Latte - 2.15, Large Frappes - Chocolate Cookie - 3.25, Regular Frappes - Chocolate Cookie - 2.75, Large Frappes - Chocolate Cookie - 3.25",11.4,CARD,1246550337950241
18/04/2025 18:18,London Greenwich,Stephanie Hoskins,Regular Latte - 2.15,2.15,CARD,3329507501648358
18/04/2025 18:20,London Greenwich,Maudie Comstock,"Regular Iced americano - 2.15, Large Latte - 2.45, Large Flavoured iced latte - Caramel - 3.25",7.85,CARD,4449405436616382
18/04/2025 18:22,London Greenwich,Paula Dillon,"Regular Flavoured iced latte - Caramel - 2.75, Regular Frappes - Strawberries & Cream - 2.75",5.5,CARD,2643283647486777
18/04/2025 18:23,London Greenwich,Alice Hurst,Regular Latte - 2.15,2.15,CASH,
18/04/2025 18:25,London Greenwich,Amber Calles,"Regular Frappes - Chocolate Cookie - 2.75, Large Frappes - Chocolate Cookie - 3.25, Regular Frappes - Strawberries & Cream - 2.75",8.75,CARD,3833776304207492
18/04/2025 18:27,London Greenwich,Doris Precythe,"Regular Frappes - Chocolate Cookie - 2.75, Regular Flavoured iced latte - Caramel - 2.75, Regular Frappes - Strawberries & Cream - 2.75, Large Flavoured iced latte - Caramel - 3.25",11.5,CARD,3955051298401888
18/04/2025 18:29,London Greenwich,Susan Sahara,"Large Frappes - Chocolate Cookie - 3.25, Large Latte - 2.45, Regular Flavoured iced latte - Caramel - 2.75, Large Frappes - Strawberries & Cream - 3.25",11.7,CARD,6514490587837317
18/04/2025 18:31,London Greenwich,Connie Enck,"Large Flavoured iced latte - Caramel - 3.25, Large Frappes - Chocolate Cookie - 3.25",6.5,CARD,5676195490573850
18/04/2025 18:33,London Greenwich,Joseph Mojica,Regular Flavoured iced latte - Caramel - 2.75,2.75,CARD,9633396890690260
18/04/2025 18:35,London Greenwich,Jennie Lied,"Regular Frappes - Strawberries & Cream - 2.75, Large Flavoured iced latte - Caramel - 3.25, Regular Frappes - Strawberries & Cream - 2.75, Large Frappes - Strawberries & Cream - 3.25",12.0,CARD,7139515679287620
18/04/2025 18:37,London Greenwich,Manuel Hearn,Regular Frappes - Strawberries & Cream - 2.75,2.75,CARD,2966678679547612
18/04/2025 18:39,London Greenwich,Daniel Alfaro,Regular Iced americano - 2.15,2.15,CARD,5343565538657319
18/04/2025 18:41,London Greenwich,Victor Bell,"Large Iced americano - 2.50, Regular Frappes - Strawberries & Cream - 2.75, Large Latte - 2.45, Large Frappes - Strawberries & Cream - 3.25, Large Flavoured iced latte - Caramel - 3.25",14.2,CARD,9791868291298708
18/04/2025 18:43,London Greenwich,Abby Naranjo,Large Frappes - Strawberries & Cream - 3.25,3.25,CASH,
18/04/2025 18:45,London Greenwich,Fred Mullens,Regular Frappes - Strawberries & Cream - 2.75,2.75,CARD,5569001000332615
18/04/2025 18:47,London Greenwich,Darrell Wagner,"Large Frappes - Chocolate Cookie - 3.25, Large Latte - 2.45, Large Flavoured iced latte - Caramel - 3.25, Regular Frappes - Strawberries & Cream - 2.75",11.7,CASH,
18/04/2025 18:49,London Greenwich,Calvin Kane,"Regular Iced americano - 2.15, Regular Flavoured iced latte - Caramel - 2.75",4.9,CARD,6415256496259652
18/04/2025 18:51,London Greenwich,Robyn Brooke,Large Flavoured iced latte - Caramel - 3.25,3.25,CARD,1871757420275407
18/04/2025 18:52,London Greenwich,Agnes Hoover,"Regular Frappes - Strawberries & Cream - 2.75, Regular Frappes - Chocolate Cookie - 2.75, Large Flavoured iced latte - Caramel - 3.25",8.75,CARD,8105139956265585
18/04/2025 18:54,London Greenwich,James Thompson,"Large Frappes - Strawberries & Cream - 3.25, Regular Frappes - Chocolate Cookie - 2.75, Large Iced americano - 2.50, Large Frappes - Strawberries & Cream - 3.25",11.75,CARD,8947442454971632
18/04/2025 18:56,London Greenwich,Marla Lewicki,"Regular Latte - 2.15, Large Latte - 2.45, Large Flavoured iced latte - Caramel - 3.25, Large Latte - 2.45, Large Flavoured iced latte - Caramel - 3.25, Regular Flavoured iced latte - Caramel - 2.75",16.3,CARD,2679621298120153
18/04/2025 18:58,London Greenwich,Brandon Davies,Regular Flavoured iced latte - Caramel - 2.75,2.75,CARD,6582249006141870
18/04/2025 19:00,London Greenwich,Lula Moore,"Large Frappes - Strawberries & Cream - 3.25, Regular Frappes - Strawberries & Cream - 2.75",6.0,CARD,2406480775411332
18/04/2025 19:02,London Greenwich,Johnson Parkhurst,"Regular Frappes - Strawberries & Cream - 2.75, Large Frappes - Strawberries & Cream - 3.25",6.0,CARD,5308859418029935
18/04/2025 19:04,London Greenwich,Shelli Wirth,Large Frappes - Strawberries & Cream - 3.25,3.25,CARD,5689602376464207
18/04/2025 19:06,London Greenwich,Charles Stevens,"Regular Flavoured iced latte - Caramel - 2.75, Large Latte - 2.45, Large Latte - 2.45",7.65,CASH,
18/04/2025 19:08,London Greenwich,Carrie Miller,Large Flavoured iced latte - Caramel - 3.25,3.25,CASH,
18/04/2025 19:11,London Greenwich,Mary Parrigan,"Large Latte - 2.45, Regular Iced americano - 2.15",4.6,CARD,1895436829603693
18/04/2025 19:13,London Greenwich,Michael Testa,Large Flavoured iced latte - Caramel - 3.25,3.25,CARD,2975605701788007
18/04/2025 19:15,London Greenwich,Rebecca Frazier,"Regular Frappes - Strawberries & Cream - 2.75, Large Latte - 2.45",5.2,CARD,5945934279079517
18/04/2025 19:17,London Greenwich,Ashley Buffington,Regular Flavoured iced latte - Caramel - 2.75,2.75,CARD,8541382860144014
18/04/2025 19:19,London Greenwich,Mario Butcher,Regular Frappes - Chocolate Cookie - 2.75,2.75,CARD,2100232794149813
18/04/2025 19:21,London Greenwich,Suzanna Thomas,Regular Iced americano - 2.15,2.15,CASH,
18/04/2025 19:23,London Greenwich,Elizabeth Frantz,"Regular Frappes - Chocolate Cookie - 2.75, Regular Flavoured iced latte - Caramel - 2.75, Large Flavoured iced latte - Caramel - 3.25, Large Frappes - Strawberries & Cream - 3.25",12.0,CARD,3748704529518623
18/04/2025 19:25,London Greenwich,Eric Goldstein,"Large Flavoured iced latte - Caramel - 3.25, Regular Flavoured iced latte - Caramel - 2.75, Regular Latte - 2.15",8.15,CASH,
18/04/2025 19:27,London Greenwich,Peter Goss,Large Flavoured iced latte - Caramel - 3.25,3.25,CARD,6602081899425915
18/04/2025 19:29,London Greenwich,Robert Greer,"Regular Iced americano - 2.15, Regular Flavoured iced latte - Caramel - 2.75, Regular Latte - 2.15, Regular Flavoured iced latte - Caramel - 2.75, Regular Frappes - Chocolate Cookie - 2.75",12.55,CARD,2179861075830814
18/04/2025 19:31,London Greenwich,Deborah Zwagerman,Regular Iced americano - 2.15,2.15,CARD,8583321797406189
18/04/2025 19:33,London Greenwich,Shiela Blaine,Large Frappes - Strawberries & Cream - 3.25,3.25,CASH,
18/04/2025 19:35,London Greenwich,Robert Guerra,"Regular Latte - 2.15, Large Frappes - Chocolate Cookie - 3.25, Regular Frappes - Chocolate Cookie - 2.75, Large Frappes - Strawberries & Cream - 3.25",11.4,CARD,6501609552442783
18/04/2025 19:37,London Greenwich,Emerald Stackhouse,Regular Frappes - Strawberries & Cream - 2.75,2.75,CARD,3291910294712048
18/04/2025 19:39,London Greenwich,Cathy Tennyson,"Large Frappes - Strawberries & Cream - 3.25, Large Latte - 2.45, Regular Flavoured iced latte - Caramel - 2.75, Regular Flavoured iced latte - Caramel - 2.75",11.2,CARD,1793179537801324
18/04/2025 19:42,London Greenwich,Maureen Andress,"Large Latte - 2.45, Large Frappes - Chocolate Cookie - 3.25, Regular Latte - 2.15, Large Latte - 2.45, Regular Frappes - Chocolate Cookie - 2.75",13.05,CARD,5730102413902544
18/04/2025 19:44,London Greenwich,Leo Mcbride,"Regular Iced americano - 2.15, Regular Iced americano - 2.15, Regular Frappes - Strawberries & Cream - 2.75",7.05,CARD,7113881980849206
18/04/2025 19:46,London Greenwich,Larissa Mcgee,"Regular Flavoured iced latte - Caramel - 2.75, Regular Frappes - Chocolate Cookie - 2.75, Regular Frappes - Strawberries & Cream - 2.75, Regular Frappes - Strawberries & Cream - 2.75, Regular Frappes - Chocolate Cookie - 2.75, Large Flavoured iced latte - Caramel - 3.25",17.0,CARD,2520908985439779
18/04/2025 19:48,London Greenwich,Lillian Stevens,Regular Frappes - Chocolate Cookie - 2.75,2.75,CARD,9274424265863102
18/04/2025 19:50,London Greenwich,Kenneth Sokol,Large Latte - 2.45,2.45,CARD,9922580632157545
18/04/2025 19:52,London Greenwich,Johnnie Smith,Large Flavoured iced latte - Caramel - 3.25,3.25,CARD,8533298307706828
18/04/2025 19:54,London Greenwich,Sandy Shinkle,Large Iced americano - 2.50,2.5,CARD,5909849342288265
18/04/2025 19:56,London Greenwich,Marcus Landry,Large Flavoured iced latte - Caramel - 3.25,3.25,CASH,
18/04/2025 19:58,London Greenwich,Rosa Hollis,Regular Latte - 2.15,2.15,CASH,
18/04/2025 20:00,London Greenwich,Steven Connelly,"Large Flavoured iced latte - Caramel - 3.25, Regular Frappes - Chocolate Cookie - 2.75, Large Iced americano - 2.50",8.5,CASH,
18/04/2025 20:02,London Greenwich,Gary Ortiz,"Regular Iced americano - 2.15, Regular Frappes - Strawberries & Cream - 2.75, Large Frappes - Chocolate Cookie - 3.25",8.15,CARD,5495861620589303
18/04/2025 20:03,London Greenwich,Timothy Light,"Large Frappes - Chocolate Cookie - 3.25, Regular Frappes - Chocolate Cookie - 2.75, Large Latte - 2.45, Large Latte - 2.45, Regular Iced americano - 2.15",13.05,CASH,
18/04/2025 20:04,London Greenwich,Antonio Carlin,"Large Frappes - Chocolate Cookie - 3.25, Large Frappes - Strawberries & Cream - 3.25",6.5,CARD,8137639892939096
18/04/2025 20:06,London Greenwich,Derrick Lima,"Regular Iced americano - 2.15, Large Latte - 2.45, Large Frappes - Strawberries & Cream - 3.25, Large Frappes - Chocolate Cookie - 3.25",11.1,CARD,5464121393851501
18/04/2025 20:07,London Greenwich,Cindy Bonaccorsi,"Regular Iced americano - 2.15, Large Iced americano - 2.50, Large Flavoured iced latte - Caramel - 3.25, Large Flavoured iced latte - Caramel - 3.25",11.15,CASH,
18/04/2025 20:08,London Greenwich,Samantha Childers,"Large Flavoured iced latte - Caramel - 3.25, Regular Flavoured iced latte - Caramel - 2.75, Large Frappes - Chocolate Cookie - 3.25, Large Frappes - Strawberries & Cream - 3.25, Regular Latte - 2.15",14.65,CASH,
18/04/2025 20:10,London Greenwich,Jason Woodrum,"Large Frappes - Chocolate Cookie - 3.25, Regular Latte - 2.15, Large Flavoured iced latte - Caramel - 3.25, Large Flavoured iced latte - Caramel - 3.25",11.9,CASH,
18/04/2025 20:11,London Greenwich,Paul Smith,"Regular Flavoured iced latte - Caramel - 2.75, Large Flavoured iced latte - Caramel - 3.25, Regular Latte - 2.15",8.15,CASH,
18/04/2025 20:13,London Greenwich,Esther Slade,Regular Iced americano - 2.15,2.15,CARD,2730916641940156
18/04/2025 20:14,London Greenwich,Dawna Adrian,"Large Latte - 2.45, Regular Latte - 2.15, Large Frappes - Chocolate Cookie - 3.25, Regular Iced americano - 2.15, Large Iced americano - 2.50",12.5,CARD,7743959215838870
18/04/2025 20:15,London Greenwich,Donald Joy,"Regular Latte - 2.15, Large Flavoured iced latte - Caramel - 3.25, Regular Flavoured iced latte - Caramel - 2.75, Large Flavoured iced latte - Caramel - 3.25",11.4,CARD,2156983012689554
18/04/2025 20:17,London Greenwich,Nyla Jimenez,"Large Latte - 2.45, Large Latte - 2.45, Regular Iced americano - 2.15",7.05,CARD,2652655603518548
18/04/2025 20:18,London Greenwich,Jesus Walker,"Regular Iced americano - 2.15, Regular Flavoured iced latte - Caramel - 2.75",4.9,CASH,
18/04/2025 20:20,London Greenwich,Elvia Bagshaw,Regular Iced americano - 2.15,2.15,CARD,8096813239661268
18/04/2025 20:21,London Greenwich,Diane Fernandez,"Large Frappes - Chocolate Cookie - 3.25, Large Frappes - Chocolate Cookie - 3.25",6.5,CARD,2561581866607465
18/04/2025 20:22,London Greenwich,Angie Peterson,Large Latte - 2.45,2.45,CARD,8961003991478564
18/04/2025 20:24,London Greenwich,Tammy Colten,"Large Frappes - Strawberries & Cream - 3.25, Large Iced americano - 2.50, Regular Latte - 2.15",7.9,CARD,3099644210998133
18/04/2025 20:25,London Greenwich,Otha Martin,"Regular Frappes - Chocolate Cookie - 2.75, Regular Frappes - Strawberries & Cream - 2.75, Large Flavoured iced latte - Caramel - 3.25",8.75,CARD,2557110274258466
18/04/2025 20:26,London Greenwich,Fred Street,"Large Flavoured iced latte - Caramel - 3.25, Regular Flavoured iced latte - Caramel - 2.75, Regular Latte - 2.15, Large Frappes - Chocolate Cookie - 3.25",11.4,CASH,
18/04/2025 20:28,London Greenwich,Jason Thomas,Regular Frappes - Chocolate Cookie - 2.75,2.75,CARD,9979729871209796
18/04/2025 20:29,London Greenwich,Grace Coffey,Large Frappes - Chocolate Cookie - 3.25,3.25,CASH,
18/04/2025 20:31,London Greenwich,Grover Banda,"Regular Latte - 2.15, Large Latte - 2.45",4.6,CASH,
18/04/2025 20:32,London Greenwich,Sarah Avalos,"Regular Iced americano - 2.15, Large Flavoured iced latte - Caramel - 3.25, Regular Flavoured iced latte - Caramel - 2.75, Large Flavoured iced latte - Caramel - 3.25, Large Frappes - Strawberries & Cream - 3.25",14.65,CARD,9199873489126142
18/04/2025 20:33,London Greenwich,Jessica Castillo,"Regular Latte - 2.15, Regular Flavoured iced latte - Caramel - 2.75",4.9,CARD,3652934815237225
18/04/2025 20:35,London Greenwich,Eric Wilson,"Regular Frappes - Chocolate Cookie - 2.75, Regular Frappes - Strawberries & Cream - 2.75, Large Flavoured iced latte - Caramel - 3.25, Regular Iced americano - 2.15",10.9,CASH,
18/04/2025 20:36,London Greenwich,Joel Hurst,"Large Frappes - Strawberries & Cream - 3.25, Large Flavoured iced latte - Caramel - 3.25, Large Frappes - Strawberries & Cream - 3.25",9.75,CARD,7269270903042283
18/04/2025 20:37,London Greenwich,Karen Franklin,Regular Latte - 2.15,2.15,CARD,3154792041107526
18/04/2025 20:39,London Greenwich,Louis Cox,"Regular Frappes - Strawberries & Cream - 2.75, Regular Flavoured iced latte - Caramel - 2.75",5.5,CARD,9296127484574468
18/04/2025 20:40,London Greenwich,Sasha Fenton,"Large Flavoured iced latte - Caramel - 3.25, Regular Frappes - Strawberries & Cream - 2.75, Regular Frappes - Chocolate Cookie - 2.75",8.75,CARD,9239029755488755
18/04/2025 20:42,London Greenwich,Carol Laskey,"Regular Latte - 2.15, Regular Frappes - Strawberries & Cream - 2.75",4.9,CARD,4467517898547341
18/04/2025 20:43,London Greenwich,Lois Knickerbocker,Regular Iced americano - 2.15,2.15,CASH,
18/04/2025 20:44,London Greenwich,Margie Silva,"Regular Latte - 2.15, Large Frappes - Chocolate Cookie - 3.25",5.4,CARD,4507417071327941
18/04/2025 20:46,London Greenwich,Russell Hoke,"Regular Frappes - Chocolate Cookie - 2.75, Large Iced americano - 2.50",5.25,CARD,5838212323177874
18/04/2025 20:47,London Greenwich,John Blaski,Regular Latte - 2.15,2.15,CARD,7651008555176266
18/04/2025 20:49,London Greenwich,Stuart Cumberledge,"Regular Frappes - Strawberries & Cream - 2.75, Regular Latte - 2.15, Large Flavoured iced latte - Caramel - 3.25, Large Latte - 2.45",10.6,CARD,4948224656889531
18/04/2025 20:50,London Greenwich,Beverly Joyce,"Regular Frappes - Chocolate Cookie - 2.75, Large Frappes - Strawberries & Cream - 3.25, Regular Frappes - Strawberries & Cream - 2.75, Regular Frappes - Strawberries & Cream - 2.75, Regular Iced americano - 2.15, Regular Frappes - Chocolate Cookie - 2.75",16.4,CASH,
18/04/2025 20:51,London Greenwich,William Stewart,Regular Frappes - Strawberries & Cream - 2.75,2.75,CARD,8554584593414183
18/04/2025 20:53,London Greenwich,Paul Clair,"Large Iced americano - 2.50, Regular Flavoured iced latte - Caramel - 2.75, Large Latte - 2.45, Large Latte - 2.45, Regular Iced americano - 2.15",12.3,CARD,5444951994682872
18/04/2025 20:54,London Greenwich,Justin Jones,"Regular Latte - 2.15, Regular Iced americano - 2.15, Regular Iced americano - 2.15",6.45,CASH,
18/04/2025 20:55,London Greenwich,Woodrow Cypert,"Regular Frappes - Chocolate Cookie - 2.75, Regular Flavoured iced latte - Caramel - 2.75, Large Iced americano - 2.50, Regular Iced americano - 2.15, Regular Iced americano - 2.15",12.3,CARD,6023040310320486
18/04/2025 20:57,London Greenwich,Palma Carr,"Large Latte - 2.45, Regular Latte - 2.15, Regular Flavoured iced latte - Caramel - 2.75",7.35,CARD,3209389072455153
18/04/2025 20:58,London Greenwich,Harry Sinko,Regular Latte - 2.15,2.15,CARD,3601134600633893
