17/04/2025 09:00,London Camden,Camille Dale,"Large Hot chocolate - 2.90, Large Speciality Tea - Peppermint - 1.60, Regular Hot chocolate - 2.20, Large Flavoured hot chocolate - Hazelnut - 2.90",9.6,CARD,4956560162602130
17/04/2025 09:02,London Camden,Barbara Snider,"Regular Flavoured hot chocolate - Hazelnut - 2.60, Regular Luxury hot chocolate - 2.40, Large Flavoured latte - Vanilla - 2.85",7.85,CARD,1588630973710378
17/04/2025 09:05,London Camden,Andrew Fossum,"Large Chai latte - 2.60, Regular Luxury hot chocolate - 2.40, Large Speciality Tea - Peppermint - 1.60",6.6,CASH,
17/04/2025 09:08,London Camden,Denise Wynne,"Large Speciality Tea - Peppermint - 1.60, Regular Luxury hot chocolate - 2.40, Large Flavoured latte - Vanilla - 2.85, Large Flavoured hot chocolate - Hazelnut - 2.90, Large Flavoured hot chocolate - Hazelnut - 2.90",12.65,CARD,6424395508184805
17/04/2025 09:10,London Camden,Eugene Choi,Regular Speciality Tea - Peppermint - 1.30,1.3,CASH,
17/04/2025 09:13,London Camden,Gilbert Baez,"Regular Flavoured latte - Vanilla - 2.55, Regular Speciality Tea - Peppermint - 1.30, Large Speciality Tea - Peppermint - 1.60",5.45,CARD,7238291985775704
17/04/2025 09:16,London Camden,Robert Magee,Regular Iced latte - 2.35,2.35,CASH,
17/04/2025 09:19,London Camden,Craig Pace,"Regular Iced latte - 2.35, Regular Flavoured hot chocolate - Hazelnut - 2.60, Large Flavoured latte - Vanilla - 2.85, Large Flavoured hot chocolate - Hazelnut - 2.90",10.7,CARD,4023318249063626
17/04/2025 09:21,London Camden,Mary Parker,Large Flavoured latte - Vanilla - 2.85,2.85,CARD,3543764025871499
17/04/2025 09:24,London Camden,Issac Howard,Regular Chai latte - 2.30,2.3,CASH,
17/04/2025 09:27,London Camden,Jaclyn Thompson,"Large Flavoured latte - Vanilla - 2.85, Regular Speciality Tea - Peppermint - 1.30, Regular Speciality Tea - Peppermint - 1.30",5.45,CARD,4924725111526114
17/04/2025 09:29,London Camden,Allen Chancellor,Regular Iced latte - 2.35,2.35,CARD,8456485518214671
17/04/2025 09:32,London Camden,Bonnie Walker,Regular Flavoured latte - Vanilla - 2.55,2.55,CASH,
17/04/2025 09:35,London Camden,Ronald Garcia,"Large Flavoured latte - Vanilla - 2.85, Large Iced latte - 2.85",5.7,CARD,1028993927855141
17/04/2025 09:38,London Camden,Laura Johnson,"Large Speciality Tea - Peppermint - 1.60, Large Flavoured hot chocolate - Hazelnut - 2.90, Large Flavoured hot chocolate - Vanilla - 2.90, Large Speciality Tea - Peppermint - 1.60, Regular Hot chocolate - 2.20",11.2,CARD,8438302360076227
17/04/2025 09:40,London Camden,Lloyd Collins,"Large Luxury hot chocolate - 2.70, Regular Hot chocolate - 2.20, Large Chai latte - 2.60, Large Hot chocolate - 2.90, Regular Iced latte - 2.35",12.75,CARD,3404148899978345
17/04/2025 09:43,London Camden,Mary Tucker,"Regular Flavoured hot chocolate - Hazelnut - 2.60, Regular Hot chocolate - 2.20, Regular Hot chocolate - 2.20, Large Speciality Tea - Peppermint - 1.60, Regular Flavoured hot chocolate - Vanilla - 2.60",11.2,CARD,7589584829712025
17/04/2025 09:46,London Camden,Emily Joslin,"Large Flavoured latte - Vanilla - 2.85, Regular Flavoured hot chocolate - Hazelnut - 2.60, Regular Flavoured hot chocolate - Vanilla - 2.60",8.05,CARD,5282691613430785
17/04/2025 09:48,London Camden,Lindsay Gutierrez,Regular Flavoured hot chocolate - Hazelnut - 2.60,2.6,CARD,5232038342674910
17/04/2025 09:51,London Camden,Emily Ladd,"Large Chai latte - 2.60, Large Flavoured latte - Vanilla - 2.85, Large Hot chocolate - 2.90, Large Flavoured latte - Vanilla - 2.85, Regular Hot chocolate - 2.20",13.4,CARD,9422995678858283
17/04/2025 09:54,London Camden,Annie Cohen,"Large Flavoured latte - Vanilla - 2.85, Regular Iced latte - 2.35",5.2,CASH,
17/04/2025 09:57,London Camden,Larry Yates,"Regular Iced latte - 2.35, Regular Flavoured hot chocolate - Vanilla - 2.60, Large Speciality Tea - Peppermint - 1.60",6.55,CARD,5884854821518607
17/04/2025 09:59,London Camden,Mary Randall,Large Flavoured latte - Vanilla - 2.85,2.85,CASH,
17/04/2025 10:02,London Camden,Michael Bain,Regular Hot chocolate - 2.20,2.2,CASH,
17/04/2025 10:04,London Camden,Kelly Fenderson,Large Flavoured latte - Vanilla - 2.85,2.85,CARD,2730950887840695
17/04/2025 10:06,London Camden,Kevin Hanna,"Regular Speciality Tea - Peppermint - 1.30, Large Speciality Tea - Peppermint - 1.60, Large Chai latte - 2.60, Large Flavoured latte - Vanilla - 2.85, Regular Flavoured hot chocolate - Hazelnut - 2.60",10.95,CASH,
17/04/2025 10:09,London Camden,Tracy Garcia,"Large Flavoured hot chocolate - Vanilla - 2.90, Large Luxury hot chocolate - 2.70, Large Iced latte - 2.85, Regular Flavoured hot chocolate - Hazelnut - 2.60",11.05,CASH,
17/04/2025 10:11,London Camden,Ralph Hang,Large Hot chocolate - 2.90,2.9,CARD,5225300718047311
17/04/2025 10:13,London Camden,Felix Velez,"Large Iced latte - 2.85, Large Flavoured hot chocolate - Hazelnut - 2.90",5.75,CASH,
17/04/2025 10:15,London Camden,Louis Terry,Regular Hot chocolate - 2.20,2.2,CARD,4064813204946414
17/04/2025 10:18,London Camden,Clifford Botta,"Large Flavoured latte - Vanilla - 2.85, Regular Speciality Tea - Peppermint - 1.30, Large Hot chocolate - 2.90",7.05,CARD,8799231536042157
17/04/2025 10:20,London Camden,Kathleen Bond,"Large Chai latte - 2.60, Regular Speciality Tea - Peppermint - 1.30, Large Speciality Tea - Peppermint - 1.60",5.5,CARD,3460191065540778
17/04/2025 10:22,London Camden,David Chambers,"Large Flavoured hot chocolate - Hazelnut - 2.90, Regular Hot chocolate - 2.20, Large Speciality Tea - Peppermint - 1.60",6.7,CASH,
17/04/2025 10:24,London Camden,Delmar Wong,"Regular Speciality Tea - Peppermint - 1.30, Regular Luxury hot chocolate - 2.40, Large Luxury hot chocolate - 2.70",6.4,CARD,6361380189397311
17/04/2025 10:26,London Camden,Elizabeth Burchfield,Regular Flavoured hot chocolate - Vanilla - 2.60,2.6,CARD,7754922464455730
17/04/2025 10:29,London Camden,Dawn Haubert,"Regular Luxury hot chocolate - 2.40, Large Speciality Tea - Peppermint - 1.60, Regular Luxury hot chocolate - 2.40",6.4,CARD,9553143131930645
17/04/2025 10:31,London Camden,Jean Mcginnis,Regular Luxury hot chocolate - 2.40,2.4,CASH,
17/04/2025 10:33,London Camden,Charles Paniagua,"Large Speciality Tea - Peppermint - 1.60, Regular Hot chocolate - 2.20",3.8,CARD,1864326333680838
17/04/2025 10:35,London Camden,Brooke Jones,"Large Flavoured hot chocolate - Vanilla - 2.90, Regular Flavoured hot chocolate - Vanilla - 2.60, Large Flavoured latte - Vanilla - 2.85, Regular Flavoured latte - Vanilla - 2.55, Large Hot chocolate - 2.90, Regular Flavoured hot chocolate - Hazelnut - 2.60",16.4,CARD,9450219900294796
17/04/2025 10:37,London Camden,Roy Hawley,Large Flavoured hot chocolate - Hazelnut - 2.90,2.9,CASH,
17/04/2025 10:40,London Camden,Clara Sears,"Regular Flavoured hot chocolate - Vanilla - 2.60, Regular Flavoured hot chocolate - Vanilla - 2.60",5.2,CARD,4384106332648852
17/04/2025 10:42,London Camden,Bryan Nevins,"Large Flavoured latte - Vanilla - 2.85, Large Flavoured latte - Vanilla - 2.85, Regular Hot chocolate - 2.20, Regular Luxury hot chocolate - 2.40",10.3,CASH,
17/04/2025 10:44,London Camden,Desiree Wilcox,"Regular Flavoured hot chocolate - Hazelnut - 2.60, Regular Flavoured latte - Vanilla - 2.55, Large Iced latte - 2.85, Large Iced latte - 2.85, Regular Speciality Tea - Peppermint - 1.30",12.15,CARD,4092656445006695
17/04/2025 10:46,London Camden,Allen Jones,Large Luxury hot chocolate - 2.70,2.7,CARD,4735031639386467
17/04/2025 10:49,London Camden,Frankie Sanders,"Regular Luxury hot chocolate - 2.40, Large Flavoured hot chocolate - Vanilla - 2.90",5.3,CARD,1839687096394327
17/04/2025 10:51,London Camden,Ursula Hunsberger,"Large Chai latte - 2.60, Large Hot chocolate - 2.90",5.5,CASH,
17/04/2025 10:53,London Camden,Brian Guy,"Regular Flavoured hot chocolate - Vanilla - 2.60, Regular Hot chocolate - 2.20, Large Flavoured hot chocolate - Vanilla - 2.90, Large Hot chocolate - 2.90, Regular Flavoured latte - Vanilla - 2.55",13.15,CARD,2622294580449799
17/04/2025 10:55,London Camden,Robin Johnston,"Large Chai latte - 2.60, Large Chai latte - 2.60, Regular Iced latte - 2.35, Large Flavoured hot chocolate - Hazelnut - 2.90, Large Speciality Tea - Peppermint - 1.60",12.05,CASH,
17/04/2025 10:57,London Camden,Carol Baumgarter,Regular Flavoured latte - Vanilla - 2.55,2.55,CASH,
17/04/2025 11:00,London Camden,Nicole Henry,"Large Speciality Tea - Peppermint - 1.60, Large Speciality Tea - Peppermint - 1.60",3.2,CARD,4779704491437155
17/04/2025 11:02,London Camden,Wayne Baley,"Regular Flavoured latte - Vanilla - 2.55, Regular Chai latte - 2.30",4.85,CARD,6346627336143961
17/04/2025 11:05,London Camden,Marlon Bernard,"Large Speciality Tea - Peppermint - 1.60, Regular Flavoured latte - Vanilla - 2.55",4.15,CARD,9734118030496522
17/04/2025 11:07,London Camden,Miriam Spencer,"Regular Hot chocolate - 2.20, Large Flavoured hot chocolate - Vanilla - 2.90, Large Speciality Tea - Peppermint - 1.60, Large Flavoured latte - Vanilla - 2.85",9.55,CARD,3370120100062483
17/04/2025 11:10,London Camden,Richard Shaw,"Regular Flavoured hot chocolate - Hazelnut - 2.60, Regular Iced latte - 2.35, Regular Flavoured hot chocolate - Vanilla - 2.60",7.55,CARD,1964722203090276
17/04/2025 11:12,London Camden,Crystal Doyle,"Large Luxury hot chocolate - 2.70, Large Hot chocolate - 2.90, Regular Iced latte - 2.35, Large Flavoured latte - Vanilla - 2.85, Large Flavoured latte - Vanilla - 2.85",13.65,CASH,
17/04/2025 11:15,London Camden,Shawn Rugg,"Regular Chai latte - 2.30, Large Flavoured hot chocolate - Hazelnut - 2.90, Regular Flavoured latte - Vanilla - 2.55, Large Hot chocolate - 2.90, Large Speciality Tea - Peppermint - 1.60",12.25,CASH,
17/04/2025 11:17,London Camden,Frank Giles,"Large Hot chocolate - 2.90, Regular Flavoured latte - Vanilla - 2.55, Regular Flavoured latte - Vanilla - 2.55, Large Iced latte - 2.85, Regular Flavoured latte - Vanilla - 2.55",13.4,CARD,1345687380211900
17/04/2025 11:20,London Camden,Roma Therrien,"Large Flavoured hot chocolate - Vanilla - 2.90, Regular Chai latte - 2.30, Large Luxury hot chocolate - 2.70, Regular Flavoured latte - Vanilla - 2.55",10.45,CASH,
17/04/2025 11:22,London Camden,Susan Block,"Regular Flavoured hot chocolate - Vanilla - 2.60, Regular Luxury hot chocolate - 2.40",5.0,CARD,9155007274723013
17/04/2025 11:25,London Camden,Sharon Monson,"Large Flavoured hot chocolate - Hazelnut - 2.90, Large Flavoured latte - Vanilla - 2.85",5.75,CASH,
17/04/2025 11:27,London Camden,Vivian Kittle,"Regular Hot chocolate - 2.20, Large Luxury hot chocolate - 2.70, Regular Iced latte - 2.35, Large Flavoured hot chocolate - Hazelnut - 2.90",10.15,CARD,7615893429932997
17/04/2025 11:30,London Camden,Jenifer Windus,"Large Flavoured latte - Vanilla - 2.85, Large Flavoured latte - Vanilla - 2.85, Regular Luxury hot chocolate - 2.40, Large Flavoured hot chocolate - Vanilla - 2.90, Large Luxury hot chocolate - 2.70",13.7,CARD,5726131751155700
17/04/2025 11:32,London Camden,Judith Gamez,"Regular Iced latte - 2.35, Regular Flavoured latte - Vanilla - 2.55",4.9,CASH,
17/04/2025 11:35,London Camden,Joyce Graff,"Regular Speciality Tea - Peppermint - 1.30, Regular Flavoured latte - Vanilla - 2.55",3.85,CARD,2859887467272136
17/04/2025 11:37,London Camden,Jonathan Gomez,"Regular Flavoured hot chocolate - Vanilla - 2.60, Large Iced latte - 2.85, Regular Flavoured hot chocolate - Vanilla - 2.60, Regular Speciality Tea - Peppermint - 1.30",9.35,CARD,7173292101956134
17/04/2025 11:40,London Camden,Robert Johnson,"Regular Flavoured hot chocolate - Hazelnut - 2.60, Large Chai latte - 2.60",5.2,CASH,
17/04/2025 11:42,London Camden,Tommy Burnette,Regular Hot chocolate - 2.20,2.2,CARD,1653002101626611
17/04/2025 11:45,London Camden,Audrey Arnold,Large Chai latte - 2.60,2.6,CARD,6828352367681157
17/04/2025 11:47,London Camden,Mary Buckner,"Large Luxury hot chocolate - 2.70, Regular Chai latte - 2.30",5.0,CASH,
17/04/2025 11:50,London Camden,John Morse,"Regular Hot chocolate - 2.20, Regular Hot chocolate - 2.20, Large Flavoured latte - Vanilla - 2.85, Regular Iced latte - 2.35, Regular Hot chocolate - 2.20",11.8,CARD,2038960822016199
17/04/2025 11:52,London Camden,Louis Campbell,"Regular Flavoured latte - Vanilla - 2.55, Large Flavoured hot chocolate - Hazelnut - 2.90, Large Flavoured hot chocolate - Hazelnut - 2.90, Regular Flavoured hot chocolate - Vanilla - 2.60",10.95,CARD,4052998958506846
17/04/2025 11:55,London Camden,Josephine Mihaly,"Large Luxury hot chocolate - 2.70, Regular Flavoured latte - Vanilla - 2.55, Regular Flavoured latte - Vanilla - 2.55, Regular Flavoured hot chocolate - Vanilla - 2.60",10.4,CARD,9964970507119678
17/04/2025 11:57,London Camden,Michael Dupont,"Large Speciality Tea - Peppermint - 1.60, Large Chai latte - 2.60, Regular Speciality Tea - Peppermint - 1.30, Large Flavoured hot chocolate - Hazelnut - 2.90, Large Luxury hot chocolate - 2.70, Large Chai latte - 2.60",13.7,CARD,1208981087943643
17/04/2025 12:00,London Camden,Barbara Bourgeois,Regular Chai latte - 2.30,2.3,CASH,
17/04/2025 12:02,London Camden,Wayne Odonal,"Regular Flavoured hot chocolate - Hazelnut - 2.60, Large Chai latte - 2.60, Large Flavoured hot chocolate - Vanilla - 2.90",8.1,CARD,7053665316178767
17/04/2025 12:03,London Camden,George Mcfate,"Large Hot chocolate - 2.90, Regular Iced latte - 2.35, Regular Iced latte - 2.35, Large Chai latte - 2.60, Large Flavoured hot chocolate - Hazelnut - 2.90, Regular Flavoured latte - Vanilla - 2.55",15.65,CASH,
17/04/2025 12:05,London Camden,Kevin Casley,"Large Chai latte - 2.60, Regular Flavoured hot chocolate - Vanilla - 2.60, Regular Speciality Tea - Peppermint - 1.30, Regular Iced latte - 2.35, Regular Flavoured hot chocolate - Vanilla - 2.60",11.45,CARD,2220887886335738
17/04/2025 12:07,London Camden,Hal Shipps,Large Flavoured latte - Vanilla - 2.85,2.85,CARD,2506348109545139
17/04/2025 12:09,London Camden,James Springer,"Regular Flavoured hot chocolate - Hazelnut - 2.60, Large Flavoured hot chocolate - Hazelnut - 2.90, Large Luxury hot chocolate - 2.70",8.2,CASH,
17/04/2025 12:11,London Camden,Stephanie Ferreri,Regular Speciality Tea - Peppermint - 1.30,1.3,CARD,9261904336936995
17/04/2025 12:13,London Camden,Mary Shavers,"Regular Flavoured hot chocolate - Hazelnut - 2.60, Large Iced latte - 2.85, Regular Flavoured latte - Vanilla - 2.55, Large Chai latte - 2.60",10.6,CARD,6719455877066602
17/04/2025 12:15,London Camden,Elbert Morrison,"Regular Luxury hot chocolate - 2.40, Regular Flavoured latte - Vanilla - 2.55",4.95,CARD,1847841966092064
17/04/2025 12:17,London Camden,Chasity Conlin,"Large Iced latte - 2.85, Regular Iced latte - 2.35, Large Luxury hot chocolate - 2.70",7.9,CARD,9199158695109685
17/04/2025 12:19,London Camden,Tai Stewart,"Regular Luxury hot chocolate - 2.40, Regular Speciality Tea - Peppermint - 1.30",3.7,CARD,5312744071203087
17/04/2025 12:21,London Camden,Bonnie Sprague,"Large Flavoured latte - Vanilla - 2.85, Large Chai latte - 2.60, Regular Speciality Tea - Peppermint - 1.30, Large Hot chocolate - 2.90",9.65,CARD,5102993724708250
17/04/2025 12:23,London Camden,Mohammad Jones,"Large Flavoured hot chocolate - Vanilla - 2.90, Regular Flavoured latte - Vanilla - 2.55, Large Speciality Tea - Peppermint - 1.60, Regular Iced latte - 2.35, Regular Flavoured hot chocolate - Hazelnut - 2.60",12.0,CASH,
17/04/2025 12:25,London Camden,Wendy Fashaw,Large Hot chocolate - 2.90,2.9,CASH,
17/04/2025 12:27,London Camden,Emily Perez,"Large Speciality Tea - Peppermint - 1.60, Regular Luxury hot chocolate - 2.40, Large Hot chocolate - 2.90",6.9,CARD,9434770912456748
17/04/2025 12:29,London Camden,George Santos,Large Speciality Tea - Peppermint - 1.60,1.6,CASH,
17/04/2025 12:31,London Camden,Robert Flora,"Large Flavoured hot chocolate - Hazelnut - 2.90, Regular Flavoured hot chocolate - Vanilla - 2.60, Regular Speciality Tea - Peppermint - 1.30",6.8,CARD,8459611710472208
17/04/2025 12:32,London Camden,Randall Davis,"Regular Flavoured latte - Vanilla - 2.55, Regular Flavoured latte - Vanilla - 2.55, Large Flavoured hot chocolate - Vanilla - 2.90",8.0,CASH,
17/04/2025 12:34,London Camden,Alice Taylor,"Regular Iced latte - 2.35, Large Iced latte - 2.85, Regular Speciality Tea - Peppermint - 1.30, Regular Flavoured latte - Vanilla - 2.55",9.05,CARD,9137216733464463
17/04/2025 12:36,London Camden,Norman Bishop,"Large Speciality Tea - Peppermint - 1.60, Large Speciality Tea - Peppermint - 1.60",3.2,CASH,
17/04/2025 12:38,London Camden,Leslie Fain,"Regular Flavoured hot chocolate - Hazelnut - 2.60, Large Flavoured hot chocolate - Vanilla - 2.90, Large Flavoured hot chocolate - Hazelnut - 2.90",8.4,CARD,5631854538140982
17/04/2025 12:40,London Camden,Melissa Campbell,Regular Hot chocolate - 2.20,2.2,CARD,4346862945594256
17/04/2025 12:42,London Camden,Thomas Allen,Regular Flavoured hot chocolate - Vanilla - 2.60,2.6,CARD,1071315389066415
17/04/2025 12:44,London Camden,Pamela Miser,"Large Iced latte - 2.85, Regular Iced latte - 2.35, Regular Speciality Tea - Peppermint - 1.30, Regular Flavoured hot chocolate - Hazelnut - 2.60",9.1,CASH,
17/04/2025 12:46,London Camden,Christa Gilroy,"Large Flavoured hot chocolate - Hazelnut - 2.90, Regular Flavoured hot chocolate - Vanilla - 2.60, Large Speciality Tea - Peppermint - 1.60, Regular Chai latte - 2.30, Regular Flavoured hot chocolate - Hazelnut - 2.60, Large Luxury hot chocolate - 2.70",14.7,CARD,3264979055651048
17/04/2025 12:48,London Camden,Keith Murphy,Large Iced latte - 2.85,2.85,CASH,
17/04/2025 12:50,London Camden,Ray Cabrera,Regular Flavoured latte - Vanilla - 2.55,2.55,CASH,
17/04/2025 12:52,London Camden,Earl Hoggard,Regular Flavoured latte - Vanilla - 2.55,2.55,CARD,9292151129481978
17/04/2025 12:54,London Camden,Judith Sherman,Regular Luxury hot chocolate - 2.40,2.4,CASH,
17/04/2025 12:56,London Camden,Cody Hensley,"Regular Chai latte - 2.30, Large Flavoured hot chocolate - Hazelnut - 2.90, Large Iced latte - 2.85",8.05,CARD,7278901459800777
17/04/2025 12:58,London Camden,Andrew Morales,"Regular Luxury hot chocolate - 2.40, Large Flavoured latte - Vanilla - 2.85",5.25,CARD,5550251865645037
17/04/2025 13:00,London Camden,Brent Dahms,"Large Hot chocolate - 2.90, Regular Iced latte - 2.35, Large Luxury hot chocolate - 2.70",7.95,CASH,
17/04/2025 13:00,London Camden,Michael Bender,"Large Iced latte - 2.85, Large Hot chocolate - 2.90, Large Flavoured hot chocolate - Hazelnut - 2.90, Regular Flavoured hot chocolate - Vanilla - 2.60, Regular Iced latte - 2.35",13.6,CASH,
17/04/2025 13:01,London Camden,Kathy Martinez,"Large Flavoured hot chocolate - Hazelnut - 2.90, Large Chai latte - 2.60",5.5,CASH,
17/04/2025 13:02,London Camden,Laura Gribble,"Large Flavoured hot chocolate - Vanilla - 2.90, Regular Speciality Tea - Peppermint - 1.30, Regular Chai latte - 2.30, Regular Luxury hot chocolate - 2.40, Large Speciality Tea - Peppermint - 1.60",10.5,CARD,8941396209182507
17/04/2025 13:03,London Camden,Nancy Park,"Large Iced latte - 2.85, Large Flavoured hot chocolate - Vanilla - 2.90",5.75,CARD,3902019311639492
17/04/2025 13:04,London Camden,Jon Dunaway,"Large Flavoured latte - Vanilla - 2.85, Regular Iced latte - 2.35, Regular Flavoured hot chocolate - Hazelnut - 2.60, Large Flavoured hot chocolate - Hazelnut - 2.90",10.7,CASH,
17/04/2025 13:05,London Camden,Daniel Lopez,"Regular Speciality Tea - Peppermint - 1.30, Regular Flavoured hot chocolate - Hazelnut - 2.60",3.9,CASH,
17/04/2025 13:06,London Camden,Richard Bauman,"Regular Speciality Tea - Peppermint - 1.30, Regular Flavoured latte - Vanilla - 2.55, Regular Speciality Tea - Peppermint - 1.30, Regular Flavoured latte - Vanilla - 2.55, Large Flavoured hot chocolate - Hazelnut - 2.90",10.6,CARD,5588010304137659
17/04/2025 13:07,London Camden,Edmond Ferguson,"Large Speciality Tea - Peppermint - 1.60, Large Luxury hot chocolate - 2.70, Regular Speciality Tea - Peppermint - 1.30, Large Flavoured hot chocolate - Hazelnut - 2.90, Large Flavoured hot chocolate - Hazelnut - 2.90",11.4,CARD,4299704870294959
17/04/2025 13:08,London Camden,David Hurley,"Large Chai latte - 2.60, Large Flavoured latte - Vanilla - 2.85",5.45,CASH,
17/04/2025 13:08,London Camden,Carmela Ragsdale,"Regular Flavoured latte - Vanilla - 2.55, Regular Luxury hot chocolate - 2.40, Regular Chai latte - 2.30",7.25,CARD,5464462483219238
17/04/2025 13:09,London Camden,Robert Biros,"Regular Speciality Tea - Peppermint - 1.30, Regular Iced latte - 2.35, Regular Flavoured hot chocolate - Vanilla - 2.60",6.25,CARD,6028732257778899
17/04/2025 13:10,London Camden,Beatrice Brown,"Regular Flavoured hot chocolate - Vanilla - 2.60, Large Chai latte - 2.60, Large Flavoured latte - Vanilla - 2.85",8.05,CARD,2237332724760487
17/04/2025 13:11,London Camden,Larisa Davis,"Large Flavoured latte - Vanilla - 2.85, Large Flavoured latte - Vanilla - 2.85",5.7,CARD,7239730774594236
17/04/2025 13:12,London Camden,Pat Fortner,"Large Chai latte - 2.60, Regular Hot chocolate - 2.20, Large Flavoured hot chocolate - Hazelnut - 2.90",7.7,CARD,4166942843767566
17/04/2025 13:13,London Camden,Eddie Hudson,"Regular Flavoured latte - Vanilla - 2.55, Large Flavoured latte - Vanilla - 2.85, Large Hot chocolate - 2.90, Regular Luxury hot chocolate - 2.40",10.7,CARD,7845021440324200
17/04/2025 13:14,London Camden,Byron Kulikowski,"Large Hot chocolate - 2.90, Large Luxury hot chocolate - 2.70, Regular Speciality Tea - Peppermint - 1.30",6.9,CARD,1447234546337063
17/04/2025 13:15,London Camden,Jessie Audet,"Large Flavoured hot chocolate - Vanilla - 2.90, Regular Flavoured hot chocolate - Vanilla - 2.60, Regular Chai latte - 2.30, Regular Chai latte - 2.30",10.1,CARD,7799773166558922
17/04/2025 13:15,London Camden,Lillian Beck,"Large Flavoured hot chocolate - Hazelnut - 2.90, Regular Chai latte - 2.30",5.2,CARD,3949282447192283
17/04/2025 13:16,London Camden,Jane Pineda,"Large Iced latte - 2.85, Large Speciality Tea - Peppermint - 1.60, Large Flavoured hot chocolate - Hazelnut - 2.90, Regular Hot chocolate - 2.20, Large Flavoured latte - Vanilla - 2.85, Large Luxury hot chocolate - 2.70",15.1,CARD,5792111014961071
17/04/2025 13:17,London Camden,Elizabeth Koh,"Large Luxury hot chocolate - 2.70, Regular Speciality Tea - Peppermint - 1.30, Regular Flavoured hot chocolate - Hazelnut - 2.60, Large Flavoured hot chocolate - Vanilla - 2.90, Regular Flavoured hot chocolate - Vanilla - 2.60",12.1,CARD,4904786200707602
17/04/2025 13:18,London Camden,Lillian Drinkwater,"Large Flavoured hot chocolate - Vanilla - 2.90, Regular Hot chocolate - 2.20, Large Speciality Tea - Peppermint - 1.60, Regular Luxury hot chocolate - 2.40, Regular Flavoured latte - Vanilla - 2.55, Regular Flavoured hot chocolate - Vanilla - 2.60",14.25,CARD,6070331919641315
17/04/2025 13:19,London Camden,Angelina Stephens,"Regular Luxury hot chocolate - 2.40, Large Flavoured hot chocolate - Vanilla - 2.90",5.3,CARD,9215398347470103
17/04/2025 13:20,London Camden,Irene Dawson,"Large Luxury hot chocolate - 2.70, Regular Flavoured latte - Vanilla - 2.55, Regular Chai latte - 2.30, Regular Flavoured hot chocolate - Vanilla - 2.60",10.15,CARD,6065641350983507
17/04/2025 13:21,London Camden,Reinaldo Brislin,"Regular Luxury hot chocolate - 2.40, Regular Flavoured hot chocolate - Hazelnut - 2.60, Regular Flavoured hot chocolate - Vanilla - 2.60",7.6,CARD,1141543112486605
17/04/2025 13:22,London Camden,Bettina Reed,Regular Hot chocolate - 2.20,2.2,CARD,6350871165913140
17/04/2025 13:23,London Camden,Shayna Cooper,"Large Luxury hot chocolate - 2.70, Large Luxury hot chocolate - 2.70, Regular Chai latte - 2.30",7.7,CARD,2077480307223393
17/04/2025 13:23,London Camden,Emma Fagan,"Regular Chai latte - 2.30, Regular Flavoured hot chocolate - Hazelnut - 2.60",4.9,CARD,9333721428062285
17/04/2025 13:24,London Camden,Maria Commander,"Regular Iced latte - 2.35, Regular Hot chocolate - 2.20, Large Iced latte - 2.85, Regular Flavoured hot chocolate - Vanilla - 2.60, Regular Speciality Tea - Peppermint - 1.30",11.3,CASH,
17/04/2025 13:25,London Camden,Debra Mcmahon,"Regular Hot chocolate - 2.20, Regular Hot chocolate - 2.20, Large Speciality Tea - Peppermint - 1.60, Large Flavoured hot chocolate - Hazelnut - 2.90",8.9,CASH,
17/04/2025 13:26,London Camden,John Kempker,"Large Chai latte - 2.60, Regular Flavoured hot chocolate - Vanilla - 2.60",5.2,CASH,
17/04/2025 13:27,London Camden,Gary Dalley,"Large Flavoured hot chocolate - Hazelnut - 2.90, Large Speciality Tea - Peppermint - 1.60",4.5,CARD,3562276326717839
17/04/2025 13:28,London Camden,Joan Lanphear,"Regular Iced latte - 2.35, Large Flavoured hot chocolate - Vanilla - 2.90, Regular Flavoured latte - Vanilla - 2.55",7.8,CARD,6614816610786120
17/04/2025 13:29,London Camden,Travis Cumberbatch,"Large Hot chocolate - 2.90, Regular Hot chocolate - 2.20",5.1,CARD,5097248539604935
17/04/2025 13:30,London Camden,Kevin Morgan,"Regular Luxury hot chocolate - 2.40, Large Iced latte - 2.85, Large Flavoured hot chocolate - Hazelnut - 2.90",8.15,CARD,5223876480251873
17/04/2025 13:30,London Camden,John Ginn,"Regular Flavoured hot chocolate - Vanilla - 2.60, Large Speciality Tea - Peppermint - 1.60, Large Flavoured latte - Vanilla - 2.85, Large Speciality Tea - Peppermint - 1.60",8.65,CASH,
17/04/2025 13:31,London Camden,Douglas Horvath,"Large Flavoured latte - Vanilla - 2.85, Large Flavoured hot chocolate - Vanilla - 2.90, Large Iced latte - 2.85, Regular Flavoured hot chocolate - Hazelnut - 2.60",11.2,CARD,2083182298314368
17/04/2025 13:32,London Camden,Helena Greenberg,"Large Flavoured hot chocolate - Vanilla - 2.90, Regular Iced latte - 2.35, Large Flavoured hot chocolate - Hazelnut - 2.90",8.15,CARD,7405042429114202
17/04/2025 13:33,London Camden,Carl Kissell,"Regular Luxury hot chocolate - 2.40, Large Flavoured latte - Vanilla - 2.85, Large Flavoured hot chocolate - Vanilla - 2.90",8.15,CARD,2820075676980146
17/04/2025 13:34,London Camden,Margarito Simmons,"Large Hot chocolate - 2.90, Large Chai latte - 2.60, Regular Flavoured latte - Vanilla - 2.55, Large Iced latte - 2.85",10.9,CARD,3993727187006146
17/04/2025 13:35,London Camden,Patricia Lambert,"Large Flavoured hot chocolate - Vanilla - 2.90, Large Luxury hot chocolate - 2.70, Large Flavoured latte - Vanilla - 2.85, Regular Luxury hot chocolate - 2.40",10.85,CARD,2046245089536778
17/04/2025 13:36,London Camden,Keith Spears,"Regular Luxury hot chocolate - 2.40, Regular Flavoured latte - Vanilla - 2.55, Regular Chai latte - 2.30, Large Flavoured hot chocolate - Vanilla - 2.90",10.15,CARD,2653980585353618
17/04/2025 13:37,London Camden,Taylor Rustin,"Large Hot chocolate - 2.90, Large Luxury hot chocolate - 2.70",5.6,CARD,5512818615858622
17/04/2025 13:38,London Camden,Jessica Dunstan,"Large Flavoured hot chocolate - Hazelnut - 2.90, Regular Flavoured hot chocolate - Hazelnut - 2.60",5.5,CARD,1680591185903034
17/04/2025 13:38,London Camden,Charles Gonzalez,"Regular Flavoured hot chocolate - Vanilla - 2.60, Large Luxury hot chocolate - 2.70, Large Flavoured hot chocolate - Hazelnut - 2.90, Large Chai latte - 2.60, Large Speciality Tea - Peppermint - 1.60, Large Hot chocolate - 2.90",15.3,CASH,
17/04/2025 13:39,London Camden,Anita Herring,"Regular Flavoured hot chocolate - Hazelnut - 2.60, Large Speciality Tea - Peppermint - 1.60, Large Flavoured hot chocolate - Vanilla - 2.90, Regular Iced latte - 2.35",9.45,CARD,5416755385487742
17/04/2025 13:40,London Camden,Jay Hollingshead,Regular Flavoured latte - Vanilla - 2.55,2.55,CARD,3732928545572115
17/04/2025 13:41,London Camden,Rita Lovejoy,Regular Flavoured hot chocolate - Hazelnut - 2.60,2.6,CASH,
17/04/2025 13:42,London Camden,David Cooley,"Large Flavoured hot chocolate - Hazelnut - 2.90, Large Hot chocolate - 2.90, Regular Luxury hot chocolate - 2.40, Large Iced latte - 2.85, Regular Flavoured hot chocolate - Vanilla - 2.60",13.65,CASH,
17/04/2025 13:43,London Camden,Mike Elliott,Regular Luxury hot chocolate - 2.40,2.4,CARD,9209635965486123
17/04/2025 13:44,London Camden,Timothy Adkins,"Large Flavoured hot chocolate - Hazelnut - 2.90, Regular Flavoured hot chocolate - Vanilla - 2.60, Regular Speciality Tea - Peppermint - 1.30",6.8,CASH,
17/04/2025 13:45,London Camden,James Woodard,Regular Flavoured hot chocolate - Vanilla - 2.60,2.6,CARD,3273348753303479
17/04/2025 13:45,London Camden,Alexandria Cathey,"Large Iced latte - 2.85, Large Flavoured latte - Vanilla - 2.85, Regular Chai latte - 2.30, Large Chai latte - 2.60, Large Speciality Tea - Peppermint - 1.60",12.2,CASH,
17/04/2025 13:46,London Camden,Susan Stahl,"Regular Iced latte - 2.35, Regular Speciality Tea - Peppermint - 1.30, Large Chai latte - 2.60",6.25,CARD,5838460276046023
17/04/2025 13:47,London Camden,Amber Foster,"Large Speciality Tea - Peppermint - 1.60, Regular Chai latte - 2.30, Regular Speciality Tea - Peppermint - 1.30, Large Flavoured hot chocolate - Hazelnut - 2.90",8.1,CARD,2368403864525017
17/04/2025 13:48,London Camden,Robt Mccauley,"Large Hot chocolate - 2.90, Regular Hot chocolate - 2.20, Large Iced latte - 2.85",7.95,CARD,7936687038878989
17/04/2025 13:49,London Camden,Daniel Glaser,"Large Chai latte - 2.60, Large Speciality Tea - Peppermint - 1.60, Large Flavoured latte - Vanilla - 2.85, Regular Iced latte - 2.35, Large Speciality Tea - Peppermint - 1.60",11.0,CARD,3648188992630835
17/04/2025 13:50,London Camden,Daniel Angel,Large Speciality Tea - Peppermint - 1.60,1.6,CASH,
17/04/2025 13:51,London Camden,Joseph Baxter,"Large Flavoured hot chocolate - Vanilla - 2.90, Large Luxury hot chocolate - 2.70, Large Speciality Tea - Peppermint - 1.60, Large Hot chocolate - 2.90, Regular Flavoured hot chocolate - Vanilla - 2.60, Regular Iced latte - 2.35",15.05,CARD,9146096223470785
17/04/2025 13:52,London Camden,William Trevino,"Regular Luxury hot chocolate - 2.40, Regular Speciality Tea - Peppermint - 1.30, Regular Luxury hot chocolate - 2.40, Regular Flavoured hot chocolate - Vanilla - 2.60",8.7,CARD,4280624453099720
17/04/2025 13:53,London Camden,Richard Priddy,"Large Iced latte - 2.85, Large Chai latte - 2.60, Regular Iced latte - 2.35",7.8,CARD,2614505974593558
17/04/2025 13:53,London Camden,Kelly Sanchez,Regular Chai latte - 2.30,2.3,CASH,
17/04/2025 13:54,London Camden,Nicole Bradley,"Regular Luxury hot chocolate - 2.40, Regular Flavoured hot chocolate - Hazelnut - 2.60, Large Chai latte - 2.60",7.6,CARD,4610196640914103
17/04/2025 13:55,London Camden,Ruby Lubinski,"Regular Chai latte - 2.30, Regular Flavoured hot chocolate - Vanilla - 2.60, Regular Luxury hot chocolate - 2.40",7.3,CARD,3222075892584027
17/04/2025 13:56,London Camden,Lisa Copeland,"Regular Flavoured hot chocolate - Vanilla - 2.60, Large Speciality Tea - Peppermint - 1.60, Large Speciality Tea - Peppermint - 1.60",5.8,CARD,9371957451836293
17/04/2025 13:57,London Camden,Kelly Evans,"Large Flavoured hot chocolate - Hazelnut - 2.90, Regular Luxury hot chocolate - 2.40, Large Chai latte - 2.60, Regular Flavoured hot chocolate - Vanilla - 2.60",10.5,CARD,5767968810183401
17/04/2025 13:58,London Camden,Ronnie Smith,"Regular Flavoured latte - Vanilla - 2.55, Large Flavoured latte - Vanilla - 2.85, Regular Iced latte - 2.35",7.75,CASH,
17/04/2025 13:59,London Camden,Lonnie Simmons,"Regular Chai latte - 2.30, Regular Hot chocolate - 2.20",4.5,CARD,7546052197936011
17/04/2025 14:00,London Camden,Luz Greenley,"Regular Flavoured hot chocolate - Vanilla - 2.60, Regular Luxury hot chocolate - 2.40, Regular Speciality Tea - Peppermint - 1.30, Regular Chai latte - 2.30",8.6,CARD,1677695189827092
17/04/2025 14:00,London Camden,Shane Montiel,Large Flavoured hot chocolate - Hazelnut - 2.90,2.9,CARD,2367316973865198
17/04/2025 14:01,London Camden,Jenny Miller,"Regular Speciality Tea - Peppermint - 1.30, Large Chai latte - 2.60, Regular Flavoured hot chocolate - Hazelnut - 2.60, Regular Flavoured hot chocolate - Vanilla - 2.60",9.1,CARD,9605052750449795
17/04/2025 14:02,London Camden,James Benjamin,Regular Iced latte - 2.35,2.35,CARD,2366509175895143
17/04/2025 14:03,London Camden,Stephen Martinez,"Regular Flavoured latte - Vanilla - 2.55, Large Flavoured hot chocolate - Vanilla - 2.90, Large Flavoured latte - Vanilla - 2.85",8.3,CASH,
17/04/2025 14:04,London Camden,Ivy Hatfield,Regular Luxury hot chocolate - 2.40,2.4,CARD,5137594249144367
17/04/2025 14:05,London Camden,Sofia Ackerman,"Large Luxury hot chocolate - 2.70, Large Speciality Tea - Peppermint - 1.60, Large Hot chocolate - 2.90",7.2,CASH,
17/04/2025 14:06,London Camden,Helen Friend,"Regular Hot chocolate - 2.20, Regular Luxury hot chocolate - 2.40, Large Flavoured hot chocolate - Hazelnut - 2.90, Large Chai latte - 2.60",10.1,CARD,2891727009994556
17/04/2025 14:07,London Camden,John Lane,Regular Luxury hot chocolate - 2.40,2.4,CARD,4682646808816136
17/04/2025 14:07,London Camden,Robert Conlin,Regular Speciality Tea - Peppermint - 1.30,1.3,CASH,
17/04/2025 14:08,London Camden,Douglas Diaz,"Regular Hot chocolate - 2.20, Regular Iced latte - 2.35, Large Flavoured hot chocolate - Vanilla - 2.90",7.45,CARD,2802182714574384
17/04/2025 14:09,London Camden,Wanda Martinez,"Regular Flavoured latte - Vanilla - 2.55, Regular Speciality Tea - Peppermint - 1.30, Regular Speciality Tea - Peppermint - 1.30",5.15,CARD,7548441349041849
17/04/2025 14:10,London Camden,Minnie Sherlock,"Regular Flavoured hot chocolate - Vanilla - 2.60, Regular Flavoured latte - Vanilla - 2.55",5.15,CASH,
17/04/2025 14:11,London Camden,Anthony Williams,"Large Flavoured hot chocolate - Vanilla - 2.90, Large Flavoured hot chocolate - Hazelnut - 2.90, Large Hot chocolate - 2.90, Regular Flavoured latte - Vanilla - 2.55",11.25,CARD,3822559712023649
17/04/2025 14:12,London Camden,Gerald Barwick,"Regular Chai latte - 2.30, Regular Flavoured hot chocolate - Hazelnut - 2.60, Large Iced latte - 2.85, Regular Speciality Tea - Peppermint - 1.30, Large Hot chocolate - 2.90",11.95,CARD,7891879581192289
17/04/2025 14:13,London Camden,Penny Mittlestadt,Regular Chai latte - 2.30,2.3,CARD,5142521324739661
17/04/2025 14:13,London Camden,Isaias Goodman,Large Iced latte - 2.85,2.85,CARD,6539693997519337
17/04/2025 14:14,London Camden,Roger Smith,"Regular Flavoured hot chocolate - Hazelnut - 2.60, Large Speciality Tea - Peppermint - 1.60",4.2,CARD,1279921715328923
17/04/2025 14:15,London Camden,Hal Parson,"Regular Speciality Tea - Peppermint - 1.30, Regular Iced latte - 2.35, Regular Luxury hot chocolate - 2.40",6.05,CARD,7017480992719687
17/04/2025 14:16,London Camden,Cindy Chandler,Regular Flavoured hot chocolate - Vanilla - 2.60,2.6,CARD,4955952740137008
17/04/2025 14:17,London Camden,Rachel Burch,"Large Hot chocolate - 2.90, Large Luxury hot chocolate - 2.70, Regular Hot chocolate - 2.20, Large Speciality Tea - Peppermint - 1.60, Large Luxury hot chocolate - 2.70, Large Iced latte - 2.85",14.95,CARD,2427465050044680
17/04/2025 14:18,London Camden,Scott Hursh,"Regular Flavoured hot chocolate - Vanilla - 2.60, Large Luxury hot chocolate - 2.70",5.3,CARD,2323376510745438
17/04/2025 14:19,London Camden,Barbara Merritt,Large Hot chocolate - 2.90,2.9,CARD,7436254857530735
17/04/2025 14:20,London Camden,Leonard Applegate,"Regular Iced latte - 2.35, Regular Flavoured hot chocolate - Vanilla - 2.60, Large Flavoured hot chocolate - Hazelnut - 2.90, Large Speciality Tea - Peppermint - 1.60, Regular Iced latte - 2.35",11.8,CARD,4280587169062286
17/04/2025 14:20,London Camden,Merle Torres,"Large Flavoured hot chocolate - Vanilla - 2.90, Regular Speciality Tea - Peppermint - 1.30, Large Hot chocolate - 2.90",7.1,CASH,
17/04/2025 14:21,London Camden,Margaret Middleton,"Large Flavoured latte - Vanilla - 2.85, Regular Luxury hot chocolate - 2.40, Regular Luxury hot chocolate - 2.40, Regular Flavoured hot chocolate - Hazelnut - 2.60",10.25,CARD,7492652709108242
17/04/2025 14:22,London Camden,Joseph Ware,"Large Hot chocolate - 2.90, Regular Speciality Tea - Peppermint - 1.30",4.2,CARD,4610253713735633
17/04/2025 14:23,London Camden,Steven Miera,"Large Hot chocolate - 2.90, Large Speciality Tea - Peppermint - 1.60, Large Speciality Tea - Peppermint - 1.60",6.1,CARD,9392848059535050
17/04/2025 14:24,London Camden,Janis Brennan,"Large Iced latte - 2.85, Regular Flavoured hot chocolate - Vanilla - 2.60",5.45,CARD,1764908284304813
17/04/2025 14:25,London Camden,Bryon Santiago,"Regular Iced latte - 2.35, Regular Flavoured hot chocolate - Hazelnut - 2.60",4.95,CARD,7738714585824933
17/04/2025 14:26,London Camden,Milo Young,Regular Hot chocolate - 2.20,2.2,CARD,6420721327014245
17/04/2025 14:26,London Camden,John Ellis,"Regular Speciality Tea - Peppermint - 1.30, Large Luxury hot chocolate - 2.70, Regular Iced latte - 2.35, Regular Speciality Tea - Peppermint - 1.30",7.65,CARD,8994809001328137
17/04/2025 14:27,London Camden,Matt Elmore,"Large Flavoured latte - Vanilla - 2.85, Large Flavoured hot chocolate - Hazelnut - 2.90, Large Luxury hot chocolate - 2.70, Regular Flavoured hot chocolate - Vanilla - 2.60, Regular Flavoured hot chocolate - Hazelnut - 2.60, Regular Luxury hot chocolate - 2.40",16.05,CARD,7602064516361049
17/04/2025 14:28,London Camden,Jason Givens,Large Speciality Tea - Peppermint - 1.60,1.6,CARD,6735892985208403
17/04/2025 14:29,London Camden,Julia Wise,"Regular Hot chocolate - 2.20, Regular Iced latte - 2.35, Regular Flavoured hot chocolate - Vanilla - 2.60",7.15,CASH,
17/04/2025 14:30,London Camden,Robert Boykin,"Regular Speciality Tea - Peppermint - 1.30, Large Luxury hot chocolate - 2.70",4.0,CARD,9265908371182434
17/04/2025 14:31,London Camden,Rachel Jackson,"Regular Luxury hot chocolate - 2.40, Large Flavoured latte - Vanilla - 2.85",5.25,CARD,7025016193992162
17/04/2025 14:32,London Camden,Jannette Sloan,Regular Flavoured hot chocolate - Vanilla - 2.60,2.6,CASH,
17/04/2025 14:33,London Camden,Roseanne Baker,Regular Hot chocolate - 2.20,2.2,CARD,6704732436142904
17/04/2025 14:33,London Camden,Lawrence Carroll,"Regular Flavoured hot chocolate - Hazelnut - 2.60, Regular Iced latte - 2.35, Regular Hot chocolate - 2.20, Large Flavoured hot chocolate - Hazelnut - 2.90",10.05,CASH,
17/04/2025 14:34,London Camden,Shirley Park,Regular Speciality Tea - Peppermint - 1.30,1.3,CARD,8961612923862995
17/04/2025 14:35,London Camden,George Doering,"Large Speciality Tea - Peppermint - 1.60, Large Iced latte - 2.85, Regular Speciality Tea - Peppermint - 1.30",5.75,CASH,
17/04/2025 14:36,London Camden,Steve Adams,Regular Iced latte - 2.35,2.35,CARD,4470911341449147
17/04/2025 14:37,London Camden,Willard Dobbin,"Large Hot chocolate - 2.90, Large Hot chocolate - 2.90",5.8,CARD,7769676821604154
17/04/2025 14:38,London Camden,Ernesto Theriault,"Regular Speciality Tea - Peppermint - 1.30, Large Luxury hot chocolate - 2.70, Large Flavoured hot chocolate - Vanilla - 2.90",6.9,CASH,
17/04/2025 14:39,London Camden,Mona Otsuka,"Large Flavoured hot chocolate - Vanilla - 2.90, Large Speciality Tea - Peppermint - 1.60",4.5,CASH,
17/04/2025 14:39,London Camden,Virgina Farmer,Regular Hot chocolate - 2.20,2.2,CARD,6076058101603607
17/04/2025 14:40,London Camden,James Blake,"Large Luxury hot chocolate - 2.70, Regular Iced latte - 2.35",5.05,CASH,
17/04/2025 14:41,London Camden,Amy Bambacigno,"Large Flavoured hot chocolate - Hazelnut - 2.90, Large Chai latte - 2.60",5.5,CASH,
17/04/2025 14:42,London Camden,Belinda Okon,"Large Flavoured latte - Vanilla - 2.85, Regular Flavoured latte - Vanilla - 2.55, Large Chai latte - 2.60, Large Speciality Tea - Peppermint - 1.60",9.6,CARD,5219444665239470
17/04/2025 14:43,London Camden,Wanda Peters,"Regular Hot chocolate - 2.20, Regular Speciality Tea - Peppermint - 1.30, Regular Chai latte - 2.30, Large Iced latte - 2.85, Regular Speciality Tea - Peppermint - 1.30",9.95,CASH,
17/04/2025 14:44,London Camden,Augusta Rees,"Large Flavoured latte - Vanilla - 2.85, Large Speciality Tea - Peppermint - 1.60",4.45,CARD,2640066664858205
17/04/2025 14:45,London Camden,Elizabeth Cronin,"Large Hot chocolate - 2.90, Large Chai latte - 2.60, Large Chai latte - 2.60, Large Luxury hot chocolate - 2.70",10.8,CASH,
17/04/2025 14:46,London Camden,Brian Mccorkle,"Large Luxury hot chocolate - 2.70, Regular Flavoured hot chocolate - Vanilla - 2.60, Regular Speciality Tea - Peppermint - 1.30",6.6,CASH,
17/04/2025 14:46,London Camden,Ronnie Stone,"Large Chai latte - 2.60, Regular Iced latte - 2.35, Regular Iced latte - 2.35",7.3,CARD,8502838670935573
17/04/2025 14:47,London Camden,Billy Barajas,"Large Flavoured hot chocolate - Vanilla - 2.90, Large Chai latte - 2.60, Regular Hot chocolate - 2.20, Regular Speciality Tea - Peppermint - 1.30",9.0,CARD,7340625536584798
17/04/2025 14:48,London Camden,Maria Brown,"Regular Flavoured latte - Vanilla - 2.55, Regular Flavoured latte - Vanilla - 2.55, Regular Iced latte - 2.35, Regular Hot chocolate - 2.20, Large Flavoured hot chocolate - Vanilla - 2.90",12.55,CARD,6252715218333931
17/04/2025 14:49,London Camden,Emily Starnes,"Regular Flavoured latte - Vanilla - 2.55, Large Hot chocolate - 2.90",5.45,CASH,
17/04/2025 14:50,London Camden,Jon Maceachern,"Large Chai latte - 2.60, Large Flavoured latte - Vanilla - 2.85, Large Flavoured latte - Vanilla - 2.85",8.3,CARD,4946158847592038
17/04/2025 14:51,London Camden,Donald Butler,"Regular Flavoured hot chocolate - Vanilla - 2.60, Large Flavoured hot chocolate - Vanilla - 2.90",5.5,CARD,1005310114098499
17/04/2025 14:52,London Camden,Antoinette Cohen,"Large Iced latte - 2.85, Large Hot chocolate - 2.90, Large Flavoured latte - Vanilla - 2.85",8.6,CARD,4901256686369961
17/04/2025 14:52,London Camden,Peter Mann,"Large Chai latte - 2.60, Regular Flavoured latte - Vanilla - 2.55, Regular Flavoured hot chocolate - Vanilla - 2.60, Regular Flavoured hot chocolate - Hazelnut - 2.60, Large Iced latte - 2.85",13.2,CASH,
17/04/2025 14:53,London Camden,Rose Spears,"Large Chai latte - 2.60, Large Flavoured hot chocolate - Vanilla - 2.90, Large Flavoured hot chocolate - Hazelnut - 2.90",8.4,CARD,3759526746527431
17/04/2025 14:54,London Camden,Justin Pugh,"Large Chai latte - 2.60, Regular Flavoured latte - Vanilla - 2.55",5.15,CASH,
17/04/2025 14:55,London Camden,Lucille Holdridge,"Large Chai latte - 2.60, Regular Hot chocolate - 2.20",4.8,CARD,7976584715693679
17/04/2025 14:56,London Camden,Joann Croteau,Large Flavoured hot chocolate - Hazelnut - 2.90,2.9,CASH,
17/04/2025 14:57,London Camden,Gerald Kovacs,"Regular Chai latte - 2.30, Large Chai latte - 2.60, Large Speciality Tea - Peppermint - 1.60",6.5,CARD,5441955754840031
17/04/2025 14:58,London Camden,Erna Campbell,"Large Luxury hot chocolate - 2.70, Regular Flavoured hot chocolate - Hazelnut - 2.60",5.3,CASH,
17/04/2025 14:59,London Camden,Eric Lout,"Regular Flavoured latte - Vanilla - 2.55, Large Flavoured hot chocolate - Vanilla - 2.90, Large Chai latte - 2.60, Large Luxury hot chocolate - 2.70",10.75,CARD,6944571464829835
17/04/2025 14:59,London Camden,Linda Hawkins,Regular Hot chocolate - 2.20,2.2,CARD,8368913089514238
17/04/2025 15:00,London Camden,Maria Robinson,"Large Flavoured hot chocolate - Hazelnut - 2.90, Large Flavoured latte - Vanilla - 2.85",5.75,CASH,
17/04/2025 15:01,London Camden,Larry Cohen,"Regular Luxury hot chocolate - 2.40, Large Flavoured hot chocolate - Vanilla - 2.90, Large Flavoured hot chocolate - Hazelnut - 2.90",8.2,CARD,3411194275183091
17/04/2025 15:03,London Camden,Kathleen Robinson,"Large Flavoured hot chocolate - Vanilla - 2.90, Regular Hot chocolate - 2.20, Large Chai latte - 2.60, Regular Flavoured hot chocolate - Hazelnut - 2.60, Large Speciality Tea - Peppermint - 1.60",11.9,CARD,8101877386535108
17/04/2025 15:04,London Camden,Paul Henderson,Regular Speciality Tea - Peppermint - 1.30,1.3,CASH,
17/04/2025 15:05,London Camden,Kenneth Miller,"Large Chai latte - 2.60, Large Luxury hot chocolate - 2.70",5.3,CASH,
17/04/2025 15:06,London Camden,Barbara Younger,"Regular Iced latte - 2.35, Regular Flavoured hot chocolate - Hazelnut - 2.60, Large Speciality Tea - Peppermint - 1.60, Regular Chai latte - 2.30, Regular Luxury hot chocolate - 2.40",11.25,CARD,2936010584945853
17/04/2025 15:07,London Camden,Gloria Sinclair,"Regular Speciality Tea - Peppermint - 1.30, Large Flavoured hot chocolate - Vanilla - 2.90, Regular Flavoured hot chocolate - Vanilla - 2.60",6.8,CARD,4671206968933999
17/04/2025 15:08,London Camden,Edwin Kitchin,"Regular Hot chocolate - 2.20, Large Luxury hot chocolate - 2.70",4.9,CARD,2242829008015531
17/04/2025 15:10,London Camden,Jon Calvin,"Regular Flavoured hot chocolate - Vanilla - 2.60, Large Flavoured latte - Vanilla - 2.85, Regular Flavoured latte - Vanilla - 2.55, Regular Speciality Tea - Peppermint - 1.30, Regular Chai latte - 2.30",11.6,CARD,8256276042961457
17/04/2025 15:11,London Camden,Gertrude Davis,"Large Flavoured hot chocolate - Vanilla - 2.90, Regular Luxury hot chocolate - 2.40",5.3,CASH,
17/04/2025 15:12,London Camden,Cynthia Anderson,"Large Luxury hot chocolate - 2.70, Regular Luxury hot chocolate - 2.40",5.1,CARD,6975637531382410
17/04/2025 15:13,London Camden,Carol Ring,"Large Chai latte - 2.60, Regular Flavoured hot chocolate - Hazelnut - 2.60, Regular Flavoured hot chocolate - Hazelnut - 2.60, Regular Speciality Tea - Peppermint - 1.30, Large Chai latte - 2.60",11.7,CARD,5195584235216977
17/04/2025 15:14,London Camden,Mary Bower,Large Flavoured latte - Vanilla - 2.85,2.85,CARD,5578560384300449
17/04/2025 15:15,London Camden,Luis Quiles,Large Luxury hot chocolate - 2.70,2.7,CARD,3795688031945332
17/04/2025 15:17,London Camden,Alan Samet,"Regular Luxury hot chocolate - 2.40, Regular Flavoured hot chocolate - Vanilla - 2.60, Regular Speciality Tea - Peppermint - 1.30, Large Flavoured hot chocolate - Vanilla - 2.90",9.2,CARD,1789668040534813
17/04/2025 15:18,London Camden,Mary Barton,"Regular Iced latte - 2.35, Regular Iced latte - 2.35, Large Chai latte - 2.60, Regular Hot chocolate - 2.20, Large Flavoured hot chocolate - Hazelnut - 2.90",12.4,CARD,7886885851787002
17/04/2025 15:19,London Camden,Damon Parente,"Regular Chai latte - 2.30, Regular Flavoured latte - Vanilla - 2.55, Large Speciality Tea - Peppermint - 1.60, Regular Chai latte - 2.30",8.75,CARD,4523720235085987
17/04/2025 15:20,London Camden,Peter Toles,"Regular Luxury hot chocolate - 2.40, Regular Chai latte - 2.30, Regular Speciality Tea - Peppermint - 1.30",6.0,CARD,8191241079983153
17/04/2025 15:21,London Camden,Francisco Kirwan,"Large Chai latte - 2.60, Large Hot chocolate - 2.90, Regular Luxury hot chocolate - 2.40, Regular Flavoured hot chocolate - Vanilla - 2.60",10.5,CASH,
17/04/2025 15:22,London Camden,John Chadwick,Regular Flavoured hot chocolate - Hazelnut - 2.60,2.6,CARD,2485320383729549
17/04/2025 15:24,London Camden,Sherry Reinking,"Regular Hot chocolate - 2.20, Large Luxury hot chocolate - 2.70",4.9,CARD,4894941887687882
17/04/2025 15:25,London Camden,Karen Higbee,"Large Hot chocolate - 2.90, Regular Flavoured hot chocolate - Hazelnut - 2.60, Large Flavoured latte - Vanilla - 2.85, Regular Iced latte - 2.35",10.7,CARD,6748121622727530
17/04/2025 15:26,London Camden,Silvia Peters,"Large Flavoured hot chocolate - Vanilla - 2.90, Regular Chai latte - 2.30",5.2,CARD,6785417180908651
17/04/2025 15:27,London Camden,Marcus Dupree,Large Flavoured hot chocolate - Vanilla - 2.90,2.9,CARD,8608652743190001
17/04/2025 15:28,London Camden,Kathryn Cotter,"Large Luxury hot chocolate - 2.70, Regular Hot chocolate - 2.20, Large Flavoured hot chocolate - Hazelnut - 2.90, Regular Flavoured hot chocolate - Hazelnut - 2.60, Regular Flavoured hot chocolate - Vanilla - 2.60",13.0,CARD,3678307658996397
17/04/2025 15:29,London Camden,Stanley Peters,"Regular Flavoured hot chocolate - Hazelnut - 2.60, Large Flavoured hot chocolate - Vanilla - 2.90, Large Iced latte - 2.85, Regular Flavoured latte - Vanilla - 2.55",10.9,CARD,9439235195081718
17/04/2025 15:31,London Camden,Patricia Lusk,"Regular Iced latte - 2.35, Regular Hot chocolate - 2.20, Large Flavoured hot chocolate - Hazelnut - 2.90, Regular Luxury hot chocolate - 2.40, Regular Flavoured hot chocolate - Vanilla - 2.60",12.45,CARD,5878207753266624
17/04/2025 15:32,London Camden,Enrique Payne,Regular Luxury hot chocolate - 2.40,2.4,CARD,5684172371368444
17/04/2025 15:33,London Camden,John Perlman,"Large Flavoured hot chocolate - Vanilla - 2.90, Large Luxury hot chocolate - 2.70",5.6,CASH,
17/04/2025 15:34,London Camden,Marjorie Firman,"Regular Luxury hot chocolate - 2.40, Regular Iced latte - 2.35, Regular Flavoured hot chocolate - Vanilla - 2.60, Regular Flavoured hot chocolate - Vanilla - 2.60",9.95,CARD,3113792379349802
17/04/2025 15:35,London Camden,Santiago Phillips,Regular Flavoured hot chocolate - Hazelnut - 2.60,2.6,CARD,6067464811235232
17/04/2025 15:36,London Camden,Harry Stigall,Large Chai latte - 2.60,2.6,CASH,
17/04/2025 15:38,London Camden,Joseph Wrisley,"Regular Speciality Tea - Peppermint - 1.30, Large Flavoured hot chocolate - Hazelnut - 2.90, Regular Iced latte - 2.35, Regular Hot chocolate - 2.20, Regular Hot chocolate - 2.20, Regular Flavoured latte - Vanilla - 2.55",13.5,CASH,
17/04/2025 15:39,London Camden,Brian Parra,Regular Speciality Tea - Peppermint - 1.30,1.3,CARD,9163194317137668
17/04/2025 15:40,London Camden,Carl Graham,"Large Luxury hot chocolate - 2.70, Large Hot chocolate - 2.90, Large Flavoured hot chocolate - Hazelnut - 2.90, Large Speciality Tea - Peppermint - 1.60, Large Hot chocolate - 2.90, Regular Speciality Tea - Peppermint - 1.30",14.3,CARD,3031355511356200
17/04/2025 15:41,London Camden,Bernadette Ramirez,"Large Speciality Tea - Peppermint - 1.60, Regular Iced latte - 2.35, Large Speciality Tea - Peppermint - 1.60, Large Hot chocolate - 2.90, Large Hot chocolate - 2.90, Regular Flavoured hot chocolate - Vanilla - 2.60",13.95,CARD,2286497917630491
17/04/2025 15:42,London Camden,Charles Goins,"Large Chai latte - 2.60, Regular Flavoured hot chocolate - Vanilla - 2.60",5.2,CASH,
17/04/2025 15:43,London Camden,Aaron Cowels,Large Iced latte - 2.85,2.85,CARD,8766917865102412
17/04/2025 15:45,London Camden,Justine Jerome,"Large Flavoured latte - Vanilla - 2.85, Regular Flavoured hot chocolate - Vanilla - 2.60, Large Flavoured hot chocolate - Vanilla - 2.90",8.35,CARD,9017270684919886
17/04/2025 15:46,London Camden,Leslie Ramirez,"Large Flavoured latte - Vanilla - 2.85, Large Speciality Tea - Peppermint - 1.60, Large Chai latte - 2.60, Large Luxury hot chocolate - 2.70",9.75,CARD,1924352877344482
17/04/2025 15:47,London Camden,Mark Villalobos,Regular Speciality Tea - Peppermint - 1.30,1.3,CASH,
17/04/2025 15:48,London Camden,Naomi Thomas,Regular Flavoured latte - Vanilla - 2.55,2.55,CARD,1690570845948444
17/04/2025 15:49,London Camden,Lance Lopez,"Large Flavoured latte - Vanilla - 2.85, Large Hot chocolate - 2.90, Large Flavoured latte - Vanilla - 2.85, Regular Iced latte - 2.35, Regular Chai latte - 2.30",13.25,CARD,1951480109130671
17/04/2025 15:50,London Camden,Elizabeth Pickett,"Regular Flavoured hot chocolate - Hazelnut - 2.60, Regular Speciality Tea - Peppermint - 1.30",3.9,CARD,6627177083026902
17/04/2025 15:52,London Camden,Joann Lee,"Large Flavoured latte - Vanilla - 2.85, Large Flavoured latte - Vanilla - 2.85",5.7,CARD,8203522394712247
17/04/2025 15:53,London Camden,Edward Pander,"Regular Chai latte - 2.30, Large Flavoured latte - Vanilla - 2.85, Large Speciality Tea - Peppermint - 1.60, Regular Speciality Tea - Peppermint - 1.30, Regular Hot chocolate - 2.20, Large Flavoured hot chocolate - Hazelnut - 2.90",13.15,CARD,6479286445895573
17/04/2025 15:54,London Camden,Barbara Kelly,Regular Speciality Tea - Peppermint - 1.30,1.3,CARD,9830329623984545
17/04/2025 15:55,London Camden,Carmen Pate,"Regular Flavoured latte - Vanilla - 2.55, Large Chai latte - 2.60, Regular Flavoured hot chocolate - Hazelnut - 2.60",7.75,CARD,9692024375770341
17/04/2025 15:56,London Camden,Willard Boehme,"Large Hot chocolate - 2.90, Large Flavoured hot chocolate - Vanilla - 2.90, Large Luxury hot chocolate - 2.70, Regular Chai latte - 2.30",10.8,CASH,
17/04/2025 15:57,London Camden,John Lovett,Regular Speciality Tea - Peppermint - 1.30,1.3,CARD,8515952305354288
17/04/2025 15:59,London Camden,Rhonda Bruni,"Large Iced latte - 2.85, Regular Flavoured latte - Vanilla - 2.55, Regular Iced latte - 2.35, Large Chai latte - 2.60",10.35,CASH,
17/04/2025 16:00,London Camden,Kim Oliver,Regular Flavoured hot chocolate - Vanilla - 2.60,2.6,CARD,7350786833071750
17/04/2025 16:02,London Camden,Gary Johnson,"Regular Flavoured hot chocolate - Vanilla - 2.60, Regular Hot chocolate - 2.20, Regular Flavoured hot chocolate - Hazelnut - 2.60, Regular Speciality Tea - Peppermint - 1.30",8.7,CARD,3277695164758799
17/04/2025 16:04,London Camden,Joseph Gadison,Regular Speciality Tea - Peppermint - 1.30,1.3,CARD,1400760261996070
17/04/2025 16:06,London Camden,Clifford Morgan,"Large Hot chocolate - 2.90, Large Hot chocolate - 2.90, Large Luxury hot chocolate - 2.70",8.5,CARD,3342699242973523
17/04/2025 16:09,London Camden,Evan Cremin,"Large Speciality Tea - Peppermint - 1.60, Regular Speciality Tea - Peppermint - 1.30",2.9,CASH,
17/04/2025 16:11,London Camden,Thomas Streett,Regular Iced latte - 2.35,2.35,CARD,7272262696050377
17/04/2025 16:13,London Camden,Sylvia Madison,"Large Flavoured hot chocolate - Hazelnut - 2.90, Large Flavoured hot chocolate - Vanilla - 2.90, Regular Flavoured hot chocolate - Vanilla - 2.60",8.4,CASH,
17/04/2025 16:15,London Camden,Daniel Mason,"Regular Speciality Tea - Peppermint - 1.30, Regular Speciality Tea - Peppermint - 1.30, Large Speciality Tea - Peppermint - 1.60",4.2,CARD,7149630273167821
17/04/2025 16:18,London Camden,Tara Braun,Regular Chai latte - 2.30,2.3,CASH,
17/04/2025 16:20,London Camden,Jeffrey Cothran,"Regular Flavoured latte - Vanilla - 2.55, Large Luxury hot chocolate - 2.70, Large Luxury hot chocolate - 2.70, Large Speciality Tea - Peppermint - 1.60",9.55,CARD,7075127481141703
17/04/2025 16:22,London Camden,Johnny Hatchett,"Large Hot chocolate - 2.90, Large Speciality Tea - Peppermint - 1.60",4.5,CARD,2407535327455085
17/04/2025 16:24,London Camden,Nancy Meighan,"Regular Luxury hot chocolate - 2.40, Large Iced latte - 2.85, Large Iced latte - 2.85, Regular Speciality Tea - Peppermint - 1.30",9.4,CARD,8569517013321678
17/04/2025 16:26,London Camden,Katherine Plotz,Regular Flavoured hot chocolate - Vanilla - 2.60,2.6,CARD,6802524697812758
17/04/2025 16:29,London Camden,Sherry Johnson,Large Speciality Tea - Peppermint - 1.60,1.6,CARD,2092555810267815
17/04/2025 16:31,London Camden,Samuel Alvarez,"Large Luxury hot chocolate - 2.70, Regular Hot chocolate - 2.20, Large Speciality Tea - Peppermint - 1.60, Regular Flavoured latte - Vanilla - 2.55",9.05,CARD,4234077254564806
17/04/2025 16:33,London Camden,Matthew Sanders,Regular Chai latte - 2.30,2.3,CARD,5402824712159621
17/04/2025 16:35,London Camden,Jack Chaney,"Regular Flavoured hot chocolate - Hazelnut - 2.60, Large Flavoured hot chocolate - Vanilla - 2.90, Large Luxury hot chocolate - 2.70",8.2,CARD,4940964784767987
17/04/2025 16:37,London Camden,Donna Croteau,Regular Hot chocolate - 2.20,2.2,CARD,6998382771737926
17/04/2025 16:40,London Camden,Dana Economou,"Regular Speciality Tea - Peppermint - 1.30, Large Flavoured hot chocolate - Hazelnut - 2.90",4.2,CASH,
17/04/2025 16:42,London Camden,Carlos Crabtree,"Large Iced latte - 2.85, Large Flavoured latte - Vanilla - 2.85, Large Hot chocolate - 2.90, Large Speciality Tea - Peppermint - 1.60",10.2,CASH,
17/04/2025 16:44,London Camden,Andrea Huro,"Regular Hot chocolate - 2.20, Large Luxury hot chocolate - 2.70",4.9,CARD,2938535122894699
17/04/2025 16:46,London Camden,Robert Dixon,"Large Flavoured latte - Vanilla - 2.85, Large Flavoured latte - Vanilla - 2.85",5.7,CARD,9065181338975026
17/04/2025 16:49,London Camden,James Triplett,"Regular Hot chocolate - 2.20, Regular Flavoured hot chocolate - Vanilla - 2.60, Large Flavoured latte - Vanilla - 2.85",7.65,CARD,6007320192169305
17/04/2025 16:51,London Camden,Florine Lenis,"Large Flavoured latte - Vanilla - 2.85, Regular Speciality Tea - Peppermint - 1.30",4.15,CARD,5229462872035956
17/04/2025 16:53,London Camden,Mathew Thomas,"Large Iced latte - 2.85, Regular Chai latte - 2.30",5.15,CARD,2591971374279808
17/04/2025 16:55,London Camden,Sherry Johnson,Large Speciality Tea - Peppermint - 1.60,1.6,CARD,7955298467391284
17/04/2025 16:57,London Camden,William Smith,"Regular Flavoured hot chocolate - Vanilla - 2.60, Regular Flavoured hot chocolate - Vanilla - 2.60, Large Speciality Tea - Peppermint - 1.60",6.8,CASH,
