14/04/2025 09:00,London Camden,Mark Haynes,"Regular Hot chocolate - 2.20, Regular Iced latte - 2.35, Regular Hot chocolate - 2.20, Large Flavoured hot chocolate - Vanilla - 2.90",9.65,CASH,
14/04/2025 09:02,London Camden,David Meade,Regular Luxury hot chocolate - 2.40,2.4,CASH,
14/04/2025 09:05,London Camden,Ashley Brown,"Large Luxury hot chocolate - 2.70, Large Flavoured hot chocolate - Vanilla - 2.90, Large Flavoured latte - Vanilla - 2.85, Regular Speciality Tea - Peppermint - 1.30, Large Iced latte - 2.85",12.6,CARD,1022703633269646
14/04/2025 09:08,London Camden,Alonzo Lowe,"Regular Flavoured latte - Vanilla - 2.55, Regular Luxury hot chocolate - 2.40, Regular Luxury hot chocolate - 2.40",7.35,CASH,
14/04/2025 09:10,London Camden,Antonia Darby,Large Luxury hot chocolate - 2.70,2.7,CARD,8618197940336418
14/04/2025 09:13,London Camden,Pamela Colunga,"Large Flavoured hot chocolate - Vanilla - 2.90, Regular Flavoured hot chocolate - Vanilla - 2.60, Regular Flavoured latte - Vanilla - 2.55, Regular Flavoured latte - Vanilla - 2.55, Regular Flavoured hot chocolate - Vanilla - 2.60",13.2,CARD,2559368851993890
14/04/2025 09:16,London Camden,Lori Wood,"Large Hot chocolate - 2.90, Regular Iced latte - 2.35, Regular Chai latte - 2.30, Regular Iced latte - 2.35",9.9,CARD,4433843964456211
14/04/2025 09:19,London Camden,Glenna Martin,Large Speciality Tea - Peppermint - 1.60,1.6,CARD,8198116520166292
14/04/2025 09:21,London Camden,David Livingston,"Large Flavoured latte - Vanilla - 2.85, Regular Chai latte - 2.30, Regular Flavoured hot chocolate - Vanilla - 2.60, Large Chai latte - 2.60",10.35,CARD,7254513099095443
14/04/2025 09:24,London Camden,Christopher Crafton,"Large Chai latte - 2.60, Large Iced latte - 2.85",5.45,CASH,
14/04/2025 09:27,London Camden,Jane Rushton,"Regular Iced latte - 2.35, Regular Speciality Tea - Peppermint - 1.30, Large Speciality Tea - Peppermint - 1.60",5.25,CARD,2279403870963828
14/04/2025 09:29,London Camden,David Orsi,Regular Flavoured hot chocolate - Hazelnut - 2.60,2.6,CARD,3022930845397771
14/04/2025 09:32,London Camden,Paul Smith,"Large Speciality Tea - Peppermint - 1.60, Regular Flavoured latte - Vanilla - 2.55, Regular Flavoured hot chocolate - Hazelnut - 2.60",6.75,CARD,9267432210297855
14/04/2025 09:35,London Camden,Donna Singh,"Regular Speciality Tea - Peppermint - 1.30, Regular Flavoured hot chocolate - Vanilla - 2.60, Regular Hot chocolate - 2.20, Regular Hot chocolate - 2.20",8.3,CARD,7760780844904536
14/04/2025 09:38,London Camden,Samantha Michael,"Large Flavoured hot chocolate - Vanilla - 2.90, Regular Luxury hot chocolate - 2.40, Regular Flavoured hot chocolate - Hazelnut - 2.60, Large Luxury hot chocolate - 2.70",10.6,CASH,
14/04/2025 09:40,London Camden,Joan Glass,"Large Speciality Tea - Peppermint - 1.60, Large Iced latte - 2.85, Large Flavoured latte - Vanilla - 2.85, Regular Flavoured latte - Vanilla - 2.55",9.85,CARD,7005476841016543
14/04/2025 09:43,London Camden,Eunice Fowler,"Regular Flavoured latte - Vanilla - 2.55, Regular Flavoured hot chocolate - Vanilla - 2.60",5.15,CARD,4759202075533712
14/04/2025 09:46,London Camden,Teresa Popp,"Large Luxury hot chocolate - 2.70, Large Flavoured hot chocolate - Vanilla - 2.90, Large Speciality Tea - Peppermint - 1.60, Regular Iced latte - 2.35",9.55,CASH,
14/04/2025 09:48,London Camden,Michael Bonar,"Large Flavoured hot chocolate - Hazelnut - 2.90, Regular Speciality Tea - Peppermint - 1.30",4.2,CARD,7237107343243622
14/04/2025 09:51,London Camden,Belinda Doe,"Regular Flavoured latte - Vanilla - 2.55, Large Hot chocolate - 2.90",5.45,CASH,
14/04/2025 09:54,London Camden,Allen Hayne,"Regular Flavoured hot chocolate - Hazelnut - 2.60, Regular Hot chocolate - 2.20, Large Chai latte - 2.60",7.4,CARD,3111081402787355
14/04/2025 09:57,London Camden,Vanessa Elston,"Regular Chai latte - 2.30, Regular Flavoured latte - Vanilla - 2.55, Large Flavoured hot chocolate - Vanilla - 2.90",7.75,CARD,9784154039928719
14/04/2025 09:59,London Camden,Susan Harris,"Regular Flavoured hot chocolate - Vanilla - 2.60, Regular Chai latte - 2.30, Regular Hot chocolate - 2.20, Large Hot chocolate - 2.90, Regular Speciality Tea - Peppermint - 1.30",11.3,CARD,7239429671932188
14/04/2025 10:02,London Camden,Michael Dorgan,"Regular Chai latte - 2.30, Regular Luxury hot chocolate - 2.40, Regular Luxury hot chocolate - 2.40",7.1,CARD,9229418144229512
14/04/2025 10:04,London Camden,Margaret Pelt,"Regular Flavoured latte - Vanilla - 2.55, Regular Flavoured hot chocolate - Hazelnut - 2.60, Regular Speciality Tea - Peppermint - 1.30",6.45,CASH,
14/04/2025 10:06,London Camden,Diego Renee,"Regular Chai latte - 2.30, Large Chai latte - 2.60, Regular Speciality Tea - Peppermint - 1.30",6.2,CARD,8014416664730776
14/04/2025 10:09,London Camden,Patrick Chism,"Regular Hot chocolate - 2.20, Regular Flavoured hot chocolate - Vanilla - 2.60, Large Flavoured latte - Vanilla - 2.85, Large Luxury hot chocolate - 2.70, Large Flavoured hot chocolate - Hazelnut - 2.90",13.25,CASH,
14/04/2025 10:11,London Camden,Delma Depalma,Large Speciality Tea - Peppermint - 1.60,1.6,CASH,
14/04/2025 10:13,London Camden,Nelson Records,"Regular Speciality Tea - Peppermint - 1.30, Regular Speciality Tea - Peppermint - 1.30, Regular Hot chocolate - 2.20, Regular Iced latte - 2.35, Large Speciality Tea - Peppermint - 1.60",8.75,CARD,7472851484660419
14/04/2025 10:15,London Camden,Walter Gross,"Regular Flavoured latte - Vanilla - 2.55, Regular Flavoured latte - Vanilla - 2.55, Large Flavoured latte - Vanilla - 2.85, Large Flavoured hot chocolate - Vanilla - 2.90, Large Chai latte - 2.60",13.45,CARD,1920729675685625
14/04/2025 10:18,London Camden,Dennis Brown,Regular Flavoured hot chocolate - Vanilla - 2.60,2.6,CARD,9635549009634898
14/04/2025 10:20,London Camden,Ann Briggs,Large Flavoured hot chocolate - Vanilla - 2.90,2.9,CARD,9760723463686638
14/04/2025 10:22,London Camden,Jason Zaragoza,"Large Luxury hot chocolate - 2.70, Large Speciality Tea - Peppermint - 1.60, Large Speciality Tea - Peppermint - 1.60",5.9,CARD,2697873273853213
14/04/2025 10:24,London Camden,Junior Padilla,Regular Flavoured hot chocolate - Hazelnut - 2.60,2.6,CARD,7326135041259928
14/04/2025 10:26,London Camden,Shannon Nelson,"Large Iced latte - 2.85, Large Speciality Tea - Peppermint - 1.60, Large Luxury hot chocolate - 2.70, Regular Flavoured hot chocolate - Hazelnut - 2.60, Regular Flavoured hot chocolate - Vanilla - 2.60",12.35,CASH,
14/04/2025 10:29,London Camden,Susan Cervantes,Regular Iced latte - 2.35,2.35,CARD,2275851440187209
14/04/2025 10:31,London Camden,Michael Williams,"Regular Iced latte - 2.35, Regular Hot chocolate - 2.20, Regular Hot chocolate - 2.20, Large Iced latte - 2.85, Large Iced latte - 2.85, Large Speciality Tea - Peppermint - 1.60",14.05,CASH,
14/04/2025 10:33,London Camden,Kevin Bancroft,Regular Flavoured hot chocolate - Hazelnut - 2.60,2.6,CASH,
14/04/2025 10:35,London Camden,Joann Barraza,"Regular Luxury hot chocolate - 2.40, Regular Iced latte - 2.35, Regular Flavoured hot chocolate - Vanilla - 2.60, Large Chai latte - 2.60",9.95,CARD,6569501182403346
14/04/2025 10:37,London Camden,Adrian Ester,"Large Iced latte - 2.85, Regular Flavoured hot chocolate - Vanilla - 2.60",5.45,CARD,3433119452804487
14/04/2025 10:40,London Camden,Robert Sipes,Large Iced latte - 2.85,2.85,CARD,9457516004315703
14/04/2025 10:42,London Camden,Lauren Mulvaney,"Large Luxury hot chocolate - 2.70, Large Flavoured hot chocolate - Vanilla - 2.90, Regular Flavoured latte - Vanilla - 2.55",8.15,CASH,
14/04/2025 10:44,London Camden,Murray Schoeffler,"Regular Flavoured hot chocolate - Hazelnut - 2.60, Regular Hot chocolate - 2.20, Regular Flavoured hot chocolate - Hazelnut - 2.60, Large Flavoured hot chocolate - Hazelnut - 2.90, Large Flavoured hot chocolate - Vanilla - 2.90",13.2,CASH,
14/04/2025 10:46,London Camden,Cody Vogelpohl,"Regular Hot chocolate - 2.20, Large Speciality Tea - Peppermint - 1.60, Large Speciality Tea - Peppermint - 1.60, Large Luxury hot chocolate - 2.70",8.1,CASH,
14/04/2025 10:49,London Camden,Eva Pfannenstiel,"Large Flavoured latte - Vanilla - 2.85, Large Flavoured latte - Vanilla - 2.85, Large Flavoured hot chocolate - Vanilla - 2.90, Regular Chai latte - 2.30, Regular Speciality Tea - Peppermint - 1.30",12.2,CARD,6818710848974433
14/04/2025 10:51,London Camden,Patrick Paige,"Regular Chai latte - 2.30, Regular Flavoured latte - Vanilla - 2.55",4.85,CASH,
14/04/2025 10:53,London Camden,Jeffry Cruz,Regular Iced latte - 2.35,2.35,CARD,7201135290073670
14/04/2025 10:55,London Camden,Angela Kenyon,Large Speciality Tea - Peppermint - 1.60,1.6,CARD,2461428714059255
14/04/2025 10:57,London Camden,Janet Koontz,"Large Flavoured hot chocolate - Vanilla - 2.90, Large Iced latte - 2.85, Regular Flavoured hot chocolate - Vanilla - 2.60",8.35,CARD,8420737438021830
14/04/2025 11:00,London Camden,Andrew Baxter,Regular Luxury hot chocolate - 2.40,2.4,CARD,3047605838518072
14/04/2025 11:02,London Camden,Edwin Levinthal,"Large Chai latte - 2.60, Large Chai latte - 2.60, Regular Iced latte - 2.35, Regular Flavoured hot chocolate - Hazelnut - 2.60, Large Chai latte - 2.60, Large Luxury hot chocolate - 2.70",15.45,CASH,
14/04/2025 11:05,London Camden,Diane Hayes,Large Iced latte - 2.85,2.85,CASH,
14/04/2025 11:07,London Camden,Peter Hyatt,"Regular Speciality Tea - Peppermint - 1.30, Large Speciality Tea - Peppermint - 1.60, Regular Flavoured hot chocolate - Vanilla - 2.60, Large Speciality Tea - Peppermint - 1.60",7.1,CASH,
14/04/2025 11:10,London Camden,Jeffrey Sou,"Large Flavoured latte - Vanilla - 2.85, Large Luxury hot chocolate - 2.70, Regular Flavoured latte - Vanilla - 2.55, Large Luxury hot chocolate - 2.70",10.8,CARD,2309793515811829
14/04/2025 11:12,London Camden,Sharon Coria,"Large Flavoured latte - Vanilla - 2.85, Large Flavoured hot chocolate - Hazelnut - 2.90",5.75,CARD,8365101504527649
14/04/2025 11:15,London Camden,Joshua Green,"Large Iced latte - 2.85, Large Flavoured hot chocolate - Vanilla - 2.90, Large Iced latte - 2.85",8.6,CARD,5658816409362889
14/04/2025 11:17,London Camden,Thomas Cradle,"Regular Flavoured hot chocolate - Vanilla - 2.60, Regular Hot chocolate - 2.20, Regular Hot chocolate - 2.20",7.0,CARD,7405597596064650
14/04/2025 11:20,London Camden,Francis Stookey,"Large Iced latte - 2.85, Large Flavoured hot chocolate - Hazelnut - 2.90, Regular Hot chocolate - 2.20, Large Chai latte - 2.60",10.55,CARD,2492587729143289
14/04/2025 11:22,London Camden,Karen Richardson,Regular Luxury hot chocolate - 2.40,2.4,CARD,1721131075268265
14/04/2025 11:25,London Camden,Rena Pushard,"Regular Flavoured latte - Vanilla - 2.55, Large Luxury hot chocolate - 2.70",5.25,CARD,1737150020993087
14/04/2025 11:27,London Camden,Clifford Bradley,Regular Flavoured hot chocolate - Hazelnut - 2.60,2.6,CARD,5398033529871822
14/04/2025 11:30,London Camden,David Reed,"Large Speciality Tea - Peppermint - 1.60, Large Flavoured hot chocolate - Vanilla - 2.90, Regular Speciality Tea - Peppermint - 1.30, Regular Iced latte - 2.35, Large Luxury hot chocolate - 2.70",10.85,CARD,1559910140288047
14/04/2025 11:32,London Camden,Alphonso Wiley,"Regular Speciality Tea - Peppermint - 1.30, Regular Flavoured hot chocolate - Vanilla - 2.60",3.9,CASH,
14/04/2025 11:35,London Camden,Christopher White,"Large Luxury hot chocolate - 2.70, Large Flavoured latte - Vanilla - 2.85",5.55,CARD,2453623560513754
14/04/2025 11:37,London Camden,Hugh Knowles,Regular Chai latte - 2.30,2.3,CARD,2834852922245517
14/04/2025 11:40,London Camden,Michael Tiller,"Large Luxury hot chocolate - 2.70, Regular Flavoured hot chocolate - Vanilla - 2.60, Regular Flavoured latte - Vanilla - 2.55",7.85,CARD,7888745703812399
14/04/2025 11:42,London Camden,Dennis Irvin,Large Luxury hot chocolate - 2.70,2.7,CASH,
14/04/2025 11:45,London Camden,Roberto Doud,"Regular Speciality Tea - Peppermint - 1.30, Regular Flavoured hot chocolate - Hazelnut - 2.60, Large Flavoured latte - Vanilla - 2.85",6.75,CASH,
14/04/2025 11:47,London Camden,Tanya Espinal,Regular Flavoured latte - Vanilla - 2.55,2.55,CASH,
14/04/2025 11:50,London Camden,Mattie Kim,"Large Luxury hot chocolate - 2.70, Regular Flavoured hot chocolate - Hazelnut - 2.60",5.3,CARD,6292125083790079
14/04/2025 11:52,London Camden,Lisa Howard,Large Iced latte - 2.85,2.85,CASH,
14/04/2025 11:55,London Camden,Ronald Koller,"Regular Iced latte - 2.35, Large Iced latte - 2.85",5.2,CARD,6506276328431418
14/04/2025 11:57,London Camden,Tracey Baker,"Large Flavoured hot chocolate - Hazelnut - 2.90, Regular Speciality Tea - Peppermint - 1.30",4.2,CARD,7116432499197773
14/04/2025 12:00,London Camden,Ralph Miller,Large Speciality Tea - Peppermint - 1.60,1.6,CARD,2926326167182972
14/04/2025 12:02,London Camden,Charles Guffey,Regular Speciality Tea - Peppermint - 1.30,1.3,CASH,
14/04/2025 12:03,London Camden,David Stephens,"Large Flavoured latte - Vanilla - 2.85, Regular Luxury hot chocolate - 2.40, Regular Flavoured latte - Vanilla - 2.55, Large Hot chocolate - 2.90, Regular Speciality Tea - Peppermint - 1.30, Regular Flavoured hot chocolate - Vanilla - 2.60",14.6,CARD,4442918123708351
14/04/2025 12:05,London Camden,Joni Spencer,"Regular Flavoured latte - Vanilla - 2.55, Regular Flavoured latte - Vanilla - 2.55, Regular Flavoured latte - Vanilla - 2.55, Regular Flavoured latte - Vanilla - 2.55, Regular Speciality Tea - Peppermint - 1.30, Large Luxury hot chocolate - 2.70",14.2,CARD,6803952262919881
14/04/2025 12:07,London Camden,Perry Johnson,Large Luxury hot chocolate - 2.70,2.7,CARD,7415907614928183
14/04/2025 12:09,London Camden,Raymond Horn,Large Iced latte - 2.85,2.85,CARD,1814702892988140
14/04/2025 12:11,London Camden,James Mosley,Large Flavoured hot chocolate - Vanilla - 2.90,2.9,CASH,
14/04/2025 12:13,London Camden,Corie Blackmon,"Large Flavoured hot chocolate - Hazelnut - 2.90, Large Speciality Tea - Peppermint - 1.60, Large Flavoured latte - Vanilla - 2.85, Regular Hot chocolate - 2.20, Large Luxury hot chocolate - 2.70",12.25,CASH,
14/04/2025 12:15,London Camden,Brittany Leal,"Large Iced latte - 2.85, Large Iced latte - 2.85, Regular Iced latte - 2.35",8.05,CARD,5545255888187960
14/04/2025 12:17,London Camden,Dante Rice,Regular Iced latte - 2.35,2.35,CARD,9622241532450208
14/04/2025 12:19,London Camden,Katie Wright,"Large Luxury hot chocolate - 2.70, Large Flavoured latte - Vanilla - 2.85",5.55,CARD,6026954433677330
14/04/2025 12:21,London Camden,Nathaniel Holmes,"Regular Flavoured hot chocolate - Hazelnut - 2.60, Large Hot chocolate - 2.90, Regular Flavoured hot chocolate - Vanilla - 2.60, Large Speciality Tea - Peppermint - 1.60",9.7,CARD,2602607534175213
14/04/2025 12:23,London Camden,Robert Degraw,"Large Chai latte - 2.60, Large Flavoured hot chocolate - Hazelnut - 2.90, Regular Luxury hot chocolate - 2.40",7.9,CASH,
14/04/2025 12:25,London Camden,Cynthia Walter,"Large Flavoured hot chocolate - Vanilla - 2.90, Large Chai latte - 2.60",5.5,CARD,8405796112852115
14/04/2025 12:27,London Camden,Ronald Morgan,"Regular Flavoured latte - Vanilla - 2.55, Regular Speciality Tea - Peppermint - 1.30, Large Flavoured latte - Vanilla - 2.85, Large Flavoured hot chocolate - Vanilla - 2.90",9.6,CARD,8311117053047126
14/04/2025 12:29,London Camden,Willis Terry,"Large Flavoured latte - Vanilla - 2.85, Large Flavoured hot chocolate - Hazelnut - 2.90, Regular Chai latte - 2.30, Large Flavoured latte - Vanilla - 2.85, Regular Chai latte - 2.30",13.2,CARD,2328412231711305
14/04/2025 12:31,London Camden,Casey Merlo,"Large Flavoured latte - Vanilla - 2.85, Regular Flavoured hot chocolate - Vanilla - 2.60, Large Chai latte - 2.60, Regular Speciality Tea - Peppermint - 1.30",9.35,CARD,4846224035556140
14/04/2025 12:32,London Camden,Barbara Kirkwood,"Regular Flavoured hot chocolate - Vanilla - 2.60, Large Speciality Tea - Peppermint - 1.60, Large Iced latte - 2.85, Large Iced latte - 2.85, Regular Speciality Tea - Peppermint - 1.30",11.2,CARD,4621863780655835
14/04/2025 12:34,London Camden,Katharine Pettigrew,Regular Flavoured hot chocolate - Vanilla - 2.60,2.6,CARD,8206256546199823
14/04/2025 12:36,London Camden,John Woodward,"Large Flavoured hot chocolate - Vanilla - 2.90, Regular Iced latte - 2.35",5.25,CARD,6337209798714645
14/04/2025 12:38,London Camden,Misty Speed,"Regular Flavoured hot chocolate - Vanilla - 2.60, Large Flavoured hot chocolate - Vanilla - 2.90",5.5,CASH,
14/04/2025 12:40,London Camden,Laura Clyatt,"Large Iced latte - 2.85, Regular Chai latte - 2.30",5.15,CARD,5510570680531447
14/04/2025 12:42,London Camden,Jeremiah Dye,"Regular Flavoured latte - Vanilla - 2.55, Large Iced latte - 2.85",5.4,CARD,8528846045008970
14/04/2025 12:44,London Camden,Lori Fisher,"Large Iced latte - 2.85, Large Flavoured hot chocolate - Vanilla - 2.90",5.75,CARD,1570021238960142
14/04/2025 12:46,London Camden,Sarah Smith,"Regular Iced latte - 2.35, Large Flavoured hot chocolate - Vanilla - 2.90",5.25,CASH,
14/04/2025 12:48,London Camden,Brenda West,Large Speciality Tea - Peppermint - 1.60,1.6,CASH,
14/04/2025 12:50,London Camden,Sarah Peterson,"Large Iced latte - 2.85, Regular Luxury hot chocolate - 2.40",5.25,CARD,1256596335725456
14/04/2025 12:52,London Camden,Robert Geary,"Regular Flavoured hot chocolate - Hazelnut - 2.60, Regular Luxury hot chocolate - 2.40, Regular Flavoured hot chocolate - Vanilla - 2.60, Regular Hot chocolate - 2.20",9.8,CARD,6290760416707151
14/04/2025 12:54,London Camden,Ruben Hicks,"Large Chai latte - 2.60, Large Chai latte - 2.60, Regular Hot chocolate - 2.20",7.4,CARD,7380697364889116
14/04/2025 12:56,London Camden,Jason Davis,"Large Speciality Tea - Peppermint - 1.60, Large Luxury hot chocolate - 2.70",4.3,CARD,7412562204905717
14/04/2025 12:58,London Camden,Eleanore Kamaka,"Large Flavoured latte - Vanilla - 2.85, Large Flavoured hot chocolate - Vanilla - 2.90, Regular Iced latte - 2.35",8.1,CARD,8570641820164821
14/04/2025 13:00,London Camden,Mary Matesic,"Large Speciality Tea - Peppermint - 1.60, Regular Speciality Tea - Peppermint - 1.30, Regular Flavoured hot chocolate - Hazelnut - 2.60",5.5,CARD,3982707551640008
14/04/2025 13:00,London Camden,Frederick Mason,"Large Luxury hot chocolate - 2.70, Regular Flavoured latte - Vanilla - 2.55, Regular Chai latte - 2.30, Regular Iced latte - 2.35",9.9,CARD,4218750085019685
14/04/2025 13:01,London Camden,Johnny Robinson,"Regular Iced latte - 2.35, Large Luxury hot chocolate - 2.70",5.05,CASH,
14/04/2025 13:02,London Camden,Freddy Peacock,Regular Luxury hot chocolate - 2.40,2.4,CARD,2660545742498908
14/04/2025 13:03,London Camden,Cecil Lambe,"Regular Iced latte - 2.35, Regular Flavoured hot chocolate - Hazelnut - 2.60, Large Flavoured hot chocolate - Hazelnut - 2.90, Regular Luxury hot chocolate - 2.40",10.25,CARD,4694176175285417
14/04/2025 13:04,London Camden,Margie Hensley,"Regular Flavoured latte - Vanilla - 2.55, Regular Luxury hot chocolate - 2.40, Large Iced latte - 2.85",7.8,CARD,5379730933398038
14/04/2025 13:05,London Camden,Suzanne Jackson,"Large Iced latte - 2.85, Large Chai latte - 2.60, Large Speciality Tea - Peppermint - 1.60, Large Speciality Tea - Peppermint - 1.60, Regular Speciality Tea - Peppermint - 1.30, Large Flavoured hot chocolate - Hazelnut - 2.90",12.85,CARD,6600068416288873
14/04/2025 13:06,London Camden,William Lux,"Regular Flavoured latte - Vanilla - 2.55, Large Luxury hot chocolate - 2.70, Large Flavoured latte - Vanilla - 2.85",8.1,CARD,5682465963366207
14/04/2025 13:07,London Camden,Donald Wagoner,"Large Flavoured hot chocolate - Hazelnut - 2.90, Regular Hot chocolate - 2.20",5.1,CARD,8517988699534119
14/04/2025 13:08,London Camden,Michael Lorenzen,Large Luxury hot chocolate - 2.70,2.7,CARD,7465587650514979
14/04/2025 13:08,London Camden,Kathy Kleeb,"Regular Flavoured hot chocolate - Vanilla - 2.60, Regular Speciality Tea - Peppermint - 1.30",3.9,CASH,
14/04/2025 13:09,London Camden,Virginia Burkes,"Regular Luxury hot chocolate - 2.40, Large Flavoured hot chocolate - Hazelnut - 2.90",5.3,CASH,
14/04/2025 13:10,London Camden,Johnny Webb,"Regular Luxury hot chocolate - 2.40, Regular Hot chocolate - 2.20, Regular Hot chocolate - 2.20",6.8,CASH,
14/04/2025 13:11,London Camden,Jaclyn Bernier,"Regular Flavoured hot chocolate - Hazelnut - 2.60, Large Luxury hot chocolate - 2.70, Large Speciality Tea - Peppermint - 1.60, Large Flavoured hot chocolate - Hazelnut - 2.90",9.8,CARD,8392571795602822
14/04/2025 13:12,London Camden,Esther Williams,Large Flavoured hot chocolate - Hazelnut - 2.90,2.9,CARD,2636422373625204
14/04/2025 13:13,London Camden,Martha Maldonado,"Regular Chai latte - 2.30, Large Flavoured hot chocolate - Hazelnut - 2.90, Large Chai latte - 2.60, Regular Luxury hot chocolate - 2.40, Large Hot chocolate - 2.90",13.1,CASH,
14/04/2025 13:14,London Camden,Deloris Mikos,"Regular Iced latte - 2.35, Large Hot chocolate - 2.90, Regular Luxury hot chocolate - 2.40",7.65,CASH,
14/04/2025 13:15,London Camden,Cathy Ortiz,"Large Chai latte - 2.60, Large Flavoured latte - Vanilla - 2.85, Large Speciality Tea - Peppermint - 1.60, Regular Speciality Tea - Peppermint - 1.30, Large Chai latte - 2.60, Large Luxury hot chocolate - 2.70",13.65,CASH,
14/04/2025 13:15,London Camden,Bruce Darby,"Regular Flavoured latte - Vanilla - 2.55, Regular Flavoured hot chocolate - Hazelnut - 2.60, Large Luxury hot chocolate - 2.70, Regular Hot chocolate - 2.20",10.05,CARD,7203184573485989
14/04/2025 13:16,London Camden,Anthony Ghent,"Large Iced latte - 2.85, Large Flavoured hot chocolate - Vanilla - 2.90, Large Chai latte - 2.60, Regular Flavoured hot chocolate - Hazelnut - 2.60",10.95,CARD,8052229045410860
14/04/2025 13:17,London Camden,Nellie Hunter,"Large Iced latte - 2.85, Large Hot chocolate - 2.90, Large Speciality Tea - Peppermint - 1.60",7.35,CASH,
14/04/2025 13:18,London Camden,Thelma Burns,"Large Chai latte - 2.60, Large Luxury hot chocolate - 2.70, Regular Flavoured latte - Vanilla - 2.55",7.85,CASH,
14/04/2025 13:19,London Camden,Lila Bledsoe,Large Speciality Tea - Peppermint - 1.60,1.6,CARD,6519731157463220
14/04/2025 13:20,London Camden,Kenneth Aldrich,"Large Iced latte - 2.85, Large Chai latte - 2.60, Regular Flavoured hot chocolate - Hazelnut - 2.60",8.05,CASH,
14/04/2025 13:21,London Camden,Jean Estrada,"Large Luxury hot chocolate - 2.70, Regular Flavoured hot chocolate - Hazelnut - 2.60, Regular Luxury hot chocolate - 2.40, Large Flavoured hot chocolate - Vanilla - 2.90",10.6,CARD,9835350447897856
14/04/2025 13:22,London Camden,Timika Ford,Regular Speciality Tea - Peppermint - 1.30,1.3,CASH,
14/04/2025 13:23,London Camden,Todd Dozier,Large Flavoured latte - Vanilla - 2.85,2.85,CARD,3075497199294990
14/04/2025 13:23,London Camden,Kristi Padilla,"Regular Iced latte - 2.35, Regular Chai latte - 2.30, Regular Speciality Tea - Peppermint - 1.30",5.95,CARD,5414033004244384
14/04/2025 13:24,London Camden,Angel Cohen,Large Speciality Tea - Peppermint - 1.60,1.6,CARD,5885846295256801
14/04/2025 13:25,London Camden,Katie Olsen,"Regular Flavoured latte - Vanilla - 2.55, Regular Iced latte - 2.35, Large Speciality Tea - Peppermint - 1.60",6.5,CASH,
14/04/2025 13:26,London Camden,Marty Alston,"Large Flavoured hot chocolate - Hazelnut - 2.90, Regular Hot chocolate - 2.20, Large Luxury hot chocolate - 2.70, Large Flavoured hot chocolate - Vanilla - 2.90",10.7,CASH,
14/04/2025 13:27,London Camden,Gregory Tutor,"Large Speciality Tea - Peppermint - 1.60, Regular Flavoured hot chocolate - Vanilla - 2.60, Large Hot chocolate - 2.90",7.1,CARD,4198094669587232
14/04/2025 13:28,London Camden,Sarah Hirsch,Large Luxury hot chocolate - 2.70,2.7,CARD,8160489105507834
14/04/2025 13:29,London Camden,Howard Mendoza,"Regular Speciality Tea - Peppermint - 1.30, Regular Luxury hot chocolate - 2.40, Large Luxury hot chocolate - 2.70",6.4,CARD,2029077062813493
14/04/2025 13:30,London Camden,Gregory Flinn,"Large Luxury hot chocolate - 2.70, Large Speciality Tea - Peppermint - 1.60, Regular Flavoured hot chocolate - Vanilla - 2.60, Regular Luxury hot chocolate - 2.40, Regular Chai latte - 2.30",11.6,CARD,2322280196756184
14/04/2025 13:30,London Camden,Margaret Hall,"Large Flavoured latte - Vanilla - 2.85, Large Flavoured hot chocolate - Hazelnut - 2.90, Large Flavoured latte - Vanilla - 2.85, Large Hot chocolate - 2.90",11.5,CARD,6043365931460333
14/04/2025 13:31,London Camden,Christie Gonzalez,"Large Flavoured hot chocolate - Vanilla - 2.90, Large Flavoured hot chocolate - Hazelnut - 2.90",5.8,CARD,7730754028322677
14/04/2025 13:32,London Camden,Gwen Garcia,Large Flavoured hot chocolate - Hazelnut - 2.90,2.9,CARD,1702758844581195
14/04/2025 13:33,London Camden,Gary Mikasa,"Regular Flavoured hot chocolate - Vanilla - 2.60, Regular Flavoured latte - Vanilla - 2.55, Large Iced latte - 2.85, Large Chai latte - 2.60, Large Chai latte - 2.60",13.2,CARD,1976833689544462
14/04/2025 13:34,London Camden,Ruth Peake,"Regular Flavoured hot chocolate - Vanilla - 2.60, Large Flavoured hot chocolate - Vanilla - 2.90, Regular Hot chocolate - 2.20",7.7,CASH,
14/04/2025 13:35,London Camden,Patricia Taylor,Regular Flavoured latte - Vanilla - 2.55,2.55,CARD,4551911186845377
14/04/2025 13:36,London Camden,Brandon Berkowitz,"Regular Luxury hot chocolate - 2.40, Large Flavoured hot chocolate - Vanilla - 2.90",5.3,CARD,6197250541485638
14/04/2025 13:37,London Camden,Walter Ross,Large Luxury hot chocolate - 2.70,2.7,CASH,
14/04/2025 13:38,London Camden,Alice Gaylor,"Large Hot chocolate - 2.90, Regular Speciality Tea - Peppermint - 1.30",4.2,CARD,2795927416865169
14/04/2025 13:38,London Camden,Marvin Hartman,"Regular Flavoured hot chocolate - Hazelnut - 2.60, Large Luxury hot chocolate - 2.70, Regular Hot chocolate - 2.20",7.5,CARD,9774795507903516
14/04/2025 13:39,London Camden,George Gentry,"Large Flavoured hot chocolate - Hazelnut - 2.90, Regular Iced latte - 2.35, Regular Iced latte - 2.35",7.6,CARD,3463503574930940
14/04/2025 13:40,London Camden,Charles Brown,Regular Chai latte - 2.30,2.3,CASH,
14/04/2025 13:41,London Camden,Tracy Mordino,"Large Flavoured latte - Vanilla - 2.85, Large Luxury hot chocolate - 2.70",5.55,CARD,4914412040352085
14/04/2025 13:42,London Camden,Lois Gonzales,"Regular Speciality Tea - Peppermint - 1.30, Regular Luxury hot chocolate - 2.40",3.7,CARD,4613065082655611
14/04/2025 13:43,London Camden,Jose Gray,"Regular Flavoured hot chocolate - Hazelnut - 2.60, Regular Flavoured hot chocolate - Vanilla - 2.60, Regular Hot chocolate - 2.20",7.4,CARD,4655853754392501
14/04/2025 13:44,London Camden,Richard Martinez,Regular Hot chocolate - 2.20,2.2,CASH,
14/04/2025 13:45,London Camden,Houston Marbury,"Regular Flavoured latte - Vanilla - 2.55, Large Chai latte - 2.60, Large Hot chocolate - 2.90, Regular Flavoured latte - Vanilla - 2.55, Large Chai latte - 2.60, Regular Flavoured latte - Vanilla - 2.55",15.75,CASH,
14/04/2025 13:45,London Camden,Larisa Brown,Regular Luxury hot chocolate - 2.40,2.4,CASH,
14/04/2025 13:46,London Camden,Esther Haywood,"Regular Speciality Tea - Peppermint - 1.30, Regular Hot chocolate - 2.20, Large Flavoured hot chocolate - Hazelnut - 2.90, Regular Speciality Tea - Peppermint - 1.30",7.7,CASH,
14/04/2025 13:47,London Camden,Ronald Ober,"Large Iced latte - 2.85, Large Chai latte - 2.60",5.45,CARD,8805389781916483
14/04/2025 13:48,London Camden,Caroline Vandiford,"Large Luxury hot chocolate - 2.70, Large Flavoured latte - Vanilla - 2.85, Regular Chai latte - 2.30, Large Speciality Tea - Peppermint - 1.60, Regular Flavoured latte - Vanilla - 2.55",12.0,CARD,4974505911390742
14/04/2025 13:49,London Camden,Willie Bedford,"Regular Flavoured hot chocolate - Hazelnut - 2.60, Regular Flavoured hot chocolate - Vanilla - 2.60, Regular Flavoured hot chocolate - Vanilla - 2.60",7.8,CASH,
14/04/2025 13:50,London Camden,Clyde Smith,"Regular Hot chocolate - 2.20, Regular Luxury hot chocolate - 2.40, Regular Flavoured hot chocolate - Hazelnut - 2.60, Large Luxury hot chocolate - 2.70, Large Hot chocolate - 2.90",12.8,CARD,3764493016599968
14/04/2025 13:51,London Camden,Mary Flicker,"Large Flavoured latte - Vanilla - 2.85, Large Flavoured hot chocolate - Hazelnut - 2.90, Large Speciality Tea - Peppermint - 1.60, Large Flavoured hot chocolate - Vanilla - 2.90, Regular Chai latte - 2.30",12.55,CARD,4883026529846704
14/04/2025 13:52,London Camden,Ralph Cohen,Large Flavoured hot chocolate - Hazelnut - 2.90,2.9,CARD,2810565992524370
14/04/2025 13:53,London Camden,Gina Davis,"Large Iced latte - 2.85, Regular Speciality Tea - Peppermint - 1.30",4.15,CARD,8158923455585204
14/04/2025 13:53,London Camden,Christopher Wallace,Regular Flavoured hot chocolate - Vanilla - 2.60,2.6,CARD,9973696178798874
14/04/2025 13:54,London Camden,Jackie Singer,"Regular Iced latte - 2.35, Regular Iced latte - 2.35",4.7,CARD,6731175409020843
14/04/2025 13:55,London Camden,Autumn Roop,Large Luxury hot chocolate - 2.70,2.7,CARD,2252983195905037
14/04/2025 13:56,London Camden,Michael Roller,"Large Speciality Tea - Peppermint - 1.60, Regular Chai latte - 2.30, Large Luxury hot chocolate - 2.70, Large Chai latte - 2.60, Regular Speciality Tea - Peppermint - 1.30",10.5,CARD,2362543613048011
14/04/2025 13:57,London Camden,Edward Smith,"Regular Flavoured hot chocolate - Vanilla - 2.60, Regular Flavoured latte - Vanilla - 2.55",5.15,CASH,
14/04/2025 13:58,London Camden,Andre Grise,"Regular Chai latte - 2.30, Regular Hot chocolate - 2.20",4.5,CARD,8292022338945853
14/04/2025 13:59,London Camden,Stuart Lowe,"Regular Hot chocolate - 2.20, Large Flavoured latte - Vanilla - 2.85",5.05,CARD,3410077760969335
14/04/2025 14:00,London Camden,Mark Young,Large Speciality Tea - Peppermint - 1.60,1.6,CARD,2049669257966919
14/04/2025 14:00,London Camden,Judith Arney,"Large Chai latte - 2.60, Regular Luxury hot chocolate - 2.40, Regular Flavoured latte - Vanilla - 2.55",7.55,CARD,3131718397329231
14/04/2025 14:01,London Camden,Rupert Evans,"Large Iced latte - 2.85, Regular Flavoured latte - Vanilla - 2.55, Large Flavoured hot chocolate - Vanilla - 2.90",8.3,CASH,
14/04/2025 14:02,London Camden,Toney Graney,"Large Hot chocolate - 2.90, Large Chai latte - 2.60",5.5,CARD,5151339114016311
14/04/2025 14:03,London Camden,Tiffany Hilsinger,Large Flavoured hot chocolate - Vanilla - 2.90,2.9,CASH,
14/04/2025 14:04,London Camden,Jose Sikes,"Large Flavoured hot chocolate - Vanilla - 2.90, Large Flavoured latte - Vanilla - 2.85, Regular Flavoured latte - Vanilla - 2.55",8.3,CARD,8479664189328405
14/04/2025 14:05,London Camden,Anthony Cooke,"Regular Iced latte - 2.35, Regular Luxury hot chocolate - 2.40",4.75,CARD,4093964555124771
14/04/2025 14:06,London Camden,Regina Ramirez,"Large Iced latte - 2.85, Large Iced latte - 2.85",5.7,CARD,6812938449665591
14/04/2025 14:07,London Camden,John Auld,"Large Flavoured latte - Vanilla - 2.85, Large Luxury hot chocolate - 2.70",5.55,CARD,8932626839074609
14/04/2025 14:07,London Camden,Ronald Puccio,Large Luxury hot chocolate - 2.70,2.7,CARD,9012826026140933
14/04/2025 14:08,London Camden,Virginia Shin,"Large Hot chocolate - 2.90, Regular Chai latte - 2.30, Regular Flavoured hot chocolate - Hazelnut - 2.60",7.8,CARD,2908650571049082
14/04/2025 14:09,London Camden,Kathleen Lopez,"Large Flavoured hot chocolate - Vanilla - 2.90, Regular Chai latte - 2.30",5.2,CASH,
14/04/2025 14:10,London Camden,Delores Horne,Regular Flavoured hot chocolate - Vanilla - 2.60,2.6,CARD,3435781188583263
14/04/2025 14:11,London Camden,Clinton Green,"Large Chai latte - 2.60, Regular Hot chocolate - 2.20, Regular Iced latte - 2.35, Large Flavoured hot chocolate - Vanilla - 2.90",10.05,CARD,6009296268547067
14/04/2025 14:12,London Camden,Pedro Britton,"Large Speciality Tea - Peppermint - 1.60, Large Chai latte - 2.60, Regular Flavoured hot chocolate - Vanilla - 2.60",6.8,CASH,
14/04/2025 14:13,London Camden,Lisa Smith,"Regular Flavoured hot chocolate - Hazelnut - 2.60, Large Flavoured hot chocolate - Vanilla - 2.90",5.5,CARD,6748816224457297
14/04/2025 14:13,London Camden,Meredith Montoya,Regular Luxury hot chocolate - 2.40,2.4,CARD,1742115067673234
14/04/2025 14:14,London Camden,Timmy Brooks,"Regular Speciality Tea - Peppermint - 1.30, Large Hot chocolate - 2.90",4.2,CARD,3847520518743904
14/04/2025 14:15,London Camden,Annie Askew,"Regular Hot chocolate - 2.20, Regular Flavoured latte - Vanilla - 2.55, Large Flavoured hot chocolate - Hazelnut - 2.90, Large Flavoured hot chocolate - Hazelnut - 2.90",10.55,CASH,
14/04/2025 14:16,London Camden,Roy Pliml,"Large Flavoured hot chocolate - Hazelnut - 2.90, Large Hot chocolate - 2.90, Regular Speciality Tea - Peppermint - 1.30",7.1,CARD,5029960840904403
14/04/2025 14:17,London Camden,Kimberly Johnson,Regular Flavoured latte - Vanilla - 2.55,2.55,CARD,5961530819482783
14/04/2025 14:18,London Camden,Denise White,"Large Flavoured hot chocolate - Vanilla - 2.90, Regular Hot chocolate - 2.20, Regular Flavoured latte - Vanilla - 2.55",7.65,CARD,2310799040781882
14/04/2025 14:19,London Camden,William Forbes,"Regular Flavoured latte - Vanilla - 2.55, Large Speciality Tea - Peppermint - 1.60",4.15,CARD,5757422716250934
14/04/2025 14:20,London Camden,Crystal Hollaway,"Regular Speciality Tea - Peppermint - 1.30, Large Flavoured hot chocolate - Hazelnut - 2.90",4.2,CARD,8103249968044766
14/04/2025 14:20,London Camden,Ella Brown,"Large Iced latte - 2.85, Regular Flavoured hot chocolate - Vanilla - 2.60, Large Flavoured hot chocolate - Vanilla - 2.90",8.35,CASH,
14/04/2025 14:21,London Camden,Robert Flores,Regular Speciality Tea - Peppermint - 1.30,1.3,CARD,1927260671921768
14/04/2025 14:22,London Camden,Frank Davis,Regular Iced latte - 2.35,2.35,CARD,7629363472448693
14/04/2025 14:23,London Camden,Daniel Osborne,"Large Luxury hot chocolate - 2.70, Large Flavoured hot chocolate - Hazelnut - 2.90, Large Flavoured hot chocolate - Vanilla - 2.90, Large Flavoured hot chocolate - Vanilla - 2.90, Regular Flavoured hot chocolate - Vanilla - 2.60",14.0,CARD,1246322520826520
14/04/2025 14:24,London Camden,Brenda Ceruantes,"Large Luxury hot chocolate - 2.70, Regular Hot chocolate - 2.20, Large Flavoured latte - Vanilla - 2.85",7.75,CASH,
14/04/2025 14:25,London Camden,James Testani,Regular Iced latte - 2.35,2.35,CARD,6720463594738928
14/04/2025 14:26,London Camden,Armando Mendoza,"Large Flavoured hot chocolate - Hazelnut - 2.90, Regular Flavoured latte - Vanilla - 2.55, Large Flavoured hot chocolate - Hazelnut - 2.90, Regular Iced latte - 2.35, Large Flavoured latte - Vanilla - 2.85, Large Speciality Tea - Peppermint - 1.60",15.15,CARD,1778636189629337
14/04/2025 14:26,London Camden,Christina Smith,Regular Flavoured latte - Vanilla - 2.55,2.55,CARD,3554159706897636
14/04/2025 14:27,London Camden,Matthew Hill,"Large Hot chocolate - 2.90, Regular Flavoured hot chocolate - Hazelnut - 2.60, Large Luxury hot chocolate - 2.70, Large Flavoured hot chocolate - Hazelnut - 2.90, Large Chai latte - 2.60",13.7,CASH,
14/04/2025 14:28,London Camden,Michael Schenck,"Regular Speciality Tea - Peppermint - 1.30, Large Speciality Tea - Peppermint - 1.60, Large Flavoured hot chocolate - Vanilla - 2.90, Regular Flavoured hot chocolate - Vanilla - 2.60",8.4,CARD,7351120560022205
14/04/2025 14:29,London Camden,Bonnie Ashley,Regular Luxury hot chocolate - 2.40,2.4,CARD,9233694666434474
14/04/2025 14:30,London Camden,Bryan Cook,"Large Flavoured hot chocolate - Vanilla - 2.90, Regular Flavoured latte - Vanilla - 2.55, Regular Speciality Tea - Peppermint - 1.30, Regular Hot chocolate - 2.20",8.95,CARD,4351888769632799
14/04/2025 14:31,London Camden,Stephan Rodriguez,"Regular Chai latte - 2.30, Regular Luxury hot chocolate - 2.40, Regular Flavoured hot chocolate - Vanilla - 2.60, Regular Chai latte - 2.30, Large Speciality Tea - Peppermint - 1.60, Regular Flavoured hot chocolate - Vanilla - 2.60",13.8,CASH,
14/04/2025 14:32,London Camden,Chad Smith,"Large Flavoured hot chocolate - Vanilla - 2.90, Regular Luxury hot chocolate - 2.40",5.3,CASH,
14/04/2025 14:33,London Camden,George Jeffery,"Regular Speciality Tea - Peppermint - 1.30, Regular Iced latte - 2.35",3.65,CARD,4769679436335898
14/04/2025 14:33,London Camden,Randall Langston,"Large Hot chocolate - 2.90, Regular Flavoured hot chocolate - Vanilla - 2.60, Regular Hot chocolate - 2.20, Large Hot chocolate - 2.90, Regular Chai latte - 2.30",12.9,CASH,
14/04/2025 14:34,London Camden,Bernice Lyons,"Large Chai latte - 2.60, Regular Luxury hot chocolate - 2.40, Large Flavoured hot chocolate - Hazelnut - 2.90",7.9,CARD,8057891494670350
14/04/2025 14:35,London Camden,Marlene Bruno,"Large Speciality Tea - Peppermint - 1.60, Regular Chai latte - 2.30",3.9,CARD,8466582084236168
14/04/2025 14:36,London Camden,Asley Tice,Regular Chai latte - 2.30,2.3,CASH,
14/04/2025 14:37,London Camden,Travis Jamison,"Regular Hot chocolate - 2.20, Large Hot chocolate - 2.90, Regular Flavoured latte - Vanilla - 2.55, Regular Iced latte - 2.35, Regular Hot chocolate - 2.20, Large Iced latte - 2.85",15.05,CARD,3572779455143688
14/04/2025 14:38,London Camden,Jerry Pierce,"Large Flavoured latte - Vanilla - 2.85, Large Hot chocolate - 2.90, Regular Flavoured hot chocolate - Hazelnut - 2.60, Regular Flavoured hot chocolate - Vanilla - 2.60",10.95,CASH,
14/04/2025 14:39,London Camden,Johanna Day,"Large Flavoured hot chocolate - Hazelnut - 2.90, Regular Chai latte - 2.30, Large Hot chocolate - 2.90",8.1,CARD,2380168750039342
14/04/2025 14:39,London Camden,Susan Jones,"Large Luxury hot chocolate - 2.70, Regular Luxury hot chocolate - 2.40, Regular Chai latte - 2.30, Regular Flavoured hot chocolate - Vanilla - 2.60",10.0,CASH,
14/04/2025 14:40,London Camden,Keith Mannino,Regular Flavoured latte - Vanilla - 2.55,2.55,CARD,1621625731211661
14/04/2025 14:41,London Camden,Lucy Baker,"Large Flavoured latte - Vanilla - 2.85, Regular Flavoured latte - Vanilla - 2.55, Regular Luxury hot chocolate - 2.40",7.8,CASH,
14/04/2025 14:42,London Camden,Harold Thibodeaux,"Regular Hot chocolate - 2.20, Large Luxury hot chocolate - 2.70, Regular Iced latte - 2.35",7.25,CARD,7690606422171580
14/04/2025 14:43,London Camden,Dora Chandler,"Large Hot chocolate - 2.90, Large Flavoured latte - Vanilla - 2.85",5.75,CARD,3741411944495686
14/04/2025 14:44,London Camden,Gregory Carrousal,Regular Flavoured hot chocolate - Vanilla - 2.60,2.6,CARD,5082258261824998
14/04/2025 14:45,London Camden,Joseph Balderas,"Regular Chai latte - 2.30, Large Flavoured hot chocolate - Vanilla - 2.90, Regular Flavoured hot chocolate - Hazelnut - 2.60",7.8,CASH,
14/04/2025 14:46,London Camden,William Sullivan,"Regular Flavoured hot chocolate - Hazelnut - 2.60, Large Speciality Tea - Peppermint - 1.60",4.2,CARD,8793638605286120
14/04/2025 14:46,London Camden,Tara Burns,Regular Flavoured hot chocolate - Vanilla - 2.60,2.6,CARD,6651497947179411
14/04/2025 14:47,London Camden,John Sumpter,"Regular Speciality Tea - Peppermint - 1.30, Regular Luxury hot chocolate - 2.40",3.7,CARD,1097971888202233
14/04/2025 14:48,London Camden,Jeffrey Parker,"Regular Flavoured hot chocolate - Vanilla - 2.60, Regular Flavoured hot chocolate - Hazelnut - 2.60, Regular Speciality Tea - Peppermint - 1.30, Regular Flavoured latte - Vanilla - 2.55, Regular Luxury hot chocolate - 2.40",11.45,CASH,
14/04/2025 14:49,London Camden,Ronald Otero,Large Hot chocolate - 2.90,2.9,CARD,6341971347874188
14/04/2025 14:50,London Camden,Larry Mendes,"Regular Hot chocolate - 2.20, Regular Flavoured hot chocolate - Hazelnut - 2.60",4.8,CARD,1884618933951539
14/04/2025 14:51,London Camden,Bonnie Wood,"Large Flavoured hot chocolate - Hazelnut - 2.90, Large Hot chocolate - 2.90",5.8,CARD,1779597000084059
14/04/2025 14:52,London Camden,Clarine Guardipee,"Large Flavoured hot chocolate - Hazelnut - 2.90, Regular Iced latte - 2.35",5.25,CARD,5079262183026840
14/04/2025 14:52,London Camden,Eddie Harris,Large Hot chocolate - 2.90,2.9,CARD,1064760522030086
14/04/2025 14:53,London Camden,Carmela Willis,Large Speciality Tea - Peppermint - 1.60,1.6,CARD,9534148367940349
14/04/2025 14:54,London Camden,Jeff Frazier,"Large Speciality Tea - Peppermint - 1.60, Regular Luxury hot chocolate - 2.40, Large Flavoured hot chocolate - Hazelnut - 2.90",6.9,CARD,1946999810687862
14/04/2025 14:55,London Camden,James Nunez,"Large Speciality Tea - Peppermint - 1.60, Large Hot chocolate - 2.90",4.5,CARD,7480293820927009
14/04/2025 14:56,London Camden,Geneva Doherty,"Regular Flavoured hot chocolate - Hazelnut - 2.60, Large Luxury hot chocolate - 2.70, Regular Flavoured hot chocolate - Vanilla - 2.60, Regular Chai latte - 2.30, Large Speciality Tea - Peppermint - 1.60",11.8,CARD,2609030058162824
14/04/2025 14:57,London Camden,Richard Rueda,"Regular Iced latte - 2.35, Large Chai latte - 2.60, Large Flavoured hot chocolate - Vanilla - 2.90, Large Flavoured hot chocolate - Hazelnut - 2.90",10.75,CASH,
14/04/2025 14:58,London Camden,Amy Thomas,"Large Hot chocolate - 2.90, Regular Luxury hot chocolate - 2.40, Regular Flavoured hot chocolate - Hazelnut - 2.60, Large Hot chocolate - 2.90, Regular Iced latte - 2.35",13.15,CARD,2379320029087899
14/04/2025 14:59,London Camden,Rose Buchheit,"Large Luxury hot chocolate - 2.70, Large Speciality Tea - Peppermint - 1.60, Regular Chai latte - 2.30, Regular Speciality Tea - Peppermint - 1.30, Regular Chai latte - 2.30",10.2,CASH,
14/04/2025 14:59,London Camden,Clarence Wilson,Large Speciality Tea - Peppermint - 1.60,1.6,CARD,3548331186888546
14/04/2025 15:00,London Camden,Alvin Davis,"Large Chai latte - 2.60, Regular Flavoured latte - Vanilla - 2.55, Large Flavoured hot chocolate - Vanilla - 2.90, Large Chai latte - 2.60",10.65,CASH,
14/04/2025 15:01,London Camden,Allen Williams,"Large Flavoured hot chocolate - Vanilla - 2.90, Large Flavoured hot chocolate - Hazelnut - 2.90",5.8,CASH,
14/04/2025 15:03,London Camden,James Hilderbrandt,"Large Flavoured latte - Vanilla - 2.85, Regular Flavoured hot chocolate - Vanilla - 2.60",5.45,CASH,
14/04/2025 15:04,London Camden,Eleanor Ramos,Regular Flavoured hot chocolate - Hazelnut - 2.60,2.6,CARD,6822552839803914
14/04/2025 15:05,London Camden,Julie Devita,Regular Flavoured latte - Vanilla - 2.55,2.55,CARD,7598163069051898
14/04/2025 15:06,London Camden,Gary Petitti,"Regular Iced latte - 2.35, Regular Chai latte - 2.30, Regular Chai latte - 2.30, Regular Flavoured hot chocolate - Vanilla - 2.60, Regular Iced latte - 2.35, Regular Chai latte - 2.30",14.2,CARD,1842150738522031
14/04/2025 15:07,London Camden,Fay Hao,"Large Speciality Tea - Peppermint - 1.60, Regular Luxury hot chocolate - 2.40, Regular Flavoured hot chocolate - Hazelnut - 2.60",6.6,CARD,1705756068220445
14/04/2025 15:08,London Camden,Carlos Santoya,"Large Flavoured hot chocolate - Vanilla - 2.90, Large Speciality Tea - Peppermint - 1.60, Regular Speciality Tea - Peppermint - 1.30, Regular Flavoured latte - Vanilla - 2.55, Regular Hot chocolate - 2.20, Large Luxury hot chocolate - 2.70",13.25,CARD,2220950784737258
14/04/2025 15:10,London Camden,Imelda Morris,"Regular Speciality Tea - Peppermint - 1.30, Large Speciality Tea - Peppermint - 1.60",2.9,CARD,7851626760928803
14/04/2025 15:11,London Camden,Misty Andrade,"Regular Luxury hot chocolate - 2.40, Regular Flavoured hot chocolate - Hazelnut - 2.60",5.0,CARD,5583890139969476
14/04/2025 15:12,London Camden,Jean Perez,"Regular Iced latte - 2.35, Large Luxury hot chocolate - 2.70",5.05,CARD,4842301207869610
14/04/2025 15:13,London Camden,William Reper,"Regular Flavoured hot chocolate - Vanilla - 2.60, Regular Flavoured hot chocolate - Hazelnut - 2.60, Large Flavoured hot chocolate - Vanilla - 2.90",8.1,CARD,9802595633941202
14/04/2025 15:14,London Camden,Linda Barnum,"Large Speciality Tea - Peppermint - 1.60, Regular Hot chocolate - 2.20, Large Chai latte - 2.60, Large Chai latte - 2.60, Large Flavoured hot chocolate - Hazelnut - 2.90",11.9,CASH,
14/04/2025 15:15,London Camden,John Crawford,Large Flavoured hot chocolate - Hazelnut - 2.90,2.9,CARD,8536164253428994
14/04/2025 15:17,London Camden,Hazel Hunter,"Regular Luxury hot chocolate - 2.40, Regular Flavoured hot chocolate - Hazelnut - 2.60, Large Flavoured latte - Vanilla - 2.85",7.85,CASH,
14/04/2025 15:18,London Camden,Lisa Kent,Regular Flavoured latte - Vanilla - 2.55,2.55,CARD,6900156115550588
14/04/2025 15:19,London Camden,Bobby Colella,"Large Speciality Tea - Peppermint - 1.60, Large Flavoured hot chocolate - Vanilla - 2.90",4.5,CASH,
14/04/2025 15:20,London Camden,Michael Mesa,Large Speciality Tea - Peppermint - 1.60,1.6,CARD,4408327447806471
14/04/2025 15:21,London Camden,Leona Jensen,"Regular Hot chocolate - 2.20, Large Flavoured hot chocolate - Vanilla - 2.90",5.1,CARD,8158824508138873
14/04/2025 15:22,London Camden,Matthew Dickey,"Regular Flavoured hot chocolate - Hazelnut - 2.60, Large Flavoured hot chocolate - Hazelnut - 2.90, Regular Flavoured hot chocolate - Hazelnut - 2.60, Large Hot chocolate - 2.90, Large Flavoured hot chocolate - Vanilla - 2.90, Regular Luxury hot chocolate - 2.40",16.3,CARD,7548955849062576
14/04/2025 15:24,London Camden,Joseph Le,"Large Speciality Tea - Peppermint - 1.60, Large Flavoured hot chocolate - Hazelnut - 2.90, Large Chai latte - 2.60",7.1,CARD,2787738961601764
14/04/2025 15:25,London Camden,Stephanie Mallory,"Regular Iced latte - 2.35, Large Flavoured latte - Vanilla - 2.85, Large Iced latte - 2.85, Regular Hot chocolate - 2.20",10.25,CARD,8112573009930235
14/04/2025 15:26,London Camden,Wendy Frazier,"Large Iced latte - 2.85, Large Flavoured hot chocolate - Hazelnut - 2.90, Regular Speciality Tea - Peppermint - 1.30, Regular Iced latte - 2.35",9.4,CASH,
14/04/2025 15:27,London Camden,Ronald Cuevas,"Large Flavoured hot chocolate - Vanilla - 2.90, Regular Luxury hot chocolate - 2.40, Large Flavoured latte - Vanilla - 2.85, Large Hot chocolate - 2.90, Large Flavoured hot chocolate - Hazelnut - 2.90, Regular Iced latte - 2.35",16.3,CARD,6421054608832074
14/04/2025 15:28,London Camden,Robert Stowell,"Large Iced latte - 2.85, Large Flavoured latte - Vanilla - 2.85, Regular Flavoured latte - Vanilla - 2.55, Regular Hot chocolate - 2.20",10.45,CARD,2258461580602417
14/04/2025 15:29,London Camden,Ervin Glenn,"Regular Luxury hot chocolate - 2.40, Regular Speciality Tea - Peppermint - 1.30",3.7,CARD,5756007734681410
14/04/2025 15:31,London Camden,Kevin Mcbride,"Regular Flavoured latte - Vanilla - 2.55, Regular Speciality Tea - Peppermint - 1.30, Large Flavoured hot chocolate - Hazelnut - 2.90",6.75,CARD,4016858973753976
14/04/2025 15:32,London Camden,Florinda Allen,"Large Speciality Tea - Peppermint - 1.60, Regular Iced latte - 2.35",3.95,CARD,9393592291860458
14/04/2025 15:33,London Camden,Monica Fowlie,Regular Flavoured hot chocolate - Hazelnut - 2.60,2.6,CARD,5213962955606586
14/04/2025 15:34,London Camden,Salena Oconnell,"Large Flavoured hot chocolate - Hazelnut - 2.90, Regular Hot chocolate - 2.20, Large Flavoured latte - Vanilla - 2.85",7.95,CARD,2438531322849384
14/04/2025 15:35,London Camden,Grover Killeen,Large Hot chocolate - 2.90,2.9,CASH,
14/04/2025 15:36,London Camden,Juanita Carbone,Regular Flavoured latte - Vanilla - 2.55,2.55,CASH,
14/04/2025 15:38,London Camden,Ralph Arment,"Regular Speciality Tea - Peppermint - 1.30, Regular Flavoured latte - Vanilla - 2.55, Large Hot chocolate - 2.90",6.75,CASH,
14/04/2025 15:39,London Camden,Jesse Sacco,Large Iced latte - 2.85,2.85,CARD,2665151925141089
14/04/2025 15:40,London Camden,Alberto Williams,Regular Luxury hot chocolate - 2.40,2.4,CARD,3054697535586421
14/04/2025 15:41,London Camden,Daniel Tunis,"Regular Chai latte - 2.30, Regular Flavoured hot chocolate - Vanilla - 2.60",4.9,CASH,
14/04/2025 15:42,London Camden,Donald Jennings,Large Hot chocolate - 2.90,2.9,CARD,6952132870350015
14/04/2025 15:43,London Camden,Connie Fitzgerald,Large Flavoured hot chocolate - Vanilla - 2.90,2.9,CASH,
14/04/2025 15:45,London Camden,Josh Ursprung,"Large Flavoured hot chocolate - Hazelnut - 2.90, Regular Flavoured hot chocolate - Vanilla - 2.60, Large Flavoured latte - Vanilla - 2.85, Regular Flavoured hot chocolate - Hazelnut - 2.60",10.95,CARD,8018379331259973
14/04/2025 15:46,London Camden,Ronald Stoller,Regular Flavoured hot chocolate - Vanilla - 2.60,2.6,CASH,
14/04/2025 15:47,London Camden,Heather Mason,"Large Chai latte - 2.60, Large Speciality Tea - Peppermint - 1.60",4.2,CARD,8532961348489663
14/04/2025 15:48,London Camden,Nathan Miller,"Regular Speciality Tea - Peppermint - 1.30, Regular Flavoured latte - Vanilla - 2.55, Large Iced latte - 2.85, Large Luxury hot chocolate - 2.70, Regular Flavoured hot chocolate - Vanilla - 2.60, Large Luxury hot chocolate - 2.70",14.7,CARD,9382580298188871
14/04/2025 15:49,London Camden,Harold Humphreys,"Regular Iced latte - 2.35, Large Flavoured hot chocolate - Hazelnut - 2.90, Regular Speciality Tea - Peppermint - 1.30, Large Iced latte - 2.85, Regular Iced latte - 2.35, Regular Chai latte - 2.30",14.05,CARD,4325251315162688
14/04/2025 15:50,London Camden,Ellen Leith,"Large Flavoured hot chocolate - Hazelnut - 2.90, Large Flavoured latte - Vanilla - 2.85",5.75,CARD,4622461078789092
14/04/2025 15:52,London Camden,Johanna Cave,Regular Iced latte - 2.35,2.35,CARD,9195404746092785
14/04/2025 15:53,London Camden,Albert Boyd,"Regular Hot chocolate - 2.20, Regular Chai latte - 2.30",4.5,CARD,3206678097638486
14/04/2025 15:54,London Camden,Chris Cross,"Regular Hot chocolate - 2.20, Regular Chai latte - 2.30, Large Chai latte - 2.60",7.1,CARD,5292242958491372
14/04/2025 15:55,London Camden,Ada Funk,"Large Speciality Tea - Peppermint - 1.60, Large Luxury hot chocolate - 2.70, Regular Flavoured latte - Vanilla - 2.55, Regular Luxury hot chocolate - 2.40, Regular Flavoured hot chocolate - Vanilla - 2.60, Regular Flavoured hot chocolate - Hazelnut - 2.60",14.45,CARD,1059773006916718
14/04/2025 15:56,London Camden,Calvin Williams,"Regular Hot chocolate - 2.20, Regular Chai latte - 2.30, Large Speciality Tea - Peppermint - 1.60",6.1,CARD,7641995682479505
14/04/2025 15:57,London Camden,Nikole Cunningham,"Regular Flavoured hot chocolate - Hazelnut - 2.60, Regular Luxury hot chocolate - 2.40, Large Iced latte - 2.85, Large Speciality Tea - Peppermint - 1.60",9.45,CARD,3397427290669256
14/04/2025 15:59,London Camden,Pricilla Lai,Large Flavoured hot chocolate - Vanilla - 2.90,2.9,CARD,8575973060341010
14/04/2025 16:00,London Camden,Karl Rice,"Large Chai latte - 2.60, Large Iced latte - 2.85, Large Luxury hot chocolate - 2.70",8.15,CASH,
14/04/2025 16:02,London Camden,Maria Betts,"Regular Flavoured hot chocolate - Hazelnut - 2.60, Regular Chai latte - 2.30",4.9,CARD,6512713183425909
14/04/2025 16:04,London Camden,Daniel Davis,"Large Flavoured latte - Vanilla - 2.85, Regular Flavoured latte - Vanilla - 2.55",5.4,CARD,2163017726846098
14/04/2025 16:06,London Camden,Richard Potter,"Large Speciality Tea - Peppermint - 1.60, Regular Luxury hot chocolate - 2.40, Regular Luxury hot chocolate - 2.40, Large Chai latte - 2.60",9.0,CARD,1325141570144190
14/04/2025 16:09,London Camden,Maggie Collins,"Large Iced latte - 2.85, Large Hot chocolate - 2.90",5.75,CARD,5350106856809162
14/04/2025 16:11,London Camden,Angela Draper,"Large Chai latte - 2.60, Regular Flavoured hot chocolate - Hazelnut - 2.60, Large Iced latte - 2.85, Large Flavoured hot chocolate - Hazelnut - 2.90",10.95,CARD,5326763330527568
14/04/2025 16:13,London Camden,Kayla Brown,"Large Iced latte - 2.85, Regular Flavoured hot chocolate - Vanilla - 2.60, Regular Speciality Tea - Peppermint - 1.30, Large Luxury hot chocolate - 2.70",9.45,CARD,8924897985292571
14/04/2025 16:15,London Camden,Frank Gunter,"Large Flavoured hot chocolate - Hazelnut - 2.90, Large Luxury hot chocolate - 2.70, Large Speciality Tea - Peppermint - 1.60",7.2,CARD,8027887103874134
14/04/2025 16:18,London Camden,Patricia Uren,Regular Speciality Tea - Peppermint - 1.30,1.3,CARD,3384467450407213
14/04/2025 16:20,London Camden,Amanda Wills,Regular Speciality Tea - Peppermint - 1.30,1.3,CASH,
14/04/2025 16:22,London Camden,Terry Wilkins,"Large Speciality Tea - Peppermint - 1.60, Regular Flavoured hot chocolate - Hazelnut - 2.60, Large Hot chocolate - 2.90",7.1,CASH,
14/04/2025 16:24,London Camden,Aaron Obrien,"Regular Flavoured hot chocolate - Vanilla - 2.60, Large Flavoured hot chocolate - Vanilla - 2.90, Large Flavoured latte - Vanilla - 2.85",8.35,CARD,9185809350384499
14/04/2025 16:26,London Camden,Tana Wilson,"Regular Flavoured latte - Vanilla - 2.55, Large Flavoured latte - Vanilla - 2.85",5.4,CARD,2950108997384514
14/04/2025 16:29,London Camden,Janette Oleary,Large Hot chocolate - 2.90,2.9,CARD,3944787723985902
14/04/2025 16:31,London Camden,Louella Taylor,"Large Speciality Tea - Peppermint - 1.60, Large Iced latte - 2.85, Regular Iced latte - 2.35, Regular Iced latte - 2.35",9.15,CASH,
14/04/2025 16:33,London Camden,Billie Price,"Regular Flavoured hot chocolate - Hazelnut - 2.60, Large Flavoured hot chocolate - Vanilla - 2.90, Regular Flavoured hot chocolate - Vanilla - 2.60, Regular Flavoured latte - Vanilla - 2.55, Regular Flavoured latte - Vanilla - 2.55",13.2,CASH,
14/04/2025 16:35,London Camden,Frieda Chacon,"Regular Speciality Tea - Peppermint - 1.30, Large Speciality Tea - Peppermint - 1.60, Regular Iced latte - 2.35, Large Chai latte - 2.60, Large Hot chocolate - 2.90",10.75,CARD,1916152700123361
14/04/2025 16:37,London Camden,Nicole Willoughby,"Regular Hot chocolate - 2.20, Regular Flavoured hot chocolate - Hazelnut - 2.60, Large Flavoured hot chocolate - Vanilla - 2.90, Large Flavoured hot chocolate - Vanilla - 2.90",10.6,CASH,
14/04/2025 16:40,London Camden,Ralph Garcia,"Regular Luxury hot chocolate - 2.40, Regular Luxury hot chocolate - 2.40, Large Chai latte - 2.60, Regular Luxury hot chocolate - 2.40",9.8,CARD,2687120827249703
14/04/2025 16:42,London Camden,David Mcconnell,"Regular Flavoured hot chocolate - Hazelnut - 2.60, Large Flavoured latte - Vanilla - 2.85",5.45,CASH,
14/04/2025 16:44,London Camden,Sharon Marsh,"Large Speciality Tea - Peppermint - 1.60, Regular Hot chocolate - 2.20",3.8,CARD,9979166120042755
14/04/2025 16:46,London Camden,Walter Bowers,Regular Hot chocolate - 2.20,2.2,CARD,8844790122381372
14/04/2025 16:49,London Camden,Joseph Smith,"Regular Luxury hot chocolate - 2.40, Large Flavoured hot chocolate - Vanilla - 2.90, Large Iced latte - 2.85",8.15,CASH,
14/04/2025 16:51,London Camden,Mary Cerverizzo,Large Flavoured latte - Vanilla - 2.85,2.85,CASH,
14/04/2025 16:53,London Camden,Ramon Stein,"Large Hot chocolate - 2.90, Regular Hot chocolate - 2.20",5.1,CARD,8181367357099952
14/04/2025 16:55,London Camden,Ann Luther,"Regular Speciality Tea - Peppermint - 1.30, Large Iced latte - 2.85",4.15,CARD,1761591016335342
14/04/2025 16:57,London Camden,Alejandro Mccreary,"Large Flavoured hot chocolate - Hazelnut - 2.90, Large Chai latte - 2.60, Regular Iced latte - 2.35",7.85,CARD,5188682864102533
