18/04/2025 09:00,London Camden,Betty Sprinkle,"Large Speciality Tea - Peppermint - 1.60, Large Flavoured hot chocolate - Vanilla - 2.90",4.5,CARD,1552111270614197
18/04/2025 09:02,London Camden,Helen Castro,"Regular Flavoured hot chocolate - Hazelnut - 2.60, Large Flavoured hot chocolate - Vanilla - 2.90, Large Luxury hot chocolate - 2.70, Regular Flavoured hot chocolate - Vanilla - 2.60",10.8,CARD,4165545540590741
18/04/2025 09:05,London Camden,Charles Stutz,"Large Flavoured hot chocolate - Hazelnut - 2.90, Regular Hot chocolate - 2.20, Regular Flavoured hot chocolate - Vanilla - 2.60, Large Speciality Tea - Peppermint - 1.60, Regular Luxury hot chocolate - 2.40, Regular Hot chocolate - 2.20",13.9,CASH,
18/04/2025 09:08,London Camden,Lance Volz,"Large Flavoured hot chocolate - Vanilla - 2.90, Regular Iced latte - 2.35",5.25,CARD,2968849114719842
18/04/2025 09:10,London Camden,Helen Hunt,"Regular Hot chocolate - 2.20, Regular Flavoured hot chocolate - Vanilla - 2.60",4.8,CARD,3430125462518403
18/04/2025 09:13,London Camden,John Pierce,"Large Iced latte - 2.85, Regular Chai latte - 2.30, Large Speciality Tea - Peppermint - 1.60, Regular Flavoured hot chocolate - Vanilla - 2.60, Regular Speciality Tea - Peppermint - 1.30, Regular Chai latte - 2.30",12.95,CASH,
18/04/2025 09:16,London Camden,Paula Alexander,Large Hot chocolate - 2.90,2.9,CARD,2922312869514781
18/04/2025 09:19,London Camden,Maya Trejo,Large Speciality Tea - Peppermint - 1.60,1.6,CASH,
18/04/2025 09:21,London Camden,Janice Amedee,"Regular Flavoured hot chocolate - Vanilla - 2.60, Regular Speciality Tea - Peppermint - 1.30",3.9,CARD,4700040811695216
18/04/2025 09:24,London Camden,Stephen Shaughnessy,Regular Hot chocolate - 2.20,2.2,CASH,
18/04/2025 09:27,London Camden,Donald King,"Large Flavoured hot chocolate - Vanilla - 2.90, Regular Flavoured latte - Vanilla - 2.55, Regular Flavoured latte - Vanilla - 2.55, Large Flavoured hot chocolate - Hazelnut - 2.90",10.9,CARD,8734399267538691
18/04/2025 09:29,London Camden,Sarah West,Large Iced latte - 2.85,2.85,CARD,7706449964738495
18/04/2025 09:32,London Camden,Sharlene Register,"Large Speciality Tea - Peppermint - 1.60, Large Flavoured latte - Vanilla - 2.85, Regular Chai latte - 2.30, Large Speciality Tea - Peppermint - 1.60, Large Hot chocolate - 2.90, Regular Flavoured hot chocolate - Vanilla - 2.60",13.85,CASH,
18/04/2025 09:35,London Camden,Miguel Harmon,"Regular Flavoured hot chocolate - Vanilla - 2.60, Regular Iced latte - 2.35, Regular Flavoured latte - Vanilla - 2.55",7.5,CARD,2038885018398373
18/04/2025 09:38,London Camden,Catherine Jolin,"Regular Flavoured latte - Vanilla - 2.55, Large Flavoured latte - Vanilla - 2.85, Regular Chai latte - 2.30, Large Flavoured hot chocolate - Hazelnut - 2.90, Large Flavoured hot chocolate - Vanilla - 2.90, Regular Flavoured hot chocolate - Vanilla - 2.60",16.1,CARD,3324383256790634
18/04/2025 09:40,London Camden,Kevin Warren,"Large Hot chocolate - 2.90, Regular Chai latte - 2.30",5.2,CARD,2427332911973857
18/04/2025 09:43,London Camden,Lisa Burch,Regular Chai latte - 2.30,2.3,CARD,1732204073757714
18/04/2025 09:46,London Camden,Beatrice Scott,Regular Speciality Tea - Peppermint - 1.30,1.3,CARD,8521073224762554
18/04/2025 09:48,London Camden,Ruby Miller,"Large Flavoured latte - Vanilla - 2.85, Large Flavoured hot chocolate - Hazelnut - 2.90",5.75,CASH,
18/04/2025 09:51,London Camden,Joe Duval,Regular Flavoured hot chocolate - Vanilla - 2.60,2.6,CARD,5597705696746484
18/04/2025 09:54,London Camden,Marianne Abadi,Regular Flavoured latte - Vanilla - 2.55,2.55,CASH,
18/04/2025 09:57,London Camden,James Garcia,Regular Flavoured hot chocolate - Hazelnut - 2.60,2.6,CARD,9738190120063648
18/04/2025 09:59,London Camden,Alfonso Schroer,"Large Iced latte - 2.85, Regular Flavoured hot chocolate - Hazelnut - 2.60",5.45,CASH,
18/04/2025 10:02,London Camden,James Gardner,Large Chai latte - 2.60,2.6,CASH,
18/04/2025 10:04,London Camden,Judy Owen,Large Hot chocolate - 2.90,2.9,CARD,8887593610556534
18/04/2025 10:06,London Camden,Patrick Wood,"Regular Chai latte - 2.30, Large Flavoured hot chocolate - Vanilla - 2.90",5.2,CARD,8947965340223474
18/04/2025 10:09,London Camden,Patricia Winchell,"Large Flavoured latte - Vanilla - 2.85, Regular Flavoured hot chocolate - Hazelnut - 2.60",5.45,CARD,6337843679335309
18/04/2025 10:11,London Camden,Joseph Russi,"Regular Speciality Tea - Peppermint - 1.30, Large Flavoured hot chocolate - Vanilla - 2.90, Large Flavoured hot chocolate - Vanilla - 2.90, Large Iced latte - 2.85, Regular Flavoured hot chocolate - Hazelnut - 2.60",12.55,CARD,1922422994596424
18/04/2025 10:13,London Camden,Ronald Fugate,"Large Speciality Tea - Peppermint - 1.60, Regular Flavoured hot chocolate - Vanilla - 2.60",4.2,CARD,3102769347027007
18/04/2025 10:15,London Camden,Deanna Ryder,"Regular Luxury hot chocolate - 2.40, Regular Flavoured latte - Vanilla - 2.55",4.95,CARD,6649587886017792
18/04/2025 10:18,London Camden,Robert Esparza,"Large Flavoured latte - Vanilla - 2.85, Large Hot chocolate - 2.90",5.75,CARD,6077775659919020
18/04/2025 10:20,London Camden,Carol Uhlman,Large Chai latte - 2.60,2.6,CASH,
18/04/2025 10:22,London Camden,Elizabeth Numbers,Regular Flavoured hot chocolate - Vanilla - 2.60,2.6,CASH,
18/04/2025 10:24,London Camden,Helen Worley,"Large Hot chocolate - 2.90, Regular Flavoured hot chocolate - Vanilla - 2.60",5.5,CASH,
18/04/2025 10:26,London Camden,William Rockhill,"Regular Hot chocolate - 2.20, Regular Chai latte - 2.30, Regular Speciality Tea - Peppermint - 1.30, Large Flavoured latte - Vanilla - 2.85",8.65,CASH,
18/04/2025 10:29,London Camden,Chris Bingle,"Regular Flavoured hot chocolate - Hazelnut - 2.60, Large Flavoured latte - Vanilla - 2.85, Regular Luxury hot chocolate - 2.40, Large Flavoured latte - Vanilla - 2.85",10.7,CASH,
18/04/2025 10:31,London Camden,Mary Walton,"Large Flavoured hot chocolate - Hazelnut - 2.90, Large Luxury hot chocolate - 2.70",5.6,CARD,5068755130838152
18/04/2025 10:33,London Camden,Yolando Whitney,"Regular Flavoured hot chocolate - Vanilla - 2.60, Regular Hot chocolate - 2.20, Regular Luxury hot chocolate - 2.40, Large Flavoured hot chocolate - Vanilla - 2.90",10.1,CARD,6533834150921584
18/04/2025 10:35,London Camden,Floyd Dorsett,"Regular Flavoured hot chocolate - Vanilla - 2.60, Regular Luxury hot chocolate - 2.40, Large Luxury hot chocolate - 2.70",7.7,CASH,
18/04/2025 10:37,London Camden,Glen Moran,Regular Flavoured hot chocolate - Hazelnut - 2.60,2.6,CASH,
18/04/2025 10:40,London Camden,Peggy Jones,Large Flavoured latte - Vanilla - 2.85,2.85,CARD,3208560725967536
18/04/2025 10:42,London Camden,Heather Keithley,"Regular Flavoured latte - Vanilla - 2.55, Large Flavoured hot chocolate - Hazelnut - 2.90, Large Hot chocolate - 2.90",8.35,CARD,6922225751369890
18/04/2025 10:44,London Camden,Bryan Franklin,"Regular Luxury hot chocolate - 2.40, Large Luxury hot chocolate - 2.70, Large Flavoured hot chocolate - Vanilla - 2.90",8.0,CARD,1009892952851468
18/04/2025 10:46,London Camden,Marilyn Tregre,"Large Flavoured hot chocolate - Hazelnut - 2.90, Large Iced latte - 2.85",5.75,CASH,
18/04/2025 10:49,London Camden,Alison Das,"Regular Luxury hot chocolate - 2.40, Regular Luxury hot chocolate - 2.40",4.8,CARD,6694048464386894
18/04/2025 10:51,London Camden,Eleanor Foley,Large Speciality Tea - Peppermint - 1.60,1.6,CASH,
18/04/2025 10:53,London Camden,Bernadette Coleman,"Regular Chai latte - 2.30, Regular Flavoured hot chocolate - Hazelnut - 2.60, Regular Iced latte - 2.35, Large Flavoured hot chocolate - Hazelnut - 2.90",10.15,CARD,7838283019232664
18/04/2025 10:55,London Camden,Lina Marin,"Regular Speciality Tea - Peppermint - 1.30, Large Iced latte - 2.85, Large Flavoured hot chocolate - Vanilla - 2.90, Large Flavoured latte - Vanilla - 2.85",9.9,CASH,
18/04/2025 10:57,London Camden,Harold Kofford,"Regular Iced latte - 2.35, Large Flavoured latte - Vanilla - 2.85, Large Speciality Tea - Peppermint - 1.60",6.8,CARD,6996153808766048
18/04/2025 11:00,London Camden,Charles Bourland,Regular Speciality Tea - Peppermint - 1.30,1.3,CASH,
18/04/2025 11:02,London Camden,Ronald Pry,Regular Luxury hot chocolate - 2.40,2.4,CARD,8639973668539486
18/04/2025 11:05,London Camden,Sarah Leary,"Regular Speciality Tea - Peppermint - 1.30, Regular Chai latte - 2.30",3.6,CARD,3696036207145862
18/04/2025 11:07,London Camden,Barbara Strohman,Regular Flavoured hot chocolate - Hazelnut - 2.60,2.6,CASH,
18/04/2025 11:10,London Camden,Melissa Bryant,Large Iced latte - 2.85,2.85,CASH,
18/04/2025 11:12,London Camden,Larry Roth,"Regular Flavoured hot chocolate - Vanilla - 2.60, Large Flavoured hot chocolate - Hazelnut - 2.90, Large Flavoured hot chocolate - Vanilla - 2.90",8.4,CASH,
18/04/2025 11:15,London Camden,Patrick Hicks,Large Speciality Tea - Peppermint - 1.60,1.6,CASH,
18/04/2025 11:17,London Camden,Mellissa Hodges,"Regular Speciality Tea - Peppermint - 1.30, Regular Iced latte - 2.35, Large Luxury hot chocolate - 2.70, Regular Luxury hot chocolate - 2.40, Regular Chai latte - 2.30",11.05,CARD,2864114779556642
18/04/2025 11:20,London Camden,Valerie Garrett,"Large Luxury hot chocolate - 2.70, Regular Luxury hot chocolate - 2.40",5.1,CASH,
18/04/2025 11:22,London Camden,Robert Serrato,Regular Speciality Tea - Peppermint - 1.30,1.3,CARD,2992364072007911
18/04/2025 11:25,London Camden,Gertrude Clements,Large Luxury hot chocolate - 2.70,2.7,CARD,4375708428409445
18/04/2025 11:27,London Camden,Roseline Friend,"Large Flavoured hot chocolate - Vanilla - 2.90, Regular Hot chocolate - 2.20, Regular Flavoured hot chocolate - Vanilla - 2.60, Regular Iced latte - 2.35",10.05,CARD,3202660230192487
18/04/2025 11:30,London Camden,Nguyet Vogel,"Large Chai latte - 2.60, Regular Chai latte - 2.30",4.9,CASH,
18/04/2025 11:32,London Camden,Eldridge Powell,"Large Iced latte - 2.85, Regular Flavoured hot chocolate - Vanilla - 2.60, Regular Flavoured hot chocolate - Hazelnut - 2.60, Regular Speciality Tea - Peppermint - 1.30",9.35,CASH,
18/04/2025 11:35,London Camden,Sophie Thomas,"Regular Iced latte - 2.35, Regular Luxury hot chocolate - 2.40",4.75,CARD,1715081612073274
18/04/2025 11:37,London Camden,Jill Cook,"Regular Chai latte - 2.30, Regular Flavoured latte - Vanilla - 2.55, Large Iced latte - 2.85, Large Chai latte - 2.60, Regular Flavoured hot chocolate - Hazelnut - 2.60, Large Iced latte - 2.85",15.75,CARD,7027159832041880
18/04/2025 11:40,London Camden,Brian Strode,"Regular Speciality Tea - Peppermint - 1.30, Large Flavoured latte - Vanilla - 2.85",4.15,CARD,7056711031086443
18/04/2025 11:42,London Camden,Calvin Dodson,"Large Speciality Tea - Peppermint - 1.60, Regular Iced latte - 2.35, Large Flavoured latte - Vanilla - 2.85",6.8,CASH,
18/04/2025 11:45,London Camden,Donald Nielson,"Large Speciality Tea - Peppermint - 1.60, Regular Chai latte - 2.30, Large Luxury hot chocolate - 2.70, Large Iced latte - 2.85",9.45,CASH,
18/04/2025 11:47,London Camden,Peter Phillips,"Large Speciality Tea - Peppermint - 1.60, Large Flavoured hot chocolate - Vanilla - 2.90",4.5,CARD,4479208740576962
18/04/2025 11:50,London Camden,Julie Cline,"Regular Luxury hot chocolate - 2.40, Large Iced latte - 2.85, Regular Flavoured hot chocolate - Vanilla - 2.60, Regular Flavoured hot chocolate - Vanilla - 2.60, Large Luxury hot chocolate - 2.70",13.15,CARD,6828637700112196
18/04/2025 11:52,London Camden,Antonio Winters,"Large Speciality Tea - Peppermint - 1.60, Regular Hot chocolate - 2.20, Large Luxury hot chocolate - 2.70, Regular Speciality Tea - Peppermint - 1.30",7.8,CARD,4289541123476797
18/04/2025 11:55,London Camden,Gina Weiner,Regular Flavoured hot chocolate - Hazelnut - 2.60,2.6,CASH,
18/04/2025 11:57,London Camden,Darlene Hughes,Regular Chai latte - 2.30,2.3,CARD,1953377196783820
18/04/2025 12:00,London Camden,Jessica Gosnell,"Regular Flavoured latte - Vanilla - 2.55, Regular Speciality Tea - Peppermint - 1.30, Large Flavoured hot chocolate - Hazelnut - 2.90",6.75,CASH,
18/04/2025 12:02,London Camden,Sonia Logan,"Large Flavoured hot chocolate - Hazelnut - 2.90, Regular Flavoured latte - Vanilla - 2.55, Regular Flavoured hot chocolate - Hazelnut - 2.60, Large Luxury hot chocolate - 2.70",10.75,CASH,
18/04/2025 12:03,London Camden,Michael Soloman,"Regular Flavoured hot chocolate - Hazelnut - 2.60, Regular Flavoured hot chocolate - Vanilla - 2.60, Large Iced latte - 2.85",8.05,CARD,6338680423779979
18/04/2025 12:05,London Camden,Mary Colon,"Regular Hot chocolate - 2.20, Regular Flavoured latte - Vanilla - 2.55, Large Flavoured hot chocolate - Hazelnut - 2.90, Large Flavoured hot chocolate - Hazelnut - 2.90, Large Iced latte - 2.85, Regular Hot chocolate - 2.20",15.6,CARD,8811879107113558
18/04/2025 12:07,London Camden,Lionel Lally,"Large Hot chocolate - 2.90, Large Hot chocolate - 2.90, Large Flavoured hot chocolate - Vanilla - 2.90",8.7,CARD,1948170035218315
18/04/2025 12:09,London Camden,Robert Bounds,"Regular Flavoured hot chocolate - Vanilla - 2.60, Large Flavoured hot chocolate - Hazelnut - 2.90, Regular Speciality Tea - Peppermint - 1.30, Regular Flavoured hot chocolate - Hazelnut - 2.60, Large Iced latte - 2.85, Large Hot chocolate - 2.90",15.15,CARD,2755571412384376
18/04/2025 12:11,London Camden,Kenyatta Kelley,"Regular Iced latte - 2.35, Large Flavoured hot chocolate - Vanilla - 2.90, Regular Hot chocolate - 2.20",7.45,CARD,1781753215354304
18/04/2025 12:13,London Camden,Erika Hopkins,"Large Flavoured latte - Vanilla - 2.85, Regular Flavoured hot chocolate - Hazelnut - 2.60, Regular Flavoured hot chocolate - Hazelnut - 2.60, Regular Speciality Tea - Peppermint - 1.30",9.35,CASH,
18/04/2025 12:15,London Camden,Raymond Cruzan,"Large Chai latte - 2.60, Regular Flavoured latte - Vanilla - 2.55, Large Iced latte - 2.85",8.0,CASH,
18/04/2025 12:17,London Camden,Linda Ford,"Regular Chai latte - 2.30, Regular Flavoured hot chocolate - Hazelnut - 2.60",4.9,CASH,
18/04/2025 12:19,London Camden,Donald Goff,"Regular Iced latte - 2.35, Large Flavoured latte - Vanilla - 2.85, Large Flavoured latte - Vanilla - 2.85",8.05,CARD,4021495172729664
18/04/2025 12:21,London Camden,Fredric Kaywood,Large Hot chocolate - 2.90,2.9,CARD,6816904155231369
18/04/2025 12:23,London Camden,Denis Kho,Large Hot chocolate - 2.90,2.9,CASH,
18/04/2025 12:25,London Camden,Peter Masterson,"Large Flavoured latte - Vanilla - 2.85, Large Flavoured hot chocolate - Vanilla - 2.90",5.75,CARD,5489284585792104
18/04/2025 12:27,London Camden,Shirley Conn,Large Flavoured latte - Vanilla - 2.85,2.85,CARD,4430633980807034
18/04/2025 12:29,London Camden,Bonnie Wendt,"Large Chai latte - 2.60, Regular Chai latte - 2.30, Large Iced latte - 2.85",7.75,CARD,6992137971339178
18/04/2025 12:31,London Camden,Justin Long,"Large Flavoured latte - Vanilla - 2.85, Large Chai latte - 2.60, Large Speciality Tea - Peppermint - 1.60, Regular Flavoured latte - Vanilla - 2.55",9.6,CASH,
18/04/2025 12:32,London Camden,Jeff Monske,"Large Hot chocolate - 2.90, Regular Hot chocolate - 2.20",5.1,CARD,5471514277380236
18/04/2025 12:34,London Camden,Katharine Harville,"Regular Flavoured latte - Vanilla - 2.55, Regular Luxury hot chocolate - 2.40, Large Speciality Tea - Peppermint - 1.60, Regular Flavoured hot chocolate - Hazelnut - 2.60",9.15,CASH,
18/04/2025 12:36,London Camden,Mara Smith,"Regular Flavoured latte - Vanilla - 2.55, Large Chai latte - 2.60",5.15,CARD,8390483865338142
18/04/2025 12:38,London Camden,Stephen Keith,"Regular Speciality Tea - Peppermint - 1.30, Regular Speciality Tea - Peppermint - 1.30",2.6,CASH,
18/04/2025 12:40,London Camden,Jeanne Litaker,"Regular Chai latte - 2.30, Large Flavoured hot chocolate - Hazelnut - 2.90, Regular Flavoured hot chocolate - Hazelnut - 2.60, Regular Chai latte - 2.30, Regular Chai latte - 2.30",12.4,CARD,2945042389328704
18/04/2025 12:42,London Camden,Charles Branham,"Large Hot chocolate - 2.90, Regular Flavoured latte - Vanilla - 2.55, Large Iced latte - 2.85",8.3,CARD,6969431453335590
18/04/2025 12:44,London Camden,Raymond Richards,Large Speciality Tea - Peppermint - 1.60,1.6,CARD,4374103375980838
18/04/2025 12:46,London Camden,Erin Childress,"Large Hot chocolate - 2.90, Regular Flavoured hot chocolate - Vanilla - 2.60, Regular Flavoured latte - Vanilla - 2.55, Large Flavoured hot chocolate - Hazelnut - 2.90, Regular Luxury hot chocolate - 2.40",13.35,CARD,2720280089635355
18/04/2025 12:48,London Camden,Carmelina Gomez,"Large Speciality Tea - Peppermint - 1.60, Large Flavoured latte - Vanilla - 2.85",4.45,CASH,
18/04/2025 12:50,London Camden,Benjamin Foster,"Large Flavoured hot chocolate - Hazelnut - 2.90, Regular Hot chocolate - 2.20, Regular Speciality Tea - Peppermint - 1.30, Large Speciality Tea - Peppermint - 1.60, Regular Luxury hot chocolate - 2.40",10.4,CARD,3273729140324382
18/04/2025 12:52,London Camden,David Sims,"Regular Flavoured hot chocolate - Hazelnut - 2.60, Regular Flavoured latte - Vanilla - 2.55, Large Chai latte - 2.60",7.75,CARD,4470604979921767
18/04/2025 12:54,London Camden,Ashley Jenkins,Large Hot chocolate - 2.90,2.9,CARD,7467453387136128
18/04/2025 12:56,London Camden,Lisa Embree,"Regular Speciality Tea - Peppermint - 1.30, Regular Flavoured latte - Vanilla - 2.55",3.85,CARD,6936996518739914
18/04/2025 12:58,London Camden,James Childs,"Large Hot chocolate - 2.90, Regular Speciality Tea - Peppermint - 1.30, Large Iced latte - 2.85, Large Flavoured hot chocolate - Vanilla - 2.90",9.95,CARD,6328815548942366
18/04/2025 13:00,London Camden,Rachel Schultz,Large Chai latte - 2.60,2.6,CARD,9616371649293311
18/04/2025 13:00,London Camden,Betty Snider,Regular Chai latte - 2.30,2.3,CARD,3398352119907573
18/04/2025 13:01,London Camden,Tiffany Baker,"Large Chai latte - 2.60, Regular Chai latte - 2.30",4.9,CASH,
18/04/2025 13:02,London Camden,William Hernandez,Regular Chai latte - 2.30,2.3,CARD,5088422240107164
18/04/2025 13:03,London Camden,Carolyn Davidson,"Large Flavoured latte - Vanilla - 2.85, Regular Flavoured latte - Vanilla - 2.55",5.4,CARD,1223206846053258
18/04/2025 13:04,London Camden,Sharon Flores,Large Luxury hot chocolate - 2.70,2.7,CARD,2966694181665446
18/04/2025 13:05,London Camden,Sherry Zamudio,"Large Hot chocolate - 2.90, Large Hot chocolate - 2.90, Regular Flavoured latte - Vanilla - 2.55",8.35,CARD,2733551162826608
18/04/2025 13:06,London Camden,Virgil Espinoza,"Large Iced latte - 2.85, Large Flavoured hot chocolate - Vanilla - 2.90, Large Flavoured latte - Vanilla - 2.85",8.6,CARD,7672908599974248
18/04/2025 13:07,London Camden,Jennifer Jones,"Regular Speciality Tea - Peppermint - 1.30, Regular Speciality Tea - Peppermint - 1.30",2.6,CASH,
18/04/2025 13:08,London Camden,George Trammell,"Regular Luxury hot chocolate - 2.40, Large Chai latte - 2.60, Regular Speciality Tea - Peppermint - 1.30, Regular Chai latte - 2.30, Regular Chai latte - 2.30",10.9,CASH,
18/04/2025 13:08,London Camden,Karen Scott,"Regular Hot chocolate - 2.20, Large Speciality Tea - Peppermint - 1.60",3.8,CARD,6691937304591828
18/04/2025 13:09,London Camden,Jose Josselyn,Regular Flavoured hot chocolate - Vanilla - 2.60,2.6,CARD,5228203891921523
18/04/2025 13:10,London Camden,Jerry Smith,"Large Flavoured hot chocolate - Hazelnut - 2.90, Large Speciality Tea - Peppermint - 1.60",4.5,CARD,8648305800650223
18/04/2025 13:11,London Camden,Trina Rangel,"Regular Luxury hot chocolate - 2.40, Regular Hot chocolate - 2.20, Regular Hot chocolate - 2.20",6.8,CASH,
18/04/2025 13:12,London Camden,Ann Stripling,"Regular Flavoured latte - Vanilla - 2.55, Large Hot chocolate - 2.90",5.45,CARD,5884482667317630
18/04/2025 13:13,London Camden,Gay Marcus,"Regular Flavoured hot chocolate - Vanilla - 2.60, Large Chai latte - 2.60, Regular Speciality Tea - Peppermint - 1.30, Regular Speciality Tea - Peppermint - 1.30, Large Speciality Tea - Peppermint - 1.60",9.4,CASH,
18/04/2025 13:14,London Camden,Carl Rosario,"Regular Hot chocolate - 2.20, Large Speciality Tea - Peppermint - 1.60, Large Luxury hot chocolate - 2.70, Large Chai latte - 2.60, Regular Flavoured hot chocolate - Vanilla - 2.60, Large Flavoured latte - Vanilla - 2.85",14.55,CARD,8902884351513996
18/04/2025 13:15,London Camden,Greta Simmerman,"Large Speciality Tea - Peppermint - 1.60, Regular Hot chocolate - 2.20, Regular Flavoured hot chocolate - Vanilla - 2.60, Regular Flavoured latte - Vanilla - 2.55",8.95,CARD,5341542265929564
18/04/2025 13:15,London Camden,Jean Rich,"Large Speciality Tea - Peppermint - 1.60, Regular Luxury hot chocolate - 2.40, Regular Flavoured hot chocolate - Hazelnut - 2.60, Large Luxury hot chocolate - 2.70, Regular Luxury hot chocolate - 2.40",11.7,CARD,4050260429263748
18/04/2025 13:16,London Camden,Jamie Cirrincione,Regular Flavoured latte - Vanilla - 2.55,2.55,CARD,2198099360197055
18/04/2025 13:17,London Camden,John Mitchell,"Regular Luxury hot chocolate - 2.40, Regular Flavoured latte - Vanilla - 2.55",4.95,CASH,
18/04/2025 13:18,London Camden,Helen Myers,"Large Iced latte - 2.85, Regular Flavoured hot chocolate - Hazelnut - 2.60, Large Flavoured latte - Vanilla - 2.85, Regular Iced latte - 2.35",10.65,CASH,
18/04/2025 13:19,London Camden,Walter Simpson,"Large Speciality Tea - Peppermint - 1.60, Regular Speciality Tea - Peppermint - 1.30, Large Iced latte - 2.85",5.75,CARD,2366208435994949
18/04/2025 13:20,London Camden,Esther Smith,"Large Flavoured latte - Vanilla - 2.85, Large Flavoured hot chocolate - Vanilla - 2.90, Regular Flavoured hot chocolate - Hazelnut - 2.60, Regular Chai latte - 2.30, Large Luxury hot chocolate - 2.70",13.35,CARD,4855432746535169
18/04/2025 13:21,London Camden,Jennifer Degroot,Large Iced latte - 2.85,2.85,CARD,9657498110972327
18/04/2025 13:22,London Camden,Benjamin Cravens,Large Hot chocolate - 2.90,2.9,CARD,2328854200738134
18/04/2025 13:23,London Camden,James Bathke,"Large Speciality Tea - Peppermint - 1.60, Large Hot chocolate - 2.90, Large Hot chocolate - 2.90, Large Hot chocolate - 2.90, Regular Luxury hot chocolate - 2.40",12.7,CASH,
18/04/2025 13:23,London Camden,John Applegate,"Large Speciality Tea - Peppermint - 1.60, Regular Flavoured hot chocolate - Vanilla - 2.60, Regular Speciality Tea - Peppermint - 1.30, Large Flavoured hot chocolate - Hazelnut - 2.90, Regular Hot chocolate - 2.20, Large Luxury hot chocolate - 2.70",13.3,CASH,
18/04/2025 13:24,London Camden,Savanna Vasquez,Regular Iced latte - 2.35,2.35,CARD,5978218624587770
18/04/2025 13:25,London Camden,Mary Hartshorne,"Large Flavoured latte - Vanilla - 2.85, Regular Chai latte - 2.30",5.15,CARD,8057397714371974
18/04/2025 13:26,London Camden,Marilyn Smith,"Large Iced latte - 2.85, Regular Flavoured latte - Vanilla - 2.55, Large Hot chocolate - 2.90, Large Flavoured latte - Vanilla - 2.85, Large Iced latte - 2.85, Regular Hot chocolate - 2.20",16.2,CASH,
18/04/2025 13:27,London Camden,Joel Gunter,"Regular Chai latte - 2.30, Large Speciality Tea - Peppermint - 1.60, Regular Luxury hot chocolate - 2.40, Large Luxury hot chocolate - 2.70, Large Iced latte - 2.85, Regular Flavoured hot chocolate - Vanilla - 2.60",14.45,CARD,6541681648176249
18/04/2025 13:28,London Camden,Ramon Turner,Regular Flavoured hot chocolate - Vanilla - 2.60,2.6,CASH,
18/04/2025 13:29,London Camden,Sylvia Obrien,"Regular Iced latte - 2.35, Regular Iced latte - 2.35, Large Iced latte - 2.85",7.55,CASH,
18/04/2025 13:30,London Camden,Matthew Mccullen,"Regular Iced latte - 2.35, Large Speciality Tea - Peppermint - 1.60",3.95,CARD,2996825237910022
18/04/2025 13:30,London Camden,Brenda Perez,"Regular Speciality Tea - Peppermint - 1.30, Regular Flavoured hot chocolate - Vanilla - 2.60, Regular Iced latte - 2.35, Regular Flavoured hot chocolate - Hazelnut - 2.60",8.85,CASH,
18/04/2025 13:31,London Camden,Christine Hewitt,"Regular Hot chocolate - 2.20, Large Flavoured hot chocolate - Hazelnut - 2.90",5.1,CARD,2989759460972095
18/04/2025 13:32,London Camden,Richard Mitchell,Regular Hot chocolate - 2.20,2.2,CARD,1572949007211992
18/04/2025 13:33,London Camden,Jerry Lloyd,"Regular Speciality Tea - Peppermint - 1.30, Regular Iced latte - 2.35, Regular Flavoured latte - Vanilla - 2.55",6.2,CARD,2111908257609823
18/04/2025 13:34,London Camden,Patricia Butler,"Large Luxury hot chocolate - 2.70, Large Flavoured hot chocolate - Hazelnut - 2.90, Large Hot chocolate - 2.90, Regular Flavoured latte - Vanilla - 2.55, Regular Chai latte - 2.30",13.35,CASH,
18/04/2025 13:35,London Camden,Eloise Gish,Regular Flavoured latte - Vanilla - 2.55,2.55,CARD,8464072466107184
18/04/2025 13:36,London Camden,Michael Robinson,"Regular Chai latte - 2.30, Large Flavoured hot chocolate - Hazelnut - 2.90, Large Chai latte - 2.60",7.8,CASH,
18/04/2025 13:37,London Camden,Lillian Carr,"Large Iced latte - 2.85, Regular Iced latte - 2.35",5.2,CARD,7707224590890093
18/04/2025 13:38,London Camden,Cindy Shaw,"Large Chai latte - 2.60, Large Speciality Tea - Peppermint - 1.60, Regular Flavoured hot chocolate - Vanilla - 2.60, Large Speciality Tea - Peppermint - 1.60",8.4,CARD,4810320040327422
18/04/2025 13:38,London Camden,Anne Bush,"Regular Iced latte - 2.35, Regular Speciality Tea - Peppermint - 1.30",3.65,CARD,9887784199457620
18/04/2025 13:39,London Camden,Kenneth Crawford,Large Flavoured latte - Vanilla - 2.85,2.85,CASH,
18/04/2025 13:40,London Camden,Trenton Lucas,"Regular Flavoured hot chocolate - Hazelnut - 2.60, Regular Flavoured hot chocolate - Hazelnut - 2.60, Regular Chai latte - 2.30, Regular Iced latte - 2.35",9.85,CARD,6884057552547466
18/04/2025 13:41,London Camden,Emma Thomas,Regular Hot chocolate - 2.20,2.2,CARD,3715188986606226
18/04/2025 13:42,London Camden,Tony Mathews,"Regular Luxury hot chocolate - 2.40, Regular Hot chocolate - 2.20, Regular Luxury hot chocolate - 2.40",7.0,CASH,
18/04/2025 13:43,London Camden,Jerome Broyles,"Large Chai latte - 2.60, Large Chai latte - 2.60",5.2,CARD,7582806496605286
18/04/2025 13:44,London Camden,Jennifer Crate,"Regular Flavoured hot chocolate - Vanilla - 2.60, Regular Iced latte - 2.35, Large Iced latte - 2.85",7.8,CARD,3684741924772686
18/04/2025 13:45,London Camden,Michael Davis,"Large Hot chocolate - 2.90, Regular Luxury hot chocolate - 2.40, Regular Chai latte - 2.30, Regular Iced latte - 2.35, Regular Flavoured hot chocolate - Vanilla - 2.60",12.55,CARD,1014060500669666
18/04/2025 13:45,London Camden,Latrice Lieder,Regular Iced latte - 2.35,2.35,CARD,1219014388819268
18/04/2025 13:46,London Camden,Donald Kennedy,"Regular Flavoured latte - Vanilla - 2.55, Large Flavoured hot chocolate - Vanilla - 2.90, Large Luxury hot chocolate - 2.70",8.15,CARD,7075240931466888
18/04/2025 13:47,London Camden,George Mcnorton,"Regular Flavoured hot chocolate - Vanilla - 2.60, Regular Iced latte - 2.35, Regular Hot chocolate - 2.20",7.15,CARD,1128447985819455
18/04/2025 13:48,London Camden,John Hotchkiss,"Large Flavoured hot chocolate - Vanilla - 2.90, Regular Chai latte - 2.30",5.2,CARD,6943576726687344
18/04/2025 13:49,London Camden,Amanda Bahl,"Regular Iced latte - 2.35, Large Hot chocolate - 2.90, Regular Luxury hot chocolate - 2.40",7.65,CARD,8559142799365932
18/04/2025 13:50,London Camden,Joyce Hawk,"Regular Chai latte - 2.30, Large Flavoured hot chocolate - Vanilla - 2.90, Regular Chai latte - 2.30, Regular Iced latte - 2.35, Large Flavoured hot chocolate - Vanilla - 2.90",12.75,CARD,7928162738716548
18/04/2025 13:51,London Camden,Alice Jenkins,Regular Hot chocolate - 2.20,2.2,CASH,
18/04/2025 13:52,London Camden,Donald Cooper,Regular Speciality Tea - Peppermint - 1.30,1.3,CARD,7032926614369527
18/04/2025 13:53,London Camden,Albert Hoffmann,"Large Luxury hot chocolate - 2.70, Large Flavoured hot chocolate - Hazelnut - 2.90, Large Flavoured latte - Vanilla - 2.85, Regular Chai latte - 2.30, Large Luxury hot chocolate - 2.70",13.45,CARD,5378154186209484
18/04/2025 13:53,London Camden,Jessica Gonzales,Regular Speciality Tea - Peppermint - 1.30,1.3,CARD,2610649190816182
18/04/2025 13:54,London Camden,Mirna Laub,"Large Chai latte - 2.60, Large Speciality Tea - Peppermint - 1.60, Regular Iced latte - 2.35",6.55,CASH,
18/04/2025 13:55,London Camden,Patrick Rogers,"Large Speciality Tea - Peppermint - 1.60, Regular Hot chocolate - 2.20, Regular Chai latte - 2.30",6.1,CARD,6093720118574922
18/04/2025 13:56,London Camden,Lorena Skolnick,"Regular Flavoured hot chocolate - Hazelnut - 2.60, Large Hot chocolate - 2.90, Regular Hot chocolate - 2.20",7.7,CARD,2732068523961719
18/04/2025 13:57,London Camden,Lizzie Canizales,"Large Hot chocolate - 2.90, Large Iced latte - 2.85",5.75,CARD,5662277346304633
18/04/2025 13:58,London Camden,Kimberly Hardman,"Regular Speciality Tea - Peppermint - 1.30, Large Flavoured latte - Vanilla - 2.85, Regular Hot chocolate - 2.20",6.35,CASH,
18/04/2025 13:59,London Camden,Michael Wymer,"Large Iced latte - 2.85, Regular Luxury hot chocolate - 2.40, Large Speciality Tea - Peppermint - 1.60, Regular Speciality Tea - Peppermint - 1.30, Regular Speciality Tea - Peppermint - 1.30",9.45,CASH,
18/04/2025 14:00,London Camden,Annie Lind,"Large Flavoured hot chocolate - Hazelnut - 2.90, Regular Hot chocolate - 2.20, Large Speciality Tea - Peppermint - 1.60, Regular Flavoured hot chocolate - Hazelnut - 2.60",9.3,CARD,9790090590378842
18/04/2025 14:00,London Camden,Mary Crabill,Large Flavoured latte - Vanilla - 2.85,2.85,CARD,2385867394011711
18/04/2025 14:01,London Camden,Adam Hooker,"Large Flavoured hot chocolate - Vanilla - 2.90, Regular Hot chocolate - 2.20, Large Luxury hot chocolate - 2.70, Large Flavoured latte - Vanilla - 2.85, Regular Speciality Tea - Peppermint - 1.30",11.95,CASH,
18/04/2025 14:02,London Camden,Reid Spigner,"Large Chai latte - 2.60, Large Chai latte - 2.60, Regular Hot chocolate - 2.20, Regular Flavoured hot chocolate - Hazelnut - 2.60, Large Luxury hot chocolate - 2.70",12.7,CARD,3708876398682543
18/04/2025 14:03,London Camden,Deborah Oliver,Large Luxury hot chocolate - 2.70,2.7,CASH,
18/04/2025 14:04,London Camden,Bill Pruitt,"Regular Flavoured hot chocolate - Hazelnut - 2.60, Large Speciality Tea - Peppermint - 1.60",4.2,CARD,9842068669600913
18/04/2025 14:05,London Camden,David Wilson,"Large Hot chocolate - 2.90, Regular Flavoured latte - Vanilla - 2.55",5.45,CARD,3240419253326323
18/04/2025 14:06,London Camden,Douglas Vigil,"Large Flavoured hot chocolate - Vanilla - 2.90, Large Chai latte - 2.60",5.5,CARD,8744616734299068
18/04/2025 14:07,London Camden,Mark Lam,"Regular Flavoured hot chocolate - Hazelnut - 2.60, Large Chai latte - 2.60, Regular Flavoured latte - Vanilla - 2.55",7.75,CARD,2749072999985240
18/04/2025 14:07,London Camden,Betty William,"Large Flavoured hot chocolate - Vanilla - 2.90, Regular Chai latte - 2.30, Large Hot chocolate - 2.90",8.1,CASH,
18/04/2025 14:08,London Camden,Dewayne Blackman,"Large Hot chocolate - 2.90, Regular Hot chocolate - 2.20",5.1,CARD,5125440389822673
18/04/2025 14:09,London Camden,Juanita Korpal,"Large Speciality Tea - Peppermint - 1.60, Regular Flavoured hot chocolate - Hazelnut - 2.60, Large Flavoured hot chocolate - Vanilla - 2.90, Large Flavoured hot chocolate - Hazelnut - 2.90, Large Luxury hot chocolate - 2.70, Large Flavoured hot chocolate - Hazelnut - 2.90",15.6,CARD,1701300041525035
18/04/2025 14:10,London Camden,William Jenkins,"Large Iced latte - 2.85, Large Iced latte - 2.85, Large Luxury hot chocolate - 2.70",8.4,CARD,3742680681515100
18/04/2025 14:11,London Camden,Sandra Woodham,"Regular Flavoured hot chocolate - Hazelnut - 2.60, Large Flavoured latte - Vanilla - 2.85, Regular Speciality Tea - Peppermint - 1.30",6.75,CARD,4744949590697946
18/04/2025 14:12,London Camden,Jessica Delsignore,"Regular Chai latte - 2.30, Regular Chai latte - 2.30, Large Flavoured latte - Vanilla - 2.85, Large Iced latte - 2.85, Regular Iced latte - 2.35",12.65,CARD,8719032001519841
18/04/2025 14:13,London Camden,Tracy Love,"Regular Flavoured hot chocolate - Vanilla - 2.60, Large Iced latte - 2.85, Large Luxury hot chocolate - 2.70",8.15,CARD,6694726510360470
18/04/2025 14:13,London Camden,Anthony Renzi,"Regular Luxury hot chocolate - 2.40, Large Speciality Tea - Peppermint - 1.60, Regular Flavoured hot chocolate - Vanilla - 2.60, Regular Flavoured latte - Vanilla - 2.55",9.15,CARD,7528681990737501
18/04/2025 14:14,London Camden,Jeanette West,"Large Chai latte - 2.60, Large Flavoured hot chocolate - Vanilla - 2.90, Large Hot chocolate - 2.90",8.4,CASH,
18/04/2025 14:15,London Camden,Michael Ybarra,"Large Chai latte - 2.60, Regular Chai latte - 2.30",4.9,CARD,1176701595377444
18/04/2025 14:16,London Camden,Walter Catton,"Large Hot chocolate - 2.90, Large Speciality Tea - Peppermint - 1.60, Regular Chai latte - 2.30, Large Flavoured latte - Vanilla - 2.85",9.65,CARD,9566541682507627
18/04/2025 14:17,London Camden,Bethany Cash,"Regular Flavoured hot chocolate - Vanilla - 2.60, Large Flavoured hot chocolate - Vanilla - 2.90, Regular Flavoured hot chocolate - Vanilla - 2.60, Regular Iced latte - 2.35, Regular Flavoured hot chocolate - Hazelnut - 2.60",13.05,CARD,2350774027875953
18/04/2025 14:18,London Camden,David Bernardo,Large Flavoured latte - Vanilla - 2.85,2.85,CARD,4521658414075762
18/04/2025 14:19,London Camden,Andrea Muncy,"Regular Luxury hot chocolate - 2.40, Large Chai latte - 2.60",5.0,CASH,
18/04/2025 14:20,London Camden,William Myers,Large Flavoured hot chocolate - Vanilla - 2.90,2.9,CASH,
18/04/2025 14:20,London Camden,Rose Dubay,Regular Flavoured hot chocolate - Hazelnut - 2.60,2.6,CARD,9780695795123495
18/04/2025 14:21,London Camden,Guillermo Vela,"Large Flavoured hot chocolate - Vanilla - 2.90, Large Iced latte - 2.85, Large Flavoured hot chocolate - Vanilla - 2.90",8.65,CASH,
18/04/2025 14:22,London Camden,Ralph Vernon,"Large Flavoured hot chocolate - Vanilla - 2.90, Regular Flavoured hot chocolate - Hazelnut - 2.60, Large Speciality Tea - Peppermint - 1.60, Regular Flavoured latte - Vanilla - 2.55, Regular Flavoured hot chocolate - Vanilla - 2.60",12.25,CARD,8596847269308183
18/04/2025 14:23,London Camden,Daniel Jones,"Large Chai latte - 2.60, Regular Flavoured hot chocolate - Hazelnut - 2.60, Large Luxury hot chocolate - 2.70",7.9,CARD,7012709143445936
18/04/2025 14:24,London Camden,Veronica Cho,"Large Luxury hot chocolate - 2.70, Large Flavoured latte - Vanilla - 2.85, Large Luxury hot chocolate - 2.70, Large Chai latte - 2.60",10.85,CARD,8922115003855151
18/04/2025 14:25,London Camden,Christopher Kolb,Regular Flavoured latte - Vanilla - 2.55,2.55,CARD,9645544228680420
18/04/2025 14:26,London Camden,Robert Fairrow,"Regular Luxury hot chocolate - 2.40, Regular Flavoured hot chocolate - Hazelnut - 2.60, Large Flavoured latte - Vanilla - 2.85, Large Hot chocolate - 2.90",10.75,CARD,9558577411838456
18/04/2025 14:26,London Camden,Beverly Daugherty,"Regular Speciality Tea - Peppermint - 1.30, Large Hot chocolate - 2.90, Regular Luxury hot chocolate - 2.40",6.6,CASH,
18/04/2025 14:27,London Camden,William Wolford,"Large Flavoured latte - Vanilla - 2.85, Large Iced latte - 2.85, Regular Flavoured latte - Vanilla - 2.55, Regular Flavoured hot chocolate - Vanilla - 2.60, Large Iced latte - 2.85",13.7,CARD,6859880955333738
18/04/2025 14:28,London Camden,Carlos Pierre,"Regular Flavoured hot chocolate - Vanilla - 2.60, Regular Flavoured hot chocolate - Vanilla - 2.60, Large Flavoured latte - Vanilla - 2.85",8.05,CARD,6572170194287708
18/04/2025 14:29,London Camden,Marian Abbott,"Regular Chai latte - 2.30, Large Chai latte - 2.60, Regular Luxury hot chocolate - 2.40, Regular Luxury hot chocolate - 2.40, Large Flavoured latte - Vanilla - 2.85",12.55,CASH,
18/04/2025 14:30,London Camden,Rufus Corley,Large Flavoured hot chocolate - Vanilla - 2.90,2.9,CARD,9408666989080263
18/04/2025 14:31,London Camden,Diane Parker,"Regular Flavoured hot chocolate - Hazelnut - 2.60, Regular Hot chocolate - 2.20, Regular Luxury hot chocolate - 2.40, Regular Flavoured hot chocolate - Hazelnut - 2.60",9.8,CARD,8633876180543457
18/04/2025 14:32,London Camden,Michelle Shortridge,"Large Hot chocolate - 2.90, Large Hot chocolate - 2.90",5.8,CARD,1346506606946768
18/04/2025 14:33,London Camden,Herbert Stover,Regular Flavoured hot chocolate - Vanilla - 2.60,2.6,CARD,2103691805768942
18/04/2025 14:33,London Camden,Scot Linville,"Large Flavoured hot chocolate - Vanilla - 2.90, Large Speciality Tea - Peppermint - 1.60, Regular Chai latte - 2.30",6.8,CARD,3058952738646504
18/04/2025 14:34,London Camden,Anthony Sanchez,"Regular Flavoured latte - Vanilla - 2.55, Large Hot chocolate - 2.90",5.45,CASH,
18/04/2025 14:35,London Camden,Rita Davis,"Large Flavoured hot chocolate - Hazelnut - 2.90, Large Luxury hot chocolate - 2.70",5.6,CASH,
18/04/2025 14:36,London Camden,Amy Davis,"Regular Flavoured hot chocolate - Vanilla - 2.60, Regular Chai latte - 2.30, Regular Luxury hot chocolate - 2.40, Regular Flavoured hot chocolate - Hazelnut - 2.60",9.9,CARD,6167522353432017
18/04/2025 14:37,London Camden,Joyce Early,"Regular Flavoured latte - Vanilla - 2.55, Regular Hot chocolate - 2.20, Regular Iced latte - 2.35",7.1,CARD,9711746282477601
18/04/2025 14:38,London Camden,Kevin Freas,"Regular Chai latte - 2.30, Large Luxury hot chocolate - 2.70, Large Flavoured hot chocolate - Vanilla - 2.90, Regular Flavoured hot chocolate - Hazelnut - 2.60",10.5,CARD,7759186055084524
18/04/2025 14:39,London Camden,Lennie Mcguffey,Regular Hot chocolate - 2.20,2.2,CARD,2472245867152833
18/04/2025 14:39,London Camden,Margaret Gottfried,Regular Hot chocolate - 2.20,2.2,CARD,3669863977809089
18/04/2025 14:40,London Camden,Charles Adkins,"Large Speciality Tea - Peppermint - 1.60, Regular Luxury hot chocolate - 2.40, Large Chai latte - 2.60, Large Chai latte - 2.60, Large Flavoured hot chocolate - Vanilla - 2.90, Large Speciality Tea - Peppermint - 1.60",13.7,CASH,
18/04/2025 14:41,London Camden,Betty Wolfgram,Regular Hot chocolate - 2.20,2.2,CARD,9592219312458886
18/04/2025 14:42,London Camden,Jennifer Manning,"Large Flavoured latte - Vanilla - 2.85, Large Speciality Tea - Peppermint - 1.60, Regular Iced latte - 2.35, Large Luxury hot chocolate - 2.70",9.5,CARD,7640377196460817
18/04/2025 14:43,London Camden,Randy Hines,"Regular Luxury hot chocolate - 2.40, Regular Flavoured hot chocolate - Vanilla - 2.60",5.0,CARD,2496593676120987
18/04/2025 14:44,London Camden,Carl Heiskell,"Large Flavoured hot chocolate - Vanilla - 2.90, Regular Luxury hot chocolate - 2.40, Regular Hot chocolate - 2.20",7.5,CARD,3930049687688321
18/04/2025 14:45,London Camden,Maria Stiger,"Large Luxury hot chocolate - 2.70, Large Flavoured hot chocolate - Vanilla - 2.90, Large Luxury hot chocolate - 2.70",8.3,CARD,7875633458119873
18/04/2025 14:46,London Camden,Richard Doak,"Large Flavoured latte - Vanilla - 2.85, Large Luxury hot chocolate - 2.70, Regular Flavoured hot chocolate - Hazelnut - 2.60, Large Chai latte - 2.60, Regular Flavoured latte - Vanilla - 2.55",13.3,CARD,2771216784168104
18/04/2025 14:46,London Camden,Mark Mitchell,"Large Flavoured latte - Vanilla - 2.85, Regular Hot chocolate - 2.20",5.05,CARD,3469850410997566
18/04/2025 14:47,London Camden,Michael Lewis,"Regular Flavoured hot chocolate - Vanilla - 2.60, Regular Hot chocolate - 2.20, Regular Iced latte - 2.35, Large Luxury hot chocolate - 2.70",9.85,CARD,7302201566195911
18/04/2025 14:48,London Camden,Rebecca Dodgen,"Large Speciality Tea - Peppermint - 1.60, Regular Flavoured latte - Vanilla - 2.55",4.15,CARD,5468271526963966
18/04/2025 14:49,London Camden,Michael Mitchel,Large Flavoured hot chocolate - Vanilla - 2.90,2.9,CARD,6361294981237560
18/04/2025 14:50,London Camden,Doris Meeks,Regular Speciality Tea - Peppermint - 1.30,1.3,CARD,1510532386005124
18/04/2025 14:51,London Camden,Jeremy Munson,Regular Chai latte - 2.30,2.3,CARD,8223252507411203
18/04/2025 14:52,London Camden,Brenda Roe,"Regular Speciality Tea - Peppermint - 1.30, Regular Flavoured hot chocolate - Vanilla - 2.60, Large Iced latte - 2.85, Large Speciality Tea - Peppermint - 1.60, Regular Speciality Tea - Peppermint - 1.30",9.65,CARD,3258884720820338
18/04/2025 14:52,London Camden,Kathleen Blankenship,"Regular Luxury hot chocolate - 2.40, Large Flavoured latte - Vanilla - 2.85, Regular Hot chocolate - 2.20, Regular Iced latte - 2.35, Regular Chai latte - 2.30",12.1,CARD,5450529135261841
18/04/2025 14:53,London Camden,Everette Baldwin,"Regular Flavoured hot chocolate - Vanilla - 2.60, Regular Hot chocolate - 2.20, Large Flavoured latte - Vanilla - 2.85, Large Speciality Tea - Peppermint - 1.60, Regular Flavoured hot chocolate - Vanilla - 2.60, Large Flavoured hot chocolate - Vanilla - 2.90",14.75,CASH,
18/04/2025 14:54,London Camden,Darrel Metzger,"Large Flavoured hot chocolate - Vanilla - 2.90, Regular Iced latte - 2.35, Large Flavoured latte - Vanilla - 2.85, Regular Flavoured hot chocolate - Hazelnut - 2.60",10.7,CASH,
18/04/2025 14:55,London Camden,Norma Mekee,Large Flavoured latte - Vanilla - 2.85,2.85,CARD,2046624277330543
18/04/2025 14:56,London Camden,Rose Hursey,"Regular Luxury hot chocolate - 2.40, Regular Flavoured latte - Vanilla - 2.55, Large Flavoured hot chocolate - Hazelnut - 2.90, Regular Hot chocolate - 2.20, Large Luxury hot chocolate - 2.70, Large Flavoured hot chocolate - Hazelnut - 2.90",15.65,CASH,
18/04/2025 14:57,London Camden,Kenneth Hinnenkamp,Large Flavoured latte - Vanilla - 2.85,2.85,CARD,2289046734291197
18/04/2025 14:58,London Camden,Kristina Salisbury,"Regular Flavoured latte - Vanilla - 2.55, Regular Hot chocolate - 2.20",4.75,CARD,7620022198307320
18/04/2025 14:59,London Camden,Christy Levy,"Regular Speciality Tea - Peppermint - 1.30, Large Chai latte - 2.60, Large Flavoured latte - Vanilla - 2.85, Regular Iced latte - 2.35, Regular Hot chocolate - 2.20, Regular Speciality Tea - Peppermint - 1.30",12.6,CASH,
18/04/2025 14:59,London Camden,Ron Edwards,"Large Iced latte - 2.85, Regular Flavoured latte - Vanilla - 2.55, Large Chai latte - 2.60, Regular Flavoured hot chocolate - Hazelnut - 2.60",10.6,CARD,1799432143830940
18/04/2025 15:00,London Camden,Joe Cooks,Regular Flavoured hot chocolate - Vanilla - 2.60,2.6,CARD,5883919057085037
18/04/2025 15:01,London Camden,Barbara Fox,"Large Speciality Tea - Peppermint - 1.60, Regular Flavoured hot chocolate - Hazelnut - 2.60, Large Flavoured latte - Vanilla - 2.85, Large Flavoured latte - Vanilla - 2.85",9.9,CARD,9235439896064466
18/04/2025 15:03,London Camden,Mildred Mcclellan,"Regular Flavoured latte - Vanilla - 2.55, Regular Chai latte - 2.30",4.85,CASH,
18/04/2025 15:04,London Camden,Heather Berlin,"Large Luxury hot chocolate - 2.70, Regular Iced latte - 2.35, Large Flavoured latte - Vanilla - 2.85, Large Iced latte - 2.85",10.75,CARD,8602703340962203
18/04/2025 15:05,London Camden,Thomas Moore,"Large Speciality Tea - Peppermint - 1.60, Large Flavoured latte - Vanilla - 2.85, Regular Flavoured latte - Vanilla - 2.55",7.0,CASH,
18/04/2025 15:06,London Camden,Abraham Wilbanks,"Regular Hot chocolate - 2.20, Regular Hot chocolate - 2.20, Large Chai latte - 2.60, Large Chai latte - 2.60, Regular Flavoured hot chocolate - Vanilla - 2.60, Large Hot chocolate - 2.90",15.1,CARD,9953089761019295
18/04/2025 15:07,London Camden,Floyd Johnson,Regular Iced latte - 2.35,2.35,CARD,6578228683154659
18/04/2025 15:08,London Camden,Maurice Hollingsworth,"Regular Flavoured hot chocolate - Vanilla - 2.60, Large Flavoured hot chocolate - Hazelnut - 2.90, Regular Iced latte - 2.35, Large Iced latte - 2.85",10.7,CASH,
18/04/2025 15:10,London Camden,Lyle Calkins,"Large Flavoured latte - Vanilla - 2.85, Regular Flavoured hot chocolate - Vanilla - 2.60, Large Flavoured hot chocolate - Vanilla - 2.90, Large Speciality Tea - Peppermint - 1.60",9.95,CARD,2815881461896704
18/04/2025 15:11,London Camden,Eva Bayardo,"Large Luxury hot chocolate - 2.70, Regular Speciality Tea - Peppermint - 1.30, Large Speciality Tea - Peppermint - 1.60",5.6,CARD,9063456047053274
18/04/2025 15:12,London Camden,Jose Thompson,"Regular Flavoured hot chocolate - Hazelnut - 2.60, Large Hot chocolate - 2.90, Large Speciality Tea - Peppermint - 1.60, Large Flavoured hot chocolate - Vanilla - 2.90, Large Hot chocolate - 2.90",12.9,CARD,1705011916301571
18/04/2025 15:13,London Camden,John Coakley,"Large Iced latte - 2.85, Large Iced latte - 2.85",5.7,CARD,4904635722799821
18/04/2025 15:14,London Camden,Stephaine Tse,"Regular Flavoured latte - Vanilla - 2.55, Large Flavoured latte - Vanilla - 2.85, Regular Flavoured hot chocolate - Hazelnut - 2.60",8.0,CARD,5575685979515523
18/04/2025 15:15,London Camden,George Garneau,"Large Flavoured latte - Vanilla - 2.85, Large Flavoured hot chocolate - Hazelnut - 2.90, Regular Hot chocolate - 2.20",7.95,CASH,
18/04/2025 15:17,London Camden,Sheila Cavazos,Large Chai latte - 2.60,2.6,CARD,3977181261803072
18/04/2025 15:18,London Camden,Rosemary Womack,"Regular Hot chocolate - 2.20, Regular Hot chocolate - 2.20",4.4,CARD,5337021795585899
18/04/2025 15:19,London Camden,Albert Good,"Regular Flavoured hot chocolate - Vanilla - 2.60, Large Flavoured hot chocolate - Vanilla - 2.90, Large Chai latte - 2.60",8.1,CARD,1990927385000278
18/04/2025 15:20,London Camden,Trena Meyer,"Large Luxury hot chocolate - 2.70, Large Hot chocolate - 2.90",5.6,CARD,5322514417054733
18/04/2025 15:21,London Camden,Janice Mcfadden,"Regular Speciality Tea - Peppermint - 1.30, Regular Luxury hot chocolate - 2.40, Large Flavoured hot chocolate - Vanilla - 2.90, Large Chai latte - 2.60",9.2,CARD,8686754858264580
18/04/2025 15:22,London Camden,Lee Daniel,"Large Hot chocolate - 2.90, Regular Flavoured latte - Vanilla - 2.55, Large Luxury hot chocolate - 2.70",8.15,CASH,
18/04/2025 15:24,London Camden,Gertrude Hyde,Regular Speciality Tea - Peppermint - 1.30,1.3,CARD,8796588520632833
18/04/2025 15:25,London Camden,Martin Ward,"Regular Luxury hot chocolate - 2.40, Regular Flavoured hot chocolate - Vanilla - 2.60, Regular Speciality Tea - Peppermint - 1.30",6.3,CARD,8578798420893507
18/04/2025 15:26,London Camden,Anne Mitchell,"Regular Iced latte - 2.35, Large Chai latte - 2.60, Regular Speciality Tea - Peppermint - 1.30, Large Hot chocolate - 2.90, Large Iced latte - 2.85",12.0,CARD,6866616540757254
18/04/2025 15:27,London Camden,Jonathan Givens,"Regular Luxury hot chocolate - 2.40, Large Flavoured hot chocolate - Hazelnut - 2.90, Large Flavoured hot chocolate - Vanilla - 2.90, Large Speciality Tea - Peppermint - 1.60",9.8,CARD,1842827791589107
18/04/2025 15:28,London Camden,Velma Zavala,"Regular Speciality Tea - Peppermint - 1.30, Regular Iced latte - 2.35, Regular Chai latte - 2.30",5.95,CARD,9910605469161586
18/04/2025 15:29,London Camden,Daniel Arrants,"Regular Hot chocolate - 2.20, Regular Chai latte - 2.30",4.5,CARD,3820630269007306
18/04/2025 15:31,London Camden,Shannon Hall,"Regular Speciality Tea - Peppermint - 1.30, Large Speciality Tea - Peppermint - 1.60, Regular Speciality Tea - Peppermint - 1.30, Large Luxury hot chocolate - 2.70, Large Speciality Tea - Peppermint - 1.60, Regular Iced latte - 2.35",10.85,CARD,3995076290738267
18/04/2025 15:32,London Camden,Billie Edmondson,Large Flavoured hot chocolate - Vanilla - 2.90,2.9,CARD,7631406983170781
18/04/2025 15:33,London Camden,Sara Stidham,"Large Speciality Tea - Peppermint - 1.60, Large Flavoured latte - Vanilla - 2.85, Large Flavoured hot chocolate - Hazelnut - 2.90, Large Speciality Tea - Peppermint - 1.60, Regular Flavoured hot chocolate - Hazelnut - 2.60, Regular Flavoured latte - Vanilla - 2.55",14.1,CARD,9770054666602645
18/04/2025 15:34,London Camden,Frances Mills,"Regular Flavoured hot chocolate - Vanilla - 2.60, Regular Flavoured latte - Vanilla - 2.55",5.15,CARD,4826206734237792
18/04/2025 15:35,London Camden,Donald Klein,"Large Speciality Tea - Peppermint - 1.60, Large Flavoured hot chocolate - Vanilla - 2.90",4.5,CARD,6457026034654912
18/04/2025 15:36,London Camden,Harold Ramey,"Regular Speciality Tea - Peppermint - 1.30, Regular Flavoured hot chocolate - Vanilla - 2.60, Large Luxury hot chocolate - 2.70, Large Luxury hot chocolate - 2.70",9.3,CASH,
18/04/2025 15:38,London Camden,Ralph Ross,Regular Hot chocolate - 2.20,2.2,CASH,
18/04/2025 15:39,London Camden,Sandra Serbus,Large Flavoured latte - Vanilla - 2.85,2.85,CARD,5455095832677131
18/04/2025 15:40,London Camden,Elijah Schaffner,"Large Speciality Tea - Peppermint - 1.60, Regular Flavoured hot chocolate - Vanilla - 2.60, Regular Iced latte - 2.35, Regular Hot chocolate - 2.20",8.75,CASH,
18/04/2025 15:41,London Camden,John Worker,"Regular Luxury hot chocolate - 2.40, Large Luxury hot chocolate - 2.70, Large Flavoured hot chocolate - Vanilla - 2.90, Large Flavoured hot chocolate - Vanilla - 2.90, Large Flavoured latte - Vanilla - 2.85, Large Chai latte - 2.60",16.35,CARD,4971559798614642
18/04/2025 15:42,London Camden,Jessie Shay,"Large Chai latte - 2.60, Large Flavoured latte - Vanilla - 2.85, Large Hot chocolate - 2.90, Regular Hot chocolate - 2.20",10.55,CARD,5158911271246554
18/04/2025 15:43,London Camden,Kathy Sullivan,"Regular Iced latte - 2.35, Large Flavoured hot chocolate - Hazelnut - 2.90, Large Chai latte - 2.60, Large Flavoured hot chocolate - Vanilla - 2.90, Regular Speciality Tea - Peppermint - 1.30",12.05,CARD,2752914919883649
18/04/2025 15:45,London Camden,Rosalyn January,"Regular Hot chocolate - 2.20, Regular Speciality Tea - Peppermint - 1.30, Regular Flavoured latte - Vanilla - 2.55",6.05,CARD,9128019196633579
18/04/2025 15:46,London Camden,Kelly Todd,Large Flavoured latte - Vanilla - 2.85,2.85,CASH,
18/04/2025 15:47,London Camden,Henry Free,"Large Flavoured hot chocolate - Vanilla - 2.90, Regular Speciality Tea - Peppermint - 1.30, Regular Luxury hot chocolate - 2.40, Regular Chai latte - 2.30",8.9,CARD,2101150508880589
18/04/2025 15:48,London Camden,Mary Blair,"Large Iced latte - 2.85, Regular Chai latte - 2.30, Regular Flavoured latte - Vanilla - 2.55",7.7,CARD,8337938344153092
18/04/2025 15:49,London Camden,Kenneth Kennelly,"Regular Iced latte - 2.35, Regular Flavoured hot chocolate - Hazelnut - 2.60, Regular Flavoured hot chocolate - Hazelnut - 2.60, Regular Flavoured hot chocolate - Hazelnut - 2.60, Large Luxury hot chocolate - 2.70",12.85,CARD,9734577085268775
18/04/2025 15:50,London Camden,Gabrielle White,Regular Chai latte - 2.30,2.3,CARD,4396177247347858
18/04/2025 15:52,London Camden,Karen Phillips,Regular Flavoured latte - Vanilla - 2.55,2.55,CASH,
18/04/2025 15:53,London Camden,Andrea Parrish,"Large Luxury hot chocolate - 2.70, Large Flavoured hot chocolate - Hazelnut - 2.90, Large Flavoured latte - Vanilla - 2.85",8.45,CARD,9829242665645338
18/04/2025 15:54,London Camden,Diana Mimes,"Regular Flavoured latte - Vanilla - 2.55, Regular Flavoured hot chocolate - Vanilla - 2.60",5.15,CARD,7386063833122259
18/04/2025 15:55,London Camden,Sara Nickens,"Large Speciality Tea - Peppermint - 1.60, Regular Speciality Tea - Peppermint - 1.30, Large Hot chocolate - 2.90",5.8,CARD,6588694824492109
18/04/2025 15:56,London Camden,Gladys Conley,"Large Iced latte - 2.85, Large Flavoured latte - Vanilla - 2.85, Regular Iced latte - 2.35",8.05,CARD,3288031564384937
18/04/2025 15:57,London Camden,Jose Marotti,"Regular Hot chocolate - 2.20, Large Iced latte - 2.85, Large Speciality Tea - Peppermint - 1.60, Regular Hot chocolate - 2.20",8.85,CARD,2307555468385809
18/04/2025 15:59,London Camden,Jose Killian,"Large Flavoured latte - Vanilla - 2.85, Large Hot chocolate - 2.90, Large Luxury hot chocolate - 2.70",8.45,CARD,4152347010396766
18/04/2025 16:00,London Camden,Kevin Marino,"Large Iced latte - 2.85, Regular Speciality Tea - Peppermint - 1.30, Regular Iced latte - 2.35, Regular Flavoured hot chocolate - Hazelnut - 2.60",9.1,CARD,8305075757285182
18/04/2025 16:02,London Camden,Adolfo Eckart,"Large Flavoured hot chocolate - Hazelnut - 2.90, Large Hot chocolate - 2.90, Regular Chai latte - 2.30",8.1,CARD,5424806494739163
18/04/2025 16:04,London Camden,Louise Blackburn,"Regular Flavoured hot chocolate - Hazelnut - 2.60, Regular Speciality Tea - Peppermint - 1.30, Regular Flavoured hot chocolate - Vanilla - 2.60, Regular Chai latte - 2.30",8.8,CASH,
18/04/2025 16:06,London Camden,Dale Weller,"Large Flavoured latte - Vanilla - 2.85, Regular Flavoured latte - Vanilla - 2.55",5.4,CASH,
18/04/2025 16:09,London Camden,Virginia Hickey,Regular Luxury hot chocolate - 2.40,2.4,CASH,
18/04/2025 16:11,London Camden,Anthony Martinez,"Regular Flavoured latte - Vanilla - 2.55, Large Speciality Tea - Peppermint - 1.60, Large Luxury hot chocolate - 2.70, Regular Iced latte - 2.35, Regular Flavoured latte - Vanilla - 2.55, Large Speciality Tea - Peppermint - 1.60",13.35,CARD,9774331475464411
18/04/2025 16:13,London Camden,Maurice Rees,"Large Flavoured hot chocolate - Hazelnut - 2.90, Large Chai latte - 2.60, Regular Speciality Tea - Peppermint - 1.30",6.8,CARD,9045334686190727
18/04/2025 16:15,London Camden,Patricia Longfellow,"Large Hot chocolate - 2.90, Large Flavoured latte - Vanilla - 2.85",5.75,CARD,9580568055675866
18/04/2025 16:18,London Camden,Jane Schneidtmille,Regular Speciality Tea - Peppermint - 1.30,1.3,CARD,2648835267867699
18/04/2025 16:20,London Camden,Melissa Neal,"Regular Chai latte - 2.30, Large Speciality Tea - Peppermint - 1.60, Regular Chai latte - 2.30",6.2,CARD,7207704585182321
18/04/2025 16:22,London Camden,Opal Lewis,Large Flavoured hot chocolate - Hazelnut - 2.90,2.9,CARD,7450394221857137
18/04/2025 16:24,London Camden,Laura Kelly,"Regular Speciality Tea - Peppermint - 1.30, Regular Luxury hot chocolate - 2.40",3.7,CASH,
18/04/2025 16:26,London Camden,Luis Velazquez,"Regular Flavoured latte - Vanilla - 2.55, Regular Hot chocolate - 2.20, Regular Flavoured latte - Vanilla - 2.55",7.3,CARD,6361667257616687
18/04/2025 16:29,London Camden,Rodolfo Schultz,"Large Iced latte - 2.85, Regular Flavoured latte - Vanilla - 2.55, Large Hot chocolate - 2.90, Regular Flavoured latte - Vanilla - 2.55",10.85,CARD,2181986026980205
18/04/2025 16:31,London Camden,Anthony Boyer,"Large Luxury hot chocolate - 2.70, Large Luxury hot chocolate - 2.70",5.4,CARD,4445768772971406
18/04/2025 16:33,London Camden,Georgette Hollowell,Large Flavoured latte - Vanilla - 2.85,2.85,CARD,3532162121798562
18/04/2025 16:35,London Camden,Daniel Covington,"Regular Flavoured hot chocolate - Hazelnut - 2.60, Large Iced latte - 2.85",5.45,CARD,8691867947551523
18/04/2025 16:37,London Camden,Louis Yerkovich,"Regular Flavoured latte - Vanilla - 2.55, Large Flavoured hot chocolate - Vanilla - 2.90",5.45,CASH,
18/04/2025 16:40,London Camden,Ashley Dwyer,Large Flavoured hot chocolate - Vanilla - 2.90,2.9,CARD,6538457380394957
18/04/2025 16:42,London Camden,Donald Vondielingen,"Regular Flavoured hot chocolate - Hazelnut - 2.60, Large Chai latte - 2.60, Regular Flavoured hot chocolate - Vanilla - 2.60",7.8,CARD,9873560080018016
18/04/2025 16:44,London Camden,Angel Johnston,"Large Iced latte - 2.85, Large Chai latte - 2.60, Large Flavoured hot chocolate - Hazelnut - 2.90, Regular Flavoured hot chocolate - Vanilla - 2.60",10.95,CARD,4403466925577345
18/04/2025 16:46,London Camden,Bernadette Houston,"Large Flavoured hot chocolate - Vanilla - 2.90, Large Flavoured hot chocolate - Hazelnut - 2.90, Large Iced latte - 2.85, Regular Speciality Tea - Peppermint - 1.30, Regular Flavoured hot chocolate - Hazelnut - 2.60, Large Flavoured hot chocolate - Vanilla - 2.90",15.45,CASH,
18/04/2025 16:49,London Camden,Lisa Lewis,"Large Hot chocolate - 2.90, Regular Flavoured hot chocolate - Vanilla - 2.60",5.5,CARD,5647661805422799
18/04/2025 16:51,London Camden,Lloyd Kremen,"Regular Flavoured hot chocolate - Hazelnut - 2.60, Large Flavoured hot chocolate - Hazelnut - 2.90",5.5,CARD,4082965888109331
18/04/2025 16:53,London Camden,Mary Aiton,"Large Hot chocolate - 2.90, Regular Luxury hot chocolate - 2.40",5.3,CARD,6655486030693530
18/04/2025 16:55,London Camden,Randall Cousin,"Regular Luxury hot chocolate - 2.40, Regular Flavoured hot chocolate - Vanilla - 2.60, Regular Flavoured hot chocolate - Vanilla - 2.60, Large Luxury hot chocolate - 2.70, Regular Chai latte - 2.30, Large Flavoured hot chocolate - Hazelnut - 2.90",15.5,CARD,2979854179147390
18/04/2025 16:57,London Camden,Hubert Keenan,Regular Hot chocolate - 2.20,2.2,CARD,2344932158916321
