14/04/2025 08:00,London Greenwich,Beverly Woods,"Regular Latte - 2.15, Regular Flavoured iced latte - Caramel - 2.75, Large Frappes - Strawberries & Cream - 3.25, Regular Flavoured iced latte - Caramel - 2.75, Regular Frappes - Chocolate Cookie - 2.75",13.65,CARD,6759233489980831
14/04/2025 08:01,London Greenwich,Suzanne Clayton,"Large Flavoured iced latte - Caramel - 3.25, Large Frappes - Strawberries & Cream - 3.25",6.5,CARD,9963393994203466
14/04/2025 08:03,London Greenwich,Keith Powell,"Large Iced americano - 2.50, Large Latte - 2.45, Large Latte - 2.45",7.4,CASH,
14/04/2025 08:05,London Greenwich,Edith Norris,Regular Frappes - Strawberries & Cream - 2.75,2.75,CARD,3787040606940300
14/04/2025 08:07,London Greenwich,Preston Hayes,"Regular Latte - 2.15, Large Frappes - Strawberries & Cream - 3.25",5.4,CARD,3878910503511420
14/04/2025 08:08,London Greenwich,Kenneth Epstein,"Regular Flavoured iced latte - Caramel - 2.75, Regular Frappes - Chocolate Cookie - 2.75, Large Latte - 2.45",7.95,CARD,2610420003922981
14/04/2025 08:10,London Greenwich,Frederick Chin,"Regular Frappes - Strawberries & Cream - 2.75, Large Frappes - Chocolate Cookie - 3.25, Large Flavoured iced latte - Caramel - 3.25, Regular Flavoured iced latte - Caramel - 2.75, Regular Flavoured iced latte - Caramel - 2.75, Large Flavoured iced latte - Caramel - 3.25",18.0,CARD,4186459813589840
14/04/2025 08:12,London Greenwich,Anna Ross,"Regular Latte - 2.15, Regular Latte - 2.15, Large Frappes - Chocolate Cookie - 3.25, Large Latte - 2.45, Large Iced americano - 2.50",12.5,CARD,7165153330256255
14/04/2025 08:14,London Greenwich,Dolores Seever,"Large Frappes - Chocolate Cookie - 3.25, Regular Iced americano - 2.15, Large Iced americano - 2.50",7.9,CARD,4112587231696198
14/04/2025 08:15,London Greenwich,Carl Mcfadden,"Regular Iced americano - 2.15, Regular Frappes - Chocolate Cookie - 2.75, Large Iced americano - 2.50, Large Iced americano - 2.50",9.9,CASH,
14/04/2025 08:17,London Greenwich,Shawn Ramirez,"Large Frappes - Chocolate Cookie - 3.25, Large Frappes - Strawberries & Cream - 3.25, Large Iced americano - 2.50, Large Flavoured iced latte - Caramel - 3.25",12.25,CARD,7832440772779689
14/04/2025 08:19,London Greenwich,Thomas Arch,"Large Iced americano - 2.50, Large Iced americano - 2.50, Regular Latte - 2.15, Regular Flavoured iced latte - Caramel - 2.75",9.9,CARD,5634845531003152
14/04/2025 08:21,London Greenwich,Angela Peterson,"Regular Iced americano - 2.15, Large Flavoured iced latte - Caramel - 3.25, Regular Latte - 2.15, Large Frappes - Strawberries & Cream - 3.25, Regular Latte - 2.15, Large Flavoured iced latte - Caramel - 3.25",16.2,CARD,1448585401661231
14/04/2025 08:22,London Greenwich,Michael Campbell,"Regular Flavoured iced latte - Caramel - 2.75, Large Frappes - Strawberries & Cream - 3.25, Regular Latte - 2.15",8.15,CARD,3233121903460099
14/04/2025 08:24,London Greenwich,Erin Chaplin,Large Frappes - Strawberries & Cream - 3.25,3.25,CARD,3517761820630413
14/04/2025 08:26,London Greenwich,Ryan Willis,"Regular Iced americano - 2.15, Regular Frappes - Chocolate Cookie - 2.75",4.9,CARD,5909201609146242
14/04/2025 08:28,London Greenwich,Carla Almazan,"Regular Frappes - Chocolate Cookie - 2.75, Large Iced americano - 2.50",5.25,CARD,2655242509501982
14/04/2025 08:29,London Greenwich,Bernadette Fuller,"Regular Flavoured iced latte - Caramel - 2.75, Regular Iced americano - 2.15, Large Frappes - Chocolate Cookie - 3.25, Regular Frappes - Chocolate Cookie - 2.75",10.9,CARD,3955412218119093
14/04/2025 08:31,London Greenwich,Karen Erdmann,"Regular Latte - 2.15, Regular Latte - 2.15",4.3,CARD,3821234351131784
14/04/2025 08:33,London Greenwich,Hugh Payton,"Large Latte - 2.45, Regular Latte - 2.15, Large Latte - 2.45",7.05,CARD,5266713106146230
14/04/2025 08:35,London Greenwich,Anita Gregory,"Large Flavoured iced latte - Caramel - 3.25, Large Frappes - Chocolate Cookie - 3.25, Regular Flavoured iced latte - Caramel - 2.75, Regular Iced americano - 2.15",11.4,CASH,
14/04/2025 08:36,London Greenwich,John Vargas,"Regular Latte - 2.15, Large Frappes - Strawberries & Cream - 3.25, Regular Frappes - Chocolate Cookie - 2.75, Regular Frappes - Strawberries & Cream - 2.75",10.9,CARD,3139610794411803
14/04/2025 08:38,London Greenwich,Mckenzie Marty,"Large Frappes - Strawberries & Cream - 3.25, Regular Flavoured iced latte - Caramel - 2.75, Large Flavoured iced latte - Caramel - 3.25",9.25,CARD,5584741016501087
14/04/2025 08:40,London Greenwich,Lonnie Carter,"Regular Iced americano - 2.15, Regular Iced americano - 2.15, Large Iced americano - 2.50, Large Latte - 2.45, Large Iced americano - 2.50, Regular Latte - 2.15",13.9,CARD,5273148498997756
14/04/2025 08:42,London Greenwich,Mark Davis,"Regular Latte - 2.15, Regular Flavoured iced latte - Caramel - 2.75, Large Frappes - Strawberries & Cream - 3.25, Large Latte - 2.45, Regular Frappes - Chocolate Cookie - 2.75",13.35,CASH,
14/04/2025 08:44,London Greenwich,Sharon Blunt,"Large Frappes - Strawberries & Cream - 3.25, Regular Frappes - Chocolate Cookie - 2.75, Regular Iced americano - 2.15, Regular Latte - 2.15",10.3,CARD,6520844365777530
14/04/2025 08:45,London Greenwich,Elenor Taylor,"Regular Flavoured iced latte - Caramel - 2.75, Regular Latte - 2.15",4.9,CARD,7138565301500469
14/04/2025 08:47,London Greenwich,Leticia Williams,"Large Latte - 2.45, Regular Flavoured iced latte - Caramel - 2.75, Regular Frappes - Strawberries & Cream - 2.75, Regular Flavoured iced latte - Caramel - 2.75",10.7,CASH,
14/04/2025 08:49,London Greenwich,Jimmy Smith,"Regular Flavoured iced latte - Caramel - 2.75, Regular Latte - 2.15",4.9,CASH,
14/04/2025 08:51,London Greenwich,Ian Harr,"Large Frappes - Chocolate Cookie - 3.25, Large Flavoured iced latte - Caramel - 3.25, Large Flavoured iced latte - Caramel - 3.25, Regular Flavoured iced latte - Caramel - 2.75",12.5,CARD,6673456505783901
14/04/2025 08:52,London Greenwich,Krista Bradley,"Large Flavoured iced latte - Caramel - 3.25, Regular Iced americano - 2.15, Regular Flavoured iced latte - Caramel - 2.75, Regular Latte - 2.15",10.3,CARD,1090008121213020
14/04/2025 08:54,London Greenwich,Wayne Alberry,"Large Iced americano - 2.50, Large Frappes - Chocolate Cookie - 3.25, Regular Flavoured iced latte - Caramel - 2.75, Regular Latte - 2.15, Large Latte - 2.45",13.1,CARD,9551583163977208
14/04/2025 08:56,London Greenwich,Jerry Brown,"Regular Iced americano - 2.15, Large Iced americano - 2.50, Large Flavoured iced latte - Caramel - 3.25, Large Flavoured iced latte - Caramel - 3.25, Regular Flavoured iced latte - Caramel - 2.75",13.9,CASH,
14/04/2025 08:58,London Greenwich,Maurice Ward,Large Frappes - Strawberries & Cream - 3.25,3.25,CARD,2401901527105390
14/04/2025 08:59,London Greenwich,Joyce Jackson,Regular Latte - 2.15,2.15,CARD,5838979631643079
14/04/2025 09:01,London Greenwich,Emil Holland,"Regular Flavoured iced latte - Caramel - 2.75, Regular Flavoured iced latte - Caramel - 2.75, Large Frappes - Strawberries & Cream - 3.25, Regular Latte - 2.15",10.9,CARD,1610633830238495
14/04/2025 09:05,London Greenwich,Elliott Pierce,"Regular Flavoured iced latte - Caramel - 2.75, Regular Flavoured iced latte - Caramel - 2.75, Regular Latte - 2.15",7.65,CARD,4690838850576491
14/04/2025 09:08,London Greenwich,Ofelia Condra,"Regular Iced americano - 2.15, Large Latte - 2.45",4.6,CARD,1500357207166201
14/04/2025 09:12,London Greenwich,Sun Pritchett,Large Frappes - Strawberries & Cream - 3.25,3.25,CASH,
14/04/2025 09:15,London Greenwich,Jesus Beal,"Regular Latte - 2.15, Large Frappes - Strawberries & Cream - 3.25, Large Flavoured iced latte - Caramel - 3.25, Large Flavoured iced latte - Caramel - 3.25, Regular Latte - 2.15",14.05,CARD,1168742764667745
14/04/2025 09:19,London Greenwich,Marcelo Perry,"Large Latte - 2.45, Regular Latte - 2.15, Regular Frappes - Chocolate Cookie - 2.75, Large Frappes - Chocolate Cookie - 3.25, Large Latte - 2.45",13.05,CARD,5631597603980906
14/04/2025 09:22,London Greenwich,James Street,Regular Frappes - Strawberries & Cream - 2.75,2.75,CARD,6658243782360906
14/04/2025 09:26,London Greenwich,John Bailey,"Large Iced americano - 2.50, Regular Frappes - Chocolate Cookie - 2.75, Regular Flavoured iced latte - Caramel - 2.75",8.0,CARD,4567527121705004
14/04/2025 09:29,London Greenwich,Brett Gray,Large Frappes - Chocolate Cookie - 3.25,3.25,CARD,6756726661694724
14/04/2025 09:33,London Greenwich,Raul Smith,Regular Flavoured iced latte - Caramel - 2.75,2.75,CARD,7329683433116378
14/04/2025 09:36,London Greenwich,Geraldine Brown,"Large Latte - 2.45, Large Latte - 2.45",4.9,CARD,5098414771858425
14/04/2025 09:40,London Greenwich,Bethany Kim,"Regular Latte - 2.15, Large Frappes - Chocolate Cookie - 3.25, Regular Iced americano - 2.15, Large Iced americano - 2.50",10.05,CASH,
14/04/2025 09:43,London Greenwich,John Aniello,"Regular Flavoured iced latte - Caramel - 2.75, Large Iced americano - 2.50, Regular Frappes - Chocolate Cookie - 2.75",8.0,CARD,7355269493418407
14/04/2025 09:47,London Greenwich,Sarah Jewell,"Regular Frappes - Strawberries & Cream - 2.75, Regular Flavoured iced latte - Caramel - 2.75, Large Flavoured iced latte - Caramel - 3.25, Large Frappes - Strawberries & Cream - 3.25",12.0,CARD,3384225063380217
14/04/2025 09:50,London Greenwich,Tommy Soto,Large Frappes - Strawberries & Cream - 3.25,3.25,CASH,
14/04/2025 09:54,London Greenwich,Amber Mclaughlin,"Regular Iced americano - 2.15, Large Latte - 2.45",4.6,CARD,1802649136250769
14/04/2025 09:57,London Greenwich,Anthony Clark,Regular Iced americano - 2.15,2.15,CASH,
14/04/2025 10:01,London Greenwich,Darrell Raymond,Regular Flavoured iced latte - Caramel - 2.75,2.75,CARD,5515584821887423
14/04/2025 10:02,London Greenwich,Vida Williams,"Large Frappes - Chocolate Cookie - 3.25, Large Latte - 2.45",5.7,CASH,
14/04/2025 10:04,London Greenwich,Kurt Bailey,"Regular Iced americano - 2.15, Large Frappes - Chocolate Cookie - 3.25, Large Latte - 2.45",7.85,CARD,9663155263031561
14/04/2025 10:05,London Greenwich,Jeffrey Kurter,Large Frappes - Chocolate Cookie - 3.25,3.25,CARD,1831477334571841
14/04/2025 10:06,London Greenwich,Cynthia Fuentes,"Regular Frappes - Strawberries & Cream - 2.75, Regular Flavoured iced latte - Caramel - 2.75, Large Iced americano - 2.50, Large Latte - 2.45",10.45,CASH,
14/04/2025 10:08,London Greenwich,Robert Zellmer,Regular Frappes - Strawberries & Cream - 2.75,2.75,CARD,9207079372589467
14/04/2025 10:09,London Greenwich,Robin Wright,"Regular Frappes - Strawberries & Cream - 2.75, Large Frappes - Chocolate Cookie - 3.25",6.0,CASH,
14/04/2025 10:11,London Greenwich,Sean Hudson,"Regular Latte - 2.15, Large Latte - 2.45, Regular Latte - 2.15",6.75,CARD,6947241057260023
14/04/2025 10:12,London Greenwich,Eileen Glenn,"Large Iced americano - 2.50, Large Iced americano - 2.50",5.0,CARD,1625453234740324
14/04/2025 10:13,London Greenwich,Les Stout,"Large Frappes - Strawberries & Cream - 3.25, Large Frappes - Strawberries & Cream - 3.25, Regular Flavoured iced latte - Caramel - 2.75, Large Flavoured iced latte - Caramel - 3.25",12.5,CARD,7508043123523028
14/04/2025 10:15,London Greenwich,Jordan Kramer,"Regular Flavoured iced latte - Caramel - 2.75, Regular Flavoured iced latte - Caramel - 2.75, Regular Frappes - Strawberries & Cream - 2.75",8.25,CARD,5918792740784013
14/04/2025 10:16,London Greenwich,Bernice Taylor,"Regular Iced americano - 2.15, Large Frappes - Strawberries & Cream - 3.25, Regular Flavoured iced latte - Caramel - 2.75, Large Iced americano - 2.50, Large Frappes - Chocolate Cookie - 3.25, Large Frappes - Chocolate Cookie - 3.25",17.15,CARD,2543511487429705
14/04/2025 10:17,London Greenwich,John Odonnell,"Large Frappes - Chocolate Cookie - 3.25, Large Iced americano - 2.50, Large Latte - 2.45",8.2,CARD,9684722159142511
14/04/2025 10:19,London Greenwich,John Foersterling,Large Iced americano - 2.50,2.5,CARD,2594745381525576
14/04/2025 10:20,London Greenwich,Hugh Jenkins,Regular Latte - 2.15,2.15,CARD,7371919146047227
14/04/2025 10:22,London Greenwich,John Korsmeyer,"Large Frappes - Chocolate Cookie - 3.25, Regular Latte - 2.15",5.4,CASH,
14/04/2025 10:23,London Greenwich,Dorothea Simpson,Large Iced americano - 2.50,2.5,CARD,4728596091703637
14/04/2025 10:24,London Greenwich,Rex Kemnitz,Regular Flavoured iced latte - Caramel - 2.75,2.75,CARD,3573030207827978
14/04/2025 10:26,London Greenwich,Roy Gonzales,"Large Flavoured iced latte - Caramel - 3.25, Regular Flavoured iced latte - Caramel - 2.75",6.0,CARD,2303558370050124
14/04/2025 10:27,London Greenwich,Lynn Leonard,"Regular Iced americano - 2.15, Regular Latte - 2.15, Large Frappes - Strawberries & Cream - 3.25, Large Frappes - Chocolate Cookie - 3.25, Large Iced americano - 2.50",13.3,CARD,1331731341577255
14/04/2025 10:29,London Greenwich,Charlotte Escobar,"Regular Latte - 2.15, Regular Frappes - Strawberries & Cream - 2.75",4.9,CARD,3707036268471104
14/04/2025 10:30,London Greenwich,Alberto Queener,"Regular Flavoured iced latte - Caramel - 2.75, Regular Frappes - Strawberries & Cream - 2.75, Large Frappes - Strawberries & Cream - 3.25",8.75,CARD,6940369755345649
14/04/2025 10:31,London Greenwich,Amy Gallagher,"Regular Flavoured iced latte - Caramel - 2.75, Large Frappes - Strawberries & Cream - 3.25",6.0,CARD,7409065008502801
14/04/2025 10:33,London Greenwich,Edwin Varner,"Regular Flavoured iced latte - Caramel - 2.75, Regular Latte - 2.15, Regular Latte - 2.15, Regular Frappes - Strawberries & Cream - 2.75, Regular Latte - 2.15",11.95,CASH,
14/04/2025 10:34,London Greenwich,Mary Mayfield,"Large Frappes - Strawberries & Cream - 3.25, Large Flavoured iced latte - Caramel - 3.25, Regular Frappes - Chocolate Cookie - 2.75",9.25,CARD,1193072039206596
14/04/2025 10:35,London Greenwich,Joseph Martinez,"Large Latte - 2.45, Regular Latte - 2.15, Regular Flavoured iced latte - Caramel - 2.75",7.35,CARD,2362345400399846
14/04/2025 10:37,London Greenwich,Joan Ferguson,"Large Iced americano - 2.50, Regular Frappes - Chocolate Cookie - 2.75, Large Flavoured iced latte - Caramel - 3.25",8.5,CARD,4307512825210331
14/04/2025 10:38,London Greenwich,Kathleen Flakes,"Large Iced americano - 2.50, Regular Frappes - Chocolate Cookie - 2.75, Large Latte - 2.45",7.7,CASH,
14/04/2025 10:40,London Greenwich,John Osterberg,"Large Flavoured iced latte - Caramel - 3.25, Large Latte - 2.45, Large Frappes - Strawberries & Cream - 3.25",8.95,CASH,
14/04/2025 10:41,London Greenwich,Robert Robicheaux,Large Flavoured iced latte - Caramel - 3.25,3.25,CARD,9592541619409161
14/04/2025 10:42,London Greenwich,Irene Walter,"Large Frappes - Strawberries & Cream - 3.25, Regular Flavoured iced latte - Caramel - 2.75",6.0,CARD,6245575099403940
14/04/2025 10:44,London Greenwich,Dawn Fournier,"Regular Frappes - Strawberries & Cream - 2.75, Regular Latte - 2.15, Large Frappes - Strawberries & Cream - 3.25",8.15,CASH,
14/04/2025 10:45,London Greenwich,Kenneth Massey,Large Frappes - Strawberries & Cream - 3.25,3.25,CARD,1341682834090314
14/04/2025 10:47,London Greenwich,Shirley Fuller,"Large Frappes - Chocolate Cookie - 3.25, Large Latte - 2.45, Regular Flavoured iced latte - Caramel - 2.75, Regular Latte - 2.15",10.6,CARD,5988289153952493
14/04/2025 10:48,London Greenwich,Stephen Mangum,"Regular Frappes - Strawberries & Cream - 2.75, Large Frappes - Chocolate Cookie - 3.25, Regular Frappes - Chocolate Cookie - 2.75, Regular Flavoured iced latte - Caramel - 2.75",11.5,CASH,
14/04/2025 10:49,London Greenwich,Mollie Stanley,Large Iced americano - 2.50,2.5,CARD,1493070550052307
14/04/2025 10:51,London Greenwich,Anne Johnson,"Large Latte - 2.45, Regular Iced americano - 2.15, Large Flavoured iced latte - Caramel - 3.25",7.85,CARD,8991187453308159
14/04/2025 10:52,London Greenwich,Todd Greenfield,"Regular Iced americano - 2.15, Regular Frappes - Chocolate Cookie - 2.75",4.9,CASH,
14/04/2025 10:53,London Greenwich,Karen Persinger,"Large Iced americano - 2.50, Regular Frappes - Chocolate Cookie - 2.75",5.25,CARD,5205049078429456
14/04/2025 10:55,London Greenwich,Yolanda Marshall,"Large Latte - 2.45, Regular Frappes - Strawberries & Cream - 2.75, Regular Latte - 2.15",7.35,CARD,1159464157854599
14/04/2025 10:56,London Greenwich,Robert Kelly,"Large Flavoured iced latte - Caramel - 3.25, Large Flavoured iced latte - Caramel - 3.25, Regular Iced americano - 2.15",8.65,CARD,5578848073013271
14/04/2025 10:58,London Greenwich,James Chan,"Large Latte - 2.45, Large Iced americano - 2.50",4.95,CARD,7123538844340123
14/04/2025 10:59,London Greenwich,John Cannon,"Large Flavoured iced latte - Caramel - 3.25, Large Flavoured iced latte - Caramel - 3.25",6.5,CASH,
14/04/2025 11:00,London Greenwich,Richard Shields,"Large Frappes - Chocolate Cookie - 3.25, Large Frappes - Chocolate Cookie - 3.25, Large Iced americano - 2.50, Large Latte - 2.45, Large Latte - 2.45",13.9,CARD,2156215293677618
14/04/2025 11:02,London Greenwich,Tammy Mccrea,"Regular Frappes - Strawberries & Cream - 2.75, Large Flavoured iced latte - Caramel - 3.25, Large Frappes - Strawberries & Cream - 3.25",9.25,CARD,4578636924853943
14/04/2025 11:04,London Greenwich,Vicki Gresham,"Large Frappes - Chocolate Cookie - 3.25, Regular Iced americano - 2.15, Regular Latte - 2.15, Large Flavoured iced latte - Caramel - 3.25, Regular Frappes - Chocolate Cookie - 2.75",13.55,CARD,6643741568250720
14/04/2025 11:06,London Greenwich,Irene Jones,"Large Flavoured iced latte - Caramel - 3.25, Regular Iced americano - 2.15",5.4,CARD,1618269948137401
14/04/2025 11:08,London Greenwich,Jan Zuniga,"Large Flavoured iced latte - Caramel - 3.25, Regular Flavoured iced latte - Caramel - 2.75",6.0,CASH,
14/04/2025 11:09,London Greenwich,Frederick Gietz,"Large Frappes - Strawberries & Cream - 3.25, Large Flavoured iced latte - Caramel - 3.25, Regular Latte - 2.15, Large Frappes - Strawberries & Cream - 3.25, Regular Frappes - Strawberries & Cream - 2.75, Regular Flavoured iced latte - Caramel - 2.75",17.4,CARD,6384222655434168
14/04/2025 11:11,London Greenwich,Roscoe Howard,"Regular Frappes - Strawberries & Cream - 2.75, Large Frappes - Strawberries & Cream - 3.25, Regular Flavoured iced latte - Caramel - 2.75, Regular Flavoured iced latte - Caramel - 2.75",11.5,CASH,
14/04/2025 11:13,London Greenwich,Tracy Gayman,"Large Latte - 2.45, Large Frappes - Chocolate Cookie - 3.25",5.7,CASH,
14/04/2025 11:15,London Greenwich,John Oberle,Regular Frappes - Strawberries & Cream - 2.75,2.75,CARD,1306416108882564
14/04/2025 11:17,London Greenwich,Luis Donohue,"Large Flavoured iced latte - Caramel - 3.25, Large Flavoured iced latte - Caramel - 3.25, Regular Iced americano - 2.15",8.65,CARD,6830050037839859
14/04/2025 11:19,London Greenwich,Kay Costello,Regular Flavoured iced latte - Caramel - 2.75,2.75,CARD,3937386765112648
14/04/2025 11:20,London Greenwich,Dexter Cook,Regular Frappes - Chocolate Cookie - 2.75,2.75,CARD,6807253845074288
14/04/2025 11:22,London Greenwich,Paulette Cowan,Regular Frappes - Chocolate Cookie - 2.75,2.75,CARD,4651826590014196
14/04/2025 11:24,London Greenwich,Bruce Tabor,"Large Latte - 2.45, Large Latte - 2.45, Large Frappes - Chocolate Cookie - 3.25, Large Latte - 2.45, Large Frappes - Chocolate Cookie - 3.25",13.85,CARD,8681982776677353
14/04/2025 11:26,London Greenwich,David Baker,"Large Latte - 2.45, Large Flavoured iced latte - Caramel - 3.25, Regular Latte - 2.15, Regular Flavoured iced latte - Caramel - 2.75",10.6,CARD,5099502693775185
14/04/2025 11:28,London Greenwich,Frank Walter,"Regular Frappes - Strawberries & Cream - 2.75, Regular Flavoured iced latte - Caramel - 2.75",5.5,CARD,7212842492457225
14/04/2025 11:29,London Greenwich,William Brownie,"Large Latte - 2.45, Large Flavoured iced latte - Caramel - 3.25",5.7,CASH,
14/04/2025 11:31,London Greenwich,Charles Gallian,"Large Iced americano - 2.50, Large Frappes - Chocolate Cookie - 3.25",5.75,CARD,6176467102504821
14/04/2025 11:33,London Greenwich,Kimberly Edwards,Regular Flavoured iced latte - Caramel - 2.75,2.75,CASH,
14/04/2025 11:35,London Greenwich,William Hollis,"Regular Frappes - Strawberries & Cream - 2.75, Large Iced americano - 2.50, Regular Frappes - Chocolate Cookie - 2.75, Regular Flavoured iced latte - Caramel - 2.75",10.75,CASH,
14/04/2025 11:37,London Greenwich,Kimberly Miller,Regular Frappes - Strawberries & Cream - 2.75,2.75,CARD,8947992058475250
14/04/2025 11:39,London Greenwich,Ruth Adams,Large Frappes - Chocolate Cookie - 3.25,3.25,CASH,
14/04/2025 11:40,London Greenwich,Cheryl Carroll,"Large Iced americano - 2.50, Regular Flavoured iced latte - Caramel - 2.75, Regular Frappes - Strawberries & Cream - 2.75",8.0,CARD,5740287891956138
14/04/2025 11:42,London Greenwich,Cornelia Christensen,"Large Flavoured iced latte - Caramel - 3.25, Large Flavoured iced latte - Caramel - 3.25, Large Flavoured iced latte - Caramel - 3.25, Large Frappes - Chocolate Cookie - 3.25",13.0,CASH,
14/04/2025 11:44,London Greenwich,Willie Bell,Large Flavoured iced latte - Caramel - 3.25,3.25,CARD,4913994013192691
14/04/2025 11:46,London Greenwich,Sara Alston,"Large Iced americano - 2.50, Large Latte - 2.45, Large Latte - 2.45, Large Frappes - Chocolate Cookie - 3.25",10.65,CARD,1331902327121647
14/04/2025 11:48,London Greenwich,Brenda Hunter,Large Flavoured iced latte - Caramel - 3.25,3.25,CARD,3778697619629603
14/04/2025 11:49,London Greenwich,Colleen White,"Regular Frappes - Chocolate Cookie - 2.75, Large Frappes - Strawberries & Cream - 3.25",6.0,CARD,7255265376138710
14/04/2025 11:51,London Greenwich,Robert Johnson,"Regular Latte - 2.15, Regular Latte - 2.15, Regular Latte - 2.15, Regular Latte - 2.15",8.6,CASH,
14/04/2025 11:53,London Greenwich,Barbara Looper,Large Frappes - Chocolate Cookie - 3.25,3.25,CARD,8201571887258025
14/04/2025 11:55,London Greenwich,Christopher Mims,"Large Frappes - Strawberries & Cream - 3.25, Regular Flavoured iced latte - Caramel - 2.75, Large Frappes - Strawberries & Cream - 3.25, Regular Frappes - Strawberries & Cream - 2.75, Regular Flavoured iced latte - Caramel - 2.75",14.75,CARD,3007241980772651
14/04/2025 11:57,London Greenwich,Bryan Young,"Regular Latte - 2.15, Regular Latte - 2.15, Regular Iced americano - 2.15, Large Flavoured iced latte - Caramel - 3.25",9.7,CARD,6561737237533788
14/04/2025 11:59,London Greenwich,Joseph Doctor,"Large Frappes - Strawberries & Cream - 3.25, Large Frappes - Strawberries & Cream - 3.25, Large Flavoured iced latte - Caramel - 3.25",9.75,CASH,
14/04/2025 12:00,London Greenwich,Pauline Bicknell,Large Flavoured iced latte - Caramel - 3.25,3.25,CASH,
14/04/2025 12:03,London Greenwich,Kyle Mcguirl,"Regular Latte - 2.15, Regular Iced americano - 2.15",4.3,CARD,7950404526013257
14/04/2025 12:05,London Greenwich,Allen Gimenez,"Large Flavoured iced latte - Caramel - 3.25, Regular Flavoured iced latte - Caramel - 2.75, Regular Flavoured iced latte - Caramel - 2.75, Large Latte - 2.45, Regular Frappes - Chocolate Cookie - 2.75",13.95,CARD,9627420361213069
14/04/2025 12:07,London Greenwich,Donald Wykes,"Regular Iced americano - 2.15, Regular Latte - 2.15, Regular Flavoured iced latte - Caramel - 2.75",7.05,CARD,3066312296892888
14/04/2025 12:09,London Greenwich,Frederick Treider,"Regular Flavoured iced latte - Caramel - 2.75, Regular Flavoured iced latte - Caramel - 2.75, Large Latte - 2.45, Regular Iced americano - 2.15, Large Frappes - Chocolate Cookie - 3.25, Regular Flavoured iced latte - Caramel - 2.75",16.1,CASH,
14/04/2025 12:11,London Greenwich,Karen Westgate,"Large Frappes - Strawberries & Cream - 3.25, Large Iced americano - 2.50, Large Iced americano - 2.50, Regular Flavoured iced latte - Caramel - 2.75",11.0,CARD,9445715676924652
14/04/2025 12:14,London Greenwich,Robert Harvey,"Regular Latte - 2.15, Regular Iced americano - 2.15, Large Frappes - Strawberries & Cream - 3.25",7.55,CARD,8787904482412477
14/04/2025 12:16,London Greenwich,Daniel Clay,"Large Latte - 2.45, Large Frappes - Chocolate Cookie - 3.25, Large Iced americano - 2.50",8.2,CASH,
14/04/2025 12:18,London Greenwich,Pearl Hannah,"Large Latte - 2.45, Large Frappes - Strawberries & Cream - 3.25",5.7,CARD,6813713509496510
14/04/2025 12:20,London Greenwich,Charles Cruz,"Regular Latte - 2.15, Large Frappes - Strawberries & Cream - 3.25, Large Frappes - Chocolate Cookie - 3.25, Regular Iced americano - 2.15",10.8,CASH,
14/04/2025 12:22,London Greenwich,Craig West,"Regular Latte - 2.15, Large Frappes - Chocolate Cookie - 3.25, Large Latte - 2.45, Regular Flavoured iced latte - Caramel - 2.75, Regular Iced americano - 2.15",12.75,CARD,1275344532252842
14/04/2025 12:25,London Greenwich,Joyce Vix,Large Latte - 2.45,2.45,CARD,9072502431897441
14/04/2025 12:27,London Greenwich,Cecilia Garcia,"Large Flavoured iced latte - Caramel - 3.25, Regular Frappes - Strawberries & Cream - 2.75",6.0,CASH,
14/04/2025 12:29,London Greenwich,Luci Wooden,"Regular Frappes - Chocolate Cookie - 2.75, Regular Iced americano - 2.15, Regular Frappes - Strawberries & Cream - 2.75, Large Latte - 2.45",10.1,CARD,9825359361144990
14/04/2025 12:31,London Greenwich,Craig Hayworth,"Regular Iced americano - 2.15, Regular Flavoured iced latte - Caramel - 2.75, Regular Flavoured iced latte - Caramel - 2.75, Regular Frappes - Chocolate Cookie - 2.75, Large Frappes - Strawberries & Cream - 3.25",13.65,CASH,
14/04/2025 12:34,London Greenwich,Julio Johnson,"Large Flavoured iced latte - Caramel - 3.25, Large Flavoured iced latte - Caramel - 3.25, Regular Flavoured iced latte - Caramel - 2.75",9.25,CASH,
14/04/2025 12:36,London Greenwich,William Mcclain,"Large Flavoured iced latte - Caramel - 3.25, Regular Frappes - Chocolate Cookie - 2.75, Regular Latte - 2.15, Large Frappes - Chocolate Cookie - 3.25, Regular Flavoured iced latte - Caramel - 2.75, Regular Frappes - Strawberries & Cream - 2.75",16.9,CARD,8219314039527532
14/04/2025 12:38,London Greenwich,Jesus Jones,"Regular Iced americano - 2.15, Regular Flavoured iced latte - Caramel - 2.75, Regular Latte - 2.15, Regular Iced americano - 2.15",9.2,CARD,1200727048121366
14/04/2025 12:40,London Greenwich,Paul Verhoeven,"Regular Latte - 2.15, Regular Flavoured iced latte - Caramel - 2.75",4.9,CARD,7449729690678348
14/04/2025 12:42,London Greenwich,Meaghan Gothard,"Large Frappes - Strawberries & Cream - 3.25, Regular Latte - 2.15",5.4,CARD,4016755124636821
14/04/2025 12:45,London Greenwich,Tracy Oneil,"Large Latte - 2.45, Regular Flavoured iced latte - Caramel - 2.75, Large Frappes - Chocolate Cookie - 3.25, Regular Latte - 2.15, Large Frappes - Chocolate Cookie - 3.25, Regular Frappes - Strawberries & Cream - 2.75",16.6,CASH,
14/04/2025 12:47,London Greenwich,Henry Stevens,Regular Flavoured iced latte - Caramel - 2.75,2.75,CARD,5588851541698011
14/04/2025 12:49,London Greenwich,Ruby Clay,"Regular Flavoured iced latte - Caramel - 2.75, Regular Iced americano - 2.15",4.9,CARD,1444344687455958
14/04/2025 12:51,London Greenwich,Louise Sipos,"Large Iced americano - 2.50, Regular Latte - 2.15, Regular Flavoured iced latte - Caramel - 2.75, Large Frappes - Chocolate Cookie - 3.25",10.65,CARD,9706560900226152
14/04/2025 12:54,London Greenwich,Earl Blass,"Regular Iced americano - 2.15, Large Latte - 2.45, Regular Frappes - Strawberries & Cream - 2.75, Large Latte - 2.45, Large Latte - 2.45",12.25,CARD,4839010113970525
14/04/2025 12:56,London Greenwich,Peter Doud,"Large Frappes - Strawberries & Cream - 3.25, Regular Frappes - Chocolate Cookie - 2.75, Regular Flavoured iced latte - Caramel - 2.75, Large Flavoured iced latte - Caramel - 3.25, Large Flavoured iced latte - Caramel - 3.25",15.25,CARD,7941966489818167
14/04/2025 12:58,London Greenwich,Maria Pharis,"Regular Frappes - Chocolate Cookie - 2.75, Regular Frappes - Strawberries & Cream - 2.75, Regular Flavoured iced latte - Caramel - 2.75, Large Frappes - Chocolate Cookie - 3.25, Regular Frappes - Strawberries & Cream - 2.75",14.25,CARD,4308668422016021
14/04/2025 13:00,London Greenwich,John Kraft,"Large Latte - 2.45, Large Iced americano - 2.50, Regular Frappes - Chocolate Cookie - 2.75, Large Iced americano - 2.50",10.2,CARD,7879507226749105
14/04/2025 13:01,London Greenwich,Nicole Cornell,"Large Flavoured iced latte - Caramel - 3.25, Large Iced americano - 2.50, Regular Frappes - Chocolate Cookie - 2.75, Large Flavoured iced latte - Caramel - 3.25, Large Frappes - Chocolate Cookie - 3.25, Regular Frappes - Strawberries & Cream - 2.75",17.75,CASH,
14/04/2025 13:02,London Greenwich,Douglas Laws,"Large Flavoured iced latte - Caramel - 3.25, Large Latte - 2.45, Large Iced americano - 2.50, Large Flavoured iced latte - Caramel - 3.25, Regular Flavoured iced latte - Caramel - 2.75, Regular Latte - 2.15",16.35,CARD,9565254933019492
14/04/2025 13:03,London Greenwich,Robert Chaidez,Regular Flavoured iced latte - Caramel - 2.75,2.75,CARD,9886037825789796
14/04/2025 13:04,London Greenwich,Sylvia Hershberger,"Large Latte - 2.45, Regular Iced americano - 2.15",4.6,CASH,
14/04/2025 13:05,London Greenwich,Brian Brown,Regular Iced americano - 2.15,2.15,CARD,5657119287413345
14/04/2025 13:06,London Greenwich,Irene Turner,"Large Latte - 2.45, Regular Frappes - Chocolate Cookie - 2.75",5.2,CARD,4549146365295930
14/04/2025 13:07,London Greenwich,Dixie Hansen,"Regular Frappes - Strawberries & Cream - 2.75, Regular Latte - 2.15, Regular Flavoured iced latte - Caramel - 2.75",7.65,CASH,
14/04/2025 13:08,London Greenwich,Linda Antilla,"Large Frappes - Chocolate Cookie - 3.25, Regular Frappes - Strawberries & Cream - 2.75, Regular Latte - 2.15",8.15,CARD,3133960530697972
14/04/2025 13:09,London Greenwich,Billy Kang,"Large Frappes - Strawberries & Cream - 3.25, Large Latte - 2.45, Regular Frappes - Chocolate Cookie - 2.75, Large Iced americano - 2.50, Large Latte - 2.45",13.4,CARD,9191304984054646
14/04/2025 13:10,London Greenwich,Joy Lopez,"Large Iced americano - 2.50, Regular Frappes - Chocolate Cookie - 2.75, Large Frappes - Strawberries & Cream - 3.25, Regular Iced americano - 2.15, Regular Flavoured iced latte - Caramel - 2.75",13.4,CASH,
14/04/2025 13:11,London Greenwich,Henry Beyl,"Regular Flavoured iced latte - Caramel - 2.75, Large Latte - 2.45",5.2,CARD,8282117946209701
14/04/2025 13:12,London Greenwich,Nadine Weidman,Large Iced americano - 2.50,2.5,CARD,2282191091482145
14/04/2025 13:13,London Greenwich,Frank Roper,"Large Flavoured iced latte - Caramel - 3.25, Large Frappes - Strawberries & Cream - 3.25",6.5,CARD,6051434997231012
14/04/2025 13:13,London Greenwich,Meghan Gibson,"Regular Latte - 2.15, Regular Flavoured iced latte - Caramel - 2.75, Regular Flavoured iced latte - Caramel - 2.75",7.65,CARD,4800200015750338
14/04/2025 13:14,London Greenwich,Christine Cobb,"Large Latte - 2.45, Regular Frappes - Strawberries & Cream - 2.75, Large Flavoured iced latte - Caramel - 3.25",8.45,CARD,8946937233850994
14/04/2025 13:15,London Greenwich,Eddie Rivera,"Large Frappes - Strawberries & Cream - 3.25, Regular Frappes - Chocolate Cookie - 2.75, Large Frappes - Strawberries & Cream - 3.25, Large Flavoured iced latte - Caramel - 3.25",12.5,CARD,5703743133141173
14/04/2025 13:16,London Greenwich,Brenda Lanning,Regular Latte - 2.15,2.15,CARD,7223543458413353
14/04/2025 13:17,London Greenwich,Francisco Barton,"Large Latte - 2.45, Regular Flavoured iced latte - Caramel - 2.75",5.2,CARD,9073961804911194
14/04/2025 13:18,London Greenwich,Boris Turner,"Regular Frappes - Strawberries & Cream - 2.75, Large Frappes - Chocolate Cookie - 3.25",6.0,CARD,5155173387141294
14/04/2025 13:19,London Greenwich,Betty Spain,"Large Flavoured iced latte - Caramel - 3.25, Large Frappes - Strawberries & Cream - 3.25, Large Iced americano - 2.50, Regular Latte - 2.15",11.15,CARD,5826754327225703
14/04/2025 13:20,London Greenwich,Bobbi Grier,"Regular Latte - 2.15, Regular Flavoured iced latte - Caramel - 2.75, Regular Latte - 2.15",7.05,CARD,6940425148229798
14/04/2025 13:21,London Greenwich,Karen Wilkinson,Large Latte - 2.45,2.45,CASH,
14/04/2025 13:22,London Greenwich,Joseph Mallard,"Large Flavoured iced latte - Caramel - 3.25, Large Latte - 2.45, Large Frappes - Chocolate Cookie - 3.25, Regular Frappes - Strawberries & Cream - 2.75, Large Iced americano - 2.50",14.2,CARD,3181554162150739
14/04/2025 13:23,London Greenwich,Sara Bailey,Regular Latte - 2.15,2.15,CARD,7238131374275898
14/04/2025 13:24,London Greenwich,Kirk Johnson,Regular Iced americano - 2.15,2.15,CARD,3050282089502093
14/04/2025 13:25,London Greenwich,David Hatch,"Large Flavoured iced latte - Caramel - 3.25, Large Frappes - Chocolate Cookie - 3.25",6.5,CARD,2837238369255044
14/04/2025 13:26,London Greenwich,Amber Artis,"Large Iced americano - 2.50, Regular Iced americano - 2.15",4.65,CARD,4941929738976565
14/04/2025 13:27,London Greenwich,Daniel Anderson,Regular Frappes - Strawberries & Cream - 2.75,2.75,CARD,8815862694082266
14/04/2025 13:28,London Greenwich,Iris Hepworth,Large Frappes - Chocolate Cookie - 3.25,3.25,CARD,7822072981571929
14/04/2025 13:29,London Greenwich,Danelle Delgado,"Regular Frappes - Chocolate Cookie - 2.75, Large Latte - 2.45, Large Frappes - Strawberries & Cream - 3.25",8.45,CASH,
14/04/2025 13:30,London Greenwich,Jeanne Butler,Large Frappes - Strawberries & Cream - 3.25,3.25,CARD,3026437638258138
14/04/2025 13:31,London Greenwich,Wyatt Villafana,"Regular Iced americano - 2.15, Large Latte - 2.45, Regular Latte - 2.15, Large Flavoured iced latte - Caramel - 3.25",10.0,CASH,
14/04/2025 13:32,London Greenwich,Debra Webb,Large Latte - 2.45,2.45,CASH,
14/04/2025 13:32,London Greenwich,Angela Paddio,"Regular Frappes - Chocolate Cookie - 2.75, Large Latte - 2.45, Large Frappes - Strawberries & Cream - 3.25",8.45,CARD,1393395538482020
14/04/2025 13:33,London Greenwich,Marion Russell,"Large Iced americano - 2.50, Large Frappes - Strawberries & Cream - 3.25",5.75,CARD,2903209771151989
14/04/2025 13:34,London Greenwich,Wm Davis,"Regular Frappes - Strawberries & Cream - 2.75, Large Latte - 2.45",5.2,CARD,3641073417431003
14/04/2025 13:35,London Greenwich,Danny Giraldo,Regular Flavoured iced latte - Caramel - 2.75,2.75,CARD,5108170433987584
14/04/2025 13:36,London Greenwich,John Thompson,"Large Flavoured iced latte - Caramel - 3.25, Regular Iced americano - 2.15, Regular Frappes - Chocolate Cookie - 2.75",8.15,CARD,4140303415530470
14/04/2025 13:37,London Greenwich,Maria Gerula,"Large Iced americano - 2.50, Large Flavoured iced latte - Caramel - 3.25, Regular Latte - 2.15, Regular Frappes - Chocolate Cookie - 2.75",10.65,CARD,8282864578450293
14/04/2025 13:38,London Greenwich,Michael Connelly,"Large Iced americano - 2.50, Large Latte - 2.45, Large Frappes - Chocolate Cookie - 3.25, Regular Latte - 2.15, Large Flavoured iced latte - Caramel - 3.25",13.6,CASH,
14/04/2025 13:39,London Greenwich,Billy Jones,"Regular Frappes - Chocolate Cookie - 2.75, Large Latte - 2.45",5.2,CARD,1773025849127330
14/04/2025 13:40,London Greenwich,Lawrence Henderson,"Large Flavoured iced latte - Caramel - 3.25, Regular Frappes - Chocolate Cookie - 2.75, Regular Iced americano - 2.15, Large Iced americano - 2.50",10.65,CASH,
14/04/2025 13:41,London Greenwich,Orville Illuzzi,"Regular Frappes - Chocolate Cookie - 2.75, Regular Frappes - Chocolate Cookie - 2.75, Large Latte - 2.45",7.95,CASH,
14/04/2025 13:42,London Greenwich,Miriam Anderson,"Regular Flavoured iced latte - Caramel - 2.75, Large Latte - 2.45, Large Latte - 2.45",7.65,CARD,5595326819579057
14/04/2025 13:43,London Greenwich,Eddie Sigrist,Large Frappes - Chocolate Cookie - 3.25,3.25,CARD,8659479748746306
14/04/2025 13:44,London Greenwich,Adrienne Dow,Regular Frappes - Strawberries & Cream - 2.75,2.75,CARD,9484281787434554
14/04/2025 13:45,London Greenwich,Michael Stone,"Regular Frappes - Strawberries & Cream - 2.75, Large Flavoured iced latte - Caramel - 3.25, Regular Iced americano - 2.15, Large Latte - 2.45",10.6,CARD,7210607391102144
14/04/2025 13:46,London Greenwich,Paul Jameson,"Regular Iced americano - 2.15, Regular Iced americano - 2.15, Regular Flavoured iced latte - Caramel - 2.75",7.05,CARD,4323832398924890
14/04/2025 13:47,London Greenwich,Rodger Duclos,"Large Iced americano - 2.50, Regular Latte - 2.15, Regular Frappes - Strawberries & Cream - 2.75, Large Latte - 2.45",9.85,CASH,
14/04/2025 13:48,London Greenwich,Elise Hart,"Large Latte - 2.45, Regular Latte - 2.15, Regular Iced americano - 2.15",6.75,CASH,
14/04/2025 13:49,London Greenwich,Dennis Schatz,"Regular Frappes - Chocolate Cookie - 2.75, Regular Iced americano - 2.15, Regular Frappes - Strawberries & Cream - 2.75, Large Frappes - Strawberries & Cream - 3.25",10.9,CARD,9660585367667999
14/04/2025 13:50,London Greenwich,Mark Conde,"Regular Latte - 2.15, Regular Frappes - Chocolate Cookie - 2.75, Large Latte - 2.45, Large Flavoured iced latte - Caramel - 3.25",10.6,CARD,8208775638106278
14/04/2025 13:51,London Greenwich,Richard Gritton,"Large Iced americano - 2.50, Large Iced americano - 2.50, Regular Frappes - Strawberries & Cream - 2.75, Large Frappes - Chocolate Cookie - 3.25, Large Frappes - Strawberries & Cream - 3.25",14.25,CARD,5675665959008064
14/04/2025 13:51,London Greenwich,Valentin Pelkey,"Regular Latte - 2.15, Regular Flavoured iced latte - Caramel - 2.75, Regular Frappes - Strawberries & Cream - 2.75, Regular Latte - 2.15, Regular Frappes - Chocolate Cookie - 2.75, Large Flavoured iced latte - Caramel - 3.25",15.8,CARD,4920968405920620
14/04/2025 13:52,London Greenwich,Dorothy Taylor,"Large Latte - 2.45, Large Frappes - Strawberries & Cream - 3.25",5.7,CASH,
14/04/2025 13:53,London Greenwich,Ellis Beaudin,"Large Flavoured iced latte - Caramel - 3.25, Large Latte - 2.45, Large Frappes - Chocolate Cookie - 3.25",8.95,CARD,8014727669730741
14/04/2025 13:54,London Greenwich,Joseph Webb,"Regular Latte - 2.15, Large Frappes - Chocolate Cookie - 3.25, Regular Flavoured iced latte - Caramel - 2.75",8.15,CASH,
14/04/2025 13:55,London Greenwich,Micah Ricks,Large Frappes - Strawberries & Cream - 3.25,3.25,CARD,4287172967368246
14/04/2025 13:56,London Greenwich,James Head,"Regular Frappes - Chocolate Cookie - 2.75, Large Iced americano - 2.50, Regular Latte - 2.15, Regular Iced americano - 2.15, Large Frappes - Chocolate Cookie - 3.25",12.8,CARD,5241634820226480
14/04/2025 13:57,London Greenwich,Alma Sanders,"Large Flavoured iced latte - Caramel - 3.25, Large Iced americano - 2.50",5.75,CARD,1042796873247704
14/04/2025 13:58,London Greenwich,Stacy Rosenstock,Regular Frappes - Strawberries & Cream - 2.75,2.75,CARD,9918121380182916
14/04/2025 13:59,London Greenwich,Donna Baldwin,"Large Frappes - Strawberries & Cream - 3.25, Regular Frappes - Chocolate Cookie - 2.75",6.0,CARD,5033964836796165
14/04/2025 14:00,London Greenwich,Michael Reynolds,"Regular Frappes - Chocolate Cookie - 2.75, Large Frappes - Strawberries & Cream - 3.25, Regular Frappes - Strawberries & Cream - 2.75, Large Iced americano - 2.50, Large Frappes - Chocolate Cookie - 3.25",14.5,CARD,6572392775945642
14/04/2025 14:01,London Greenwich,John Rugg,"Regular Iced americano - 2.15, Regular Latte - 2.15, Regular Frappes - Chocolate Cookie - 2.75, Regular Frappes - Chocolate Cookie - 2.75",9.8,CARD,8280562399261014
14/04/2025 14:02,London Greenwich,Dora Labbie,"Regular Frappes - Strawberries & Cream - 2.75, Regular Latte - 2.15",4.9,CASH,
14/04/2025 14:03,London Greenwich,Judy Lamons,"Large Frappes - Strawberries & Cream - 3.25, Regular Frappes - Strawberries & Cream - 2.75, Regular Iced americano - 2.15, Large Latte - 2.45",10.6,CASH,
14/04/2025 14:04,London Greenwich,Robert Daniel,"Large Flavoured iced latte - Caramel - 3.25, Large Flavoured iced latte - Caramel - 3.25, Regular Iced americano - 2.15",8.65,CARD,4785631891872059
14/04/2025 14:05,London Greenwich,Christopher Oeltjen,"Regular Frappes - Strawberries & Cream - 2.75, Large Latte - 2.45, Regular Iced americano - 2.15, Regular Frappes - Chocolate Cookie - 2.75, Large Frappes - Chocolate Cookie - 3.25, Large Frappes - Strawberries & Cream - 3.25",16.6,CARD,4245798991673696
14/04/2025 14:06,London Greenwich,Rebecca Slaughenhoupt,"Large Flavoured iced latte - Caramel - 3.25, Regular Frappes - Strawberries & Cream - 2.75, Regular Frappes - Strawberries & Cream - 2.75, Regular Flavoured iced latte - Caramel - 2.75, Large Frappes - Chocolate Cookie - 3.25",14.75,CASH,
14/04/2025 14:07,London Greenwich,Essie Wright,"Regular Flavoured iced latte - Caramel - 2.75, Large Latte - 2.45",5.2,CARD,8112015357755299
14/04/2025 14:08,London Greenwich,Janet Gonzalez,"Regular Frappes - Chocolate Cookie - 2.75, Large Frappes - Strawberries & Cream - 3.25, Large Flavoured iced latte - Caramel - 3.25",9.25,CASH,
14/04/2025 14:09,London Greenwich,Darrin Morton,"Regular Frappes - Chocolate Cookie - 2.75, Regular Frappes - Strawberries & Cream - 2.75, Regular Latte - 2.15, Regular Latte - 2.15",9.8,CARD,2040664660042487
14/04/2025 14:10,London Greenwich,Joe Moore,Large Frappes - Chocolate Cookie - 3.25,3.25,CARD,2649897797853891
14/04/2025 14:10,London Greenwich,Aimee Mazurek,"Large Iced americano - 2.50, Large Iced americano - 2.50, Regular Flavoured iced latte - Caramel - 2.75",7.75,CARD,5412666956689723
14/04/2025 14:11,London Greenwich,Shirley Woods,"Regular Iced americano - 2.15, Large Iced americano - 2.50, Regular Frappes - Chocolate Cookie - 2.75, Regular Frappes - Chocolate Cookie - 2.75, Large Frappes - Chocolate Cookie - 3.25, Regular Flavoured iced latte - Caramel - 2.75",16.15,CARD,3608269476228947
14/04/2025 14:12,London Greenwich,Francine Short,"Large Flavoured iced latte - Caramel - 3.25, Regular Frappes - Chocolate Cookie - 2.75, Large Flavoured iced latte - Caramel - 3.25",9.25,CASH,
14/04/2025 14:13,London Greenwich,Jon Ortiz,Regular Frappes - Chocolate Cookie - 2.75,2.75,CARD,6049620197524516
14/04/2025 14:14,London Greenwich,John Kennedy,Large Frappes - Strawberries & Cream - 3.25,3.25,CARD,5256582691457261
14/04/2025 14:15,London Greenwich,Donald Flynn,"Regular Iced americano - 2.15, Regular Latte - 2.15, Large Latte - 2.45, Large Latte - 2.45",9.2,CARD,3012020525490338
14/04/2025 14:16,London Greenwich,Chasity Goodier,"Regular Latte - 2.15, Regular Latte - 2.15, Large Latte - 2.45",6.75,CARD,8388218440633854
14/04/2025 14:17,London Greenwich,Shirley Owen,Large Frappes - Strawberries & Cream - 3.25,3.25,CASH,
14/04/2025 14:18,London Greenwich,Jeramy Rupp,"Regular Iced americano - 2.15, Regular Flavoured iced latte - Caramel - 2.75, Large Flavoured iced latte - Caramel - 3.25",8.15,CARD,6119812658117332
14/04/2025 14:19,London Greenwich,Jarrett Nichols,"Regular Frappes - Chocolate Cookie - 2.75, Large Frappes - Strawberries & Cream - 3.25",6.0,CASH,
14/04/2025 14:20,London Greenwich,Walter Kennedy,"Regular Flavoured iced latte - Caramel - 2.75, Regular Latte - 2.15, Large Latte - 2.45, Large Frappes - Chocolate Cookie - 3.25",10.6,CARD,4121886000428884
14/04/2025 14:21,London Greenwich,Diane Jefferys,"Regular Frappes - Strawberries & Cream - 2.75, Large Iced americano - 2.50, Regular Flavoured iced latte - Caramel - 2.75",8.0,CARD,1490933103995164
14/04/2025 14:22,London Greenwich,Miriam Martinez,Large Iced americano - 2.50,2.5,CARD,7699047709797988
14/04/2025 14:23,London Greenwich,Cedric Ladouceur,"Large Flavoured iced latte - Caramel - 3.25, Regular Frappes - Strawberries & Cream - 2.75",6.0,CARD,7778018029469219
14/04/2025 14:24,London Greenwich,Walter Bowen,"Regular Frappes - Strawberries & Cream - 2.75, Large Latte - 2.45, Large Flavoured iced latte - Caramel - 3.25, Regular Latte - 2.15",10.6,CARD,3059910643967380
14/04/2025 14:25,London Greenwich,Ruth Lawrence,"Regular Iced americano - 2.15, Regular Flavoured iced latte - Caramel - 2.75, Regular Flavoured iced latte - Caramel - 2.75",7.65,CASH,
14/04/2025 14:26,London Greenwich,Tommy Turner,"Large Latte - 2.45, Regular Iced americano - 2.15",4.6,CARD,9237079278371658
14/04/2025 14:27,London Greenwich,Rodney Geist,Regular Flavoured iced latte - Caramel - 2.75,2.75,CARD,2480281268842651
14/04/2025 14:28,London Greenwich,Emilia Moseley,"Regular Iced americano - 2.15, Large Frappes - Chocolate Cookie - 3.25",5.4,CARD,7706271899601893
14/04/2025 14:29,London Greenwich,John Fewell,"Regular Iced americano - 2.15, Large Frappes - Strawberries & Cream - 3.25, Large Latte - 2.45, Regular Iced americano - 2.15, Large Frappes - Strawberries & Cream - 3.25",13.25,CARD,6676902138912679
14/04/2025 14:29,London Greenwich,Bob Jackson,"Regular Frappes - Strawberries & Cream - 2.75, Regular Flavoured iced latte - Caramel - 2.75, Large Flavoured iced latte - Caramel - 3.25, Regular Frappes - Strawberries & Cream - 2.75",11.5,CASH,
14/04/2025 14:30,London Greenwich,Dorothy Ostrowski,Regular Flavoured iced latte - Caramel - 2.75,2.75,CARD,6082123678846404
14/04/2025 14:31,London Greenwich,Justin Trujillo,"Large Iced americano - 2.50, Large Iced americano - 2.50, Regular Frappes - Strawberries & Cream - 2.75",7.75,CARD,3496787786225686
14/04/2025 14:32,London Greenwich,John Carter,"Large Iced americano - 2.50, Large Iced americano - 2.50, Large Flavoured iced latte - Caramel - 3.25, Large Frappes - Strawberries & Cream - 3.25, Large Flavoured iced latte - Caramel - 3.25",14.75,CARD,4941708296162970
14/04/2025 14:33,London Greenwich,Deanna Schexnayder,"Large Frappes - Chocolate Cookie - 3.25, Large Frappes - Strawberries & Cream - 3.25",6.5,CARD,1257438994312362
14/04/2025 14:34,London Greenwich,Sheila Christenberry,Large Latte - 2.45,2.45,CARD,8483718733584865
14/04/2025 14:35,London Greenwich,Ina Moss,Large Flavoured iced latte - Caramel - 3.25,3.25,CARD,3289345287240125
14/04/2025 14:36,London Greenwich,Nancy Schroeder,"Large Frappes - Strawberries & Cream - 3.25, Large Latte - 2.45",5.7,CASH,
14/04/2025 14:37,London Greenwich,Donna Garcia,"Large Latte - 2.45, Large Flavoured iced latte - Caramel - 3.25",5.7,CARD,4472904944389282
14/04/2025 14:38,London Greenwich,Tomas Yates,Regular Flavoured iced latte - Caramel - 2.75,2.75,CARD,1978326957188402
14/04/2025 14:39,London Greenwich,Gregory Hodge,Large Flavoured iced latte - Caramel - 3.25,3.25,CARD,7811269271934402
14/04/2025 14:40,London Greenwich,Andrea Langerman,Regular Latte - 2.15,2.15,CARD,5801738810308329
14/04/2025 14:41,London Greenwich,David Woodland,"Large Frappes - Strawberries & Cream - 3.25, Regular Latte - 2.15, Large Frappes - Strawberries & Cream - 3.25",8.65,CARD,2267225205333692
14/04/2025 14:42,London Greenwich,Jeffrey Pfeiffer,"Large Frappes - Strawberries & Cream - 3.25, Regular Iced americano - 2.15, Regular Frappes - Strawberries & Cream - 2.75",8.15,CARD,9766495107280958
14/04/2025 14:43,London Greenwich,Kathy Rowe,"Regular Frappes - Strawberries & Cream - 2.75, Large Flavoured iced latte - Caramel - 3.25, Large Iced americano - 2.50, Regular Frappes - Chocolate Cookie - 2.75",11.25,CASH,
14/04/2025 14:44,London Greenwich,Veronica King,Large Frappes - Strawberries & Cream - 3.25,3.25,CARD,9944015842946878
14/04/2025 14:45,London Greenwich,Joe Oneal,"Large Frappes - Chocolate Cookie - 3.25, Regular Frappes - Strawberries & Cream - 2.75",6.0,CASH,
14/04/2025 14:46,London Greenwich,Matthew Freeman,"Large Iced americano - 2.50, Regular Frappes - Strawberries & Cream - 2.75, Large Iced americano - 2.50, Large Flavoured iced latte - Caramel - 3.25",11.0,CARD,2061969422201150
14/04/2025 14:47,London Greenwich,Johnny Barraza,"Large Frappes - Chocolate Cookie - 3.25, Regular Latte - 2.15",5.4,CARD,9396910060306290
14/04/2025 14:48,London Greenwich,Janice Roberts,Large Flavoured iced latte - Caramel - 3.25,3.25,CARD,4110417483311502
14/04/2025 14:48,London Greenwich,Shawn Grant,"Regular Latte - 2.15, Large Frappes - Chocolate Cookie - 3.25, Regular Flavoured iced latte - Caramel - 2.75, Large Frappes - Strawberries & Cream - 3.25",11.4,CARD,1309951819371029
14/04/2025 14:49,London Greenwich,Mary Carreno,"Regular Flavoured iced latte - Caramel - 2.75, Regular Frappes - Chocolate Cookie - 2.75",5.5,CASH,
14/04/2025 14:50,London Greenwich,Augustine Sumner,"Regular Iced americano - 2.15, Large Latte - 2.45, Large Frappes - Chocolate Cookie - 3.25",7.85,CARD,6257191138202515
14/04/2025 14:51,London Greenwich,Mattie Vega,"Large Flavoured iced latte - Caramel - 3.25, Regular Iced americano - 2.15, Large Frappes - Chocolate Cookie - 3.25",8.65,CARD,6270439632575809
14/04/2025 14:52,London Greenwich,Maryann Brown,Large Iced americano - 2.50,2.5,CARD,5341671367521816
14/04/2025 14:53,London Greenwich,Karen Densmore,"Large Frappes - Strawberries & Cream - 3.25, Regular Flavoured iced latte - Caramel - 2.75, Large Frappes - Strawberries & Cream - 3.25, Regular Frappes - Strawberries & Cream - 2.75",12.0,CARD,9409424047575739
14/04/2025 14:54,London Greenwich,Bobbie Hayes,"Large Flavoured iced latte - Caramel - 3.25, Regular Latte - 2.15, Regular Latte - 2.15, Large Iced americano - 2.50, Large Flavoured iced latte - Caramel - 3.25",13.3,CARD,6669944600864830
14/04/2025 14:55,London Greenwich,Casey Fischer,"Large Iced americano - 2.50, Large Latte - 2.45",4.95,CASH,
14/04/2025 14:56,London Greenwich,Brenda Zanella,"Large Flavoured iced latte - Caramel - 3.25, Large Latte - 2.45, Regular Iced americano - 2.15, Regular Flavoured iced latte - Caramel - 2.75",10.6,CASH,
14/04/2025 14:57,London Greenwich,Rebecca Penix,"Large Latte - 2.45, Regular Frappes - Strawberries & Cream - 2.75, Large Latte - 2.45",7.65,CARD,9269740686812062
14/04/2025 14:58,London Greenwich,Josephine Laffey,"Regular Iced americano - 2.15, Large Frappes - Strawberries & Cream - 3.25, Large Latte - 2.45, Regular Frappes - Strawberries & Cream - 2.75, Regular Iced americano - 2.15, Large Flavoured iced latte - Caramel - 3.25",16.0,CARD,9486526081095979
14/04/2025 14:59,London Greenwich,William Surles,"Large Latte - 2.45, Regular Flavoured iced latte - Caramel - 2.75, Large Flavoured iced latte - Caramel - 3.25, Regular Latte - 2.15",10.6,CASH,
14/04/2025 15:00,London Greenwich,Eric Song,"Large Latte - 2.45, Large Flavoured iced latte - Caramel - 3.25",5.7,CASH,
14/04/2025 15:01,London Greenwich,Bradley Lockwood,"Regular Iced americano - 2.15, Regular Frappes - Chocolate Cookie - 2.75, Regular Frappes - Strawberries & Cream - 2.75, Large Flavoured iced latte - Caramel - 3.25, Large Iced americano - 2.50, Regular Frappes - Strawberries & Cream - 2.75",16.15,CASH,
14/04/2025 15:03,London Greenwich,Richard Pena,Regular Frappes - Chocolate Cookie - 2.75,2.75,CARD,6556096653412897
14/04/2025 15:04,London Greenwich,Gabrielle Benham,"Regular Latte - 2.15, Large Frappes - Chocolate Cookie - 3.25, Regular Iced americano - 2.15",7.55,CARD,9234124301108433
14/04/2025 15:05,London Greenwich,Malcolm Cumiskey,Regular Iced americano - 2.15,2.15,CASH,
14/04/2025 15:07,London Greenwich,Ray Tovar,"Large Flavoured iced latte - Caramel - 3.25, Large Latte - 2.45",5.7,CASH,
14/04/2025 15:08,London Greenwich,Alan Tucker,"Regular Frappes - Chocolate Cookie - 2.75, Regular Latte - 2.15, Large Latte - 2.45",7.35,CARD,3786022146973014
14/04/2025 15:10,London Greenwich,Henry Sharp,"Regular Frappes - Chocolate Cookie - 2.75, Large Iced americano - 2.50",5.25,CARD,1807119134500182
14/04/2025 15:11,London Greenwich,John Harris,"Regular Flavoured iced latte - Caramel - 2.75, Regular Iced americano - 2.15, Regular Flavoured iced latte - Caramel - 2.75",7.65,CARD,9818047014196130
14/04/2025 15:12,London Greenwich,Troy Robinson,Large Iced americano - 2.50,2.5,CASH,
14/04/2025 15:14,London Greenwich,Jeanne Bassett,"Large Frappes - Chocolate Cookie - 3.25, Large Frappes - Strawberries & Cream - 3.25, Regular Flavoured iced latte - Caramel - 2.75, Large Frappes - Strawberries & Cream - 3.25, Large Flavoured iced latte - Caramel - 3.25",15.75,CARD,7943171522786177
14/04/2025 15:15,London Greenwich,Kenneth Schultz,"Large Iced americano - 2.50, Regular Frappes - Chocolate Cookie - 2.75, Large Frappes - Strawberries & Cream - 3.25",8.5,CASH,
14/04/2025 15:16,London Greenwich,Betty Sanchez,"Regular Iced americano - 2.15, Large Latte - 2.45, Large Frappes - Strawberries & Cream - 3.25, Large Frappes - Strawberries & Cream - 3.25, Regular Flavoured iced latte - Caramel - 2.75",13.85,CASH,
14/04/2025 15:18,London Greenwich,James Gillilan,Large Flavoured iced latte - Caramel - 3.25,3.25,CARD,6377061947642328
14/04/2025 15:19,London Greenwich,Patricia Spears,"Regular Flavoured iced latte - Caramel - 2.75, Large Flavoured iced latte - Caramel - 3.25, Regular Latte - 2.15, Regular Flavoured iced latte - Caramel - 2.75",10.9,CARD,9234225071146201
14/04/2025 15:21,London Greenwich,Lois Clark,Large Latte - 2.45,2.45,CARD,7715919504643529
14/04/2025 15:22,London Greenwich,Candi Harwell,"Large Latte - 2.45, Large Frappes - Chocolate Cookie - 3.25",5.7,CARD,1372394021549513
14/04/2025 15:23,London Greenwich,Gina Snell,"Regular Latte - 2.15, Large Frappes - Strawberries & Cream - 3.25, Regular Frappes - Strawberries & Cream - 2.75, Regular Flavoured iced latte - Caramel - 2.75",10.9,CARD,6238984199194810
14/04/2025 15:25,London Greenwich,Frederick Moreno,Large Flavoured iced latte - Caramel - 3.25,3.25,CASH,
14/04/2025 15:26,London Greenwich,Frank Easton,"Regular Frappes - Strawberries & Cream - 2.75, Large Latte - 2.45, Large Flavoured iced latte - Caramel - 3.25",8.45,CARD,1228123002132103
14/04/2025 15:28,London Greenwich,Pablo Koziel,"Large Frappes - Strawberries & Cream - 3.25, Regular Frappes - Chocolate Cookie - 2.75",6.0,CARD,5047461797530202
14/04/2025 15:29,London Greenwich,Clifton Traina,"Regular Frappes - Strawberries & Cream - 2.75, Regular Frappes - Chocolate Cookie - 2.75",5.5,CARD,9332850234101831
14/04/2025 15:30,London Greenwich,David Hughes,"Large Flavoured iced latte - Caramel - 3.25, Large Latte - 2.45, Large Frappes - Chocolate Cookie - 3.25",8.95,CARD,4713854872314026
14/04/2025 15:32,London Greenwich,Carmon Escobedo,"Regular Frappes - Strawberries & Cream - 2.75, Regular Iced americano - 2.15",4.9,CARD,2300682198521966
14/04/2025 15:33,London Greenwich,Kevin Feeley,"Large Latte - 2.45, Large Frappes - Strawberries & Cream - 3.25",5.7,CARD,8361423589332118
14/04/2025 15:34,London Greenwich,Alejandro Lopez,"Large Frappes - Strawberries & Cream - 3.25, Regular Latte - 2.15, Regular Frappes - Strawberries & Cream - 2.75, Regular Frappes - Chocolate Cookie - 2.75",10.9,CARD,6966442754432707
14/04/2025 15:36,London Greenwich,Karla Dykas,"Large Frappes - Strawberries & Cream - 3.25, Large Latte - 2.45",5.7,CARD,8050082356613674
14/04/2025 15:37,London Greenwich,Terri Fleming,"Regular Frappes - Chocolate Cookie - 2.75, Regular Frappes - Chocolate Cookie - 2.75",5.5,CARD,6706061859040282
14/04/2025 15:39,London Greenwich,Andrew Daugherty,Regular Latte - 2.15,2.15,CARD,7414015575535966
14/04/2025 15:40,London Greenwich,Aileen Hyder,"Large Frappes - Chocolate Cookie - 3.25, Large Frappes - Strawberries & Cream - 3.25, Large Latte - 2.45",8.95,CASH,
14/04/2025 15:41,London Greenwich,Diane Gallon,"Regular Frappes - Chocolate Cookie - 2.75, Large Latte - 2.45, Regular Latte - 2.15",7.35,CASH,
14/04/2025 15:43,London Greenwich,Mercedes Olson,"Large Latte - 2.45, Large Latte - 2.45, Regular Flavoured iced latte - Caramel - 2.75, Large Frappes - Chocolate Cookie - 3.25",10.9,CARD,2502470712984394
14/04/2025 15:44,London Greenwich,Ruben Hendricks,"Large Flavoured iced latte - Caramel - 3.25, Large Latte - 2.45",5.7,CARD,7084119675083210
14/04/2025 15:46,London Greenwich,Charles Carter,"Regular Flavoured iced latte - Caramel - 2.75, Regular Latte - 2.15",4.9,CARD,9474886227262151
14/04/2025 15:47,London Greenwich,Deanna Meeks,"Large Frappes - Chocolate Cookie - 3.25, Regular Flavoured iced latte - Caramel - 2.75, Regular Frappes - Strawberries & Cream - 2.75",8.75,CASH,
14/04/2025 15:48,London Greenwich,Arlene Cahill,"Regular Frappes - Chocolate Cookie - 2.75, Regular Latte - 2.15",4.9,CARD,7335693505458827
14/04/2025 15:50,London Greenwich,Joyce Dam,"Large Flavoured iced latte - Caramel - 3.25, Large Frappes - Chocolate Cookie - 3.25, Regular Latte - 2.15, Regular Latte - 2.15",10.8,CARD,4073862839563037
14/04/2025 15:51,London Greenwich,Tyra Gionest,Large Frappes - Strawberries & Cream - 3.25,3.25,CARD,6234578566238868
14/04/2025 15:52,London Greenwich,Michael Huff,"Regular Iced americano - 2.15, Large Frappes - Strawberries & Cream - 3.25, Regular Latte - 2.15",7.55,CARD,2555049477632796
14/04/2025 15:54,London Greenwich,Elijah Scott,"Large Frappes - Strawberries & Cream - 3.25, Large Frappes - Strawberries & Cream - 3.25, Regular Frappes - Strawberries & Cream - 2.75, Regular Iced americano - 2.15",11.4,CARD,7712303171745465
14/04/2025 15:55,London Greenwich,Angela Bard,"Large Frappes - Chocolate Cookie - 3.25, Large Iced americano - 2.50, Large Latte - 2.45, Large Latte - 2.45, Large Iced americano - 2.50",13.15,CARD,2127629936351123
14/04/2025 15:57,London Greenwich,Patricia Davis,"Large Frappes - Strawberries & Cream - 3.25, Regular Latte - 2.15, Regular Iced americano - 2.15, Large Frappes - Chocolate Cookie - 3.25",10.8,CARD,1027359875758833
14/04/2025 15:58,London Greenwich,Rodney Koch,"Large Flavoured iced latte - Caramel - 3.25, Large Iced americano - 2.50",5.75,CARD,2138347882882601
14/04/2025 15:59,London Greenwich,Carl Dopler,"Regular Latte - 2.15, Regular Flavoured iced latte - Caramel - 2.75, Regular Latte - 2.15",7.05,CARD,3709925389581001
14/04/2025 16:01,London Greenwich,Anna Manylath,"Regular Frappes - Chocolate Cookie - 2.75, Large Frappes - Strawberries & Cream - 3.25, Large Latte - 2.45, Regular Frappes - Chocolate Cookie - 2.75",11.2,CASH,
14/04/2025 16:03,London Greenwich,Hal Ashley,"Regular Flavoured iced latte - Caramel - 2.75, Large Flavoured iced latte - Caramel - 3.25, Regular Latte - 2.15",8.15,CARD,1595982528526207
14/04/2025 16:05,London Greenwich,Brenda Meyers,"Regular Frappes - Chocolate Cookie - 2.75, Regular Latte - 2.15, Regular Flavoured iced latte - Caramel - 2.75, Large Latte - 2.45, Regular Frappes - Chocolate Cookie - 2.75, Large Latte - 2.45",15.3,CASH,
14/04/2025 16:07,London Greenwich,Bonnie Maciejewski,"Regular Flavoured iced latte - Caramel - 2.75, Large Flavoured iced latte - Caramel - 3.25, Large Frappes - Chocolate Cookie - 3.25, Large Flavoured iced latte - Caramel - 3.25, Large Iced americano - 2.50",15.0,CASH,
14/04/2025 16:09,London Greenwich,Leslie Mcgee,"Regular Flavoured iced latte - Caramel - 2.75, Regular Frappes - Chocolate Cookie - 2.75, Large Flavoured iced latte - Caramel - 3.25, Regular Flavoured iced latte - Caramel - 2.75",11.5,CARD,1386223617546556
14/04/2025 16:11,London Greenwich,Dorothy Lambert,"Large Iced americano - 2.50, Regular Latte - 2.15, Regular Iced americano - 2.15, Large Frappes - Strawberries & Cream - 3.25",10.05,CARD,1000042124330553
14/04/2025 16:13,London Greenwich,Amanda Vasquez,Large Flavoured iced latte - Caramel - 3.25,3.25,CARD,8777968830509808
14/04/2025 16:15,London Greenwich,Jordan Gray,"Large Frappes - Strawberries & Cream - 3.25, Large Iced americano - 2.50, Large Flavoured iced latte - Caramel - 3.25, Large Flavoured iced latte - Caramel - 3.25",12.25,CARD,1949179538383978
14/04/2025 16:17,London Greenwich,Peggy Lysak,"Large Iced americano - 2.50, Large Frappes - Chocolate Cookie - 3.25",5.75,CARD,8326092718808363
14/04/2025 16:19,London Greenwich,Dean Chao,"Regular Flavoured iced latte - Caramel - 2.75, Regular Latte - 2.15, Large Iced americano - 2.50, Large Iced americano - 2.50",9.9,CASH,
14/04/2025 16:21,London Greenwich,Theresa Benigno,"Regular Flavoured iced latte - Caramel - 2.75, Large Latte - 2.45",5.2,CARD,1209582681792960
14/04/2025 16:23,London Greenwich,Lenora Mcgowan,"Regular Frappes - Chocolate Cookie - 2.75, Regular Flavoured iced latte - Caramel - 2.75, Large Latte - 2.45",7.95,CARD,8372359315794868
14/04/2025 16:26,London Greenwich,Eric Grant,"Regular Flavoured iced latte - Caramel - 2.75, Large Flavoured iced latte - Caramel - 3.25, Large Flavoured iced latte - Caramel - 3.25, Large Iced americano - 2.50",11.75,CARD,9560212456187425
14/04/2025 16:28,London Greenwich,Michelle Hemstreet,"Large Frappes - Chocolate Cookie - 3.25, Large Frappes - Chocolate Cookie - 3.25, Regular Flavoured iced latte - Caramel - 2.75",9.25,CARD,8461226521366968
14/04/2025 16:30,London Greenwich,Larry Hopper,Large Iced americano - 2.50,2.5,CARD,5961213742479744
14/04/2025 16:32,London Greenwich,Laura Newson,Regular Iced americano - 2.15,2.15,CASH,
14/04/2025 16:34,London Greenwich,Lester Gonzalez,"Regular Latte - 2.15, Regular Flavoured iced latte - Caramel - 2.75, Regular Frappes - Chocolate Cookie - 2.75, Regular Flavoured iced latte - Caramel - 2.75, Large Flavoured iced latte - Caramel - 3.25",13.65,CARD,4392826146764590
14/04/2025 16:36,London Greenwich,Doris Hooker,"Regular Frappes - Strawberries & Cream - 2.75, Regular Iced americano - 2.15, Large Frappes - Strawberries & Cream - 3.25, Regular Frappes - Strawberries & Cream - 2.75, Large Flavoured iced latte - Caramel - 3.25",14.15,CARD,6051189552912406
14/04/2025 16:38,London Greenwich,Kenneth Foust,"Large Flavoured iced latte - Caramel - 3.25, Regular Flavoured iced latte - Caramel - 2.75, Regular Flavoured iced latte - Caramel - 2.75, Regular Frappes - Chocolate Cookie - 2.75",11.5,CARD,5133512843462053
14/04/2025 16:40,London Greenwich,Brandon Larosa,"Regular Flavoured iced latte - Caramel - 2.75, Regular Latte - 2.15, Regular Latte - 2.15, Regular Flavoured iced latte - Caramel - 2.75",9.8,CARD,3634791479818118
14/04/2025 16:42,London Greenwich,Chad Brock,"Large Flavoured iced latte - Caramel - 3.25, Regular Frappes - Strawberries & Cream - 2.75, Regular Iced americano - 2.15",8.15,CARD,8857899083968404
14/04/2025 16:44,London Greenwich,Melani Dronick,"Large Frappes - Chocolate Cookie - 3.25, Large Frappes - Chocolate Cookie - 3.25, Regular Flavoured iced latte - Caramel - 2.75, Regular Frappes - Strawberries & Cream - 2.75, Large Frappes - Strawberries & Cream - 3.25",15.25,CARD,8894319959749453
14/04/2025 16:46,London Greenwich,Alex Brown,"Large Iced americano - 2.50, Large Flavoured iced latte - Caramel - 3.25, Large Latte - 2.45, Regular Flavoured iced latte - Caramel - 2.75",10.95,CARD,2675900651721992
14/04/2025 16:48,London Greenwich,Sherry King,"Large Flavoured iced latte - Caramel - 3.25, Regular Iced americano - 2.15, Regular Flavoured iced latte - Caramel - 2.75",8.15,CARD,2037480671356419
14/04/2025 16:50,London Greenwich,Cynthia Winslow,"Regular Iced americano - 2.15, Large Flavoured iced latte - Caramel - 3.25, Regular Flavoured iced latte - Caramel - 2.75",8.15,CASH,
14/04/2025 16:52,London Greenwich,Harold Salos,"Regular Frappes - Strawberries & Cream - 2.75, Regular Flavoured iced latte - Caramel - 2.75, Large Iced americano - 2.50, Large Latte - 2.45, Large Frappes - Strawberries & Cream - 3.25",13.7,CARD,1219033615506606
14/04/2025 16:54,London Greenwich,Myrle Delzer,"Regular Frappes - Strawberries & Cream - 2.75, Large Flavoured iced latte - Caramel - 3.25",6.0,CARD,6984008134768763
14/04/2025 16:57,London Greenwich,Kevin White,"Regular Latte - 2.15, Regular Frappes - Strawberries & Cream - 2.75",4.9,CASH,
14/04/2025 16:59,London Greenwich,Ernest Gillum,Large Frappes - Strawberries & Cream - 3.25,3.25,CARD,4355376374220017
14/04/2025 17:01,London Greenwich,Mike Kidd,"Regular Frappes - Chocolate Cookie - 2.75, Large Frappes - Chocolate Cookie - 3.25, Regular Frappes - Chocolate Cookie - 2.75",8.75,CARD,9647680744367786
14/04/2025 17:03,London Greenwich,Jeff Harper,"Large Frappes - Chocolate Cookie - 3.25, Regular Iced americano - 2.15, Regular Latte - 2.15",7.55,CARD,2934431159413860
14/04/2025 17:05,London Greenwich,Kevin Clark,Regular Flavoured iced latte - Caramel - 2.75,2.75,CARD,7633941881022433
14/04/2025 17:08,London Greenwich,Brandy Otto,"Regular Latte - 2.15, Regular Flavoured iced latte - Caramel - 2.75, Regular Iced americano - 2.15, Large Frappes - Strawberries & Cream - 3.25",10.3,CASH,
14/04/2025 17:10,London Greenwich,Sophia Mendenhall,"Regular Frappes - Chocolate Cookie - 2.75, Large Frappes - Chocolate Cookie - 3.25, Regular Iced americano - 2.15",8.15,CARD,2051466596966060
14/04/2025 17:12,London Greenwich,Ronald Kirk,"Large Frappes - Strawberries & Cream - 3.25, Regular Frappes - Strawberries & Cream - 2.75, Large Latte - 2.45, Regular Flavoured iced latte - Caramel - 2.75",11.2,CASH,
14/04/2025 17:14,London Greenwich,Kelly Bartelt,"Regular Frappes - Strawberries & Cream - 2.75, Regular Flavoured iced latte - Caramel - 2.75",5.5,CARD,1416702852539637
14/04/2025 17:17,London Greenwich,Anna Sabino,"Regular Iced americano - 2.15, Large Flavoured iced latte - Caramel - 3.25, Large Frappes - Strawberries & Cream - 3.25",8.65,CASH,
14/04/2025 17:19,London Greenwich,Christopher Carlin,"Regular Frappes - Strawberries & Cream - 2.75, Large Flavoured iced latte - Caramel - 3.25",6.0,CASH,
14/04/2025 17:21,London Greenwich,Shawn Moore,Large Latte - 2.45,2.45,CARD,9549298897497300
14/04/2025 17:24,London Greenwich,Micaela Lassiter,"Regular Frappes - Strawberries & Cream - 2.75, Large Iced americano - 2.50, Regular Frappes - Chocolate Cookie - 2.75",8.0,CASH,
14/04/2025 17:26,London Greenwich,Kathleen Howell,"Regular Flavoured iced latte - Caramel - 2.75, Large Frappes - Strawberries & Cream - 3.25",6.0,CASH,
14/04/2025 17:28,London Greenwich,Robert Sperling,Large Flavoured iced latte - Caramel - 3.25,3.25,CARD,8386663174898164
14/04/2025 17:31,London Greenwich,Julian Lolley,"Regular Frappes - Chocolate Cookie - 2.75, Regular Flavoured iced latte - Caramel - 2.75, Large Iced americano - 2.50",8.0,CARD,3705309352121422
14/04/2025 17:33,London Greenwich,Diana Dion,"Large Flavoured iced latte - Caramel - 3.25, Regular Flavoured iced latte - Caramel - 2.75, Large Flavoured iced latte - Caramel - 3.25",9.25,CASH,
14/04/2025 17:35,London Greenwich,Bernice Miller,"Regular Iced americano - 2.15, Large Iced americano - 2.50",4.65,CASH,
14/04/2025 17:37,London Greenwich,David Mitchell,"Regular Latte - 2.15, Large Frappes - Strawberries & Cream - 3.25, Large Latte - 2.45",7.85,CARD,1601460177950931
14/04/2025 17:40,London Greenwich,Susan Carr,"Regular Flavoured iced latte - Caramel - 2.75, Regular Iced americano - 2.15, Large Frappes - Strawberries & Cream - 3.25, Regular Frappes - Strawberries & Cream - 2.75, Regular Flavoured iced latte - Caramel - 2.75",13.65,CARD,6579622525480846
14/04/2025 17:42,London Greenwich,Rosa Donovan,"Regular Frappes - Chocolate Cookie - 2.75, Large Flavoured iced latte - Caramel - 3.25, Large Frappes - Strawberries & Cream - 3.25, Regular Frappes - Strawberries & Cream - 2.75",12.0,CARD,9277180828980463
14/04/2025 17:44,London Greenwich,Diane Le,"Regular Latte - 2.15, Regular Flavoured iced latte - Caramel - 2.75, Regular Iced americano - 2.15",7.05,CARD,1953394894796124
14/04/2025 17:47,London Greenwich,Gia Martinez,"Regular Flavoured iced latte - Caramel - 2.75, Large Latte - 2.45, Regular Flavoured iced latte - Caramel - 2.75, Regular Frappes - Strawberries & Cream - 2.75, Regular Latte - 2.15, Regular Iced americano - 2.15",15.0,CARD,2534806273262403
14/04/2025 17:49,London Greenwich,Fannie Pfeiffer,Regular Frappes - Strawberries & Cream - 2.75,2.75,CASH,
14/04/2025 17:51,London Greenwich,Matthew Korsmeyer,"Large Latte - 2.45, Regular Latte - 2.15, Large Iced americano - 2.50, Large Latte - 2.45, Regular Iced americano - 2.15",11.7,CARD,4823930771882460
14/04/2025 17:54,London Greenwich,Sarah Wrigley,"Regular Frappes - Chocolate Cookie - 2.75, Regular Frappes - Strawberries & Cream - 2.75, Large Flavoured iced latte - Caramel - 3.25",8.75,CASH,
14/04/2025 17:56,London Greenwich,Barbara Walker,"Regular Frappes - Chocolate Cookie - 2.75, Large Iced americano - 2.50",5.25,CASH,
14/04/2025 17:58,London Greenwich,Shirley Avila,"Regular Frappes - Strawberries & Cream - 2.75, Regular Flavoured iced latte - Caramel - 2.75, Regular Frappes - Strawberries & Cream - 2.75, Large Frappes - Strawberries & Cream - 3.25",11.5,CARD,1530473467879669
14/04/2025 18:00,London Greenwich,Marylou Thomas,Large Iced americano - 2.50,2.5,CASH,
14/04/2025 18:02,London Greenwich,Micah Jones,"Regular Flavoured iced latte - Caramel - 2.75, Regular Frappes - Strawberries & Cream - 2.75, Regular Latte - 2.15, Regular Flavoured iced latte - Caramel - 2.75, Regular Frappes - Strawberries & Cream - 2.75",13.15,CARD,3950777197127543
14/04/2025 18:04,London Greenwich,Ben Jack,"Regular Frappes - Strawberries & Cream - 2.75, Large Latte - 2.45",5.2,CARD,8031437217505799
14/04/2025 18:06,London Greenwich,Julio Lee,Regular Iced americano - 2.15,2.15,CASH,
14/04/2025 18:08,London Greenwich,Eldon Sumners,"Large Latte - 2.45, Regular Frappes - Chocolate Cookie - 2.75, Regular Frappes - Chocolate Cookie - 2.75",7.95,CARD,9260526816504481
14/04/2025 18:10,London Greenwich,Erika Smith,"Regular Frappes - Chocolate Cookie - 2.75, Large Iced americano - 2.50",5.25,CASH,
14/04/2025 18:12,London Greenwich,Steven Pennell,Large Iced americano - 2.50,2.5,CARD,4799002216618260
14/04/2025 18:14,London Greenwich,Ronald Gresham,"Regular Flavoured iced latte - Caramel - 2.75, Regular Iced americano - 2.15, Regular Frappes - Strawberries & Cream - 2.75",7.65,CARD,9502493044243828
14/04/2025 18:16,London Greenwich,Dora Barrow,"Regular Flavoured iced latte - Caramel - 2.75, Large Frappes - Strawberries & Cream - 3.25, Regular Flavoured iced latte - Caramel - 2.75",8.75,CARD,2764642678205631
14/04/2025 18:18,London Greenwich,Veronica Burgess,"Regular Flavoured iced latte - Caramel - 2.75, Large Flavoured iced latte - Caramel - 3.25",6.0,CARD,5714009702034515
14/04/2025 18:20,London Greenwich,Catherine Ruffin,"Large Flavoured iced latte - Caramel - 3.25, Large Flavoured iced latte - Caramel - 3.25",6.5,CASH,
14/04/2025 18:22,London Greenwich,Matthew Jimeson,Regular Latte - 2.15,2.15,CARD,2622109444282893
14/04/2025 18:24,London Greenwich,Lou Goodlett,"Regular Frappes - Strawberries & Cream - 2.75, Regular Frappes - Chocolate Cookie - 2.75",5.5,CASH,
14/04/2025 18:26,London Greenwich,Monica Anderson,"Large Frappes - Strawberries & Cream - 3.25, Large Frappes - Chocolate Cookie - 3.25",6.5,CARD,6146832264337214
14/04/2025 18:28,London Greenwich,Ericka Lander,"Large Iced americano - 2.50, Large Latte - 2.45",4.95,CASH,
14/04/2025 18:29,London Greenwich,Belinda Snyder,"Large Iced americano - 2.50, Regular Frappes - Strawberries & Cream - 2.75, Large Frappes - Strawberries & Cream - 3.25, Regular Frappes - Strawberries & Cream - 2.75, Large Iced americano - 2.50",13.75,CARD,9617783197301155
14/04/2025 18:31,London Greenwich,Martin Kappler,"Large Flavoured iced latte - Caramel - 3.25, Large Latte - 2.45, Large Flavoured iced latte - Caramel - 3.25",8.95,CARD,7711537689778703
14/04/2025 18:33,London Greenwich,Timothy Blish,"Regular Flavoured iced latte - Caramel - 2.75, Large Flavoured iced latte - Caramel - 3.25",6.0,CASH,
14/04/2025 18:35,London Greenwich,Jimmy Drum,Large Frappes - Strawberries & Cream - 3.25,3.25,CARD,8604863974219393
14/04/2025 18:37,London Greenwich,Marian Gillilan,"Large Frappes - Strawberries & Cream - 3.25, Regular Latte - 2.15, Large Iced americano - 2.50, Regular Iced americano - 2.15",10.05,CASH,
14/04/2025 18:39,London Greenwich,Michael Koch,"Large Iced americano - 2.50, Large Frappes - Chocolate Cookie - 3.25, Large Frappes - Chocolate Cookie - 3.25",9.0,CARD,4443778039670398
14/04/2025 18:41,London Greenwich,Terry Tiemann,"Regular Frappes - Chocolate Cookie - 2.75, Regular Frappes - Strawberries & Cream - 2.75, Large Frappes - Chocolate Cookie - 3.25",8.75,CASH,
14/04/2025 18:43,London Greenwich,David Zane,Regular Frappes - Strawberries & Cream - 2.75,2.75,CASH,
14/04/2025 18:45,London Greenwich,Christine Lewis,"Large Frappes - Chocolate Cookie - 3.25, Large Frappes - Chocolate Cookie - 3.25",6.5,CARD,8515214141289424
14/04/2025 18:47,London Greenwich,Carol Knight,"Regular Frappes - Strawberries & Cream - 2.75, Regular Frappes - Chocolate Cookie - 2.75",5.5,CASH,
14/04/2025 18:49,London Greenwich,Suzy Jennings,Regular Latte - 2.15,2.15,CARD,3805436327948908
14/04/2025 18:51,London Greenwich,Vera Petrovic,Regular Latte - 2.15,2.15,CARD,3018888463671778
14/04/2025 18:53,London Greenwich,Kimberly Washington,"Large Iced americano - 2.50, Large Flavoured iced latte - Caramel - 3.25",5.75,CARD,9169116345515170
14/04/2025 18:55,London Greenwich,Jeffrey Rock,Large Iced americano - 2.50,2.5,CASH,
14/04/2025 18:57,London Greenwich,Kevin Husted,"Regular Frappes - Strawberries & Cream - 2.75, Large Iced americano - 2.50",5.25,CARD,8644030776873544
14/04/2025 18:58,London Greenwich,Angela Arms,Regular Flavoured iced latte - Caramel - 2.75,2.75,CARD,6248161630519131
14/04/2025 19:00,London Greenwich,Annie Davis,"Regular Iced americano - 2.15, Large Frappes - Chocolate Cookie - 3.25, Large Frappes - Chocolate Cookie - 3.25, Large Frappes - Strawberries & Cream - 3.25",11.9,CARD,3212683969009835
14/04/2025 19:02,London Greenwich,Samuel Burke,"Large Latte - 2.45, Large Frappes - Strawberries & Cream - 3.25",5.7,CASH,
14/04/2025 19:05,London Greenwich,Luis Harr,"Regular Iced americano - 2.15, Regular Latte - 2.15, Large Iced americano - 2.50, Large Iced americano - 2.50",9.3,CASH,
14/04/2025 19:07,London Greenwich,Carrie Gartman,"Regular Iced americano - 2.15, Large Frappes - Strawberries & Cream - 3.25",5.4,CARD,2021684105787034
14/04/2025 19:09,London Greenwich,Hope Ramsey,Regular Flavoured iced latte - Caramel - 2.75,2.75,CASH,
14/04/2025 19:11,London Greenwich,Timothy Campos,"Regular Frappes - Chocolate Cookie - 2.75, Large Frappes - Strawberries & Cream - 3.25",6.0,CARD,8068618575029567
14/04/2025 19:13,London Greenwich,Jamie Kemppainen,"Large Latte - 2.45, Regular Frappes - Strawberries & Cream - 2.75, Large Flavoured iced latte - Caramel - 3.25, Large Latte - 2.45, Large Frappes - Strawberries & Cream - 3.25",14.15,CARD,6458971185309325
14/04/2025 19:15,London Greenwich,Alexis Austin,Large Flavoured iced latte - Caramel - 3.25,3.25,CASH,
14/04/2025 19:17,London Greenwich,Krista Maslow,Regular Iced americano - 2.15,2.15,CARD,6606960147396768
14/04/2025 19:19,London Greenwich,Elissa Stanford,"Regular Frappes - Strawberries & Cream - 2.75, Large Frappes - Chocolate Cookie - 3.25, Large Frappes - Strawberries & Cream - 3.25, Large Iced americano - 2.50",11.75,CARD,5251480600628532
14/04/2025 19:21,London Greenwich,Jean Jiang,"Large Frappes - Strawberries & Cream - 3.25, Regular Frappes - Strawberries & Cream - 2.75",6.0,CASH,
14/04/2025 19:23,London Greenwich,William Kenyon,"Large Frappes - Chocolate Cookie - 3.25, Large Flavoured iced latte - Caramel - 3.25, Large Flavoured iced latte - Caramel - 3.25, Regular Latte - 2.15",11.9,CASH,
14/04/2025 19:25,London Greenwich,Tasha Hamilton,"Large Flavoured iced latte - Caramel - 3.25, Large Flavoured iced latte - Caramel - 3.25",6.5,CARD,7968323669942145
14/04/2025 19:27,London Greenwich,Joyce Freitag,"Large Iced americano - 2.50, Regular Frappes - Chocolate Cookie - 2.75, Regular Latte - 2.15, Regular Iced americano - 2.15",9.55,CARD,1831662458553198
14/04/2025 19:29,London Greenwich,Tony Stewart,Regular Flavoured iced latte - Caramel - 2.75,2.75,CASH,
14/04/2025 19:31,London Greenwich,Tonya Mcdade,"Regular Latte - 2.15, Large Flavoured iced latte - Caramel - 3.25",5.4,CARD,2056446002859468
14/04/2025 19:33,London Greenwich,Vincent Cross,"Large Iced americano - 2.50, Regular Latte - 2.15",4.65,CARD,4246071416669901
14/04/2025 19:36,London Greenwich,Sonia Beatty,"Regular Frappes - Strawberries & Cream - 2.75, Regular Frappes - Strawberries & Cream - 2.75, Regular Iced americano - 2.15",7.65,CARD,9152913556250680
14/04/2025 19:38,London Greenwich,Micah Russell,"Regular Iced americano - 2.15, Large Iced americano - 2.50",4.65,CARD,4086668395885487
14/04/2025 19:40,London Greenwich,Robin Davis,Large Frappes - Strawberries & Cream - 3.25,3.25,CARD,3427986896988645
14/04/2025 19:42,London Greenwich,Joseph Delagarza,"Large Latte - 2.45, Regular Frappes - Chocolate Cookie - 2.75, Large Latte - 2.45, Large Latte - 2.45",10.1,CARD,8680554035523470
14/04/2025 19:44,London Greenwich,Eric Dorval,"Large Latte - 2.45, Regular Frappes - Chocolate Cookie - 2.75, Large Latte - 2.45, Regular Latte - 2.15, Large Iced americano - 2.50",12.3,CARD,3996206978392079
14/04/2025 19:46,London Greenwich,Pamela Carlson,"Large Frappes - Strawberries & Cream - 3.25, Large Latte - 2.45, Regular Iced americano - 2.15, Regular Flavoured iced latte - Caramel - 2.75, Large Frappes - Strawberries & Cream - 3.25, Regular Latte - 2.15",16.0,CARD,3893432160577931
14/04/2025 19:48,London Greenwich,Michael Vierra,"Large Latte - 2.45, Large Frappes - Chocolate Cookie - 3.25",5.7,CASH,
14/04/2025 19:50,London Greenwich,Robert Clare,Regular Frappes - Chocolate Cookie - 2.75,2.75,CARD,4477008720168055
14/04/2025 19:52,London Greenwich,Dennis Brown,"Regular Latte - 2.15, Large Frappes - Chocolate Cookie - 3.25",5.4,CARD,7101886384577942
14/04/2025 19:54,London Greenwich,Victoria Bush,Regular Iced americano - 2.15,2.15,CARD,8582723932316205
14/04/2025 19:56,London Greenwich,Denise Terrell,"Regular Latte - 2.15, Large Latte - 2.45",4.6,CARD,2449760130817162
14/04/2025 19:58,London Greenwich,Hisako Livingston,"Large Flavoured iced latte - Caramel - 3.25, Large Latte - 2.45, Large Frappes - Strawberries & Cream - 3.25",8.95,CARD,6542714092885655
14/04/2025 20:00,London Greenwich,Richard Keener,"Regular Frappes - Strawberries & Cream - 2.75, Regular Frappes - Strawberries & Cream - 2.75, Large Frappes - Strawberries & Cream - 3.25, Large Frappes - Chocolate Cookie - 3.25",12.0,CARD,6741198306857110
14/04/2025 20:02,London Greenwich,Leo Mccalmont,Regular Latte - 2.15,2.15,CASH,
14/04/2025 20:03,London Greenwich,Gerald Usry,"Large Frappes - Chocolate Cookie - 3.25, Regular Frappes - Strawberries & Cream - 2.75, Regular Flavoured iced latte - Caramel - 2.75, Large Frappes - Chocolate Cookie - 3.25",12.0,CARD,9242180415018985
14/04/2025 20:04,London Greenwich,Jimmie Suk,"Large Latte - 2.45, Regular Flavoured iced latte - Caramel - 2.75",5.2,CASH,
14/04/2025 20:06,London Greenwich,Jay Petrella,"Large Frappes - Strawberries & Cream - 3.25, Large Frappes - Chocolate Cookie - 3.25, Regular Frappes - Strawberries & Cream - 2.75, Large Frappes - Strawberries & Cream - 3.25",12.5,CASH,
14/04/2025 20:07,London Greenwich,Nancy Rautenstrauch,Regular Frappes - Chocolate Cookie - 2.75,2.75,CARD,7780723836924229
14/04/2025 20:09,London Greenwich,Daniel Carpenter,Regular Flavoured iced latte - Caramel - 2.75,2.75,CARD,4312236113732615
14/04/2025 20:10,London Greenwich,Nancy Rosales,"Large Latte - 2.45, Large Latte - 2.45",4.9,CARD,2343494291882497
14/04/2025 20:11,London Greenwich,David Carter,"Regular Latte - 2.15, Regular Flavoured iced latte - Caramel - 2.75, Regular Frappes - Strawberries & Cream - 2.75, Regular Frappes - Strawberries & Cream - 2.75",10.4,CARD,4006751344301040
14/04/2025 20:13,London Greenwich,Carmen Click,Regular Flavoured iced latte - Caramel - 2.75,2.75,CARD,9927553234452847
14/04/2025 20:14,London Greenwich,Lila Dauphin,"Regular Frappes - Chocolate Cookie - 2.75, Large Latte - 2.45, Regular Frappes - Strawberries & Cream - 2.75, Large Frappes - Chocolate Cookie - 3.25",11.2,CARD,2883653781927639
14/04/2025 20:16,London Greenwich,Edward Miller,"Large Latte - 2.45, Regular Flavoured iced latte - Caramel - 2.75",5.2,CARD,5538918589222358
14/04/2025 20:17,London Greenwich,Jarvis Fulton,"Regular Flavoured iced latte - Caramel - 2.75, Regular Iced americano - 2.15, Regular Flavoured iced latte - Caramel - 2.75, Regular Flavoured iced latte - Caramel - 2.75, Large Flavoured iced latte - Caramel - 3.25",13.65,CARD,9925570628531225
14/04/2025 20:18,London Greenwich,Mary Acton,"Regular Flavoured iced latte - Caramel - 2.75, Regular Flavoured iced latte - Caramel - 2.75",5.5,CARD,7787784957047847
14/04/2025 20:20,London Greenwich,John Branscum,"Large Flavoured iced latte - Caramel - 3.25, Large Iced americano - 2.50, Regular Flavoured iced latte - Caramel - 2.75",8.5,CARD,7222537038958657
14/04/2025 20:21,London Greenwich,Demarcus Dykes,"Large Iced americano - 2.50, Regular Frappes - Strawberries & Cream - 2.75",5.25,CASH,
14/04/2025 20:22,London Greenwich,Sallie Martin,"Regular Frappes - Strawberries & Cream - 2.75, Large Iced americano - 2.50, Regular Latte - 2.15, Large Flavoured iced latte - Caramel - 3.25",10.65,CARD,1488174848567415
14/04/2025 20:24,London Greenwich,August Soler,Large Frappes - Chocolate Cookie - 3.25,3.25,CARD,9040857293666176
14/04/2025 20:25,London Greenwich,Diane Hendricks,Large Frappes - Strawberries & Cream - 3.25,3.25,CASH,
14/04/2025 20:27,London Greenwich,Lori Niehaus,"Large Iced americano - 2.50, Large Frappes - Chocolate Cookie - 3.25, Large Frappes - Chocolate Cookie - 3.25",9.0,CARD,8317314261588323
14/04/2025 20:28,London Greenwich,Mark Greco,"Large Frappes - Chocolate Cookie - 3.25, Regular Flavoured iced latte - Caramel - 2.75, Large Frappes - Chocolate Cookie - 3.25, Large Flavoured iced latte - Caramel - 3.25",12.5,CASH,
14/04/2025 20:29,London Greenwich,Romeo Smith,"Regular Latte - 2.15, Regular Latte - 2.15, Regular Flavoured iced latte - Caramel - 2.75, Large Frappes - Strawberries & Cream - 3.25, Large Frappes - Strawberries & Cream - 3.25, Large Frappes - Chocolate Cookie - 3.25",16.8,CARD,7134612863178099
14/04/2025 20:31,London Greenwich,Frank Gonzalez,"Large Latte - 2.45, Regular Frappes - Strawberries & Cream - 2.75",5.2,CARD,2006261756167927
14/04/2025 20:32,London Greenwich,John Gries,"Regular Latte - 2.15, Regular Latte - 2.15, Large Frappes - Strawberries & Cream - 3.25",7.55,CARD,4445626679326857
14/04/2025 20:34,London Greenwich,Ethelene Beatty,"Large Iced americano - 2.50, Regular Frappes - Strawberries & Cream - 2.75, Large Latte - 2.45",7.7,CASH,
14/04/2025 20:35,London Greenwich,Josephine Hronick,"Large Iced americano - 2.50, Regular Flavoured iced latte - Caramel - 2.75, Regular Frappes - Strawberries & Cream - 2.75, Large Flavoured iced latte - Caramel - 3.25",11.25,CASH,
14/04/2025 20:36,London Greenwich,Edward Cottrell,"Large Frappes - Chocolate Cookie - 3.25, Large Latte - 2.45, Large Flavoured iced latte - Caramel - 3.25",8.95,CARD,7728843448628087
14/04/2025 20:38,London Greenwich,Matthew Alvarado,Regular Frappes - Strawberries & Cream - 2.75,2.75,CARD,5342819673632519
14/04/2025 20:39,London Greenwich,Harold Smith,Large Flavoured iced latte - Caramel - 3.25,3.25,CARD,7282817041017672
14/04/2025 20:40,London Greenwich,Tierra Jeffers,"Large Flavoured iced latte - Caramel - 3.25, Regular Latte - 2.15, Regular Frappes - Strawberries & Cream - 2.75, Regular Flavoured iced latte - Caramel - 2.75, Regular Iced americano - 2.15",13.05,CARD,2622830033899317
14/04/2025 20:42,London Greenwich,Daisy Hughes,"Regular Frappes - Chocolate Cookie - 2.75, Regular Frappes - Strawberries & Cream - 2.75",5.5,CASH,
14/04/2025 20:43,London Greenwich,Mona Tolbert,"Large Iced americano - 2.50, Large Latte - 2.45",4.95,CARD,3975281878861280
14/04/2025 20:45,London Greenwich,Floyd Horn,"Large Latte - 2.45, Regular Flavoured iced latte - Caramel - 2.75, Large Latte - 2.45, Regular Frappes - Strawberries & Cream - 2.75, Large Frappes - Chocolate Cookie - 3.25",13.65,CARD,6003026211786545
14/04/2025 20:46,London Greenwich,Elly Corpus,"Regular Latte - 2.15, Regular Latte - 2.15, Large Frappes - Chocolate Cookie - 3.25",7.55,CARD,5722804883548263
14/04/2025 20:47,London Greenwich,Wilfred Knight,"Large Latte - 2.45, Large Frappes - Strawberries & Cream - 3.25, Large Frappes - Strawberries & Cream - 3.25",8.95,CARD,4443658337652491
14/04/2025 20:49,London Greenwich,Richie Wildman,"Regular Iced americano - 2.15, Large Iced americano - 2.50",4.65,CARD,1887742999550905
14/04/2025 20:50,London Greenwich,Jason Harwell,"Large Frappes - Chocolate Cookie - 3.25, Regular Latte - 2.15, Regular Frappes - Chocolate Cookie - 2.75, Large Frappes - Strawberries & Cream - 3.25",11.4,CARD,2687758661194068
14/04/2025 20:52,London Greenwich,Kendall Ross,"Large Iced americano - 2.50, Regular Latte - 2.15",4.65,CARD,2810369295687867
14/04/2025 20:53,London Greenwich,Bernice Russell,"Regular Iced americano - 2.15, Large Flavoured iced latte - Caramel - 3.25, Regular Iced americano - 2.15, Large Frappes - Strawberries & Cream - 3.25, Large Latte - 2.45",13.25,CARD,5297317984417739
14/04/2025 20:54,London Greenwich,Albert Perez,"Large Frappes - Chocolate Cookie - 3.25, Regular Frappes - Strawberries & Cream - 2.75",6.0,CARD,9927416404425638
14/04/2025 20:56,London Greenwich,Angelo Feliciano,"Large Flavoured iced latte - Caramel - 3.25, Regular Frappes - Strawberries & Cream - 2.75, Large Frappes - Chocolate Cookie - 3.25, Large Flavoured iced latte - Caramel - 3.25",12.5,CASH,
14/04/2025 20:57,London Greenwich,Dean Clark,"Regular Frappes - Chocolate Cookie - 2.75, Regular Latte - 2.15",4.9,CARD,3501203905399759
14/04/2025 20:58,London Greenwich,Phyllis Hallmark,"Large Iced americano - 2.50, Large Flavoured iced latte - Caramel - 3.25, Regular Frappes - Chocolate Cookie - 2.75",8.5,CARD,2563432850112655
