13/04/2025 08:00,London Greenwich,Anthony Mcclellan,"Large Iced americano - 2.50, Large Iced americano - 2.50, Regular Frappes - Strawberries & Cream - 2.75",7.75,CARD,7050781264759886
13/04/2025 08:01,London Greenwich,Amanda Chasten,Regular Latte - 2.15,2.15,CASH,
13/04/2025 08:03,London Greenwich,Donna Walker,"Regular Flavoured iced latte - Caramel - 2.75, Large Iced americano - 2.50",5.25,CARD,9178432089077436
13/04/2025 08:05,London Greenwich,David Starks,"Regular Iced americano - 2.15, Regular Iced americano - 2.15, Large Flavoured iced latte - Caramel - 3.25",7.55,CARD,1088434973153734
13/04/2025 08:07,London Greenwich,Robert Hobson,"Large Latte - 2.45, Large Frappes - Chocolate Cookie - 3.25, Regular Frappes - Chocolate Cookie - 2.75, Regular Iced americano - 2.15",10.6,CASH,
13/04/2025 08:08,London Greenwich,Margaret Valentine,"Large Flavoured iced latte - Caramel - 3.25, Large Flavoured iced latte - Caramel - 3.25, Regular Flavoured iced latte - Caramel - 2.75",9.25,CARD,2052907629324212
13/04/2025 08:10,London Greenwich,Roy Davis,"Large Iced americano - 2.50, Large Latte - 2.45, Large Flavoured iced latte - Caramel - 3.25",8.2,CASH,
13/04/2025 08:12,London Greenwich,Emil Adams,Regular Flavoured iced latte - Caramel - 2.75,2.75,CARD,1340706253239894
13/04/2025 08:14,London Greenwich,Rose Wiedenheft,Regular Flavoured iced latte - Caramel - 2.75,2.75,CASH,
13/04/2025 08:15,London Greenwich,Ruth Deaver,"Large Frappes - Strawberries & Cream - 3.25, Regular Frappes - Strawberries & Cream - 2.75",6.0,CARD,1786001275589725
13/04/2025 08:17,London Greenwich,Adam Reyes,Regular Flavoured iced latte - Caramel - 2.75,2.75,CARD,5718995922707310
13/04/2025 08:19,London Greenwich,James Sims,"Regular Frappes - Strawberries & Cream - 2.75, Large Flavoured iced latte - Caramel - 3.25, Regular Latte - 2.15, Large Flavoured iced latte - Caramel - 3.25, Large Flavoured iced latte - Caramel - 3.25",14.65,CARD,8143793582162367
13/04/2025 08:21,London Greenwich,Phyllis Logue,Large Frappes - Chocolate Cookie - 3.25,3.25,CARD,7737221761853923
13/04/2025 08:22,London Greenwich,Jeff Charles,Large Frappes - Strawberries & Cream - 3.25,3.25,CARD,4639331169026921
13/04/2025 08:24,London Greenwich,Carol Thompson,"Regular Frappes - Strawberries & Cream - 2.75, Large Latte - 2.45",5.2,CASH,
13/04/2025 08:26,London Greenwich,Sara Bray,"Regular Flavoured iced latte - Caramel - 2.75, Large Frappes - Strawberries & Cream - 3.25, Regular Frappes - Strawberries & Cream - 2.75, Regular Frappes - Chocolate Cookie - 2.75, Large Frappes - Chocolate Cookie - 3.25",14.75,CARD,1462644652036846
13/04/2025 08:28,London Greenwich,Irene Swiger,Regular Flavoured iced latte - Caramel - 2.75,2.75,CARD,1737758648241607
13/04/2025 08:29,London Greenwich,Robert Abbate,Regular Latte - 2.15,2.15,CARD,4116745244515014
13/04/2025 08:31,London Greenwich,Frances Haynie,"Large Frappes - Chocolate Cookie - 3.25, Large Flavoured iced latte - Caramel - 3.25",6.5,CARD,4423833867773837
13/04/2025 08:33,London Greenwich,Brittany Cantrell,"Large Frappes - Strawberries & Cream - 3.25, Large Frappes - Strawberries & Cream - 3.25",6.5,CASH,
13/04/2025 08:35,London Greenwich,Rosemary Ennis,"Regular Frappes - Strawberries & Cream - 2.75, Regular Flavoured iced latte - Caramel - 2.75, Large Frappes - Strawberries & Cream - 3.25, Regular Flavoured iced latte - Caramel - 2.75, Large Frappes - Strawberries & Cream - 3.25, Large Frappes - Strawberries & Cream - 3.25",18.0,CASH,
13/04/2025 08:36,London Greenwich,Edwin Fortson,"Large Latte - 2.45, Large Frappes - Chocolate Cookie - 3.25",5.7,CARD,5692330271297646
13/04/2025 08:38,London Greenwich,Jessie Jones,Large Frappes - Chocolate Cookie - 3.25,3.25,CARD,2065008247582549
13/04/2025 08:40,London Greenwich,Dennis Saenz,"Large Latte - 2.45, Regular Latte - 2.15, Regular Frappes - Strawberries & Cream - 2.75, Large Frappes - Strawberries & Cream - 3.25, Large Frappes - Strawberries & Cream - 3.25",13.85,CARD,1518576178324301
13/04/2025 08:42,London Greenwich,Ivy Dennis,"Regular Frappes - Strawberries & Cream - 2.75, Large Frappes - Chocolate Cookie - 3.25, Large Frappes - Strawberries & Cream - 3.25, Regular Frappes - Strawberries & Cream - 2.75, Regular Iced americano - 2.15, Regular Frappes - Chocolate Cookie - 2.75",16.9,CASH,
13/04/2025 08:43,London Greenwich,George Ricks,"Large Frappes - Strawberries & Cream - 3.25, Large Frappes - Strawberries & Cream - 3.25, Large Iced americano - 2.50, Regular Frappes - Strawberries & Cream - 2.75",11.75,CARD,7859231903013204
13/04/2025 08:45,London Greenwich,Mary Cooper,"Large Iced americano - 2.50, Regular Iced americano - 2.15",4.65,CARD,3406068923669133
13/04/2025 08:47,London Greenwich,Larry Mcdermott,"Large Frappes - Chocolate Cookie - 3.25, Regular Frappes - Chocolate Cookie - 2.75",6.0,CARD,5180607589217226
13/04/2025 08:49,London Greenwich,Eddie Harvey,"Regular Frappes - Chocolate Cookie - 2.75, Large Frappes - Strawberries & Cream - 3.25, Large Flavoured iced latte - Caramel - 3.25",9.25,CARD,5793572587453304
13/04/2025 08:51,London Greenwich,Mary Spiller,"Large Flavoured iced latte - Caramel - 3.25, Regular Frappes - Strawberries & Cream - 2.75, Regular Flavoured iced latte - Caramel - 2.75, Regular Iced americano - 2.15, Regular Iced americano - 2.15, Regular Latte - 2.15",15.2,CARD,4494014687595739
13/04/2025 08:52,London Greenwich,Christopher Arellano,"Regular Latte - 2.15, Regular Frappes - Strawberries & Cream - 2.75, Large Flavoured iced latte - Caramel - 3.25, Large Frappes - Chocolate Cookie - 3.25",11.4,CARD,3814657895391758
13/04/2025 08:54,London Greenwich,Carole Davis,Large Frappes - Strawberries & Cream - 3.25,3.25,CASH,
13/04/2025 08:56,London Greenwich,David Cotton,"Large Latte - 2.45, Regular Frappes - Strawberries & Cream - 2.75",5.2,CARD,3300371233190767
13/04/2025 08:58,London Greenwich,Lesha Penny,Large Latte - 2.45,2.45,CARD,8398688733469751
13/04/2025 08:59,London Greenwich,Jennifer Block,Large Flavoured iced latte - Caramel - 3.25,3.25,CARD,5120345361702760
13/04/2025 09:01,London Greenwich,Alan Wilson,"Regular Frappes - Strawberries & Cream - 2.75, Regular Frappes - Strawberries & Cream - 2.75, Regular Frappes - Strawberries & Cream - 2.75, Large Frappes - Strawberries & Cream - 3.25",11.5,CASH,
13/04/2025 09:05,London Greenwich,Hugh Mordino,"Regular Frappes - Chocolate Cookie - 2.75, Regular Latte - 2.15, Large Frappes - Strawberries & Cream - 3.25, Regular Flavoured iced latte - Caramel - 2.75, Regular Frappes - Chocolate Cookie - 2.75, Large Iced americano - 2.50",16.15,CASH,
13/04/2025 09:08,London Greenwich,Michael Kelly,"Large Frappes - Strawberries & Cream - 3.25, Regular Latte - 2.15",5.4,CASH,
13/04/2025 09:12,London Greenwich,Dorothy Yates,"Large Iced americano - 2.50, Large Frappes - Strawberries & Cream - 3.25, Regular Frappes - Strawberries & Cream - 2.75",8.5,CASH,
13/04/2025 09:15,London Greenwich,Ruben Swint,"Large Latte - 2.45, Large Iced americano - 2.50, Regular Frappes - Chocolate Cookie - 2.75, Large Frappes - Strawberries & Cream - 3.25",10.95,CARD,4658153200662124
13/04/2025 09:19,London Greenwich,Kristine Dickenson,"Large Latte - 2.45, Large Flavoured iced latte - Caramel - 3.25, Regular Iced americano - 2.15",7.85,CASH,
13/04/2025 09:22,London Greenwich,Wm Sterner,Large Frappes - Strawberries & Cream - 3.25,3.25,CARD,5694451414913834
13/04/2025 09:26,London Greenwich,Brian Cottone,"Large Frappes - Strawberries & Cream - 3.25, Regular Flavoured iced latte - Caramel - 2.75, Regular Frappes - Strawberries & Cream - 2.75, Large Flavoured iced latte - Caramel - 3.25, Large Latte - 2.45, Large Frappes - Strawberries & Cream - 3.25",17.7,CARD,2276804091029732
13/04/2025 09:29,London Greenwich,Randy Smith,Regular Frappes - Chocolate Cookie - 2.75,2.75,CARD,5080391883248171
13/04/2025 09:33,London Greenwich,Christina Tanaka,"Large Iced americano - 2.50, Regular Flavoured iced latte - Caramel - 2.75, Large Frappes - Chocolate Cookie - 3.25, Regular Flavoured iced latte - Caramel - 2.75, Large Latte - 2.45",13.7,CASH,
13/04/2025 09:36,London Greenwich,Carolina Meier,"Regular Frappes - Chocolate Cookie - 2.75, Regular Iced americano - 2.15, Regular Iced americano - 2.15",7.05,CARD,5113425344661083
13/04/2025 09:40,London Greenwich,Ana Greene,"Large Flavoured iced latte - Caramel - 3.25, Regular Frappes - Strawberries & Cream - 2.75",6.0,CARD,1582090996799878
13/04/2025 09:43,London Greenwich,Homer Allen,Regular Latte - 2.15,2.15,CARD,7991644253859803
13/04/2025 09:47,London Greenwich,Karen Moreno,"Regular Flavoured iced latte - Caramel - 2.75, Regular Iced americano - 2.15",4.9,CASH,
13/04/2025 09:50,London Greenwich,Sarah Lam,"Regular Latte - 2.15, Regular Flavoured iced latte - Caramel - 2.75, Large Flavoured iced latte - Caramel - 3.25",8.15,CASH,
13/04/2025 09:54,London Greenwich,Gilbert Mccoy,"Regular Latte - 2.15, Large Latte - 2.45, Large Flavoured iced latte - Caramel - 3.25",7.85,CARD,7560499298148061
13/04/2025 09:57,London Greenwich,Stephanie Burkette,"Regular Flavoured iced latte - Caramel - 2.75, Regular Frappes - Chocolate Cookie - 2.75, Regular Frappes - Chocolate Cookie - 2.75, Large Flavoured iced latte - Caramel - 3.25",11.5,CARD,1441157907888170
13/04/2025 10:01,London Greenwich,Liliana Warrington,"Regular Frappes - Strawberries & Cream - 2.75, Large Frappes - Chocolate Cookie - 3.25",6.0,CARD,9795418974198706
13/04/2025 10:02,London Greenwich,Willie Sanchez,"Large Frappes - Chocolate Cookie - 3.25, Large Iced americano - 2.50, Large Frappes - Chocolate Cookie - 3.25, Large Latte - 2.45",11.45,CASH,
13/04/2025 10:04,London Greenwich,Irene Muraoka,"Regular Flavoured iced latte - Caramel - 2.75, Regular Frappes - Chocolate Cookie - 2.75",5.5,CARD,6824562347718267
13/04/2025 10:05,London Greenwich,Johnathan Mcgee,"Large Latte - 2.45, Regular Flavoured iced latte - Caramel - 2.75, Large Frappes - Chocolate Cookie - 3.25, Regular Frappes - Strawberries & Cream - 2.75, Regular Iced americano - 2.15",13.35,CARD,3003469217499712
13/04/2025 10:06,London Greenwich,Robert Pinkerton,Regular Latte - 2.15,2.15,CASH,
13/04/2025 10:08,London Greenwich,Geneva Turner,Large Frappes - Strawberries & Cream - 3.25,3.25,CASH,
13/04/2025 10:09,London Greenwich,Avis Giacomini,"Regular Frappes - Chocolate Cookie - 2.75, Large Flavoured iced latte - Caramel - 3.25, Large Flavoured iced latte - Caramel - 3.25",9.25,CASH,
13/04/2025 10:11,London Greenwich,Roy Beard,"Large Iced americano - 2.50, Regular Flavoured iced latte - Caramel - 2.75",5.25,CASH,
13/04/2025 10:12,London Greenwich,Andrea Schlueter,"Regular Frappes - Chocolate Cookie - 2.75, Large Latte - 2.45, Regular Latte - 2.15, Large Flavoured iced latte - Caramel - 3.25, Large Flavoured iced latte - Caramel - 3.25",13.85,CARD,5323364480729275
13/04/2025 10:13,London Greenwich,Elizabeth Perkins,Large Frappes - Strawberries & Cream - 3.25,3.25,CARD,6302097589216536
13/04/2025 10:15,London Greenwich,Sarah Palmer,Regular Frappes - Strawberries & Cream - 2.75,2.75,CARD,3418529742964491
13/04/2025 10:16,London Greenwich,Betty Zack,"Large Latte - 2.45, Large Frappes - Chocolate Cookie - 3.25, Large Latte - 2.45",8.15,CASH,
13/04/2025 10:17,London Greenwich,James Rice,Large Frappes - Strawberries & Cream - 3.25,3.25,CASH,
13/04/2025 10:19,London Greenwich,Robbin Donnelly,"Large Latte - 2.45, Regular Frappes - Chocolate Cookie - 2.75",5.2,CARD,4833883741698831
13/04/2025 10:20,London Greenwich,William Coleman,"Large Flavoured iced latte - Caramel - 3.25, Large Frappes - Strawberries & Cream - 3.25, Regular Latte - 2.15, Regular Frappes - Chocolate Cookie - 2.75",11.4,CARD,6440837954168306
13/04/2025 10:22,London Greenwich,James Buntrock,"Regular Frappes - Chocolate Cookie - 2.75, Large Frappes - Chocolate Cookie - 3.25, Large Flavoured iced latte - Caramel - 3.25, Regular Flavoured iced latte - Caramel - 2.75",12.0,CARD,1389401852136608
13/04/2025 10:23,London Greenwich,Michael Lin,"Large Flavoured iced latte - Caramel - 3.25, Large Frappes - Chocolate Cookie - 3.25",6.5,CARD,5560595344656395
13/04/2025 10:24,London Greenwich,Sylvia Caraway,"Regular Flavoured iced latte - Caramel - 2.75, Regular Frappes - Chocolate Cookie - 2.75, Regular Iced americano - 2.15, Regular Latte - 2.15, Large Flavoured iced latte - Caramel - 3.25, Regular Flavoured iced latte - Caramel - 2.75",15.8,CASH,
13/04/2025 10:26,London Greenwich,Cheryl Gagnon,Large Flavoured iced latte - Caramel - 3.25,3.25,CASH,
13/04/2025 10:27,London Greenwich,Margery Krall,Large Frappes - Chocolate Cookie - 3.25,3.25,CARD,2942812180643630
13/04/2025 10:29,London Greenwich,Douglas Gonzales,"Regular Latte - 2.15, Regular Iced americano - 2.15",4.3,CASH,
13/04/2025 10:30,London Greenwich,Roland Hale,Large Flavoured iced latte - Caramel - 3.25,3.25,CARD,5406550904121809
13/04/2025 10:31,London Greenwich,William Janke,Large Flavoured iced latte - Caramel - 3.25,3.25,CASH,
13/04/2025 10:33,London Greenwich,Deanna Perez,"Regular Frappes - Strawberries & Cream - 2.75, Regular Flavoured iced latte - Caramel - 2.75",5.5,CASH,
13/04/2025 10:34,London Greenwich,Carla Mathis,"Regular Flavoured iced latte - Caramel - 2.75, Regular Latte - 2.15, Regular Frappes - Chocolate Cookie - 2.75, Large Frappes - Chocolate Cookie - 3.25",10.9,CASH,
13/04/2025 10:35,London Greenwich,Joseph Smith,Regular Latte - 2.15,2.15,CARD,9202853698987364
13/04/2025 10:37,London Greenwich,Evelyn Schey,"Large Iced americano - 2.50, Large Iced americano - 2.50",5.0,CASH,
13/04/2025 10:38,London Greenwich,Catherine Martinez,"Regular Frappes - Strawberries & Cream - 2.75, Large Iced americano - 2.50, Large Frappes - Strawberries & Cream - 3.25, Large Frappes - Chocolate Cookie - 3.25",11.75,CARD,1918704176481584
13/04/2025 10:40,London Greenwich,Mary Strauser,Regular Iced americano - 2.15,2.15,CARD,5674762280527290
13/04/2025 10:41,London Greenwich,Ada Pollina,"Large Frappes - Chocolate Cookie - 3.25, Regular Frappes - Strawberries & Cream - 2.75",6.0,CARD,2340478547484192
13/04/2025 10:42,London Greenwich,Roger Green,Large Latte - 2.45,2.45,CASH,
13/04/2025 10:44,London Greenwich,Elsie Crider,Large Iced americano - 2.50,2.5,CARD,7175098702503384
13/04/2025 10:45,London Greenwich,Thomas Earp,"Large Flavoured iced latte - Caramel - 3.25, Regular Latte - 2.15",5.4,CARD,9815994225395279
13/04/2025 10:47,London Greenwich,Larry Cline,"Large Flavoured iced latte - Caramel - 3.25, Regular Flavoured iced latte - Caramel - 2.75",6.0,CARD,7446337763338932
13/04/2025 10:48,London Greenwich,Kristen Ginsberg,"Large Iced americano - 2.50, Large Frappes - Strawberries & Cream - 3.25, Regular Frappes - Chocolate Cookie - 2.75, Large Frappes - Strawberries & Cream - 3.25",11.75,CARD,9219842100218886
13/04/2025 10:49,London Greenwich,Walter Ramirez,"Regular Iced americano - 2.15, Large Frappes - Chocolate Cookie - 3.25, Regular Frappes - Chocolate Cookie - 2.75, Large Flavoured iced latte - Caramel - 3.25, Large Frappes - Strawberries & Cream - 3.25, Regular Frappes - Chocolate Cookie - 2.75",17.4,CARD,1529070635748728
13/04/2025 10:51,London Greenwich,Randy Andrews,"Large Flavoured iced latte - Caramel - 3.25, Large Frappes - Strawberries & Cream - 3.25",6.5,CASH,
13/04/2025 10:52,London Greenwich,Jean Venkus,Large Iced americano - 2.50,2.5,CARD,7328391736381693
13/04/2025 10:53,London Greenwich,Todd Eisenhauer,Large Frappes - Strawberries & Cream - 3.25,3.25,CASH,
13/04/2025 10:55,London Greenwich,Bernice Jorgensen,Regular Latte - 2.15,2.15,CARD,4405890316139032
13/04/2025 10:56,London Greenwich,Carmen Nelson,"Large Latte - 2.45, Large Flavoured iced latte - Caramel - 3.25, Regular Latte - 2.15, Large Frappes - Chocolate Cookie - 3.25",11.1,CARD,9425015954693657
13/04/2025 10:58,London Greenwich,Edna Taylor,"Regular Flavoured iced latte - Caramel - 2.75, Large Latte - 2.45",5.2,CARD,8958837885896635
13/04/2025 10:59,London Greenwich,James Norman,"Regular Latte - 2.15, Large Iced americano - 2.50, Large Latte - 2.45, Regular Flavoured iced latte - Caramel - 2.75, Large Flavoured iced latte - Caramel - 3.25",13.1,CARD,8226725473275737
13/04/2025 11:00,London Greenwich,Diane Swenson,Regular Latte - 2.15,2.15,CARD,9625652041625866
13/04/2025 11:02,London Greenwich,Leana Harrington,Large Frappes - Strawberries & Cream - 3.25,3.25,CASH,
13/04/2025 11:04,London Greenwich,Luis Welch,Large Frappes - Chocolate Cookie - 3.25,3.25,CARD,9090651845473606
13/04/2025 11:06,London Greenwich,Carmen Florido,"Large Iced americano - 2.50, Large Frappes - Chocolate Cookie - 3.25",5.75,CASH,
13/04/2025 11:08,London Greenwich,Anne Rice,"Large Iced americano - 2.50, Regular Frappes - Strawberries & Cream - 2.75",5.25,CARD,3268294871038477
13/04/2025 11:09,London Greenwich,Dale Ginder,"Regular Iced americano - 2.15, Regular Frappes - Strawberries & Cream - 2.75",4.9,CARD,9637687727719595
13/04/2025 11:11,London Greenwich,Verline Perryman,"Regular Frappes - Chocolate Cookie - 2.75, Large Latte - 2.45",5.2,CASH,
13/04/2025 11:13,London Greenwich,Jeffrey Ambriz,Large Frappes - Strawberries & Cream - 3.25,3.25,CARD,8844154443288279
13/04/2025 11:15,London Greenwich,Bonita Kirby,"Large Frappes - Chocolate Cookie - 3.25, Large Frappes - Chocolate Cookie - 3.25",6.5,CASH,
13/04/2025 11:17,London Greenwich,Karen Yee,Large Flavoured iced latte - Caramel - 3.25,3.25,CARD,1994296927820835
13/04/2025 11:19,London Greenwich,Jack Morris,"Regular Flavoured iced latte - Caramel - 2.75, Large Flavoured iced latte - Caramel - 3.25",6.0,CARD,8949626747201105
13/04/2025 11:20,London Greenwich,Juanita Lozano,"Regular Latte - 2.15, Large Latte - 2.45",4.6,CASH,
13/04/2025 11:22,London Greenwich,Michelle Neer,"Large Flavoured iced latte - Caramel - 3.25, Large Frappes - Strawberries & Cream - 3.25, Large Latte - 2.45",8.95,CARD,1770046807026921
13/04/2025 11:24,London Greenwich,Tana Huskin,"Regular Iced americano - 2.15, Regular Latte - 2.15",4.3,CARD,9578842190713789
13/04/2025 11:26,London Greenwich,Michael Worthley,"Large Frappes - Chocolate Cookie - 3.25, Large Flavoured iced latte - Caramel - 3.25, Regular Frappes - Strawberries & Cream - 2.75",9.25,CARD,5688489584237109
13/04/2025 11:28,London Greenwich,Kathleen Racette,Large Iced americano - 2.50,2.5,CARD,6093049140730631
13/04/2025 11:29,London Greenwich,Kelly Sanders,"Regular Latte - 2.15, Regular Flavoured iced latte - Caramel - 2.75, Regular Frappes - Chocolate Cookie - 2.75",7.65,CASH,
13/04/2025 11:31,London Greenwich,Sharon Galante,"Regular Flavoured iced latte - Caramel - 2.75, Regular Latte - 2.15, Large Flavoured iced latte - Caramel - 3.25",8.15,CASH,
13/04/2025 11:33,London Greenwich,William Kinroth,"Regular Frappes - Chocolate Cookie - 2.75, Regular Frappes - Chocolate Cookie - 2.75, Large Flavoured iced latte - Caramel - 3.25, Regular Flavoured iced latte - Caramel - 2.75",11.5,CARD,1977434262145933
13/04/2025 11:35,London Greenwich,Oscar Williams,Large Frappes - Strawberries & Cream - 3.25,3.25,CASH,
13/04/2025 11:37,London Greenwich,Maria Thomas,Large Latte - 2.45,2.45,CARD,9444186081277284
13/04/2025 11:39,London Greenwich,James Pack,"Large Frappes - Strawberries & Cream - 3.25, Large Latte - 2.45",5.7,CARD,1978759310943153
13/04/2025 11:40,London Greenwich,Linda Carvalho,"Regular Frappes - Strawberries & Cream - 2.75, Regular Flavoured iced latte - Caramel - 2.75, Regular Frappes - Strawberries & Cream - 2.75, Large Iced americano - 2.50",10.75,CASH,
13/04/2025 11:42,London Greenwich,Donald Petty,"Large Flavoured iced latte - Caramel - 3.25, Large Frappes - Strawberries & Cream - 3.25, Regular Frappes - Chocolate Cookie - 2.75",9.25,CARD,5274827253421447
13/04/2025 11:44,London Greenwich,Annette Cardona,"Regular Latte - 2.15, Large Latte - 2.45",4.6,CARD,8732215289080581
13/04/2025 11:46,London Greenwich,Robert Stamour,"Large Frappes - Chocolate Cookie - 3.25, Regular Latte - 2.15, Regular Frappes - Strawberries & Cream - 2.75, Large Iced americano - 2.50",10.65,CARD,8252957384365601
13/04/2025 11:48,London Greenwich,Rachel Slade,"Large Frappes - Chocolate Cookie - 3.25, Regular Iced americano - 2.15, Large Flavoured iced latte - Caramel - 3.25, Regular Frappes - Strawberries & Cream - 2.75, Large Flavoured iced latte - Caramel - 3.25",14.65,CASH,
13/04/2025 11:49,London Greenwich,Martin Jackson,"Regular Flavoured iced latte - Caramel - 2.75, Large Flavoured iced latte - Caramel - 3.25",6.0,CARD,2006016512784294
13/04/2025 11:51,London Greenwich,Roberta Ventura,"Large Flavoured iced latte - Caramel - 3.25, Large Flavoured iced latte - Caramel - 3.25, Regular Flavoured iced latte - Caramel - 2.75, Large Frappes - Strawberries & Cream - 3.25, Regular Flavoured iced latte - Caramel - 2.75",15.25,CARD,6506933139158849
13/04/2025 11:53,London Greenwich,James Martinez,"Large Flavoured iced latte - Caramel - 3.25, Regular Latte - 2.15",5.4,CARD,5112075062335426
13/04/2025 11:55,London Greenwich,Erma Guest,Large Latte - 2.45,2.45,CARD,1193188224780978
13/04/2025 11:57,London Greenwich,Adalberto Engemann,"Large Latte - 2.45, Regular Latte - 2.15, Large Frappes - Strawberries & Cream - 3.25, Regular Latte - 2.15",10.0,CARD,9502698134331793
13/04/2025 11:58,London Greenwich,Michael Dean,"Regular Frappes - Strawberries & Cream - 2.75, Regular Latte - 2.15, Regular Frappes - Strawberries & Cream - 2.75, Regular Frappes - Chocolate Cookie - 2.75",10.4,CARD,2633554379420190
13/04/2025 12:00,London Greenwich,Reba Haro,"Large Iced americano - 2.50, Large Latte - 2.45",4.95,CARD,2768814078784312
13/04/2025 12:03,London Greenwich,Jeffery Lopez,Regular Latte - 2.15,2.15,CARD,3713649549948925
13/04/2025 12:05,London Greenwich,Sammie Cabaniss,Regular Frappes - Chocolate Cookie - 2.75,2.75,CARD,2905941098851613
13/04/2025 12:07,London Greenwich,Valerie Smith,"Regular Frappes - Strawberries & Cream - 2.75, Large Flavoured iced latte - Caramel - 3.25, Regular Flavoured iced latte - Caramel - 2.75",8.75,CARD,4702081657214138
13/04/2025 12:09,London Greenwich,Larry Seys,"Large Latte - 2.45, Large Iced americano - 2.50",4.95,CARD,6944557911311815
13/04/2025 12:11,London Greenwich,Aaron Hesse,Large Frappes - Chocolate Cookie - 3.25,3.25,CARD,9486082131732751
13/04/2025 12:14,London Greenwich,Glenn Guerrero,"Regular Frappes - Chocolate Cookie - 2.75, Regular Latte - 2.15",4.9,CASH,
13/04/2025 12:16,London Greenwich,Debra Brown,Large Latte - 2.45,2.45,CARD,6107330020127328
13/04/2025 12:18,London Greenwich,Marcus Jennings,"Regular Frappes - Chocolate Cookie - 2.75, Large Latte - 2.45",5.2,CASH,
13/04/2025 12:20,London Greenwich,Lee Scholer,"Large Latte - 2.45, Regular Iced americano - 2.15, Regular Flavoured iced latte - Caramel - 2.75, Regular Frappes - Chocolate Cookie - 2.75",10.1,CASH,
13/04/2025 12:22,London Greenwich,Edward Thurmer,"Large Latte - 2.45, Regular Frappes - Strawberries & Cream - 2.75, Regular Flavoured iced latte - Caramel - 2.75",7.95,CARD,8186674685471890
13/04/2025 12:25,London Greenwich,Katherine Ranson,"Large Flavoured iced latte - Caramel - 3.25, Regular Frappes - Chocolate Cookie - 2.75",6.0,CARD,8391493797649135
13/04/2025 12:27,London Greenwich,Joshua Lewis,"Large Frappes - Strawberries & Cream - 3.25, Regular Latte - 2.15, Regular Flavoured iced latte - Caramel - 2.75, Large Flavoured iced latte - Caramel - 3.25",11.4,CARD,4269974670923395
13/04/2025 12:29,London Greenwich,Veronica Crossland,"Large Frappes - Chocolate Cookie - 3.25, Large Flavoured iced latte - Caramel - 3.25",6.5,CASH,
13/04/2025 12:31,London Greenwich,Linda Simoneau,"Large Latte - 2.45, Large Flavoured iced latte - Caramel - 3.25, Large Flavoured iced latte - Caramel - 3.25",8.95,CARD,9193539044136100
13/04/2025 12:34,London Greenwich,Matthew Griffith,"Large Flavoured iced latte - Caramel - 3.25, Large Frappes - Chocolate Cookie - 3.25",6.5,CASH,
13/04/2025 12:36,London Greenwich,Paul Walraven,Regular Frappes - Strawberries & Cream - 2.75,2.75,CARD,6697693607107882
13/04/2025 12:38,London Greenwich,Richard Pearson,"Large Frappes - Strawberries & Cream - 3.25, Regular Latte - 2.15, Large Latte - 2.45",7.85,CASH,
13/04/2025 12:40,London Greenwich,Annette Miles,"Large Latte - 2.45, Regular Latte - 2.15, Large Frappes - Chocolate Cookie - 3.25",7.85,CARD,6209456766788091
13/04/2025 12:42,London Greenwich,Cristina King,Regular Iced americano - 2.15,2.15,CASH,
13/04/2025 12:45,London Greenwich,Luisa Taylor,"Regular Frappes - Strawberries & Cream - 2.75, Large Frappes - Chocolate Cookie - 3.25, Large Flavoured iced latte - Caramel - 3.25, Large Frappes - Chocolate Cookie - 3.25, Regular Latte - 2.15",14.65,CARD,7102062669951792
13/04/2025 12:47,London Greenwich,Dianne Dangelo,Regular Iced americano - 2.15,2.15,CARD,7779074195960942
13/04/2025 12:49,London Greenwich,Caroline Haney,"Large Frappes - Strawberries & Cream - 3.25, Regular Frappes - Chocolate Cookie - 2.75, Large Latte - 2.45, Regular Latte - 2.15, Large Flavoured iced latte - Caramel - 3.25",13.85,CARD,8659186639426016
13/04/2025 12:51,London Greenwich,Francisco Mercer,"Large Flavoured iced latte - Caramel - 3.25, Regular Frappes - Chocolate Cookie - 2.75, Regular Latte - 2.15, Large Frappes - Strawberries & Cream - 3.25",11.4,CASH,
13/04/2025 12:54,London Greenwich,Lacey Triplett,"Regular Latte - 2.15, Regular Flavoured iced latte - Caramel - 2.75, Regular Flavoured iced latte - Caramel - 2.75, Large Flavoured iced latte - Caramel - 3.25",10.9,CASH,
13/04/2025 12:56,London Greenwich,Robert Snowden,"Regular Iced americano - 2.15, Large Frappes - Strawberries & Cream - 3.25, Regular Flavoured iced latte - Caramel - 2.75",8.15,CASH,
13/04/2025 12:58,London Greenwich,Kara Nelsen,Large Iced americano - 2.50,2.5,CASH,
13/04/2025 13:00,London Greenwich,Geneva Mills,"Regular Latte - 2.15, Regular Frappes - Strawberries & Cream - 2.75, Regular Flavoured iced latte - Caramel - 2.75",7.65,CASH,
13/04/2025 13:01,London Greenwich,Rachel Lipsey,Large Frappes - Strawberries & Cream - 3.25,3.25,CARD,8694694226164235
13/04/2025 13:02,London Greenwich,John Anthony,Regular Frappes - Strawberries & Cream - 2.75,2.75,CASH,
13/04/2025 13:03,London Greenwich,Richard Rettig,"Large Frappes - Strawberries & Cream - 3.25, Regular Frappes - Strawberries & Cream - 2.75, Regular Frappes - Strawberries & Cream - 2.75",8.75,CASH,
13/04/2025 13:04,London Greenwich,David Harkrader,Large Frappes - Strawberries & Cream - 3.25,3.25,CARD,9931765304575508
13/04/2025 13:05,London Greenwich,Cortney Francisco,Large Latte - 2.45,2.45,CASH,
13/04/2025 13:06,London Greenwich,Albert Schoderbek,"Regular Flavoured iced latte - Caramel - 2.75, Large Frappes - Strawberries & Cream - 3.25, Regular Iced americano - 2.15",8.15,CARD,1287474500560698
13/04/2025 13:07,London Greenwich,Lynda Parsons,"Large Latte - 2.45, Regular Frappes - Strawberries & Cream - 2.75",5.2,CARD,5460696234712829
13/04/2025 13:08,London Greenwich,Kevin Bibb,Large Iced americano - 2.50,2.5,CASH,
13/04/2025 13:09,London Greenwich,Lucy Stephenson,"Regular Frappes - Chocolate Cookie - 2.75, Regular Iced americano - 2.15, Large Flavoured iced latte - Caramel - 3.25, Regular Frappes - Chocolate Cookie - 2.75",10.9,CASH,
13/04/2025 13:10,London Greenwich,Melissa Picton,"Large Latte - 2.45, Large Frappes - Strawberries & Cream - 3.25, Regular Frappes - Strawberries & Cream - 2.75, Regular Frappes - Chocolate Cookie - 2.75, Regular Flavoured iced latte - Caramel - 2.75",13.95,CARD,1605289227739197
13/04/2025 13:11,London Greenwich,Julian Craiger,"Large Frappes - Strawberries & Cream - 3.25, Regular Iced americano - 2.15",5.4,CARD,1532936767158266
13/04/2025 13:12,London Greenwich,Patricia Bostic,"Regular Latte - 2.15, Large Flavoured iced latte - Caramel - 3.25, Large Flavoured iced latte - Caramel - 3.25",8.65,CARD,1926087546975048
13/04/2025 13:13,London Greenwich,Martha Paille,"Large Frappes - Strawberries & Cream - 3.25, Large Frappes - Chocolate Cookie - 3.25",6.5,CARD,6767313171347320
13/04/2025 13:13,London Greenwich,Rochel Wobbleton,"Large Latte - 2.45, Regular Frappes - Chocolate Cookie - 2.75, Large Frappes - Strawberries & Cream - 3.25, Regular Flavoured iced latte - Caramel - 2.75",11.2,CARD,5983570241664021
13/04/2025 13:14,London Greenwich,Thomas Davis,"Large Flavoured iced latte - Caramel - 3.25, Large Iced americano - 2.50, Large Latte - 2.45, Large Frappes - Strawberries & Cream - 3.25",11.45,CARD,8914295522724415
13/04/2025 13:15,London Greenwich,Charlotte Adams,Regular Latte - 2.15,2.15,CARD,8608238897503327
13/04/2025 13:16,London Greenwich,Katherine Vo,Regular Frappes - Chocolate Cookie - 2.75,2.75,CASH,
13/04/2025 13:17,London Greenwich,Patricia Henderson,"Regular Flavoured iced latte - Caramel - 2.75, Regular Iced americano - 2.15",4.9,CARD,1124852065453302
13/04/2025 13:18,London Greenwich,Louise Edwards,"Regular Iced americano - 2.15, Large Flavoured iced latte - Caramel - 3.25, Large Flavoured iced latte - Caramel - 3.25, Regular Latte - 2.15",10.8,CARD,2203965913638545
13/04/2025 13:19,London Greenwich,Noemi Garfield,"Regular Iced americano - 2.15, Regular Latte - 2.15, Regular Latte - 2.15",6.45,CASH,
13/04/2025 13:20,London Greenwich,Edward Peterson,"Regular Latte - 2.15, Large Iced americano - 2.50, Regular Frappes - Strawberries & Cream - 2.75",7.4,CARD,8438482763009702
13/04/2025 13:21,London Greenwich,Alda Casteel,Regular Latte - 2.15,2.15,CARD,2513340347946283
13/04/2025 13:22,London Greenwich,Cori Thomason,"Regular Frappes - Chocolate Cookie - 2.75, Regular Frappes - Chocolate Cookie - 2.75",5.5,CARD,9110178248019282
13/04/2025 13:23,London Greenwich,Laura Brock,"Large Latte - 2.45, Regular Flavoured iced latte - Caramel - 2.75, Large Frappes - Chocolate Cookie - 3.25, Large Flavoured iced latte - Caramel - 3.25, Regular Flavoured iced latte - Caramel - 2.75",14.45,CARD,7768847248951840
13/04/2025 13:24,London Greenwich,Phyllis Dunagan,"Large Latte - 2.45, Regular Iced americano - 2.15, Regular Frappes - Chocolate Cookie - 2.75",7.35,CASH,
13/04/2025 13:25,London Greenwich,Jonathan Gomes,Regular Frappes - Strawberries & Cream - 2.75,2.75,CARD,2632573860646190
13/04/2025 13:26,London Greenwich,Neil Plienis,"Large Frappes - Chocolate Cookie - 3.25, Regular Frappes - Strawberries & Cream - 2.75, Regular Flavoured iced latte - Caramel - 2.75, Large Frappes - Chocolate Cookie - 3.25",12.0,CARD,9689848330959311
13/04/2025 13:27,London Greenwich,Gerald Gordon,"Large Flavoured iced latte - Caramel - 3.25, Regular Flavoured iced latte - Caramel - 2.75, Regular Flavoured iced latte - Caramel - 2.75, Regular Latte - 2.15",10.9,CARD,2608777935269659
13/04/2025 13:28,London Greenwich,Shawn Howse,"Large Frappes - Strawberries & Cream - 3.25, Regular Latte - 2.15",5.4,CASH,
13/04/2025 13:29,London Greenwich,Joseph Langhorne,"Regular Latte - 2.15, Regular Latte - 2.15, Regular Iced americano - 2.15, Large Frappes - Strawberries & Cream - 3.25, Regular Iced americano - 2.15",11.85,CARD,6800208637951822
13/04/2025 13:30,London Greenwich,Julie Ayala,"Regular Frappes - Chocolate Cookie - 2.75, Large Flavoured iced latte - Caramel - 3.25",6.0,CARD,7763035365726249
13/04/2025 13:31,London Greenwich,James Jessie,Large Flavoured iced latte - Caramel - 3.25,3.25,CARD,2973261559492297
13/04/2025 13:32,London Greenwich,Robin Collins,Regular Latte - 2.15,2.15,CARD,1549528966280114
13/04/2025 13:32,London Greenwich,Harry Leite,"Regular Frappes - Strawberries & Cream - 2.75, Large Iced americano - 2.50, Regular Latte - 2.15",7.4,CASH,
13/04/2025 13:33,London Greenwich,James Harmon,"Regular Iced americano - 2.15, Regular Iced americano - 2.15, Large Flavoured iced latte - Caramel - 3.25, Regular Flavoured iced latte - Caramel - 2.75, Regular Flavoured iced latte - Caramel - 2.75",13.05,CASH,
13/04/2025 13:34,London Greenwich,Sam Holt,"Regular Latte - 2.15, Regular Flavoured iced latte - Caramel - 2.75, Large Iced americano - 2.50, Large Frappes - Chocolate Cookie - 3.25, Regular Frappes - Strawberries & Cream - 2.75",13.4,CARD,4868914613752506
13/04/2025 13:35,London Greenwich,Rose Gibson,"Regular Latte - 2.15, Regular Frappes - Chocolate Cookie - 2.75, Regular Latte - 2.15",7.05,CARD,4951170663843051
13/04/2025 13:36,London Greenwich,Janet Peterson,"Regular Latte - 2.15, Large Iced americano - 2.50, Large Frappes - Strawberries & Cream - 3.25, Large Frappes - Strawberries & Cream - 3.25, Large Frappes - Strawberries & Cream - 3.25",14.4,CARD,6006893563883986
13/04/2025 13:37,London Greenwich,Dan Jones,"Large Frappes - Chocolate Cookie - 3.25, Large Latte - 2.45, Regular Frappes - Strawberries & Cream - 2.75, Large Latte - 2.45, Regular Frappes - Chocolate Cookie - 2.75",13.65,CARD,9262071184235818
13/04/2025 13:38,London Greenwich,Timothy Brown,"Regular Iced americano - 2.15, Large Frappes - Chocolate Cookie - 3.25, Large Frappes - Chocolate Cookie - 3.25, Large Flavoured iced latte - Caramel - 3.25, Regular Flavoured iced latte - Caramel - 2.75, Large Flavoured iced latte - Caramel - 3.25",17.9,CARD,2034883119331561
13/04/2025 13:39,London Greenwich,Kelly Patterson,Large Frappes - Strawberries & Cream - 3.25,3.25,CARD,3347587180842553
13/04/2025 13:40,London Greenwich,Maria Green,"Large Frappes - Strawberries & Cream - 3.25, Large Flavoured iced latte - Caramel - 3.25, Large Latte - 2.45, Large Iced americano - 2.50, Large Frappes - Strawberries & Cream - 3.25",14.7,CARD,6967652369204082
13/04/2025 13:41,London Greenwich,Toni Griswold,"Large Frappes - Strawberries & Cream - 3.25, Large Frappes - Chocolate Cookie - 3.25, Regular Frappes - Chocolate Cookie - 2.75",9.25,CARD,4382336829929463
13/04/2025 13:42,London Greenwich,Timothy Kronenberg,Regular Iced americano - 2.15,2.15,CASH,
13/04/2025 13:43,London Greenwich,Maria Daniel,"Regular Flavoured iced latte - Caramel - 2.75, Regular Frappes - Chocolate Cookie - 2.75, Large Latte - 2.45, Large Iced americano - 2.50",10.45,CARD,3345185167458056
13/04/2025 13:44,London Greenwich,Michael Martin,"Regular Frappes - Strawberries & Cream - 2.75, Regular Flavoured iced latte - Caramel - 2.75, Regular Flavoured iced latte - Caramel - 2.75",8.25,CARD,3553084399942163
13/04/2025 13:45,London Greenwich,Jesse Rascoe,"Large Flavoured iced latte - Caramel - 3.25, Regular Frappes - Strawberries & Cream - 2.75, Regular Latte - 2.15",8.15,CASH,
13/04/2025 13:46,London Greenwich,Tanya Honeycutt,"Regular Flavoured iced latte - Caramel - 2.75, Regular Flavoured iced latte - Caramel - 2.75",5.5,CASH,
13/04/2025 13:47,London Greenwich,Dale Cook,Regular Flavoured iced latte - Caramel - 2.75,2.75,CASH,
13/04/2025 13:48,London Greenwich,Dean Hawkins,"Large Frappes - Strawberries & Cream - 3.25, Regular Frappes - Strawberries & Cream - 2.75, Large Iced americano - 2.50, Regular Iced americano - 2.15",10.65,CARD,2342410076788797
13/04/2025 13:49,London Greenwich,Patricia Malick,"Regular Latte - 2.15, Regular Flavoured iced latte - Caramel - 2.75, Large Latte - 2.45",7.35,CARD,6552133125498927
13/04/2025 13:50,London Greenwich,Audrey Percival,"Large Frappes - Chocolate Cookie - 3.25, Regular Frappes - Chocolate Cookie - 2.75, Regular Latte - 2.15",8.15,CARD,9003846367411698
13/04/2025 13:51,London Greenwich,Susan Schumacher,"Large Flavoured iced latte - Caramel - 3.25, Large Latte - 2.45, Large Iced americano - 2.50",8.2,CARD,2191908813899861
13/04/2025 13:51,London Greenwich,Scott Rickon,Regular Iced americano - 2.15,2.15,CASH,
13/04/2025 13:52,London Greenwich,Judy Smith,"Regular Latte - 2.15, Regular Frappes - Chocolate Cookie - 2.75, Regular Frappes - Chocolate Cookie - 2.75, Regular Flavoured iced latte - Caramel - 2.75, Regular Frappes - Chocolate Cookie - 2.75",13.15,CARD,5663165733185646
13/04/2025 13:53,London Greenwich,Carolyn Gries,Regular Latte - 2.15,2.15,CARD,8498332346620749
13/04/2025 13:54,London Greenwich,James Hanks,"Regular Latte - 2.15, Large Frappes - Strawberries & Cream - 3.25, Regular Flavoured iced latte - Caramel - 2.75, Large Frappes - Strawberries & Cream - 3.25",11.4,CASH,
13/04/2025 13:55,London Greenwich,Jenifer Trevino,"Regular Flavoured iced latte - Caramel - 2.75, Large Flavoured iced latte - Caramel - 3.25",6.0,CARD,4612890198008283
13/04/2025 13:56,London Greenwich,James Wilson,"Large Latte - 2.45, Regular Iced americano - 2.15, Regular Flavoured iced latte - Caramel - 2.75, Regular Flavoured iced latte - Caramel - 2.75",10.1,CARD,4244809882516267
13/04/2025 13:57,London Greenwich,Gloria Franklin,"Regular Flavoured iced latte - Caramel - 2.75, Regular Iced americano - 2.15, Regular Frappes - Strawberries & Cream - 2.75",7.65,CASH,
13/04/2025 13:58,London Greenwich,Kayla Boykin,"Regular Frappes - Chocolate Cookie - 2.75, Regular Frappes - Strawberries & Cream - 2.75",5.5,CARD,1551272024483487
13/04/2025 13:59,London Greenwich,Janice Estrella,"Large Frappes - Chocolate Cookie - 3.25, Large Flavoured iced latte - Caramel - 3.25, Regular Frappes - Chocolate Cookie - 2.75",9.25,CARD,7111461845150037
13/04/2025 14:00,London Greenwich,Daniel Oneal,"Large Frappes - Chocolate Cookie - 3.25, Large Iced americano - 2.50, Large Flavoured iced latte - Caramel - 3.25",9.0,CASH,
13/04/2025 14:01,London Greenwich,Rachel Parker,"Regular Latte - 2.15, Regular Frappes - Strawberries & Cream - 2.75",4.9,CARD,1127499599441716
13/04/2025 14:02,London Greenwich,Karla Queen,"Regular Flavoured iced latte - Caramel - 2.75, Large Iced americano - 2.50",5.25,CARD,3898293681413721
13/04/2025 14:03,London Greenwich,Margaret Hinkle,Regular Frappes - Strawberries & Cream - 2.75,2.75,CASH,
13/04/2025 14:04,London Greenwich,Joseph Asbill,"Regular Latte - 2.15, Large Latte - 2.45, Regular Flavoured iced latte - Caramel - 2.75",7.35,CARD,5308380759941454
13/04/2025 14:05,London Greenwich,Earl Precourt,"Large Iced americano - 2.50, Regular Latte - 2.15, Large Frappes - Chocolate Cookie - 3.25, Regular Iced americano - 2.15, Regular Iced americano - 2.15, Regular Iced americano - 2.15",14.35,CARD,1836550787682271
13/04/2025 14:06,London Greenwich,Ralph Miller,"Regular Iced americano - 2.15, Regular Flavoured iced latte - Caramel - 2.75, Large Iced americano - 2.50, Regular Frappes - Chocolate Cookie - 2.75, Large Latte - 2.45",12.6,CARD,1960765272802118
13/04/2025 14:07,London Greenwich,Charles Cribb,"Regular Flavoured iced latte - Caramel - 2.75, Large Frappes - Chocolate Cookie - 3.25, Large Frappes - Chocolate Cookie - 3.25, Large Frappes - Strawberries & Cream - 3.25",12.5,CARD,2279813408807221
13/04/2025 14:08,London Greenwich,Marguerite Munoz,"Regular Latte - 2.15, Large Frappes - Strawberries & Cream - 3.25",5.4,CARD,5212461784214113
13/04/2025 14:09,London Greenwich,Jennifer Ray,"Large Flavoured iced latte - Caramel - 3.25, Large Latte - 2.45",5.7,CARD,6938887043105689
13/04/2025 14:10,London Greenwich,Cynthia Connor,"Regular Frappes - Strawberries & Cream - 2.75, Regular Latte - 2.15",4.9,CARD,3301138323444384
13/04/2025 14:10,London Greenwich,Maria Rivera,"Regular Frappes - Strawberries & Cream - 2.75, Regular Iced americano - 2.15, Regular Latte - 2.15, Large Frappes - Chocolate Cookie - 3.25, Large Frappes - Chocolate Cookie - 3.25",13.55,CARD,9780984141437247
13/04/2025 14:11,London Greenwich,Daniel Cook,"Regular Frappes - Chocolate Cookie - 2.75, Regular Flavoured iced latte - Caramel - 2.75",5.5,CASH,
13/04/2025 14:12,London Greenwich,Elmer Baxter,"Large Flavoured iced latte - Caramel - 3.25, Large Iced americano - 2.50, Regular Latte - 2.15, Regular Latte - 2.15",10.05,CARD,7998310840932476
13/04/2025 14:13,London Greenwich,James Roberts,Large Flavoured iced latte - Caramel - 3.25,3.25,CARD,4731092399722816
13/04/2025 14:14,London Greenwich,Susan Fernando,"Large Flavoured iced latte - Caramel - 3.25, Regular Frappes - Chocolate Cookie - 2.75",6.0,CARD,2480705656190653
13/04/2025 14:15,London Greenwich,Bobbie Michels,"Large Latte - 2.45, Regular Iced americano - 2.15, Regular Latte - 2.15",6.75,CASH,
13/04/2025 14:16,London Greenwich,Gregory Thompson,"Large Frappes - Strawberries & Cream - 3.25, Regular Flavoured iced latte - Caramel - 2.75, Large Flavoured iced latte - Caramel - 3.25",9.25,CARD,5723101491932824
13/04/2025 14:17,London Greenwich,Grace Pollock,"Large Iced americano - 2.50, Large Latte - 2.45",4.95,CARD,9632226078552103
13/04/2025 14:18,London Greenwich,Bethany Miller,Large Flavoured iced latte - Caramel - 3.25,3.25,CARD,5560295460855929
13/04/2025 14:19,London Greenwich,Eddie Lopez,"Large Frappes - Chocolate Cookie - 3.25, Large Latte - 2.45",5.7,CASH,
13/04/2025 14:20,London Greenwich,Randall Cousin,"Regular Frappes - Strawberries & Cream - 2.75, Large Frappes - Strawberries & Cream - 3.25",6.0,CARD,9453608175046966
13/04/2025 14:21,London Greenwich,John Muller,"Large Iced americano - 2.50, Large Flavoured iced latte - Caramel - 3.25, Large Frappes - Chocolate Cookie - 3.25, Regular Flavoured iced latte - Caramel - 2.75, Regular Frappes - Strawberries & Cream - 2.75",14.5,CARD,5061164622374751
13/04/2025 14:22,London Greenwich,Santiago Faulkner,"Regular Latte - 2.15, Large Frappes - Chocolate Cookie - 3.25, Regular Flavoured iced latte - Caramel - 2.75, Regular Flavoured iced latte - Caramel - 2.75, Regular Latte - 2.15",13.05,CARD,9700755583331796
13/04/2025 14:23,London Greenwich,Beverly Wilson,"Regular Iced americano - 2.15, Large Flavoured iced latte - Caramel - 3.25, Large Frappes - Chocolate Cookie - 3.25",8.65,CASH,
13/04/2025 14:24,London Greenwich,Joan Vega,"Large Frappes - Strawberries & Cream - 3.25, Large Iced americano - 2.50, Regular Frappes - Strawberries & Cream - 2.75",8.5,CASH,
13/04/2025 14:25,London Greenwich,Willie Dupre,Regular Frappes - Strawberries & Cream - 2.75,2.75,CARD,1115991111130700
13/04/2025 14:26,London Greenwich,Steven Gutierrez,"Large Flavoured iced latte - Caramel - 3.25, Large Frappes - Chocolate Cookie - 3.25, Large Frappes - Strawberries & Cream - 3.25, Regular Iced americano - 2.15, Large Latte - 2.45, Regular Flavoured iced latte - Caramel - 2.75",17.1,CARD,1541744331998086
13/04/2025 14:27,London Greenwich,Manuel Shamblin,Large Latte - 2.45,2.45,CARD,8899908323960924
13/04/2025 14:28,London Greenwich,Robert Dancy,"Large Latte - 2.45, Regular Flavoured iced latte - Caramel - 2.75",5.2,CASH,
13/04/2025 14:29,London Greenwich,Alice Chu,"Regular Latte - 2.15, Regular Frappes - Strawberries & Cream - 2.75",4.9,CARD,7476424089341045
13/04/2025 14:29,London Greenwich,Bradley Faucher,Regular Frappes - Chocolate Cookie - 2.75,2.75,CARD,1206126923949675
13/04/2025 14:30,London Greenwich,Eleanor Plaza,"Regular Flavoured iced latte - Caramel - 2.75, Large Flavoured iced latte - Caramel - 3.25",6.0,CARD,3903501993678589
13/04/2025 14:31,London Greenwich,Mary Wilson,"Large Frappes - Strawberries & Cream - 3.25, Large Frappes - Chocolate Cookie - 3.25, Large Frappes - Strawberries & Cream - 3.25",9.75,CARD,5693728129078814
13/04/2025 14:32,London Greenwich,Mallory Tatum,"Large Frappes - Chocolate Cookie - 3.25, Large Frappes - Strawberries & Cream - 3.25",6.5,CARD,4708971723106497
13/04/2025 14:33,London Greenwich,Monica Weibe,"Large Latte - 2.45, Regular Latte - 2.15, Regular Frappes - Strawberries & Cream - 2.75",7.35,CARD,4964720286345223
13/04/2025 14:34,London Greenwich,Marla Lopez,"Large Frappes - Chocolate Cookie - 3.25, Large Frappes - Strawberries & Cream - 3.25, Regular Frappes - Strawberries & Cream - 2.75, Large Frappes - Strawberries & Cream - 3.25, Large Frappes - Chocolate Cookie - 3.25",15.75,CARD,2196037428693154
13/04/2025 14:35,London Greenwich,Rocco Newman,Regular Latte - 2.15,2.15,CARD,6808262425058087
13/04/2025 14:36,London Greenwich,Justin Aust,"Large Flavoured iced latte - Caramel - 3.25, Regular Iced americano - 2.15, Regular Frappes - Strawberries & Cream - 2.75",8.15,CARD,8164884951498435
13/04/2025 14:37,London Greenwich,Hassan Jarvis,"Regular Iced americano - 2.15, Large Iced americano - 2.50",4.65,CARD,2476267679031159
13/04/2025 14:38,London Greenwich,Suzanne Bush,Regular Iced americano - 2.15,2.15,CARD,5759819652397665
13/04/2025 14:39,London Greenwich,Oscar Graham,"Regular Latte - 2.15, Large Frappes - Strawberries & Cream - 3.25, Large Flavoured iced latte - Caramel - 3.25, Regular Flavoured iced latte - Caramel - 2.75",11.4,CARD,9739770898182391
13/04/2025 14:40,London Greenwich,Brittany Carter,"Regular Flavoured iced latte - Caramel - 2.75, Large Latte - 2.45, Regular Latte - 2.15",7.35,CASH,
13/04/2025 14:41,London Greenwich,Norma Herd,"Large Frappes - Strawberries & Cream - 3.25, Regular Flavoured iced latte - Caramel - 2.75, Regular Latte - 2.15, Regular Iced americano - 2.15",10.3,CARD,8280743291782196
13/04/2025 14:42,London Greenwich,Julius James,"Large Iced americano - 2.50, Regular Iced americano - 2.15, Regular Iced americano - 2.15",6.8,CARD,7248504504106459
13/04/2025 14:43,London Greenwich,Dorothy Thompson,"Regular Frappes - Strawberries & Cream - 2.75, Large Flavoured iced latte - Caramel - 3.25, Large Latte - 2.45",8.45,CASH,
13/04/2025 14:44,London Greenwich,Jane Shaner,Regular Latte - 2.15,2.15,CASH,
13/04/2025 14:45,London Greenwich,Susana Graham,"Regular Latte - 2.15, Regular Iced americano - 2.15",4.3,CARD,3515231768049228
13/04/2025 14:46,London Greenwich,Patty Johnson,"Regular Frappes - Strawberries & Cream - 2.75, Regular Flavoured iced latte - Caramel - 2.75, Regular Flavoured iced latte - Caramel - 2.75",8.25,CARD,6596031809727860
13/04/2025 14:47,London Greenwich,Phyllis Conover,"Regular Flavoured iced latte - Caramel - 2.75, Regular Latte - 2.15, Regular Iced americano - 2.15, Large Flavoured iced latte - Caramel - 3.25, Regular Iced americano - 2.15, Regular Frappes - Strawberries & Cream - 2.75",15.2,CASH,
13/04/2025 14:48,London Greenwich,Patrick Ferretti,Large Latte - 2.45,2.45,CARD,8906771407174154
13/04/2025 14:48,London Greenwich,Willie Jackson,"Large Iced americano - 2.50, Large Frappes - Chocolate Cookie - 3.25, Large Latte - 2.45",8.2,CARD,2651029264063561
13/04/2025 14:49,London Greenwich,Bruce Bennett,"Large Latte - 2.45, Large Frappes - Chocolate Cookie - 3.25, Regular Flavoured iced latte - Caramel - 2.75, Regular Frappes - Strawberries & Cream - 2.75, Large Iced americano - 2.50",13.7,CARD,2600844404223945
13/04/2025 14:50,London Greenwich,Brian Potts,"Regular Iced americano - 2.15, Large Latte - 2.45",4.6,CASH,
13/04/2025 14:51,London Greenwich,Alexander Howard,"Regular Frappes - Chocolate Cookie - 2.75, Regular Frappes - Strawberries & Cream - 2.75, Large Iced americano - 2.50, Regular Flavoured iced latte - Caramel - 2.75, Large Frappes - Strawberries & Cream - 3.25, Large Flavoured iced latte - Caramel - 3.25",17.25,CARD,8108624914535833
13/04/2025 14:52,London Greenwich,Jeremy Reimer,"Large Latte - 2.45, Regular Frappes - Chocolate Cookie - 2.75, Regular Latte - 2.15, Large Frappes - Strawberries & Cream - 3.25, Large Latte - 2.45",13.05,CARD,9394480252035161
13/04/2025 14:53,London Greenwich,Victor Au,"Large Flavoured iced latte - Caramel - 3.25, Regular Flavoured iced latte - Caramel - 2.75, Regular Iced americano - 2.15, Large Iced americano - 2.50",10.65,CARD,9300306923607742
13/04/2025 14:54,London Greenwich,April Hurtubise,Regular Frappes - Strawberries & Cream - 2.75,2.75,CARD,8695130856848204
13/04/2025 14:55,London Greenwich,James Abdullah,"Regular Frappes - Strawberries & Cream - 2.75, Large Frappes - Strawberries & Cream - 3.25, Regular Latte - 2.15, Regular Latte - 2.15, Large Iced americano - 2.50",12.8,CARD,8028245362677724
13/04/2025 14:56,London Greenwich,Deborah Weis,"Large Frappes - Strawberries & Cream - 3.25, Large Iced americano - 2.50, Regular Latte - 2.15, Large Latte - 2.45",10.35,CARD,7816303307547323
13/04/2025 14:57,London Greenwich,Jonathon Vildosola,"Large Flavoured iced latte - Caramel - 3.25, Large Iced americano - 2.50, Regular Frappes - Strawberries & Cream - 2.75, Regular Frappes - Strawberries & Cream - 2.75, Regular Iced americano - 2.15",13.4,CARD,6177234771080929
13/04/2025 14:58,London Greenwich,Matt Hampton,Regular Latte - 2.15,2.15,CARD,8466598966162009
13/04/2025 14:59,London Greenwich,Gloria Purdom,"Regular Frappes - Chocolate Cookie - 2.75, Regular Iced americano - 2.15, Large Latte - 2.45, Large Frappes - Strawberries & Cream - 3.25, Large Flavoured iced latte - Caramel - 3.25",13.85,CARD,5548139745502852
13/04/2025 15:00,London Greenwich,Joan Williams,"Large Iced americano - 2.50, Large Frappes - Chocolate Cookie - 3.25, Regular Frappes - Chocolate Cookie - 2.75, Regular Frappes - Strawberries & Cream - 2.75, Regular Latte - 2.15",13.4,CARD,3739228027046044
13/04/2025 15:01,London Greenwich,Earl Loveland,"Large Latte - 2.45, Regular Flavoured iced latte - Caramel - 2.75, Large Flavoured iced latte - Caramel - 3.25, Large Frappes - Chocolate Cookie - 3.25",11.7,CARD,2216471480974861
13/04/2025 15:03,London Greenwich,Christopher Drewett,Large Latte - 2.45,2.45,CARD,9318318271853116
13/04/2025 15:04,London Greenwich,Irene Craven,"Regular Frappes - Strawberries & Cream - 2.75, Large Frappes - Strawberries & Cream - 3.25, Regular Flavoured iced latte - Caramel - 2.75",8.75,CARD,9442133393698541
13/04/2025 15:05,London Greenwich,Kathleen Hill,"Regular Frappes - Chocolate Cookie - 2.75, Large Frappes - Strawberries & Cream - 3.25, Regular Iced americano - 2.15",8.15,CASH,
13/04/2025 15:07,London Greenwich,Rae Blackmon,Regular Frappes - Strawberries & Cream - 2.75,2.75,CARD,1030344029097560
13/04/2025 15:08,London Greenwich,Emory Love,"Regular Iced americano - 2.15, Large Latte - 2.45, Large Frappes - Strawberries & Cream - 3.25, Large Flavoured iced latte - Caramel - 3.25, Large Latte - 2.45",13.55,CARD,3930448985146255
13/04/2025 15:10,London Greenwich,Brigida Hagan,"Large Latte - 2.45, Large Flavoured iced latte - Caramel - 3.25",5.7,CARD,9230630086141638
13/04/2025 15:11,London Greenwich,Santiago Kinard,"Large Frappes - Strawberries & Cream - 3.25, Large Frappes - Strawberries & Cream - 3.25",6.5,CARD,5104227490121431
13/04/2025 15:12,London Greenwich,Carolyn Schneider,Large Frappes - Strawberries & Cream - 3.25,3.25,CARD,3285907500009680
13/04/2025 15:14,London Greenwich,Patrick Keen,"Large Latte - 2.45, Large Frappes - Strawberries & Cream - 3.25, Large Latte - 2.45",8.15,CARD,4768923615637271
13/04/2025 15:15,London Greenwich,Eleanor Coleman,"Large Frappes - Chocolate Cookie - 3.25, Regular Iced americano - 2.15, Regular Latte - 2.15",7.55,CARD,7545575230929433
13/04/2025 15:16,London Greenwich,Marlene Jernigan,"Large Latte - 2.45, Large Latte - 2.45, Large Latte - 2.45",7.35,CARD,5582349481203553
13/04/2025 15:18,London Greenwich,Marion Lowery,"Large Flavoured iced latte - Caramel - 3.25, Large Flavoured iced latte - Caramel - 3.25, Regular Flavoured iced latte - Caramel - 2.75, Large Flavoured iced latte - Caramel - 3.25, Large Frappes - Chocolate Cookie - 3.25",15.75,CASH,
13/04/2025 15:19,London Greenwich,Roy Grise,Large Frappes - Strawberries & Cream - 3.25,3.25,CARD,4324010174233594
13/04/2025 15:21,London Greenwich,Charlie Spruill,"Regular Flavoured iced latte - Caramel - 2.75, Regular Frappes - Chocolate Cookie - 2.75, Regular Iced americano - 2.15",7.65,CASH,
13/04/2025 15:22,London Greenwich,Stanley Williams,"Regular Frappes - Strawberries & Cream - 2.75, Regular Flavoured iced latte - Caramel - 2.75, Large Flavoured iced latte - Caramel - 3.25, Regular Flavoured iced latte - Caramel - 2.75, Regular Latte - 2.15",13.65,CASH,
13/04/2025 15:23,London Greenwich,Virginia Briggs,"Large Frappes - Chocolate Cookie - 3.25, Regular Flavoured iced latte - Caramel - 2.75, Regular Flavoured iced latte - Caramel - 2.75, Regular Latte - 2.15, Large Frappes - Strawberries & Cream - 3.25, Large Flavoured iced latte - Caramel - 3.25",17.4,CASH,
13/04/2025 15:25,London Greenwich,William Jackson,"Regular Flavoured iced latte - Caramel - 2.75, Large Frappes - Strawberries & Cream - 3.25",6.0,CARD,5609201032234215
13/04/2025 15:26,London Greenwich,Andrew Moran,Regular Latte - 2.15,2.15,CASH,
13/04/2025 15:28,London Greenwich,Earline Davenport,"Regular Flavoured iced latte - Caramel - 2.75, Regular Flavoured iced latte - Caramel - 2.75, Regular Frappes - Chocolate Cookie - 2.75",8.25,CARD,1552184180847770
13/04/2025 15:29,London Greenwich,Frank Epstein,"Large Frappes - Chocolate Cookie - 3.25, Regular Frappes - Strawberries & Cream - 2.75, Regular Frappes - Strawberries & Cream - 2.75, Large Flavoured iced latte - Caramel - 3.25, Large Iced americano - 2.50",14.5,CARD,7835715168959157
13/04/2025 15:30,London Greenwich,Margaret Sheldon,Regular Latte - 2.15,2.15,CASH,
13/04/2025 15:32,London Greenwich,Royce Gibson,Large Flavoured iced latte - Caramel - 3.25,3.25,CARD,8428504424423690
13/04/2025 15:33,London Greenwich,Douglas Wiens,Large Iced americano - 2.50,2.5,CARD,7071279684684628
13/04/2025 15:34,London Greenwich,Irma Long,Large Frappes - Chocolate Cookie - 3.25,3.25,CARD,7903306952301087
13/04/2025 15:36,London Greenwich,William Castleman,"Regular Frappes - Chocolate Cookie - 2.75, Large Flavoured iced latte - Caramel - 3.25, Regular Latte - 2.15",8.15,CASH,
13/04/2025 15:37,London Greenwich,Nicole Sherman,"Large Frappes - Chocolate Cookie - 3.25, Large Latte - 2.45",5.7,CARD,4317454537813844
13/04/2025 15:39,London Greenwich,Alan Price,Large Frappes - Strawberries & Cream - 3.25,3.25,CARD,1310809590073529
13/04/2025 15:40,London Greenwich,Jean Taylor,Regular Latte - 2.15,2.15,CARD,3550044478337194
13/04/2025 15:41,London Greenwich,Anne Anglen,"Large Iced americano - 2.50, Large Frappes - Chocolate Cookie - 3.25, Regular Frappes - Strawberries & Cream - 2.75",8.5,CASH,
13/04/2025 15:43,London Greenwich,Donna Minton,Regular Frappes - Strawberries & Cream - 2.75,2.75,CARD,5247668674893132
13/04/2025 15:44,London Greenwich,Craig Cypert,Regular Iced americano - 2.15,2.15,CARD,1359823559434119
13/04/2025 15:46,London Greenwich,Charles Moore,Large Iced americano - 2.50,2.5,CARD,1986718516370522
13/04/2025 15:47,London Greenwich,Raymond Richmond,"Large Flavoured iced latte - Caramel - 3.25, Regular Frappes - Strawberries & Cream - 2.75, Large Flavoured iced latte - Caramel - 3.25, Large Latte - 2.45, Regular Frappes - Strawberries & Cream - 2.75, Regular Iced americano - 2.15",16.6,CARD,6425525109021403
13/04/2025 15:48,London Greenwich,Clarence Hargrove,"Regular Iced americano - 2.15, Large Frappes - Strawberries & Cream - 3.25, Regular Latte - 2.15, Large Frappes - Chocolate Cookie - 3.25",10.8,CARD,3517604820542070
13/04/2025 15:50,London Greenwich,Michael Wood,"Regular Flavoured iced latte - Caramel - 2.75, Large Latte - 2.45",5.2,CASH,
13/04/2025 15:51,London Greenwich,Daniel Mcdowell,"Regular Latte - 2.15, Large Iced americano - 2.50, Large Flavoured iced latte - Caramel - 3.25, Large Latte - 2.45",10.35,CASH,
13/04/2025 15:52,London Greenwich,Ruthe Crosby,"Large Iced americano - 2.50, Large Flavoured iced latte - Caramel - 3.25",5.75,CARD,8199556671139418
13/04/2025 15:54,London Greenwich,Joy Russell,Large Iced americano - 2.50,2.5,CASH,
13/04/2025 15:55,London Greenwich,Ruth Higginbotham,"Large Latte - 2.45, Large Flavoured iced latte - Caramel - 3.25",5.7,CARD,6478635572039639
13/04/2025 15:57,London Greenwich,Maria Gatling,"Regular Latte - 2.15, Large Iced americano - 2.50",4.65,CASH,
13/04/2025 15:58,London Greenwich,Glenda Novak,"Large Flavoured iced latte - Caramel - 3.25, Large Flavoured iced latte - Caramel - 3.25, Regular Iced americano - 2.15",8.65,CASH,
13/04/2025 15:59,London Greenwich,William Fletcher,"Regular Iced americano - 2.15, Regular Frappes - Strawberries & Cream - 2.75",4.9,CARD,5760563181833661
13/04/2025 16:01,London Greenwich,Fidela Swartz,"Regular Iced americano - 2.15, Regular Frappes - Strawberries & Cream - 2.75",4.9,CASH,
13/04/2025 16:03,London Greenwich,Joe Clodfelter,"Large Flavoured iced latte - Caramel - 3.25, Large Frappes - Chocolate Cookie - 3.25",6.5,CARD,3475742254562701
13/04/2025 16:05,London Greenwich,Maxine Moses,Regular Latte - 2.15,2.15,CARD,5886218036214527
13/04/2025 16:07,London Greenwich,Bertha Willard,"Regular Frappes - Chocolate Cookie - 2.75, Large Frappes - Strawberries & Cream - 3.25, Regular Flavoured iced latte - Caramel - 2.75",8.75,CARD,8674916081835370
13/04/2025 16:09,London Greenwich,Rita Carroll,"Regular Latte - 2.15, Large Frappes - Chocolate Cookie - 3.25",5.4,CARD,5731237290030386
13/04/2025 16:11,London Greenwich,Christopher Jantz,"Large Iced americano - 2.50, Large Frappes - Strawberries & Cream - 3.25, Large Flavoured iced latte - Caramel - 3.25, Regular Frappes - Strawberries & Cream - 2.75, Large Flavoured iced latte - Caramel - 3.25",15.0,CARD,1267184515004613
13/04/2025 16:13,London Greenwich,Stephen Goers,"Regular Frappes - Chocolate Cookie - 2.75, Regular Latte - 2.15, Large Flavoured iced latte - Caramel - 3.25, Large Flavoured iced latte - Caramel - 3.25",11.4,CASH,
13/04/2025 16:15,London Greenwich,Dianne Comfort,"Large Frappes - Strawberries & Cream - 3.25, Regular Latte - 2.15, Large Latte - 2.45, Regular Latte - 2.15",10.0,CASH,
13/04/2025 16:17,London Greenwich,Dolores Hyer,"Regular Frappes - Chocolate Cookie - 2.75, Large Latte - 2.45",5.2,CARD,9886360206864951
13/04/2025 16:19,London Greenwich,Dwayne Comans,"Regular Frappes - Chocolate Cookie - 2.75, Large Latte - 2.45",5.2,CARD,9865128584408192
13/04/2025 16:21,London Greenwich,Annette Allton,"Regular Latte - 2.15, Regular Latte - 2.15",4.3,CARD,6938945022602637
13/04/2025 16:23,London Greenwich,Harry Stocker,"Regular Flavoured iced latte - Caramel - 2.75, Regular Frappes - Chocolate Cookie - 2.75",5.5,CARD,7760080938131568
13/04/2025 16:26,London Greenwich,Jason Brenneman,"Regular Frappes - Strawberries & Cream - 2.75, Regular Frappes - Strawberries & Cream - 2.75, Regular Frappes - Strawberries & Cream - 2.75, Large Frappes - Strawberries & Cream - 3.25, Large Iced americano - 2.50, Regular Flavoured iced latte - Caramel - 2.75",16.75,CARD,8727490017081565
13/04/2025 16:28,London Greenwich,Stephanie Atchison,"Large Frappes - Strawberries & Cream - 3.25, Large Frappes - Strawberries & Cream - 3.25, Large Flavoured iced latte - Caramel - 3.25, Large Flavoured iced latte - Caramel - 3.25",13.0,CARD,6525007456282279
13/04/2025 16:30,London Greenwich,Emily Rosa,"Large Flavoured iced latte - Caramel - 3.25, Large Iced americano - 2.50, Large Latte - 2.45, Regular Latte - 2.15",10.35,CASH,
13/04/2025 16:32,London Greenwich,Elaine King,"Large Flavoured iced latte - Caramel - 3.25, Regular Frappes - Chocolate Cookie - 2.75, Large Frappes - Chocolate Cookie - 3.25, Large Frappes - Strawberries & Cream - 3.25, Large Frappes - Chocolate Cookie - 3.25",15.75,CARD,5581918641874663
13/04/2025 16:34,London Greenwich,Suzanne Lecompte,"Regular Frappes - Strawberries & Cream - 2.75, Regular Frappes - Chocolate Cookie - 2.75, Regular Latte - 2.15",7.65,CARD,8050931937661535
13/04/2025 16:36,London Greenwich,Frances Howard,"Large Iced americano - 2.50, Regular Iced americano - 2.15",4.65,CARD,8593626978431342
13/04/2025 16:38,London Greenwich,Wilfred Hudson,"Regular Frappes - Strawberries & Cream - 2.75, Large Frappes - Chocolate Cookie - 3.25",6.0,CARD,7869058352880466
13/04/2025 16:40,London Greenwich,Owen Arkenberg,"Large Flavoured iced latte - Caramel - 3.25, Large Frappes - Chocolate Cookie - 3.25, Regular Latte - 2.15",8.65,CARD,9938955834281799
13/04/2025 16:42,London Greenwich,Mark Rudolph,Large Frappes - Strawberries & Cream - 3.25,3.25,CARD,1284026727628031
13/04/2025 16:44,London Greenwich,Kay Campbell,Regular Latte - 2.15,2.15,CARD,8535106462599360
13/04/2025 16:46,London Greenwich,Patrick Brentley,"Regular Flavoured iced latte - Caramel - 2.75, Regular Flavoured iced latte - Caramel - 2.75",5.5,CARD,8087699818314502
13/04/2025 16:48,London Greenwich,Sean Green,Regular Flavoured iced latte - Caramel - 2.75,2.75,CASH,
13/04/2025 16:50,London Greenwich,Rhonda Walsh,Regular Flavoured iced latte - Caramel - 2.75,2.75,CARD,4287796728318624
13/04/2025 16:52,London Greenwich,Wyatt Ladner,Large Frappes - Chocolate Cookie - 3.25,3.25,CARD,7104862781144629
13/04/2025 16:54,London Greenwich,Gerald Simpson,"Large Frappes - Chocolate Cookie - 3.25, Large Frappes - Chocolate Cookie - 3.25, Large Latte - 2.45",8.95,CARD,3268260198644090
13/04/2025 16:57,London Greenwich,Robert Gehrmann,"Regular Latte - 2.15, Regular Flavoured iced latte - Caramel - 2.75, Regular Frappes - Strawberries & Cream - 2.75, Large Frappes - Strawberries & Cream - 3.25",10.9,CARD,4488385693712861
13/04/2025 16:59,London Greenwich,Jessie Adams,"Regular Latte - 2.15, Regular Latte - 2.15",4.3,CASH,
13/04/2025 17:01,London Greenwich,Jennifer Parker,"Regular Flavoured iced latte - Caramel - 2.75, Large Frappes - Chocolate Cookie - 3.25, Large Flavoured iced latte - Caramel - 3.25, Large Frappes - Strawberries & Cream - 3.25",12.5,CARD,2653214798972875
13/04/2025 17:03,London Greenwich,Vernon Blumberg,Large Frappes - Strawberries & Cream - 3.25,3.25,CARD,2332552003977574
13/04/2025 17:05,London Greenwich,Christopher Nash,Regular Frappes - Chocolate Cookie - 2.75,2.75,CASH,
13/04/2025 17:08,London Greenwich,Amy Ruiz,Regular Frappes - Strawberries & Cream - 2.75,2.75,CASH,
13/04/2025 17:10,London Greenwich,Alice Ogden,Large Frappes - Strawberries & Cream - 3.25,3.25,CASH,
13/04/2025 17:12,London Greenwich,Mark Reidinger,"Large Flavoured iced latte - Caramel - 3.25, Regular Flavoured iced latte - Caramel - 2.75, Large Flavoured iced latte - Caramel - 3.25",9.25,CASH,
13/04/2025 17:14,London Greenwich,Susan Martins,"Large Frappes - Chocolate Cookie - 3.25, Regular Iced americano - 2.15, Regular Latte - 2.15, Large Frappes - Strawberries & Cream - 3.25, Large Flavoured iced latte - Caramel - 3.25",14.05,CARD,8535139608005260
13/04/2025 17:17,London Greenwich,Adrian Burke,"Large Frappes - Strawberries & Cream - 3.25, Large Flavoured iced latte - Caramel - 3.25, Large Latte - 2.45, Regular Latte - 2.15",11.1,CASH,
13/04/2025 17:19,London Greenwich,James Curry,"Large Flavoured iced latte - Caramel - 3.25, Large Flavoured iced latte - Caramel - 3.25",6.5,CASH,
13/04/2025 17:21,London Greenwich,Francis Parkhurst,Regular Latte - 2.15,2.15,CASH,
13/04/2025 17:24,London Greenwich,Lori Morin,"Large Latte - 2.45, Large Frappes - Strawberries & Cream - 3.25, Large Flavoured iced latte - Caramel - 3.25",8.95,CASH,
13/04/2025 17:26,London Greenwich,Joy Matthews,"Regular Frappes - Chocolate Cookie - 2.75, Large Frappes - Strawberries & Cream - 3.25, Regular Frappes - Chocolate Cookie - 2.75, Regular Frappes - Chocolate Cookie - 2.75",11.5,CARD,5244500108070767
13/04/2025 17:28,London Greenwich,Linda Watkins,Large Frappes - Chocolate Cookie - 3.25,3.25,CARD,9960273486801847
13/04/2025 17:31,London Greenwich,John Myers,Large Frappes - Chocolate Cookie - 3.25,3.25,CASH,
13/04/2025 17:33,London Greenwich,Faye Dillingham,"Large Latte - 2.45, Regular Latte - 2.15, Large Flavoured iced latte - Caramel - 3.25, Large Latte - 2.45, Large Frappes - Strawberries & Cream - 3.25",13.55,CARD,9442293264307141
13/04/2025 17:35,London Greenwich,Jose Leighton,Regular Frappes - Strawberries & Cream - 2.75,2.75,CARD,8740422266373971
13/04/2025 17:37,London Greenwich,Cynthia Morales,"Large Latte - 2.45, Large Frappes - Chocolate Cookie - 3.25",5.7,CARD,8821077410631239
13/04/2025 17:40,London Greenwich,Nancy Jones,"Large Latte - 2.45, Regular Flavoured iced latte - Caramel - 2.75, Regular Frappes - Strawberries & Cream - 2.75, Large Flavoured iced latte - Caramel - 3.25",11.2,CASH,
13/04/2025 17:42,London Greenwich,Janet Hau,"Large Latte - 2.45, Regular Flavoured iced latte - Caramel - 2.75",5.2,CASH,
13/04/2025 17:44,London Greenwich,Claude Corey,"Regular Iced americano - 2.15, Large Latte - 2.45",4.6,CASH,
13/04/2025 17:47,London Greenwich,Richard Doody,Regular Frappes - Chocolate Cookie - 2.75,2.75,CASH,
13/04/2025 17:49,London Greenwich,Birdie Mills,Large Frappes - Strawberries & Cream - 3.25,3.25,CARD,4224307033567781
13/04/2025 17:51,London Greenwich,John Elliott,"Large Latte - 2.45, Regular Flavoured iced latte - Caramel - 2.75, Large Flavoured iced latte - Caramel - 3.25",8.45,CASH,
13/04/2025 17:54,London Greenwich,Consuelo Lowe,Regular Latte - 2.15,2.15,CASH,
13/04/2025 17:56,London Greenwich,Thomas Martinez,"Large Frappes - Chocolate Cookie - 3.25, Large Frappes - Strawberries & Cream - 3.25, Regular Frappes - Chocolate Cookie - 2.75",9.25,CARD,2115680097308502
13/04/2025 17:58,London Greenwich,Deborah Rapelyea,"Large Latte - 2.45, Large Frappes - Strawberries & Cream - 3.25, Large Latte - 2.45",8.15,CARD,7988347567657944
13/04/2025 18:00,London Greenwich,John Baker,"Regular Flavoured iced latte - Caramel - 2.75, Large Flavoured iced latte - Caramel - 3.25, Large Frappes - Chocolate Cookie - 3.25",9.25,CARD,9526583185887534
13/04/2025 18:02,London Greenwich,Don Weisser,"Large Iced americano - 2.50, Regular Latte - 2.15",4.65,CARD,5187627135609853
13/04/2025 18:04,London Greenwich,Jenna Lashley,Regular Flavoured iced latte - Caramel - 2.75,2.75,CASH,
13/04/2025 18:06,London Greenwich,Jeffrey Bryant,"Regular Frappes - Chocolate Cookie - 2.75, Large Frappes - Strawberries & Cream - 3.25, Regular Iced americano - 2.15, Large Frappes - Strawberries & Cream - 3.25, Large Flavoured iced latte - Caramel - 3.25, Regular Frappes - Chocolate Cookie - 2.75",17.4,CARD,6853492947951613
13/04/2025 18:08,London Greenwich,Pamela Anderson,"Regular Frappes - Strawberries & Cream - 2.75, Large Iced americano - 2.50, Large Iced americano - 2.50, Large Frappes - Strawberries & Cream - 3.25",11.0,CARD,8733784287967486
13/04/2025 18:10,London Greenwich,Joseph Morey,"Large Latte - 2.45, Large Latte - 2.45, Regular Latte - 2.15",7.05,CASH,
13/04/2025 18:12,London Greenwich,Rafael Rich,"Large Iced americano - 2.50, Large Frappes - Strawberries & Cream - 3.25, Large Frappes - Chocolate Cookie - 3.25",9.0,CASH,
13/04/2025 18:14,London Greenwich,Christopher Arriaga,"Regular Iced americano - 2.15, Regular Frappes - Chocolate Cookie - 2.75",4.9,CARD,8773560529027650
13/04/2025 18:16,London Greenwich,Ruth Gunnell,Regular Iced americano - 2.15,2.15,CARD,4083637792919851
13/04/2025 18:18,London Greenwich,Jose Waddell,"Large Latte - 2.45, Large Latte - 2.45, Regular Frappes - Strawberries & Cream - 2.75, Regular Latte - 2.15",9.8,CARD,3200599954997558
13/04/2025 18:20,London Greenwich,Rebecca Handly,"Large Flavoured iced latte - Caramel - 3.25, Regular Flavoured iced latte - Caramel - 2.75, Large Latte - 2.45",8.45,CARD,3967801844472035
13/04/2025 18:22,London Greenwich,Malcolm Mays,Large Frappes - Strawberries & Cream - 3.25,3.25,CARD,9649954826889584
13/04/2025 18:24,London Greenwich,Rhonda Thompson,"Regular Frappes - Chocolate Cookie - 2.75, Regular Flavoured iced latte - Caramel - 2.75, Regular Iced americano - 2.15",7.65,CARD,6805390178285025
13/04/2025 18:26,London Greenwich,Richard Lawson,"Regular Latte - 2.15, Large Flavoured iced latte - Caramel - 3.25, Regular Iced americano - 2.15",7.55,CASH,
13/04/2025 18:28,London Greenwich,Stephen Baltes,"Regular Flavoured iced latte - Caramel - 2.75, Regular Flavoured iced latte - Caramel - 2.75, Large Iced americano - 2.50, Regular Frappes - Strawberries & Cream - 2.75, Large Iced americano - 2.50",13.25,CASH,
13/04/2025 18:29,London Greenwich,Kenneth Hedrick,Regular Iced americano - 2.15,2.15,CARD,1577841989617619
13/04/2025 18:31,London Greenwich,Leila Hernandez,"Large Frappes - Chocolate Cookie - 3.25, Large Frappes - Strawberries & Cream - 3.25, Regular Flavoured iced latte - Caramel - 2.75",9.25,CARD,2867688699375767
13/04/2025 18:33,London Greenwich,Betty Rice,"Large Iced americano - 2.50, Regular Frappes - Chocolate Cookie - 2.75, Regular Flavoured iced latte - Caramel - 2.75, Large Frappes - Strawberries & Cream - 3.25, Regular Latte - 2.15, Regular Latte - 2.15",15.55,CARD,2723099287720626
13/04/2025 18:35,London Greenwich,Lisa Glowacki,Large Iced americano - 2.50,2.5,CARD,4562300046906598
13/04/2025 18:37,London Greenwich,Rosemary Russo,"Regular Flavoured iced latte - Caramel - 2.75, Regular Frappes - Chocolate Cookie - 2.75",5.5,CARD,3782114592341421
13/04/2025 18:39,London Greenwich,Michelle Ledesma,"Regular Frappes - Strawberries & Cream - 2.75, Regular Latte - 2.15",4.9,CASH,
13/04/2025 18:41,London Greenwich,Christopher Maez,"Regular Flavoured iced latte - Caramel - 2.75, Large Frappes - Chocolate Cookie - 3.25, Large Iced americano - 2.50, Regular Latte - 2.15",10.65,CARD,3439202660422400
13/04/2025 18:43,London Greenwich,Patrick Leach,"Large Frappes - Chocolate Cookie - 3.25, Regular Iced americano - 2.15, Regular Frappes - Strawberries & Cream - 2.75, Regular Frappes - Strawberries & Cream - 2.75",10.9,CASH,
13/04/2025 18:45,London Greenwich,Bonnie Wooten,"Large Flavoured iced latte - Caramel - 3.25, Regular Iced americano - 2.15, Regular Iced americano - 2.15, Regular Latte - 2.15",9.7,CASH,
13/04/2025 18:47,London Greenwich,Drew Tate,"Large Frappes - Chocolate Cookie - 3.25, Large Latte - 2.45, Regular Flavoured iced latte - Caramel - 2.75, Regular Flavoured iced latte - Caramel - 2.75, Regular Frappes - Chocolate Cookie - 2.75, Regular Flavoured iced latte - Caramel - 2.75",16.7,CASH,
13/04/2025 18:49,London Greenwich,Samuel Converse,"Regular Iced americano - 2.15, Large Iced americano - 2.50, Regular Frappes - Chocolate Cookie - 2.75",7.4,CARD,4799451680305153
13/04/2025 18:51,London Greenwich,Norma Poole,"Large Frappes - Strawberries & Cream - 3.25, Large Frappes - Strawberries & Cream - 3.25, Regular Frappes - Chocolate Cookie - 2.75, Regular Frappes - Strawberries & Cream - 2.75, Regular Frappes - Chocolate Cookie - 2.75",14.75,CARD,9781830558155695
13/04/2025 18:53,London Greenwich,Leona Boehmke,Regular Flavoured iced latte - Caramel - 2.75,2.75,CARD,7216775928457592
13/04/2025 18:55,London Greenwich,Robert Crandall,Regular Flavoured iced latte - Caramel - 2.75,2.75,CARD,1298200143089397
13/04/2025 18:57,London Greenwich,Mark Lane,Large Latte - 2.45,2.45,CARD,2234690130958034
13/04/2025 18:58,London Greenwich,Josephine Falco,"Large Latte - 2.45, Regular Frappes - Chocolate Cookie - 2.75, Regular Frappes - Chocolate Cookie - 2.75, Large Flavoured iced latte - Caramel - 3.25",11.2,CARD,3414425298035522
13/04/2025 19:00,London Greenwich,Mark Phillips,"Large Frappes - Chocolate Cookie - 3.25, Large Flavoured iced latte - Caramel - 3.25, Regular Latte - 2.15, Large Flavoured iced latte - Caramel - 3.25",11.9,CARD,6563883750601459
13/04/2025 19:02,London Greenwich,Anita Preston,"Regular Frappes - Chocolate Cookie - 2.75, Regular Latte - 2.15, Regular Frappes - Chocolate Cookie - 2.75",7.65,CARD,6570462893369330
13/04/2025 19:05,London Greenwich,Rosa Scales,"Regular Iced americano - 2.15, Regular Iced americano - 2.15",4.3,CARD,3390722535835475
13/04/2025 19:07,London Greenwich,John Peco,"Large Frappes - Chocolate Cookie - 3.25, Regular Flavoured iced latte - Caramel - 2.75, Regular Flavoured iced latte - Caramel - 2.75",8.75,CARD,5217670516460398
13/04/2025 19:09,London Greenwich,Rachael Cottrell,"Regular Iced americano - 2.15, Regular Iced americano - 2.15, Large Frappes - Strawberries & Cream - 3.25, Regular Frappes - Chocolate Cookie - 2.75",10.3,CASH,
13/04/2025 19:11,London Greenwich,Donald Coleman,"Regular Latte - 2.15, Regular Flavoured iced latte - Caramel - 2.75, Regular Latte - 2.15",7.05,CARD,4443438352600592
13/04/2025 19:13,London Greenwich,Michael Weddle,"Regular Iced americano - 2.15, Regular Latte - 2.15, Large Frappes - Strawberries & Cream - 3.25, Regular Frappes - Strawberries & Cream - 2.75",10.3,CARD,8007787144963136
13/04/2025 19:15,London Greenwich,David Battson,Large Iced americano - 2.50,2.5,CARD,5401437556294231
13/04/2025 19:17,London Greenwich,Daniel Green,"Large Latte - 2.45, Large Flavoured iced latte - Caramel - 3.25, Regular Iced americano - 2.15, Regular Frappes - Chocolate Cookie - 2.75, Regular Frappes - Strawberries & Cream - 2.75, Regular Frappes - Chocolate Cookie - 2.75",16.1,CARD,1465281571203385
13/04/2025 19:19,London Greenwich,Patricia Fish,"Regular Latte - 2.15, Large Latte - 2.45",4.6,CASH,
13/04/2025 19:21,London Greenwich,Francis Eber,"Large Iced americano - 2.50, Large Iced americano - 2.50, Regular Iced americano - 2.15",7.15,CARD,5026797718525889
13/04/2025 19:23,London Greenwich,Richard Falkner,"Large Frappes - Strawberries & Cream - 3.25, Regular Frappes - Strawberries & Cream - 2.75, Large Frappes - Chocolate Cookie - 3.25, Regular Frappes - Strawberries & Cream - 2.75, Regular Flavoured iced latte - Caramel - 2.75",14.75,CARD,9706675856027544
13/04/2025 19:25,London Greenwich,Parker Huslander,"Large Frappes - Strawberries & Cream - 3.25, Regular Latte - 2.15, Regular Frappes - Strawberries & Cream - 2.75, Regular Flavoured iced latte - Caramel - 2.75",10.9,CARD,5236957070397901
13/04/2025 19:27,London Greenwich,Lucille William,"Regular Flavoured iced latte - Caramel - 2.75, Large Flavoured iced latte - Caramel - 3.25, Large Frappes - Strawberries & Cream - 3.25",9.25,CARD,8207686996542321
13/04/2025 19:29,London Greenwich,Cheryl Turner,"Large Latte - 2.45, Regular Frappes - Chocolate Cookie - 2.75",5.2,CARD,3007513235157879
13/04/2025 19:31,London Greenwich,Victoria Payne,"Large Frappes - Strawberries & Cream - 3.25, Regular Iced americano - 2.15, Large Latte - 2.45",7.85,CARD,1386579710522584
13/04/2025 19:33,London Greenwich,Michael Johnson,"Large Frappes - Chocolate Cookie - 3.25, Large Frappes - Chocolate Cookie - 3.25, Large Frappes - Strawberries & Cream - 3.25",9.75,CARD,1040334277707529
13/04/2025 19:36,London Greenwich,Luis Diaz,"Regular Latte - 2.15, Large Frappes - Chocolate Cookie - 3.25, Regular Frappes - Strawberries & Cream - 2.75, Regular Frappes - Chocolate Cookie - 2.75, Regular Iced americano - 2.15",13.05,CASH,
13/04/2025 19:38,London Greenwich,Thomas Curran,Regular Flavoured iced latte - Caramel - 2.75,2.75,CARD,9981486167114199
13/04/2025 19:40,London Greenwich,Candice Seal,"Regular Latte - 2.15, Regular Iced americano - 2.15, Regular Flavoured iced latte - Caramel - 2.75, Large Flavoured iced latte - Caramel - 3.25",10.3,CARD,8536436130781395
13/04/2025 19:42,London Greenwich,Fred Martin,"Regular Flavoured iced latte - Caramel - 2.75, Large Frappes - Strawberries & Cream - 3.25, Large Flavoured iced latte - Caramel - 3.25, Large Flavoured iced latte - Caramel - 3.25, Regular Flavoured iced latte - Caramel - 2.75, Regular Iced americano - 2.15",17.4,CARD,3504083582602040
13/04/2025 19:44,London Greenwich,Minnie Nunez,"Large Latte - 2.45, Large Frappes - Chocolate Cookie - 3.25",5.7,CASH,
13/04/2025 19:46,London Greenwich,Vivian Thompson,"Regular Latte - 2.15, Large Latte - 2.45",4.6,CARD,8267903807615642
13/04/2025 19:48,London Greenwich,Kenneth Maloy,"Large Frappes - Strawberries & Cream - 3.25, Regular Frappes - Chocolate Cookie - 2.75",6.0,CARD,7685322636721473
13/04/2025 19:50,London Greenwich,Laila Richardson,Regular Frappes - Strawberries & Cream - 2.75,2.75,CARD,3161796242884123
13/04/2025 19:52,London Greenwich,Shirley Paddock,"Regular Iced americano - 2.15, Regular Frappes - Chocolate Cookie - 2.75, Large Frappes - Chocolate Cookie - 3.25, Large Iced americano - 2.50, Large Frappes - Chocolate Cookie - 3.25",13.9,CARD,4687344017566744
13/04/2025 19:54,London Greenwich,Sally Fenton,"Regular Flavoured iced latte - Caramel - 2.75, Regular Flavoured iced latte - Caramel - 2.75",5.5,CARD,6650123444731508
13/04/2025 19:56,London Greenwich,Gail Langhans,"Regular Iced americano - 2.15, Regular Latte - 2.15, Large Flavoured iced latte - Caramel - 3.25, Large Latte - 2.45",10.0,CARD,1745190437898591
13/04/2025 19:58,London Greenwich,Marcie Champion,Regular Frappes - Chocolate Cookie - 2.75,2.75,CARD,4001957802891149
13/04/2025 20:00,London Greenwich,Sue Gholston,Regular Flavoured iced latte - Caramel - 2.75,2.75,CARD,6530782342759004
13/04/2025 20:02,London Greenwich,Walter Thomas,Regular Latte - 2.15,2.15,CASH,
13/04/2025 20:03,London Greenwich,Candice Morgan,Large Frappes - Chocolate Cookie - 3.25,3.25,CARD,6770032007629276
13/04/2025 20:04,London Greenwich,Ted Haselton,Large Latte - 2.45,2.45,CARD,1541990432737729
13/04/2025 20:06,London Greenwich,Kimberly Barnoski,"Regular Frappes - Chocolate Cookie - 2.75, Large Iced americano - 2.50",5.25,CASH,
13/04/2025 20:07,London Greenwich,Sherman Smith,"Regular Flavoured iced latte - Caramel - 2.75, Large Flavoured iced latte - Caramel - 3.25",6.0,CASH,
13/04/2025 20:09,London Greenwich,Sheldon Powell,"Regular Frappes - Chocolate Cookie - 2.75, Regular Frappes - Chocolate Cookie - 2.75",5.5,CARD,2164999645472956
13/04/2025 20:10,London Greenwich,Latoya Wead,Large Iced americano - 2.50,2.5,CASH,
13/04/2025 20:11,London Greenwich,Gregory Hostetler,"Large Latte - 2.45, Large Flavoured iced latte - Caramel - 3.25",5.7,CARD,9965027817474002
13/04/2025 20:13,London Greenwich,Miguel Alvarado,"Large Latte - 2.45, Large Iced americano - 2.50, Regular Frappes - Strawberries & Cream - 2.75",7.7,CARD,2436065230104112
13/04/2025 20:14,London Greenwich,Sylvia Kruger,Large Frappes - Chocolate Cookie - 3.25,3.25,CASH,
13/04/2025 20:16,London Greenwich,Burl Gross,"Large Frappes - Chocolate Cookie - 3.25, Large Frappes - Chocolate Cookie - 3.25",6.5,CASH,
13/04/2025 20:17,London Greenwich,Amanda Bishop,"Regular Frappes - Chocolate Cookie - 2.75, Regular Flavoured iced latte - Caramel - 2.75, Regular Frappes - Chocolate Cookie - 2.75, Regular Iced americano - 2.15, Large Flavoured iced latte - Caramel - 3.25",13.65,CASH,
13/04/2025 20:18,London Greenwich,Sergio Collins,"Regular Iced americano - 2.15, Large Frappes - Chocolate Cookie - 3.25, Regular Iced americano - 2.15",7.55,CASH,
13/04/2025 20:20,London Greenwich,Esther Carter,"Large Latte - 2.45, Large Flavoured iced latte - Caramel - 3.25",5.7,CASH,
13/04/2025 20:21,London Greenwich,Kimberly Zoutte,"Large Flavoured iced latte - Caramel - 3.25, Regular Frappes - Chocolate Cookie - 2.75",6.0,CARD,9590787188809952
13/04/2025 20:22,London Greenwich,Samuel Lobianco,Regular Frappes - Chocolate Cookie - 2.75,2.75,CARD,3322229118531483
13/04/2025 20:24,London Greenwich,Scotty Powell,Regular Frappes - Chocolate Cookie - 2.75,2.75,CARD,6714470321687778
13/04/2025 20:25,London Greenwich,Julie Avant,"Large Iced americano - 2.50, Regular Latte - 2.15, Regular Frappes - Strawberries & Cream - 2.75, Regular Latte - 2.15, Regular Frappes - Chocolate Cookie - 2.75",12.3,CARD,6144244379333989
13/04/2025 20:27,London Greenwich,Essie Buonocore,"Large Latte - 2.45, Regular Latte - 2.15",4.6,CARD,1358398982025953
13/04/2025 20:28,London Greenwich,Michelle Beisch,"Large Iced americano - 2.50, Large Frappes - Strawberries & Cream - 3.25, Large Flavoured iced latte - Caramel - 3.25, Large Frappes - Strawberries & Cream - 3.25, Regular Iced americano - 2.15, Regular Frappes - Strawberries & Cream - 2.75",17.15,CARD,3605625402794285
13/04/2025 20:29,London Greenwich,Rusty Boonstra,"Large Frappes - Chocolate Cookie - 3.25, Regular Frappes - Strawberries & Cream - 2.75",6.0,CASH,
13/04/2025 20:31,London Greenwich,Doris Pully,"Large Frappes - Strawberries & Cream - 3.25, Large Iced americano - 2.50, Large Frappes - Chocolate Cookie - 3.25, Regular Flavoured iced latte - Caramel - 2.75",11.75,CARD,8388742241926446
13/04/2025 20:32,London Greenwich,Charlie Dubill,Large Frappes - Strawberries & Cream - 3.25,3.25,CARD,1567362655053798
13/04/2025 20:34,London Greenwich,Margaret Lopez,"Large Flavoured iced latte - Caramel - 3.25, Large Iced americano - 2.50, Large Flavoured iced latte - Caramel - 3.25, Large Iced americano - 2.50",11.5,CARD,7289995068727269
13/04/2025 20:35,London Greenwich,Suzanne Pestana,"Regular Latte - 2.15, Large Flavoured iced latte - Caramel - 3.25",5.4,CARD,8098115910792293
13/04/2025 20:36,London Greenwich,Chere Allen,Large Frappes - Chocolate Cookie - 3.25,3.25,CASH,
13/04/2025 20:38,London Greenwich,Jack Mckinley,"Regular Flavoured iced latte - Caramel - 2.75, Large Flavoured iced latte - Caramel - 3.25, Regular Iced americano - 2.15",8.15,CARD,1755041348495947
13/04/2025 20:39,London Greenwich,Shauna Brothern,"Regular Frappes - Strawberries & Cream - 2.75, Regular Latte - 2.15, Regular Frappes - Chocolate Cookie - 2.75",7.65,CASH,
13/04/2025 20:40,London Greenwich,Ron Toolson,Large Frappes - Chocolate Cookie - 3.25,3.25,CARD,6773729114616576
13/04/2025 20:42,London Greenwich,Wendi Worley,"Large Latte - 2.45, Large Flavoured iced latte - Caramel - 3.25, Regular Iced americano - 2.15, Regular Iced americano - 2.15, Large Frappes - Strawberries & Cream - 3.25",13.25,CARD,3248929867444528
13/04/2025 20:43,London Greenwich,Patricia Edwards,Large Frappes - Chocolate Cookie - 3.25,3.25,CARD,9849878597636995
13/04/2025 20:45,London Greenwich,Allen Roseman,"Large Flavoured iced latte - Caramel - 3.25, Large Latte - 2.45, Large Flavoured iced latte - Caramel - 3.25, Large Frappes - Strawberries & Cream - 3.25",12.2,CARD,1433736309697771
13/04/2025 20:46,London Greenwich,Cora Hames,"Regular Frappes - Chocolate Cookie - 2.75, Regular Frappes - Strawberries & Cream - 2.75, Large Iced americano - 2.50",8.0,CARD,4118488314374833
13/04/2025 20:47,London Greenwich,Ernest Mayer,"Large Flavoured iced latte - Caramel - 3.25, Regular Flavoured iced latte - Caramel - 2.75, Large Flavoured iced latte - Caramel - 3.25, Regular Frappes - Strawberries & Cream - 2.75, Large Latte - 2.45",14.45,CARD,7919936247185816
13/04/2025 20:49,London Greenwich,Julia Czapla,Regular Frappes - Chocolate Cookie - 2.75,2.75,CARD,7157332683112141
13/04/2025 20:50,London Greenwich,Catherine Thoms,"Large Frappes - Strawberries & Cream - 3.25, Large Frappes - Chocolate Cookie - 3.25",6.5,CARD,3109806896617065
13/04/2025 20:52,London Greenwich,Casey Campbell,"Regular Frappes - Chocolate Cookie - 2.75, Large Latte - 2.45",5.2,CASH,
13/04/2025 20:53,London Greenwich,Patricia Millonzi,"Regular Frappes - Strawberries & Cream - 2.75, Large Frappes - Chocolate Cookie - 3.25, Regular Flavoured iced latte - Caramel - 2.75, Regular Iced americano - 2.15",10.9,CARD,6620199459580222
13/04/2025 20:54,London Greenwich,Frank Roddam,Regular Latte - 2.15,2.15,CASH,
13/04/2025 20:56,London Greenwich,Shane Abney,"Regular Frappes - Strawberries & Cream - 2.75, Regular Iced americano - 2.15, Large Frappes - Chocolate Cookie - 3.25, Regular Iced americano - 2.15",10.3,CARD,3586013064944692
13/04/2025 20:57,London Greenwich,Barbara Cordier,"Large Flavoured iced latte - Caramel - 3.25, Regular Flavoured iced latte - Caramel - 2.75, Regular Flavoured iced latte - Caramel - 2.75, Regular Flavoured iced latte - Caramel - 2.75, Regular Frappes - Strawberries & Cream - 2.75",14.25,CARD,5292549842680620
13/04/2025 20:58,London Greenwich,Priscilla Curry,"Large Flavoured iced latte - Caramel - 3.25, Regular Frappes - Strawberries & Cream - 2.75, Large Frappes - Strawberries & Cream - 3.25, Regular Frappes - Chocolate Cookie - 2.75, Large Frappes - Strawberries & Cream - 3.25",15.25,CASH,
