16/04/2025 08:00,London Brixton,Laura Goudy,Large Hot chocolate - 2.90,2.9,CASH,
16/04/2025 08:00,London Brixton,Jesse Ramos,"Large Speciality Tea - Earl Grey - 1.60, Large Cappuccino - 2.45, Large Smoothies - Glowing Greens - 2.50, Large Hot chocolate - 2.90",9.45,CARD,5279916865765981
16/04/2025 08:01,London Brixton,Philip Harris,Regular Speciality Tea - Earl Grey - 1.30,1.3,CARD,3092091444771800
16/04/2025 08:02,London Brixton,Ruby Beale,"Large Hot chocolate - 2.90, Large Speciality Tea - Earl Grey - 1.60",4.5,CARD,4030954427901837
16/04/2025 08:03,London Brixton,Michael Gritton,"Large Cappuccino - 2.45, Regular Smoothies - Glowing Greens - 2.00, Large Speciality Tea - Earl Grey - 1.60",6.05,CARD,4695173361846699
16/04/2025 08:04,London Brixton,Sara Dearing,"Regular Iced americano - 2.15, Regular Espresso - 1.50",3.65,CARD,5250813151424194
16/04/2025 08:05,London Brixton,Robert Barnes,"Regular Frappes - Strawberries & Cream - 2.75, Large Frappes - Strawberries & Cream - 3.25, Large Espresso - 1.80",7.8,CARD,4678057615849270
16/04/2025 08:06,London Brixton,Brent Hill,"Regular Frappes - Strawberries & Cream - 2.75, Large Smoothies - Glowing Greens - 2.50",5.25,CASH,
16/04/2025 08:07,London Brixton,Mona Price,"Large Smoothies - Carrot Kick - 2.50, Regular Espresso - 1.50",4.0,CASH,
16/04/2025 08:08,London Brixton,Ronnie Love,"Large Iced americano - 2.50, Large Iced americano - 2.50",5.0,CARD,8366042869144739
16/04/2025 08:09,London Brixton,Thomas White,"Regular Cappuccino - 2.15, Regular Espresso - 1.50",3.65,CASH,
16/04/2025 08:10,London Brixton,Ryan Wilson,"Regular Smoothies - Carrot Kick - 2.00, Regular Iced americano - 2.15, Regular Smoothies - Carrot Kick - 2.00, Regular Cappuccino - 2.15",8.3,CARD,3855479021261728
16/04/2025 08:11,London Brixton,Gregory Weintraub,Large Cappuccino - 2.45,2.45,CARD,2320155162916969
16/04/2025 08:12,London Brixton,Maria Robinson,Large Smoothies - Glowing Greens - 2.50,2.5,CARD,8419909966720564
16/04/2025 08:13,London Brixton,Melinda Reed,Regular Frappes - Strawberries & Cream - 2.75,2.75,CARD,9055571170532211
16/04/2025 08:14,London Brixton,Daniel Schafer,Regular Smoothies - Carrot Kick - 2.00,2.0,CARD,2838636266789802
16/04/2025 08:15,London Brixton,Lee Burns,"Large Smoothies - Carrot Kick - 2.50, Large Hot chocolate - 2.90",5.4,CARD,4572198956831054
16/04/2025 08:16,London Brixton,William West,"Regular Smoothies - Carrot Kick - 2.00, Large Smoothies - Glowing Greens - 2.50",4.5,CARD,8845916394264063
16/04/2025 08:17,London Brixton,Alicia Smith,Large Hot chocolate - 2.90,2.9,CASH,
16/04/2025 08:18,London Brixton,Richard Aaron,Large Iced americano - 2.50,2.5,CASH,
16/04/2025 08:19,London Brixton,Julia Isom,"Regular Smoothies - Glowing Greens - 2.00, Regular Espresso - 1.50, Regular Iced americano - 2.15, Large Smoothies - Carrot Kick - 2.50",8.15,CARD,7516226280262315
16/04/2025 08:20,London Brixton,Randall Pontious,"Regular Speciality Tea - Earl Grey - 1.30, Regular Smoothies - Glowing Greens - 2.00, Regular Hot chocolate - 2.20, Regular Speciality Tea - Earl Grey - 1.30, Regular Iced americano - 2.15, Large Smoothies - Carrot Kick - 2.50",11.45,CASH,
16/04/2025 08:21,London Brixton,Chad Lane,"Large Iced americano - 2.50, Large Frappes - Strawberries & Cream - 3.25, Large Smoothies - Carrot Kick - 2.50",8.25,CARD,1340862562546733
16/04/2025 08:22,London Brixton,Nicole Cole,"Regular Speciality Tea - Earl Grey - 1.30, Large Smoothies - Carrot Kick - 2.50, Regular Smoothies - Carrot Kick - 2.00, Regular Iced americano - 2.15",7.95,CARD,4606821621776398
16/04/2025 08:23,London Brixton,Sarah Dixon,"Regular Smoothies - Glowing Greens - 2.00, Regular Frappes - Strawberries & Cream - 2.75, Regular Smoothies - Carrot Kick - 2.00",6.75,CASH,
16/04/2025 08:24,London Brixton,Stephen Prucha,"Large Iced americano - 2.50, Large Espresso - 1.80",4.3,CARD,7008637333440555
16/04/2025 08:25,London Brixton,James Hallinan,"Regular Smoothies - Carrot Kick - 2.00, Regular Cappuccino - 2.15, Regular Smoothies - Carrot Kick - 2.00, Large Iced americano - 2.50, Large Smoothies - Carrot Kick - 2.50, Large Hot chocolate - 2.90",14.05,CARD,4862595102662068
16/04/2025 08:26,London Brixton,Ellis Maloney,"Regular Smoothies - Carrot Kick - 2.00, Large Speciality Tea - Earl Grey - 1.60, Regular Espresso - 1.50",5.1,CASH,
16/04/2025 08:27,London Brixton,Richard Bienenstock,Large Speciality Tea - Earl Grey - 1.60,1.6,CARD,6338700779835155
16/04/2025 08:28,London Brixton,Delores Gwynn,Large Smoothies - Glowing Greens - 2.50,2.5,CASH,
16/04/2025 08:29,London Brixton,Elizabeth Calahan,Regular Hot chocolate - 2.20,2.2,CARD,5910074693393203
16/04/2025 08:30,London Brixton,Robert Bonson,"Regular Frappes - Strawberries & Cream - 2.75, Regular Iced americano - 2.15",4.9,CARD,2790786920958252
16/04/2025 08:31,London Brixton,Marion Johnson,"Regular Frappes - Strawberries & Cream - 2.75, Large Smoothies - Glowing Greens - 2.50, Large Iced americano - 2.50, Regular Hot chocolate - 2.20, Regular Smoothies - Glowing Greens - 2.00, Regular Smoothies - Glowing Greens - 2.00",13.95,CARD,7716404343044173
16/04/2025 08:32,London Brixton,David Botsford,"Large Smoothies - Glowing Greens - 2.50, Regular Cappuccino - 2.15",4.65,CARD,9023960588326992
16/04/2025 08:33,London Brixton,Amy Giffin,"Regular Iced americano - 2.15, Regular Hot chocolate - 2.20",4.35,CASH,
16/04/2025 08:34,London Brixton,Kevin Whitehead,"Regular Smoothies - Glowing Greens - 2.00, Large Hot chocolate - 2.90",4.9,CARD,4447617696809300
16/04/2025 08:35,London Brixton,Steven Megown,"Regular Frappes - Strawberries & Cream - 2.75, Regular Frappes - Strawberries & Cream - 2.75, Regular Espresso - 1.50, Regular Smoothies - Carrot Kick - 2.00",9.0,CASH,
16/04/2025 08:36,London Brixton,Stuart Hamilton,"Large Cappuccino - 2.45, Large Iced americano - 2.50, Large Smoothies - Glowing Greens - 2.50, Regular Smoothies - Glowing Greens - 2.00, Regular Speciality Tea - Earl Grey - 1.30, Large Smoothies - Carrot Kick - 2.50",13.25,CARD,2227058753509056
16/04/2025 08:37,London Brixton,Brigitte Brown,"Large Smoothies - Carrot Kick - 2.50, Large Iced americano - 2.50, Regular Frappes - Strawberries & Cream - 2.75, Large Frappes - Strawberries & Cream - 3.25",11.0,CARD,4055549698967339
16/04/2025 08:38,London Brixton,Joyce Potter,Large Frappes - Strawberries & Cream - 3.25,3.25,CASH,
16/04/2025 08:39,London Brixton,Lea Lawler,Regular Iced americano - 2.15,2.15,CARD,2037777876387929
16/04/2025 08:40,London Brixton,Todd Jones,"Regular Smoothies - Carrot Kick - 2.00, Large Cappuccino - 2.45, Regular Hot chocolate - 2.20, Regular Hot chocolate - 2.20, Regular Speciality Tea - Earl Grey - 1.30",10.15,CASH,
16/04/2025 08:41,London Brixton,Maureen Tate,"Regular Smoothies - Glowing Greens - 2.00, Regular Frappes - Strawberries & Cream - 2.75",4.75,CARD,7882741692239074
16/04/2025 08:42,London Brixton,Mary Stackhouse,Regular Speciality Tea - Earl Grey - 1.30,1.3,CARD,6115531973480661
16/04/2025 08:43,London Brixton,Alexander Welch,"Regular Hot chocolate - 2.20, Regular Smoothies - Glowing Greens - 2.00, Regular Speciality Tea - Earl Grey - 1.30, Large Iced americano - 2.50, Regular Cappuccino - 2.15",10.15,CARD,2697777508229011
16/04/2025 08:44,London Brixton,Theodore Williams,"Large Iced americano - 2.50, Large Hot chocolate - 2.90, Regular Iced americano - 2.15, Large Hot chocolate - 2.90, Large Iced americano - 2.50",12.95,CASH,
16/04/2025 08:45,London Brixton,Paul Grove,"Regular Speciality Tea - Earl Grey - 1.30, Regular Espresso - 1.50",2.8,CASH,
16/04/2025 08:46,London Brixton,Danielle Sessoms,Regular Frappes - Strawberries & Cream - 2.75,2.75,CARD,8892444955028746
16/04/2025 08:47,London Brixton,Carl Beaver,"Regular Speciality Tea - Earl Grey - 1.30, Large Speciality Tea - Earl Grey - 1.60, Regular Hot chocolate - 2.20, Large Iced americano - 2.50",7.6,CARD,3006609082763670
16/04/2025 08:48,London Brixton,Ruby Barrow,"Regular Espresso - 1.50, Large Speciality Tea - Earl Grey - 1.60, Large Cappuccino - 2.45, Regular Cappuccino - 2.15, Regular Frappes - Strawberries & Cream - 2.75",10.45,CARD,5019412293212454
16/04/2025 08:49,London Brixton,Beatrice Austin,"Large Espresso - 1.80, Large Espresso - 1.80, Large Espresso - 1.80",5.4,CARD,6504901947147943
16/04/2025 08:50,London Brixton,Jill Perez,"Regular Smoothies - Carrot Kick - 2.00, Large Cappuccino - 2.45",4.45,CASH,
16/04/2025 08:51,London Brixton,Charles Shapiro,Large Smoothies - Glowing Greens - 2.50,2.5,CASH,
16/04/2025 08:52,London Brixton,Nedra Fruman,"Regular Cappuccino - 2.15, Large Hot chocolate - 2.90",5.05,CARD,2005491283242986
16/04/2025 08:53,London Brixton,Amy Whit,"Large Cappuccino - 2.45, Regular Cappuccino - 2.15",4.6,CASH,
16/04/2025 08:54,London Brixton,Timothy Johnson,"Large Cappuccino - 2.45, Large Smoothies - Glowing Greens - 2.50",4.95,CARD,2075900728745569
16/04/2025 08:55,London Brixton,Dean Ortega,Regular Smoothies - Glowing Greens - 2.00,2.0,CASH,
16/04/2025 08:56,London Brixton,Donna Sloan,"Large Frappes - Strawberries & Cream - 3.25, Large Iced americano - 2.50, Large Smoothies - Glowing Greens - 2.50, Large Speciality Tea - Earl Grey - 1.60",9.85,CARD,8903479406215370
16/04/2025 08:57,London Brixton,Jonathan Rivard,Large Hot chocolate - 2.90,2.9,CARD,4309831813743675
16/04/2025 08:58,London Brixton,Ann Brennan,"Regular Iced americano - 2.15, Large Speciality Tea - Earl Grey - 1.60, Regular Smoothies - Carrot Kick - 2.00, Regular Speciality Tea - Earl Grey - 1.30, Large Speciality Tea - Earl Grey - 1.60",8.65,CARD,4005768380258233
16/04/2025 08:59,London Brixton,Youlanda Crowder,Regular Speciality Tea - Earl Grey - 1.30,1.3,CARD,9401437610732351
16/04/2025 08:59,London Brixton,Maria Siegel,Regular Speciality Tea - Earl Grey - 1.30,1.3,CARD,5874361815991882
16/04/2025 09:00,London Brixton,Wade Caddick,Large Espresso - 1.80,1.8,CASH,
16/04/2025 09:02,London Brixton,Gabriel Hall,"Regular Espresso - 1.50, Large Hot chocolate - 2.90, Large Espresso - 1.80, Large Speciality Tea - Earl Grey - 1.60, Regular Smoothies - Glowing Greens - 2.00, Large Smoothies - Glowing Greens - 2.50",12.3,CARD,4840165820170655
16/04/2025 09:03,London Brixton,Tomas Witcher,"Large Smoothies - Glowing Greens - 2.50, Large Iced americano - 2.50",5.0,CARD,3837167816191079
16/04/2025 09:04,London Brixton,Walter Robinson,"Large Espresso - 1.80, Regular Iced americano - 2.15",3.95,CASH,
16/04/2025 09:05,London Brixton,Nancy James,"Large Speciality Tea - Earl Grey - 1.60, Large Hot chocolate - 2.90, Large Frappes - Strawberries & Cream - 3.25, Regular Smoothies - Glowing Greens - 2.00, Regular Smoothies - Glowing Greens - 2.00",11.75,CASH,
16/04/2025 09:06,London Brixton,Amber Martin,"Regular Cappuccino - 2.15, Large Smoothies - Carrot Kick - 2.50, Large Espresso - 1.80",6.45,CARD,3868953839997926
16/04/2025 09:07,London Brixton,Mary Lanier,"Large Smoothies - Carrot Kick - 2.50, Regular Smoothies - Carrot Kick - 2.00, Large Cappuccino - 2.45",6.95,CARD,8298910399513870
16/04/2025 09:09,London Brixton,Andrew Boland,"Regular Cappuccino - 2.15, Regular Hot chocolate - 2.20, Regular Frappes - Strawberries & Cream - 2.75, Regular Smoothies - Carrot Kick - 2.00",9.1,CARD,9204831851597849
16/04/2025 09:10,London Brixton,Rosa Solis,"Large Cappuccino - 2.45, Regular Speciality Tea - Earl Grey - 1.30",3.75,CASH,
16/04/2025 09:11,London Brixton,Ralph Givens,"Regular Speciality Tea - Earl Grey - 1.30, Regular Espresso - 1.50, Regular Iced americano - 2.15",4.95,CASH,
16/04/2025 09:12,London Brixton,Shannon Dobkowski,"Large Iced americano - 2.50, Regular Cappuccino - 2.15",4.65,CARD,1210482911974692
16/04/2025 09:13,London Brixton,Anna Ward,"Large Cappuccino - 2.45, Large Frappes - Strawberries & Cream - 3.25, Large Cappuccino - 2.45",8.15,CARD,6319129784692179
16/04/2025 09:14,London Brixton,Philip Grimes,"Large Cappuccino - 2.45, Large Espresso - 1.80, Regular Speciality Tea - Earl Grey - 1.30",5.55,CASH,
16/04/2025 09:16,London Brixton,Anthony Kish,"Regular Frappes - Strawberries & Cream - 2.75, Regular Espresso - 1.50, Regular Speciality Tea - Earl Grey - 1.30",5.55,CARD,5229198242928660
16/04/2025 09:17,London Brixton,Patricia Miller,"Regular Espresso - 1.50, Large Smoothies - Carrot Kick - 2.50, Large Smoothies - Glowing Greens - 2.50, Large Hot chocolate - 2.90, Large Speciality Tea - Earl Grey - 1.60",11.0,CARD,1121671087334487
16/04/2025 09:18,London Brixton,Jeff Mccain,"Regular Hot chocolate - 2.20, Regular Cappuccino - 2.15, Large Espresso - 1.80, Large Frappes - Strawberries & Cream - 3.25, Regular Speciality Tea - Earl Grey - 1.30",10.7,CARD,7219544071685238
16/04/2025 09:19,London Brixton,Frank Wood,"Regular Hot chocolate - 2.20, Regular Speciality Tea - Earl Grey - 1.30",3.5,CARD,7317233139094369
16/04/2025 09:20,London Brixton,Ruth Shah,"Large Frappes - Strawberries & Cream - 3.25, Regular Cappuccino - 2.15, Large Cappuccino - 2.45, Large Espresso - 1.80",9.65,CARD,1150647395777771
16/04/2025 09:21,London Brixton,Robert Bond,Large Espresso - 1.80,1.8,CASH,
16/04/2025 09:23,London Brixton,Floyd Joslin,"Large Smoothies - Glowing Greens - 2.50, Large Smoothies - Glowing Greens - 2.50",5.0,CARD,2602960156017629
16/04/2025 09:24,London Brixton,Diane Harris,"Regular Cappuccino - 2.15, Large Cappuccino - 2.45, Regular Smoothies - Glowing Greens - 2.00, Large Smoothies - Carrot Kick - 2.50",9.1,CASH,
16/04/2025 09:25,London Brixton,Peter Langston,"Regular Frappes - Strawberries & Cream - 2.75, Large Iced americano - 2.50, Large Iced americano - 2.50, Large Iced americano - 2.50",10.25,CARD,3300319882947238
16/04/2025 09:26,London Brixton,Cheri Carlson,"Large Iced americano - 2.50, Regular Iced americano - 2.15",4.65,CASH,
16/04/2025 09:27,London Brixton,Marcus Martin,"Regular Smoothies - Glowing Greens - 2.00, Large Cappuccino - 2.45, Large Hot chocolate - 2.90, Regular Smoothies - Glowing Greens - 2.00, Regular Cappuccino - 2.15",11.5,CARD,4300530096548147
16/04/2025 09:28,London Brixton,Diana Brahler,"Large Hot chocolate - 2.90, Large Hot chocolate - 2.90, Regular Smoothies - Carrot Kick - 2.00, Large Smoothies - Glowing Greens - 2.50, Large Espresso - 1.80, Large Frappes - Strawberries & Cream - 3.25",15.35,CASH,
16/04/2025 09:30,London Brixton,Wendy Greer,"Large Cappuccino - 2.45, Large Smoothies - Carrot Kick - 2.50",4.95,CASH,
16/04/2025 09:31,London Brixton,Lena Givens,Regular Smoothies - Glowing Greens - 2.00,2.0,CARD,4961819309135390
16/04/2025 09:32,London Brixton,Terry Eskew,"Large Cappuccino - 2.45, Regular Smoothies - Glowing Greens - 2.00, Large Iced americano - 2.50, Large Espresso - 1.80",8.75,CARD,3129584345861159
16/04/2025 09:33,London Brixton,John Mccarthy,Regular Frappes - Strawberries & Cream - 2.75,2.75,CARD,3033899688531249
16/04/2025 09:34,London Brixton,Jacob Cole,"Regular Smoothies - Glowing Greens - 2.00, Regular Frappes - Strawberries & Cream - 2.75, Large Espresso - 1.80, Large Frappes - Strawberries & Cream - 3.25, Large Iced americano - 2.50, Regular Hot chocolate - 2.20",14.5,CARD,5767488462832165
16/04/2025 09:35,London Brixton,Lester Kohnke,Large Iced americano - 2.50,2.5,CARD,7196682322215875
16/04/2025 09:37,London Brixton,Nina Scales,"Large Iced americano - 2.50, Regular Smoothies - Carrot Kick - 2.00, Regular Speciality Tea - Earl Grey - 1.30",5.8,CARD,9760485880867823
16/04/2025 09:38,London Brixton,Marcelle Barnhill,Regular Speciality Tea - Earl Grey - 1.30,1.3,CARD,6768181696250487
16/04/2025 09:39,London Brixton,Paula Hamby,Large Cappuccino - 2.45,2.45,CARD,3280935722955678
16/04/2025 09:40,London Brixton,Cheryl Ward,Large Speciality Tea - Earl Grey - 1.60,1.6,CARD,1536969218322157
16/04/2025 09:41,London Brixton,Cynthia Navarro,"Regular Smoothies - Glowing Greens - 2.00, Large Frappes - Strawberries & Cream - 3.25",5.25,CARD,1137659018519389
16/04/2025 09:42,London Brixton,William Brown,Large Frappes - Strawberries & Cream - 3.25,3.25,CARD,2069765120630431
16/04/2025 09:44,London Brixton,Kiera Wright,"Regular Espresso - 1.50, Large Iced americano - 2.50, Regular Smoothies - Glowing Greens - 2.00, Large Cappuccino - 2.45",8.45,CARD,8008100493244387
16/04/2025 09:45,London Brixton,Jason Whitener,"Regular Frappes - Strawberries & Cream - 2.75, Large Espresso - 1.80, Regular Frappes - Strawberries & Cream - 2.75, Regular Hot chocolate - 2.20",9.5,CARD,8106697060354057
16/04/2025 09:46,London Brixton,Doris Garrison,Regular Frappes - Strawberries & Cream - 2.75,2.75,CARD,4751119736460679
16/04/2025 09:47,London Brixton,Jenny Reed,"Regular Smoothies - Glowing Greens - 2.00, Large Espresso - 1.80",3.8,CASH,
16/04/2025 09:48,London Brixton,Grant Beckley,Large Cappuccino - 2.45,2.45,CARD,5931128905962290
16/04/2025 09:49,London Brixton,Michele Hordge,"Regular Iced americano - 2.15, Regular Espresso - 1.50",3.65,CASH,
16/04/2025 09:51,London Brixton,Angela Deal,"Regular Espresso - 1.50, Large Hot chocolate - 2.90, Large Smoothies - Glowing Greens - 2.50, Regular Frappes - Strawberries & Cream - 2.75, Regular Frappes - Strawberries & Cream - 2.75, Large Frappes - Strawberries & Cream - 3.25",15.65,CARD,4627911950865319
16/04/2025 09:52,London Brixton,Rebecca Langston,"Large Espresso - 1.80, Regular Speciality Tea - Earl Grey - 1.30, Large Speciality Tea - Earl Grey - 1.60, Large Espresso - 1.80",6.5,CARD,6977411859704246
16/04/2025 09:53,London Brixton,Dorothy Larosa,"Regular Smoothies - Glowing Greens - 2.00, Large Cappuccino - 2.45, Large Iced americano - 2.50, Large Frappes - Strawberries & Cream - 3.25",10.2,CASH,
16/04/2025 09:54,London Brixton,James Salazar,"Regular Hot chocolate - 2.20, Large Cappuccino - 2.45, Regular Iced americano - 2.15",6.8,CASH,
16/04/2025 09:55,London Brixton,Lawrence Austin,"Large Iced americano - 2.50, Large Hot chocolate - 2.90, Large Smoothies - Glowing Greens - 2.50, Regular Hot chocolate - 2.20, Large Smoothies - Glowing Greens - 2.50, Regular Frappes - Strawberries & Cream - 2.75",15.35,CASH,
16/04/2025 09:56,London Brixton,Mary Wilson,"Large Smoothies - Glowing Greens - 2.50, Large Frappes - Strawberries & Cream - 3.25, Regular Espresso - 1.50, Large Smoothies - Glowing Greens - 2.50, Regular Smoothies - Glowing Greens - 2.00, Large Smoothies - Glowing Greens - 2.50",14.25,CARD,7875781357403421
16/04/2025 09:58,London Brixton,Larry Paddock,"Large Hot chocolate - 2.90, Regular Hot chocolate - 2.20, Large Cappuccino - 2.45",7.55,CARD,8642471896691677
16/04/2025 09:59,London Brixton,Margery Cox,"Large Cappuccino - 2.45, Regular Cappuccino - 2.15",4.6,CARD,4463254406049935
16/04/2025 10:00,London Brixton,Theodore Fisher,"Large Iced americano - 2.50, Regular Speciality Tea - Earl Grey - 1.30, Large Hot chocolate - 2.90",6.7,CASH,
16/04/2025 10:01,London Brixton,Patricia Palma,"Large Hot chocolate - 2.90, Large Speciality Tea - Earl Grey - 1.60",4.5,CARD,8160078810717480
16/04/2025 10:02,London Brixton,Mirtha Keys,"Regular Cappuccino - 2.15, Large Hot chocolate - 2.90",5.05,CARD,9575034546412222
16/04/2025 10:03,London Brixton,Joanne Tornatore,"Regular Iced americano - 2.15, Regular Hot chocolate - 2.20",4.35,CASH,
16/04/2025 10:05,London Brixton,James Lawrence,Regular Speciality Tea - Earl Grey - 1.30,1.3,CASH,
16/04/2025 10:06,London Brixton,Jacob Carder,"Large Cappuccino - 2.45, Regular Iced americano - 2.15",4.6,CARD,2177896203130068
16/04/2025 10:07,London Brixton,David Santos,"Regular Hot chocolate - 2.20, Large Smoothies - Glowing Greens - 2.50, Regular Espresso - 1.50",6.2,CASH,
16/04/2025 10:08,London Brixton,Steve Johnson,"Large Frappes - Strawberries & Cream - 3.25, Large Frappes - Strawberries & Cream - 3.25",6.5,CARD,8333685607907323
16/04/2025 10:09,London Brixton,Ashley Rose,Large Iced americano - 2.50,2.5,CARD,7960954800239416
16/04/2025 10:10,London Brixton,Albert Diaz,Regular Smoothies - Carrot Kick - 2.00,2.0,CASH,
16/04/2025 10:12,London Brixton,Francisco Lieberman,"Regular Espresso - 1.50, Large Espresso - 1.80, Large Cappuccino - 2.45, Large Cappuccino - 2.45, Regular Cappuccino - 2.15, Large Smoothies - Carrot Kick - 2.50",12.85,CASH,
16/04/2025 10:13,London Brixton,Lynn Prosperie,Large Smoothies - Glowing Greens - 2.50,2.5,CARD,9719521191214124
16/04/2025 10:14,London Brixton,Sue Lovell,"Regular Espresso - 1.50, Large Smoothies - Glowing Greens - 2.50",4.0,CARD,7387762861859958
16/04/2025 10:15,London Brixton,Gary Gregg,"Large Espresso - 1.80, Large Smoothies - Carrot Kick - 2.50",4.3,CARD,9106885899088140
16/04/2025 10:16,London Brixton,James Hastings,"Large Frappes - Strawberries & Cream - 3.25, Large Hot chocolate - 2.90, Large Frappes - Strawberries & Cream - 3.25, Large Speciality Tea - Earl Grey - 1.60, Regular Cappuccino - 2.15, Large Frappes - Strawberries & Cream - 3.25",16.4,CASH,
16/04/2025 10:17,London Brixton,Joe Santiago,Regular Smoothies - Carrot Kick - 2.00,2.0,CARD,5985895693726522
16/04/2025 10:19,London Brixton,Taryn Bronson,"Regular Speciality Tea - Earl Grey - 1.30, Regular Smoothies - Carrot Kick - 2.00, Large Hot chocolate - 2.90, Regular Iced americano - 2.15, Regular Smoothies - Carrot Kick - 2.00",10.35,CASH,
16/04/2025 10:20,London Brixton,Katherine Steinle,"Regular Iced americano - 2.15, Large Smoothies - Glowing Greens - 2.50, Regular Smoothies - Glowing Greens - 2.00, Regular Smoothies - Carrot Kick - 2.00",8.65,CARD,5543736069355057
16/04/2025 10:21,London Brixton,Lorraine Thomas,Large Iced americano - 2.50,2.5,CARD,5130316531486165
16/04/2025 10:22,London Brixton,Julie Francis,Regular Iced americano - 2.15,2.15,CASH,
16/04/2025 10:23,London Brixton,Kirk Bradley,"Large Frappes - Strawberries & Cream - 3.25, Regular Cappuccino - 2.15, Large Smoothies - Carrot Kick - 2.50, Regular Speciality Tea - Earl Grey - 1.30",9.2,CARD,6508661149970708
16/04/2025 10:24,London Brixton,Matthew Richardson,Regular Hot chocolate - 2.20,2.2,CASH,
16/04/2025 10:26,London Brixton,Bryan Sam,"Large Smoothies - Glowing Greens - 2.50, Large Speciality Tea - Earl Grey - 1.60, Large Smoothies - Carrot Kick - 2.50",6.6,CASH,
16/04/2025 10:27,London Brixton,Alicia Jalbert,"Regular Speciality Tea - Earl Grey - 1.30, Large Frappes - Strawberries & Cream - 3.25, Large Smoothies - Glowing Greens - 2.50, Regular Iced americano - 2.15",9.2,CARD,7943586147495431
16/04/2025 10:28,London Brixton,Rachel Metheny,"Regular Frappes - Strawberries & Cream - 2.75, Large Iced americano - 2.50",5.25,CARD,4568605803452643
16/04/2025 10:29,London Brixton,Dierdre Marion,"Regular Smoothies - Glowing Greens - 2.00, Regular Smoothies - Carrot Kick - 2.00",4.0,CARD,1149288498297438
16/04/2025 10:30,London Brixton,William Clinton,"Large Espresso - 1.80, Large Speciality Tea - Earl Grey - 1.60",3.4,CARD,1591706015444965
16/04/2025 10:31,London Brixton,Robert Mullins,"Regular Speciality Tea - Earl Grey - 1.30, Regular Cappuccino - 2.15",3.45,CARD,6392487792287341
16/04/2025 10:33,London Brixton,Brad Brown,Regular Hot chocolate - 2.20,2.2,CASH,
16/04/2025 10:34,London Brixton,Jessica Davie,"Large Iced americano - 2.50, Large Frappes - Strawberries & Cream - 3.25, Large Smoothies - Glowing Greens - 2.50",8.25,CASH,
16/04/2025 10:35,London Brixton,Nita Mutz,"Large Iced americano - 2.50, Large Hot chocolate - 2.90",5.4,CARD,3917134056748818
16/04/2025 10:36,London Brixton,Dulce Patrick,"Regular Espresso - 1.50, Large Speciality Tea - Earl Grey - 1.60",3.1,CARD,7479100590999592
16/04/2025 10:37,London Brixton,Sarah Dorsey,"Regular Hot chocolate - 2.20, Regular Hot chocolate - 2.20, Large Speciality Tea - Earl Grey - 1.60",6.0,CARD,9196999132954265
16/04/2025 10:38,London Brixton,Ronald Brown,"Large Smoothies - Glowing Greens - 2.50, Large Smoothies - Glowing Greens - 2.50, Large Iced americano - 2.50, Large Hot chocolate - 2.90",10.4,CASH,
16/04/2025 10:40,London Brixton,Guy Best,"Large Frappes - Strawberries & Cream - 3.25, Regular Hot chocolate - 2.20",5.45,CARD,2807587545040894
16/04/2025 10:41,London Brixton,Nancy Combs,"Regular Iced americano - 2.15, Large Cappuccino - 2.45",4.6,CASH,
16/04/2025 10:42,London Brixton,Robert Schultz,"Regular Frappes - Strawberries & Cream - 2.75, Regular Iced americano - 2.15, Large Smoothies - Carrot Kick - 2.50, Large Smoothies - Glowing Greens - 2.50, Large Cappuccino - 2.45",12.35,CASH,
16/04/2025 10:43,London Brixton,Richard Kulick,"Regular Speciality Tea - Earl Grey - 1.30, Large Cappuccino - 2.45, Regular Speciality Tea - Earl Grey - 1.30, Regular Speciality Tea - Earl Grey - 1.30, Regular Espresso - 1.50",7.85,CASH,
16/04/2025 10:44,London Brixton,Oliver Ramsey,"Large Smoothies - Carrot Kick - 2.50, Regular Speciality Tea - Earl Grey - 1.30, Regular Smoothies - Carrot Kick - 2.00, Regular Hot chocolate - 2.20, Regular Smoothies - Glowing Greens - 2.00",10.0,CARD,9551091974539011
16/04/2025 10:45,London Brixton,Mary Bowl,"Regular Cappuccino - 2.15, Large Smoothies - Glowing Greens - 2.50, Regular Speciality Tea - Earl Grey - 1.30, Large Cappuccino - 2.45",8.4,CARD,4114798388394039
16/04/2025 10:47,London Brixton,Brian Bliven,"Regular Espresso - 1.50, Large Frappes - Strawberries & Cream - 3.25, Large Smoothies - Glowing Greens - 2.50, Regular Speciality Tea - Earl Grey - 1.30, Regular Iced americano - 2.15",10.7,CASH,
16/04/2025 10:48,London Brixton,Edward Mccreight,"Regular Speciality Tea - Earl Grey - 1.30, Regular Smoothies - Glowing Greens - 2.00",3.3,CASH,
16/04/2025 10:49,London Brixton,Charles Jenny,"Regular Speciality Tea - Earl Grey - 1.30, Regular Hot chocolate - 2.20",3.5,CASH,
16/04/2025 10:50,London Brixton,Dawn Widener,Regular Espresso - 1.50,1.5,CARD,2724004210736745
16/04/2025 10:51,London Brixton,Edward Walsh,"Regular Speciality Tea - Earl Grey - 1.30, Regular Speciality Tea - Earl Grey - 1.30",2.6,CARD,5942331804612175
16/04/2025 10:52,London Brixton,Audrey Moseley,Large Hot chocolate - 2.90,2.9,CARD,3361962777176480
16/04/2025 10:54,London Brixton,Shannon Pappas,"Large Espresso - 1.80, Large Iced americano - 2.50, Large Smoothies - Carrot Kick - 2.50, Large Espresso - 1.80, Large Iced americano - 2.50",11.1,CARD,4300058940556517
16/04/2025 10:55,London Brixton,Jessie Robinson,"Regular Speciality Tea - Earl Grey - 1.30, Regular Smoothies - Glowing Greens - 2.00, Large Smoothies - Glowing Greens - 2.50",5.8,CARD,9481011785232134
16/04/2025 10:56,London Brixton,James Snyder,Regular Smoothies - Carrot Kick - 2.00,2.0,CARD,8807415489764614
16/04/2025 10:57,London Brixton,Kathrine Holguin,"Large Frappes - Strawberries & Cream - 3.25, Large Smoothies - Carrot Kick - 2.50",5.75,CASH,
16/04/2025 10:58,London Brixton,Abigail Fondren,"Large Iced americano - 2.50, Large Speciality Tea - Earl Grey - 1.60, Regular Hot chocolate - 2.20, Regular Hot chocolate - 2.20",8.5,CARD,9821634944512771
16/04/2025 10:59,London Brixton,Robert Ragan,"Regular Smoothies - Carrot Kick - 2.00, Regular Espresso - 1.50, Regular Cappuccino - 2.15",5.65,CARD,5916662232302520
16/04/2025 11:01,London Brixton,Kenneth Hayhoe,"Large Hot chocolate - 2.90, Large Speciality Tea - Earl Grey - 1.60, Large Frappes - Strawberries & Cream - 3.25, Large Speciality Tea - Earl Grey - 1.60, Regular Smoothies - Glowing Greens - 2.00",11.35,CARD,7216397564607705
16/04/2025 11:03,London Brixton,Amy Pahulu,"Regular Smoothies - Carrot Kick - 2.00, Large Speciality Tea - Earl Grey - 1.60",3.6,CARD,6417091592042557
16/04/2025 11:04,London Brixton,Thomas Olson,Regular Speciality Tea - Earl Grey - 1.30,1.3,CARD,3489694209956387
16/04/2025 11:06,London Brixton,Brandy Folk,Regular Speciality Tea - Earl Grey - 1.30,1.3,CARD,6420436257629001
16/04/2025 11:08,London Brixton,Curtis Tallent,"Regular Hot chocolate - 2.20, Regular Speciality Tea - Earl Grey - 1.30",3.5,CARD,7638620099787060
16/04/2025 11:10,London Brixton,Kenneth Linn,Regular Cappuccino - 2.15,2.15,CARD,9391736647573749
16/04/2025 11:12,London Brixton,Susan Triplett,"Regular Hot chocolate - 2.20, Regular Frappes - Strawberries & Cream - 2.75, Large Hot chocolate - 2.90",7.85,CARD,1939227315173015
16/04/2025 11:14,London Brixton,Stephen Norton,Large Smoothies - Carrot Kick - 2.50,2.5,CARD,8685484653600799
16/04/2025 11:16,London Brixton,Vincent Tigerino,"Regular Hot chocolate - 2.20, Large Iced americano - 2.50, Regular Smoothies - Carrot Kick - 2.00, Large Cappuccino - 2.45, Regular Frappes - Strawberries & Cream - 2.75",11.9,CASH,
16/04/2025 11:17,London Brixton,Dorthy Athan,"Large Smoothies - Carrot Kick - 2.50, Large Iced americano - 2.50, Regular Espresso - 1.50, Regular Iced americano - 2.15",8.65,CARD,8047994787910948
16/04/2025 11:19,London Brixton,Thomas Gonzalez,"Regular Iced americano - 2.15, Large Iced americano - 2.50, Large Hot chocolate - 2.90, Large Hot chocolate - 2.90, Large Speciality Tea - Earl Grey - 1.60, Regular Iced americano - 2.15",14.2,CARD,5237804666934941
16/04/2025 11:21,London Brixton,Natalie Graves,Regular Smoothies - Glowing Greens - 2.00,2.0,CASH,
16/04/2025 11:23,London Brixton,Jack Smith,Regular Hot chocolate - 2.20,2.2,CARD,8666997344315677
16/04/2025 11:25,London Brixton,Steve Hamilton,"Large Hot chocolate - 2.90, Large Cappuccino - 2.45, Large Frappes - Strawberries & Cream - 3.25",8.6,CASH,
16/04/2025 11:27,London Brixton,Glenda Bostic,"Regular Speciality Tea - Earl Grey - 1.30, Regular Frappes - Strawberries & Cream - 2.75, Large Cappuccino - 2.45",6.5,CARD,1500327830667205
16/04/2025 11:29,London Brixton,Robert Charity,Regular Iced americano - 2.15,2.15,CASH,
16/04/2025 11:31,London Brixton,Sean Baron,Large Espresso - 1.80,1.8,CARD,9263906647683004
16/04/2025 11:32,London Brixton,Richard Zavala,"Regular Iced americano - 2.15, Large Espresso - 1.80",3.95,CARD,1792720063007096
16/04/2025 11:34,London Brixton,Jose Riso,Regular Iced americano - 2.15,2.15,CARD,6388204959895561
16/04/2025 11:36,London Brixton,Michelle Chadwick,Regular Espresso - 1.50,1.5,CARD,4040757370264950
16/04/2025 11:38,London Brixton,Jasmine Hebert,"Regular Hot chocolate - 2.20, Regular Frappes - Strawberries & Cream - 2.75",4.95,CASH,
16/04/2025 11:40,London Brixton,Isaac Harvey,Regular Smoothies - Glowing Greens - 2.00,2.0,CARD,6232489005827785
16/04/2025 11:42,London Brixton,Deborah Shelton,"Large Smoothies - Glowing Greens - 2.50, Large Smoothies - Carrot Kick - 2.50",5.0,CARD,6045991312613413
16/04/2025 11:44,London Brixton,Francisco Mcneal,Regular Espresso - 1.50,1.5,CASH,
16/04/2025 11:45,London Brixton,David Green,"Large Cappuccino - 2.45, Regular Smoothies - Carrot Kick - 2.00, Large Speciality Tea - Earl Grey - 1.60, Large Hot chocolate - 2.90, Regular Speciality Tea - Earl Grey - 1.30",10.25,CARD,7172156129828289
16/04/2025 11:47,London Brixton,Joann Desmith,"Large Speciality Tea - Earl Grey - 1.60, Large Cappuccino - 2.45, Large Iced americano - 2.50, Regular Hot chocolate - 2.20",8.75,CARD,3812270614794175
16/04/2025 11:49,London Brixton,Gertrude Schaefer,"Large Frappes - Strawberries & Cream - 3.25, Regular Speciality Tea - Earl Grey - 1.30, Large Smoothies - Carrot Kick - 2.50, Regular Cappuccino - 2.15, Large Smoothies - Glowing Greens - 2.50",11.7,CASH,
16/04/2025 11:51,London Brixton,Steve Collins,"Regular Frappes - Strawberries & Cream - 2.75, Large Espresso - 1.80",4.55,CARD,7406030862371813
16/04/2025 11:53,London Brixton,Phillip Braun,"Large Hot chocolate - 2.90, Large Smoothies - Carrot Kick - 2.50",5.4,CARD,9228198358348410
16/04/2025 11:55,London Brixton,Stacy Ozuna,"Large Espresso - 1.80, Regular Smoothies - Carrot Kick - 2.00, Large Hot chocolate - 2.90, Large Frappes - Strawberries & Cream - 3.25",9.95,CARD,8291245503958054
16/04/2025 11:57,London Brixton,Richard Wackerly,"Large Cappuccino - 2.45, Large Smoothies - Glowing Greens - 2.50, Large Speciality Tea - Earl Grey - 1.60, Regular Cappuccino - 2.15",8.7,CARD,1198203047497975
16/04/2025 11:59,London Brixton,Damon Alm,"Regular Smoothies - Glowing Greens - 2.00, Regular Espresso - 1.50",3.5,CARD,8708300074323636
16/04/2025 12:00,London Brixton,Nathan Thomas,Large Speciality Tea - Earl Grey - 1.60,1.6,CARD,9138404912764467
16/04/2025 12:02,London Brixton,Bob Perez,Large Speciality Tea - Earl Grey - 1.60,1.6,CASH,
16/04/2025 12:04,London Brixton,Jenna Watkins,"Large Espresso - 1.80, Regular Iced americano - 2.15, Regular Smoothies - Carrot Kick - 2.00",5.95,CARD,8562515026360743
16/04/2025 12:06,London Brixton,Joy Gilbert,Regular Smoothies - Carrot Kick - 2.00,2.0,CARD,1692772600595649
16/04/2025 12:08,London Brixton,Christina Maner,Regular Iced americano - 2.15,2.15,CARD,4786407342064584
16/04/2025 12:10,London Brixton,Brittany Kirby,"Large Smoothies - Carrot Kick - 2.50, Large Cappuccino - 2.45, Regular Iced americano - 2.15, Large Cappuccino - 2.45, Large Smoothies - Carrot Kick - 2.50",12.05,CARD,5909553026262927
16/04/2025 12:12,London Brixton,Paul Redinger,"Regular Iced americano - 2.15, Regular Frappes - Strawberries & Cream - 2.75",4.9,CASH,
16/04/2025 12:14,London Brixton,Catherine Reddy,"Regular Espresso - 1.50, Large Espresso - 1.80, Large Frappes - Strawberries & Cream - 3.25",6.55,CARD,4119146525551195
16/04/2025 12:16,London Brixton,David Dolan,"Regular Frappes - Strawberries & Cream - 2.75, Regular Hot chocolate - 2.20, Regular Smoothies - Glowing Greens - 2.00, Large Speciality Tea - Earl Grey - 1.60",8.55,CASH,
16/04/2025 12:18,London Brixton,Isreal Patel,"Large Hot chocolate - 2.90, Large Iced americano - 2.50",5.4,CASH,
16/04/2025 12:20,London Brixton,Leroy Heath,"Large Cappuccino - 2.45, Large Smoothies - Glowing Greens - 2.50, Regular Speciality Tea - Earl Grey - 1.30",6.25,CARD,6941998950081099
16/04/2025 12:22,London Brixton,Nathaniel Michaels,"Regular Speciality Tea - Earl Grey - 1.30, Large Smoothies - Carrot Kick - 2.50",3.8,CASH,
16/04/2025 12:24,London Brixton,Hattie Pearson,"Regular Frappes - Strawberries & Cream - 2.75, Large Hot chocolate - 2.90",5.65,CARD,6312278286293091
16/04/2025 12:26,London Brixton,Fannie Flowers,"Regular Smoothies - Carrot Kick - 2.00, Large Espresso - 1.80, Regular Cappuccino - 2.15",5.95,CASH,
16/04/2025 12:27,London Brixton,Sherri Baldino,"Regular Hot chocolate - 2.20, Large Smoothies - Glowing Greens - 2.50, Large Frappes - Strawberries & Cream - 3.25",7.95,CARD,2282069632158367
16/04/2025 12:29,London Brixton,Jeffery Blank,"Large Hot chocolate - 2.90, Regular Hot chocolate - 2.20, Large Speciality Tea - Earl Grey - 1.60, Large Hot chocolate - 2.90",9.6,CASH,
16/04/2025 12:31,London Brixton,Sue Barton,"Large Hot chocolate - 2.90, Large Iced americano - 2.50, Large Smoothies - Glowing Greens - 2.50, Regular Speciality Tea - Earl Grey - 1.30, Regular Smoothies - Carrot Kick - 2.00",11.2,CARD,7405528114275126
16/04/2025 12:33,London Brixton,Tonya Schindele,Large Frappes - Strawberries & Cream - 3.25,3.25,CARD,1733638851280634
16/04/2025 12:35,London Brixton,Yetta Hammer,Large Speciality Tea - Earl Grey - 1.60,1.6,CARD,1050404863304428
16/04/2025 12:37,London Brixton,Jesse Allen,"Regular Iced americano - 2.15, Regular Iced americano - 2.15",4.3,CASH,
16/04/2025 12:39,London Brixton,William Aleman,"Large Smoothies - Glowing Greens - 2.50, Regular Iced americano - 2.15, Regular Espresso - 1.50, Large Smoothies - Carrot Kick - 2.50",8.65,CARD,2967457747708870
16/04/2025 12:41,London Brixton,Sharon Benberry,"Regular Smoothies - Glowing Greens - 2.00, Regular Iced americano - 2.15, Large Iced americano - 2.50, Regular Espresso - 1.50, Regular Speciality Tea - Earl Grey - 1.30",9.45,CASH,
16/04/2025 12:43,London Brixton,Melinda Gross,"Large Speciality Tea - Earl Grey - 1.60, Large Frappes - Strawberries & Cream - 3.25, Large Cappuccino - 2.45",7.3,CARD,6594972035746246
16/04/2025 12:45,London Brixton,Ray Cave,"Regular Smoothies - Carrot Kick - 2.00, Large Cappuccino - 2.45",4.45,CARD,7704829419950195
16/04/2025 12:47,London Brixton,Rodney Shaw,"Large Espresso - 1.80, Large Espresso - 1.80, Regular Iced americano - 2.15, Large Speciality Tea - Earl Grey - 1.60",7.35,CASH,
16/04/2025 12:49,London Brixton,Timothy Sullivan,"Large Espresso - 1.80, Regular Iced americano - 2.15",3.95,CARD,8689492400071449
16/04/2025 12:51,London Brixton,Francis Monti,"Regular Espresso - 1.50, Large Speciality Tea - Earl Grey - 1.60, Regular Smoothies - Carrot Kick - 2.00",5.1,CARD,3107271286831816
16/04/2025 12:53,London Brixton,Jeffrey Lamb,Large Espresso - 1.80,1.8,CASH,
16/04/2025 12:55,London Brixton,William Inouye,Large Smoothies - Carrot Kick - 2.50,2.5,CARD,1439851076380700
16/04/2025 12:56,London Brixton,Mildred Vandiver,Large Speciality Tea - Earl Grey - 1.60,1.6,CARD,1435056311887510
16/04/2025 12:58,London Brixton,Kimberly Yeldell,"Large Hot chocolate - 2.90, Regular Smoothies - Carrot Kick - 2.00",4.9,CASH,
16/04/2025 13:00,London Brixton,Danielle Nelson,"Regular Cappuccino - 2.15, Regular Hot chocolate - 2.20, Regular Speciality Tea - Earl Grey - 1.30, Large Frappes - Strawberries & Cream - 3.25, Regular Iced americano - 2.15",11.05,CASH,
16/04/2025 13:01,London Brixton,Joyce Bent,Large Speciality Tea - Earl Grey - 1.60,1.6,CASH,
16/04/2025 13:02,London Brixton,Timothy Noel,"Large Speciality Tea - Earl Grey - 1.60, Regular Hot chocolate - 2.20",3.8,CASH,
16/04/2025 13:03,London Brixton,Michael Showe,"Large Frappes - Strawberries & Cream - 3.25, Large Smoothies - Glowing Greens - 2.50, Large Speciality Tea - Earl Grey - 1.60",7.35,CARD,8728074117027062
16/04/2025 13:04,London Brixton,Alicia Aguilar,Large Smoothies - Glowing Greens - 2.50,2.5,CASH,
16/04/2025 13:05,London Brixton,Valerie Armstrong,"Regular Espresso - 1.50, Regular Hot chocolate - 2.20, Regular Speciality Tea - Earl Grey - 1.30",5.0,CARD,3130002271785442
16/04/2025 13:06,London Brixton,Brenda Fontaine,Large Cappuccino - 2.45,2.45,CARD,9483263762341974
16/04/2025 13:07,London Brixton,Gerald Stidham,"Large Smoothies - Carrot Kick - 2.50, Regular Hot chocolate - 2.20, Large Frappes - Strawberries & Cream - 3.25",7.95,CASH,
16/04/2025 13:08,London Brixton,Mona Wood,Large Speciality Tea - Earl Grey - 1.60,1.6,CARD,9125795968627776
16/04/2025 13:09,London Brixton,Florence Higgins,Regular Espresso - 1.50,1.5,CARD,9166425342413995
16/04/2025 13:09,London Brixton,Virginia Faucett,"Regular Espresso - 1.50, Large Speciality Tea - Earl Grey - 1.60, Regular Frappes - Strawberries & Cream - 2.75, Regular Iced americano - 2.15",8.0,CARD,5059603067039394
16/04/2025 13:10,London Brixton,Terry Robertson,"Large Iced americano - 2.50, Regular Cappuccino - 2.15",4.65,CARD,9619657179191461
16/04/2025 13:11,London Brixton,Jacinta Godsey,"Regular Speciality Tea - Earl Grey - 1.30, Regular Hot chocolate - 2.20, Large Frappes - Strawberries & Cream - 3.25",6.75,CASH,
16/04/2025 13:12,London Brixton,Paula Carver,Large Smoothies - Glowing Greens - 2.50,2.5,CARD,6323789715927696
16/04/2025 13:13,London Brixton,Claudia Morris,"Regular Frappes - Strawberries & Cream - 2.75, Large Smoothies - Carrot Kick - 2.50, Regular Iced americano - 2.15",7.4,CASH,
16/04/2025 13:14,London Brixton,Robert Walker,Large Cappuccino - 2.45,2.45,CASH,
16/04/2025 13:15,London Brixton,David Roudebush,Large Espresso - 1.80,1.8,CARD,5621031883043598
16/04/2025 13:16,London Brixton,Keith Porter,"Regular Smoothies - Carrot Kick - 2.00, Regular Hot chocolate - 2.20, Large Speciality Tea - Earl Grey - 1.60",5.8,CASH,
16/04/2025 13:17,London Brixton,John Mcbrien,"Regular Speciality Tea - Earl Grey - 1.30, Regular Speciality Tea - Earl Grey - 1.30",2.6,CARD,9941890948598831
16/04/2025 13:18,London Brixton,Roland Walker,Large Espresso - 1.80,1.8,CARD,3319589787238813
16/04/2025 13:19,London Brixton,Sarah Eliott,"Regular Speciality Tea - Earl Grey - 1.30, Large Hot chocolate - 2.90, Regular Iced americano - 2.15, Large Speciality Tea - Earl Grey - 1.60, Regular Hot chocolate - 2.20",10.15,CASH,
16/04/2025 13:20,London Brixton,Emmanuel Holman,"Large Speciality Tea - Earl Grey - 1.60, Large Speciality Tea - Earl Grey - 1.60",3.2,CASH,
16/04/2025 13:20,London Brixton,Wendy Knight,"Regular Smoothies - Glowing Greens - 2.00, Regular Hot chocolate - 2.20",4.2,CASH,
16/04/2025 13:21,London Brixton,Steven Feliciano,"Regular Smoothies - Glowing Greens - 2.00, Regular Speciality Tea - Earl Grey - 1.30, Large Smoothies - Glowing Greens - 2.50, Large Espresso - 1.80, Regular Hot chocolate - 2.20",9.8,CASH,
16/04/2025 13:22,London Brixton,Frank Benton,"Regular Frappes - Strawberries & Cream - 2.75, Regular Hot chocolate - 2.20, Large Iced americano - 2.50, Regular Iced americano - 2.15",9.6,CARD,2621221702049304
16/04/2025 13:23,London Brixton,Craig Rogers,Regular Iced americano - 2.15,2.15,CARD,3109372907641737
16/04/2025 13:24,London Brixton,Chris Bottoms,"Regular Smoothies - Carrot Kick - 2.00, Regular Cappuccino - 2.15, Large Speciality Tea - Earl Grey - 1.60, Regular Cappuccino - 2.15, Regular Hot chocolate - 2.20, Large Speciality Tea - Earl Grey - 1.60",11.7,CARD,3960038890325233
16/04/2025 13:25,London Brixton,Andrea Ickes,"Regular Smoothies - Carrot Kick - 2.00, Large Speciality Tea - Earl Grey - 1.60",3.6,CASH,
16/04/2025 13:26,London Brixton,Nettie Shiroma,"Large Cappuccino - 2.45, Regular Iced americano - 2.15, Large Frappes - Strawberries & Cream - 3.25, Large Smoothies - Carrot Kick - 2.50",10.35,CARD,7429225648135346
16/04/2025 13:27,London Brixton,Becky Delapp,"Regular Smoothies - Carrot Kick - 2.00, Large Frappes - Strawberries & Cream - 3.25, Regular Smoothies - Glowing Greens - 2.00",7.25,CASH,
16/04/2025 13:28,London Brixton,Sam Harris,"Large Frappes - Strawberries & Cream - 3.25, Large Smoothies - Glowing Greens - 2.50, Regular Iced americano - 2.15",7.9,CASH,
16/04/2025 13:29,London Brixton,Leo Gately,"Regular Smoothies - Glowing Greens - 2.00, Regular Iced americano - 2.15",4.15,CARD,7052092163242575
16/04/2025 13:30,London Brixton,Johnny Nelson,"Regular Speciality Tea - Earl Grey - 1.30, Regular Smoothies - Carrot Kick - 2.00",3.3,CASH,
16/04/2025 13:31,London Brixton,Denise Stone,"Regular Cappuccino - 2.15, Large Smoothies - Carrot Kick - 2.50, Large Speciality Tea - Earl Grey - 1.60, Large Hot chocolate - 2.90",9.15,CARD,9529308567085373
16/04/2025 13:31,London Brixton,Frank Anderson,Regular Cappuccino - 2.15,2.15,CARD,7627688817489523
16/04/2025 13:32,London Brixton,Viola Harden,"Large Speciality Tea - Earl Grey - 1.60, Large Speciality Tea - Earl Grey - 1.60",3.2,CASH,
16/04/2025 13:33,London Brixton,Jose Antoniou,"Regular Speciality Tea - Earl Grey - 1.30, Large Smoothies - Carrot Kick - 2.50, Large Iced americano - 2.50, Large Espresso - 1.80",8.1,CARD,8812532821712916
16/04/2025 13:34,London Brixton,Paula Nixon,"Regular Smoothies - Glowing Greens - 2.00, Large Hot chocolate - 2.90",4.9,CASH,
16/04/2025 13:35,London Brixton,Charlene Spicer,"Large Speciality Tea - Earl Grey - 1.60, Regular Espresso - 1.50, Regular Hot chocolate - 2.20",5.3,CARD,7518346773281749
16/04/2025 13:36,London Brixton,Thomas Shanks,"Regular Iced americano - 2.15, Regular Hot chocolate - 2.20, Regular Iced americano - 2.15, Regular Speciality Tea - Earl Grey - 1.30",7.8,CARD,5413176905697123
16/04/2025 13:37,London Brixton,Francis Hernandez,"Large Smoothies - Glowing Greens - 2.50, Large Iced americano - 2.50",5.0,CASH,
16/04/2025 13:38,London Brixton,Michael Smart,Regular Hot chocolate - 2.20,2.2,CARD,9448536313492188
16/04/2025 13:39,London Brixton,Kevin Krause,"Regular Hot chocolate - 2.20, Large Speciality Tea - Earl Grey - 1.60, Regular Hot chocolate - 2.20, Regular Frappes - Strawberries & Cream - 2.75, Regular Smoothies - Glowing Greens - 2.00",10.75,CASH,
16/04/2025 13:40,London Brixton,Joshua Davis,"Large Speciality Tea - Earl Grey - 1.60, Regular Hot chocolate - 2.20",3.8,CASH,
16/04/2025 13:41,London Brixton,Lillie Rothman,Regular Smoothies - Glowing Greens - 2.00,2.0,CARD,8502780943863487
16/04/2025 13:42,London Brixton,Paulette Perry,"Regular Smoothies - Glowing Greens - 2.00, Large Frappes - Strawberries & Cream - 3.25",5.25,CARD,9332263659755161
16/04/2025 13:42,London Brixton,Rodney Meler,Regular Espresso - 1.50,1.5,CARD,7172655957288241
16/04/2025 13:43,London Brixton,Jon Murphy,"Regular Frappes - Strawberries & Cream - 2.75, Large Smoothies - Carrot Kick - 2.50, Regular Smoothies - Carrot Kick - 2.00, Regular Cappuccino - 2.15, Regular Cappuccino - 2.15",11.55,CARD,8416017389037996
16/04/2025 13:44,London Brixton,Dorothy Refazo,"Regular Cappuccino - 2.15, Regular Iced americano - 2.15, Large Hot chocolate - 2.90, Regular Smoothies - Glowing Greens - 2.00",9.2,CASH,
16/04/2025 13:45,London Brixton,Judith Hollins,"Regular Iced americano - 2.15, Regular Iced americano - 2.15, Regular Speciality Tea - Earl Grey - 1.30, Regular Speciality Tea - Earl Grey - 1.30, Large Hot chocolate - 2.90, Large Frappes - Strawberries & Cream - 3.25",13.05,CARD,6757536579674640
16/04/2025 13:46,London Brixton,Maurice Butler,"Regular Espresso - 1.50, Regular Hot chocolate - 2.20",3.7,CARD,2672453841494256
16/04/2025 13:47,London Brixton,Ardath Sheeran,Regular Iced americano - 2.15,2.15,CARD,9595242392673663
16/04/2025 13:48,London Brixton,Juan Morales,"Large Espresso - 1.80, Large Hot chocolate - 2.90, Large Smoothies - Glowing Greens - 2.50, Large Hot chocolate - 2.90",10.1,CARD,1655733373053473
16/04/2025 13:49,London Brixton,Julia Peters,"Large Smoothies - Carrot Kick - 2.50, Large Hot chocolate - 2.90, Large Smoothies - Carrot Kick - 2.50, Large Cappuccino - 2.45",10.35,CARD,4054870719494122
16/04/2025 13:50,London Brixton,John Perkins,Large Cappuccino - 2.45,2.45,CARD,9472628701669954
16/04/2025 13:51,London Brixton,William Walker,"Regular Iced americano - 2.15, Regular Cappuccino - 2.15, Large Iced americano - 2.50, Regular Frappes - Strawberries & Cream - 2.75, Regular Speciality Tea - Earl Grey - 1.30",10.85,CARD,3294949994890150
16/04/2025 13:52,London Brixton,Nancy Moates,"Regular Speciality Tea - Earl Grey - 1.30, Regular Espresso - 1.50, Regular Espresso - 1.50",4.3,CARD,8908858542899159
16/04/2025 13:53,London Brixton,Brian Lee,"Large Hot chocolate - 2.90, Regular Espresso - 1.50",4.4,CARD,8665147927972013
16/04/2025 13:53,London Brixton,Robert Foor,Regular Frappes - Strawberries & Cream - 2.75,2.75,CARD,6070876183795720
16/04/2025 13:54,London Brixton,Alvin Lovelace,"Regular Cappuccino - 2.15, Regular Espresso - 1.50, Large Speciality Tea - Earl Grey - 1.60, Regular Smoothies - Carrot Kick - 2.00",7.25,CASH,
16/04/2025 13:55,London Brixton,Carole Trujillo,"Large Hot chocolate - 2.90, Large Speciality Tea - Earl Grey - 1.60",4.5,CARD,4234251632891671
16/04/2025 13:56,London Brixton,Esperanza Baker,"Large Iced americano - 2.50, Large Espresso - 1.80",4.3,CARD,2258257599807255
16/04/2025 13:57,London Brixton,Jacqueline Colston,"Large Iced americano - 2.50, Large Smoothies - Carrot Kick - 2.50",5.0,CARD,9309082213999413
16/04/2025 13:58,London Brixton,Irina Corner,"Large Iced americano - 2.50, Large Hot chocolate - 2.90",5.4,CARD,2932817857767083
16/04/2025 13:59,London Brixton,Lucille Tuttle,"Large Hot chocolate - 2.90, Large Frappes - Strawberries & Cream - 3.25, Regular Hot chocolate - 2.20",8.35,CARD,2801775930801341
16/04/2025 14:00,London Brixton,Vanessa Stone,"Large Speciality Tea - Earl Grey - 1.60, Regular Espresso - 1.50",3.1,CARD,5139562003313076
16/04/2025 14:01,London Brixton,Natasha Peters,"Regular Iced americano - 2.15, Large Speciality Tea - Earl Grey - 1.60, Regular Iced americano - 2.15, Regular Smoothies - Carrot Kick - 2.00",7.9,CARD,2681212950395363
16/04/2025 14:02,London Brixton,Michelle Keene,"Large Speciality Tea - Earl Grey - 1.60, Regular Frappes - Strawberries & Cream - 2.75, Regular Cappuccino - 2.15, Regular Frappes - Strawberries & Cream - 2.75",9.25,CARD,8403304626514609
16/04/2025 14:03,London Brixton,Jerry Doyle,"Regular Smoothies - Glowing Greens - 2.00, Regular Smoothies - Glowing Greens - 2.00, Large Espresso - 1.80, Regular Speciality Tea - Earl Grey - 1.30",7.1,CASH,
16/04/2025 14:04,London Brixton,Dana Thurston,Regular Frappes - Strawberries & Cream - 2.75,2.75,CARD,2093193017155092
16/04/2025 14:05,London Brixton,Nancy Pence,"Regular Iced americano - 2.15, Regular Espresso - 1.50, Large Speciality Tea - Earl Grey - 1.60, Regular Iced americano - 2.15",7.4,CARD,6446834415318621
16/04/2025 14:06,London Brixton,Donna Rodriguez,"Regular Espresso - 1.50, Regular Hot chocolate - 2.20, Regular Hot chocolate - 2.20, Regular Hot chocolate - 2.20",8.1,CARD,1080396386638554
16/04/2025 14:07,London Brixton,Barry Akers,"Large Cappuccino - 2.45, Large Speciality Tea - Earl Grey - 1.60",4.05,CARD,7820243793136998
16/04/2025 14:08,London Brixton,Joyce Thomas,"Large Espresso - 1.80, Large Cappuccino - 2.45, Regular Cappuccino - 2.15, Regular Iced americano - 2.15, Regular Smoothies - Carrot Kick - 2.00",10.55,CASH,
16/04/2025 14:09,London Brixton,Bill Vowles,"Regular Espresso - 1.50, Regular Iced americano - 2.15, Regular Frappes - Strawberries & Cream - 2.75",6.4,CARD,5630905959887713
16/04/2025 14:10,London Brixton,Terry Kaiser,"Large Iced americano - 2.50, Large Smoothies - Glowing Greens - 2.50, Large Smoothies - Carrot Kick - 2.50, Large Iced americano - 2.50",10.0,CARD,3071001696103047
16/04/2025 14:11,London Brixton,Jolene Hershman,"Regular Speciality Tea - Earl Grey - 1.30, Regular Smoothies - Glowing Greens - 2.00, Regular Iced americano - 2.15, Regular Smoothies - Carrot Kick - 2.00",7.45,CARD,7295131981630766
16/04/2025 14:12,London Brixton,Ruth George,"Large Espresso - 1.80, Large Smoothies - Carrot Kick - 2.50",4.3,CARD,2519098606406852
16/04/2025 14:13,London Brixton,Jeffrey Williams,"Regular Frappes - Strawberries & Cream - 2.75, Regular Smoothies - Glowing Greens - 2.00, Regular Speciality Tea - Earl Grey - 1.30, Regular Frappes - Strawberries & Cream - 2.75",8.8,CASH,
16/04/2025 14:14,London Brixton,Carolina Meluso,"Regular Smoothies - Glowing Greens - 2.00, Large Speciality Tea - Earl Grey - 1.60",3.6,CASH,
16/04/2025 14:15,London Brixton,Jamie Neubert,"Large Espresso - 1.80, Regular Smoothies - Glowing Greens - 2.00, Regular Smoothies - Carrot Kick - 2.00, Large Cappuccino - 2.45",8.25,CARD,3412564055420004
16/04/2025 14:16,London Brixton,Ruby Mascaro,"Regular Frappes - Strawberries & Cream - 2.75, Regular Smoothies - Glowing Greens - 2.00, Regular Smoothies - Glowing Greens - 2.00",6.75,CARD,8658907215055971
16/04/2025 14:17,London Brixton,Deborah Stanley,"Large Smoothies - Glowing Greens - 2.50, Regular Frappes - Strawberries & Cream - 2.75, Large Cappuccino - 2.45",7.7,CARD,6622043812762172
16/04/2025 14:18,London Brixton,John Zeigler,"Regular Iced americano - 2.15, Regular Smoothies - Glowing Greens - 2.00",4.15,CASH,
16/04/2025 14:19,London Brixton,Howard Pulido,"Regular Hot chocolate - 2.20, Regular Espresso - 1.50, Large Cappuccino - 2.45",6.15,CARD,2284297089247870
16/04/2025 14:20,London Brixton,Silvia Celedon,"Large Smoothies - Glowing Greens - 2.50, Regular Smoothies - Glowing Greens - 2.00",4.5,CARD,2812144053423989
16/04/2025 14:21,London Brixton,Douglas Johnson,"Regular Smoothies - Glowing Greens - 2.00, Large Hot chocolate - 2.90",4.9,CARD,3393498247554924
16/04/2025 14:22,London Brixton,Carmen Lizardi,Large Speciality Tea - Earl Grey - 1.60,1.6,CARD,1545803567215477
16/04/2025 14:23,London Brixton,Jose Charron,"Regular Smoothies - Glowing Greens - 2.00, Regular Cappuccino - 2.15, Large Smoothies - Carrot Kick - 2.50, Regular Iced americano - 2.15",8.8,CARD,7255100898106885
16/04/2025 14:23,London Brixton,Betty Adkins,"Regular Hot chocolate - 2.20, Regular Espresso - 1.50, Large Frappes - Strawberries & Cream - 3.25, Regular Iced americano - 2.15",9.1,CARD,9676654484189911
16/04/2025 14:24,London Brixton,Gloria Roney,"Large Espresso - 1.80, Regular Speciality Tea - Earl Grey - 1.30, Regular Cappuccino - 2.15, Regular Smoothies - Carrot Kick - 2.00, Regular Hot chocolate - 2.20, Large Espresso - 1.80",11.25,CARD,7015555896913610
16/04/2025 14:25,London Brixton,George Schnipper,"Large Cappuccino - 2.45, Large Frappes - Strawberries & Cream - 3.25",5.7,CASH,
16/04/2025 14:26,London Brixton,Joseph Barnett,"Large Iced americano - 2.50, Large Iced americano - 2.50, Regular Iced americano - 2.15",7.15,CASH,
16/04/2025 14:27,London Brixton,Scott Dozier,"Regular Iced americano - 2.15, Large Smoothies - Glowing Greens - 2.50",4.65,CARD,4338438836394424
16/04/2025 14:28,London Brixton,James Bohannon,"Large Cappuccino - 2.45, Regular Smoothies - Glowing Greens - 2.00",4.45,CASH,
16/04/2025 14:29,London Brixton,David Kelley,"Regular Frappes - Strawberries & Cream - 2.75, Large Smoothies - Glowing Greens - 2.50, Large Frappes - Strawberries & Cream - 3.25, Large Speciality Tea - Earl Grey - 1.60, Regular Speciality Tea - Earl Grey - 1.30",11.4,CARD,8994532324785558
16/04/2025 14:30,London Brixton,Charles Tooms,"Large Hot chocolate - 2.90, Large Frappes - Strawberries & Cream - 3.25, Large Smoothies - Carrot Kick - 2.50, Large Hot chocolate - 2.90",11.55,CARD,7778965497340408
16/04/2025 14:31,London Brixton,Ronald Lopez,"Regular Smoothies - Glowing Greens - 2.00, Regular Iced americano - 2.15, Regular Iced americano - 2.15",6.3,CASH,
16/04/2025 14:32,London Brixton,Kathryn Smith,"Large Cappuccino - 2.45, Large Smoothies - Carrot Kick - 2.50",4.95,CARD,3272169553742893
16/04/2025 14:33,London Brixton,Janice Nelson,"Large Smoothies - Glowing Greens - 2.50, Regular Cappuccino - 2.15, Regular Frappes - Strawberries & Cream - 2.75, Large Iced americano - 2.50, Regular Smoothies - Carrot Kick - 2.00",11.9,CARD,7118915598541871
16/04/2025 14:34,London Brixton,James Crawford,Regular Speciality Tea - Earl Grey - 1.30,1.3,CARD,4525453601673693
16/04/2025 14:35,London Brixton,Melody Drum,"Regular Hot chocolate - 2.20, Large Cappuccino - 2.45, Large Smoothies - Carrot Kick - 2.50, Large Speciality Tea - Earl Grey - 1.60",8.75,CARD,9273504090389085
16/04/2025 14:36,London Brixton,Barbara Gonzalez,"Large Iced americano - 2.50, Large Smoothies - Glowing Greens - 2.50, Large Speciality Tea - Earl Grey - 1.60, Large Hot chocolate - 2.90, Large Frappes - Strawberries & Cream - 3.25, Large Speciality Tea - Earl Grey - 1.60",14.35,CARD,9576338504901537
16/04/2025 14:37,London Brixton,Richard Larsen,"Large Speciality Tea - Earl Grey - 1.60, Large Smoothies - Glowing Greens - 2.50, Regular Iced americano - 2.15, Large Hot chocolate - 2.90",9.15,CARD,9038347637565115
16/04/2025 14:38,London Brixton,Merri Redding,"Regular Hot chocolate - 2.20, Large Espresso - 1.80",4.0,CARD,7250232508579865
16/04/2025 14:39,London Brixton,Edward Campbell,Regular Hot chocolate - 2.20,2.2,CARD,6508750500140396
16/04/2025 14:40,London Brixton,Robert Marthe,"Large Espresso - 1.80, Large Hot chocolate - 2.90, Regular Cappuccino - 2.15, Large Smoothies - Carrot Kick - 2.50",9.35,CARD,1040200339334295
16/04/2025 14:41,London Brixton,Ann Simpson,"Large Iced americano - 2.50, Regular Iced americano - 2.15, Regular Iced americano - 2.15",6.8,CARD,2360590950070007
16/04/2025 14:42,London Brixton,Maude Yates,Regular Cappuccino - 2.15,2.15,CARD,8852446776094402
16/04/2025 14:43,London Brixton,Lisha Fair,"Regular Espresso - 1.50, Large Smoothies - Glowing Greens - 2.50",4.0,CARD,4388901930508143
16/04/2025 14:44,London Brixton,Nathaniel Lai,"Large Hot chocolate - 2.90, Regular Hot chocolate - 2.20, Large Speciality Tea - Earl Grey - 1.60",6.7,CARD,1987609543991776
16/04/2025 14:45,London Brixton,Leroy Lockhart,Regular Iced americano - 2.15,2.15,CARD,3612120560381749
16/04/2025 14:46,London Brixton,Charlotte Clemons,Large Iced americano - 2.50,2.5,CARD,1205382186774761
16/04/2025 14:47,London Brixton,Randi Weaver,Large Cappuccino - 2.45,2.45,CARD,7190210186765399
16/04/2025 14:48,London Brixton,Troy Payne,Regular Hot chocolate - 2.20,2.2,CARD,2885456801831473
16/04/2025 14:49,London Brixton,Allison Martin,"Regular Hot chocolate - 2.20, Regular Smoothies - Carrot Kick - 2.00, Large Hot chocolate - 2.90",7.1,CASH,
16/04/2025 14:50,London Brixton,Jo Carey,"Large Cappuccino - 2.45, Large Iced americano - 2.50",4.95,CARD,6625566910269183
16/04/2025 14:51,London Brixton,James Rogers,"Large Speciality Tea - Earl Grey - 1.60, Large Speciality Tea - Earl Grey - 1.60, Large Smoothies - Carrot Kick - 2.50, Regular Cappuccino - 2.15, Large Iced americano - 2.50",10.35,CASH,
16/04/2025 14:52,London Brixton,Jon Dunn,"Regular Espresso - 1.50, Large Hot chocolate - 2.90, Large Smoothies - Glowing Greens - 2.50",6.9,CASH,
16/04/2025 14:53,London Brixton,Michael Bordeaux,"Regular Hot chocolate - 2.20, Large Smoothies - Glowing Greens - 2.50, Large Iced americano - 2.50, Regular Frappes - Strawberries & Cream - 2.75, Regular Smoothies - Glowing Greens - 2.00",11.95,CARD,1151474503358732
16/04/2025 14:54,London Brixton,Virginia Sykes,"Regular Smoothies - Glowing Greens - 2.00, Regular Speciality Tea - Earl Grey - 1.30, Large Cappuccino - 2.45, Large Cappuccino - 2.45, Large Frappes - Strawberries & Cream - 3.25",11.45,CARD,6716320968518777
16/04/2025 14:55,London Brixton,Jeffrey Vanfleet,Regular Cappuccino - 2.15,2.15,CARD,1824291240192585
16/04/2025 14:56,London Brixton,Chun Hatch,"Regular Smoothies - Glowing Greens - 2.00, Large Cappuccino - 2.45, Large Smoothies - Glowing Greens - 2.50",6.95,CASH,
16/04/2025 14:57,London Brixton,Daniel Crawford,"Regular Cappuccino - 2.15, Large Smoothies - Carrot Kick - 2.50, Regular Smoothies - Glowing Greens - 2.00, Regular Cappuccino - 2.15",8.8,CARD,3687662251652189
16/04/2025 14:58,London Brixton,Charles Rottman,"Regular Smoothies - Carrot Kick - 2.00, Large Cappuccino - 2.45, Regular Frappes - Strawberries & Cream - 2.75, Large Smoothies - Carrot Kick - 2.50",9.7,CARD,8379317914871088
16/04/2025 14:59,London Brixton,James Kalinowski,Regular Speciality Tea - Earl Grey - 1.30,1.3,CASH,
16/04/2025 15:00,London Brixton,Kelly Fedele,"Large Espresso - 1.80, Regular Cappuccino - 2.15, Regular Smoothies - Glowing Greens - 2.00, Regular Frappes - Strawberries & Cream - 2.75",8.7,CASH,
16/04/2025 15:02,London Brixton,Melvin Donovan,"Large Espresso - 1.80, Regular Espresso - 1.50, Large Smoothies - Carrot Kick - 2.50, Large Smoothies - Glowing Greens - 2.50, Large Smoothies - Glowing Greens - 2.50",10.8,CASH,
16/04/2025 15:03,London Brixton,Gale Arnold,"Large Smoothies - Glowing Greens - 2.50, Large Speciality Tea - Earl Grey - 1.60",4.1,CARD,9995722721839647
16/04/2025 15:05,London Brixton,Mae Jodon,"Large Cappuccino - 2.45, Regular Speciality Tea - Earl Grey - 1.30, Large Hot chocolate - 2.90, Regular Hot chocolate - 2.20, Regular Smoothies - Carrot Kick - 2.00, Large Smoothies - Glowing Greens - 2.50",13.35,CARD,6823506417969036
16/04/2025 15:07,London Brixton,Rebecca Vasquez,"Regular Smoothies - Glowing Greens - 2.00, Large Smoothies - Carrot Kick - 2.50, Regular Hot chocolate - 2.20, Regular Hot chocolate - 2.20",8.9,CARD,7009375862403931
16/04/2025 15:08,London Brixton,Richard Jackson,"Regular Iced americano - 2.15, Large Cappuccino - 2.45, Regular Hot chocolate - 2.20, Regular Iced americano - 2.15",8.95,CARD,2564503517996130
16/04/2025 15:10,London Brixton,Kerri Quilty,"Regular Frappes - Strawberries & Cream - 2.75, Regular Smoothies - Carrot Kick - 2.00, Regular Hot chocolate - 2.20",6.95,CASH,
16/04/2025 15:12,London Brixton,Renee Mumford,"Large Frappes - Strawberries & Cream - 3.25, Regular Smoothies - Carrot Kick - 2.00, Regular Speciality Tea - Earl Grey - 1.30",6.55,CARD,9520092167106263
16/04/2025 15:13,London Brixton,Byron Rendon,"Large Hot chocolate - 2.90, Large Smoothies - Glowing Greens - 2.50",5.4,CARD,2229522815128957
16/04/2025 15:15,London Brixton,Lacey Lepley,Large Speciality Tea - Earl Grey - 1.60,1.6,CARD,6138990892066271
16/04/2025 15:17,London Brixton,Jennifer Miller,"Large Smoothies - Glowing Greens - 2.50, Large Smoothies - Glowing Greens - 2.50",5.0,CARD,6946917351039552
16/04/2025 15:19,London Brixton,Alfred Rodriguez,"Large Espresso - 1.80, Regular Speciality Tea - Earl Grey - 1.30, Regular Frappes - Strawberries & Cream - 2.75, Regular Espresso - 1.50, Large Speciality Tea - Earl Grey - 1.60, Large Cappuccino - 2.45",11.4,CASH,
16/04/2025 15:20,London Brixton,Daniel Krajewski,"Large Smoothies - Glowing Greens - 2.50, Regular Smoothies - Glowing Greens - 2.00",4.5,CARD,1904815329713837
16/04/2025 15:22,London Brixton,Kelly Wells,"Regular Smoothies - Carrot Kick - 2.00, Regular Hot chocolate - 2.20, Regular Espresso - 1.50, Regular Cappuccino - 2.15",7.85,CARD,6264205333441329
16/04/2025 15:24,London Brixton,Frank Hawk,"Large Espresso - 1.80, Regular Smoothies - Carrot Kick - 2.00",3.8,CASH,
16/04/2025 15:25,London Brixton,Marlene Schoemaker,"Regular Smoothies - Carrot Kick - 2.00, Regular Cappuccino - 2.15, Large Espresso - 1.80, Large Smoothies - Glowing Greens - 2.50, Regular Speciality Tea - Earl Grey - 1.30",9.75,CARD,6159833577133449
16/04/2025 15:27,London Brixton,Gail Mcmillen,"Large Cappuccino - 2.45, Large Hot chocolate - 2.90, Regular Smoothies - Glowing Greens - 2.00, Large Speciality Tea - Earl Grey - 1.60",8.95,CASH,
16/04/2025 15:29,London Brixton,David Joyce,"Large Speciality Tea - Earl Grey - 1.60, Regular Iced americano - 2.15",3.75,CARD,9620907377786025
16/04/2025 15:31,London Brixton,Veronica Bertrand,"Large Frappes - Strawberries & Cream - 3.25, Regular Espresso - 1.50, Regular Speciality Tea - Earl Grey - 1.30, Large Frappes - Strawberries & Cream - 3.25, Regular Frappes - Strawberries & Cream - 2.75, Large Hot chocolate - 2.90",14.95,CASH,
16/04/2025 15:32,London Brixton,Gerald Rock,"Large Espresso - 1.80, Large Frappes - Strawberries & Cream - 3.25, Large Iced americano - 2.50",7.55,CASH,
16/04/2025 15:34,London Brixton,Wanda Thomas,"Large Speciality Tea - Earl Grey - 1.60, Large Cappuccino - 2.45, Large Frappes - Strawberries & Cream - 3.25",7.3,CASH,
16/04/2025 15:36,London Brixton,Rebecca Griffin,Regular Frappes - Strawberries & Cream - 2.75,2.75,CASH,
16/04/2025 15:37,London Brixton,Dennis Garza,"Regular Hot chocolate - 2.20, Large Espresso - 1.80, Large Cappuccino - 2.45",6.45,CARD,6195855721815273
16/04/2025 15:39,London Brixton,Jeffrey Ayer,"Regular Smoothies - Glowing Greens - 2.00, Regular Speciality Tea - Earl Grey - 1.30",3.3,CASH,
16/04/2025 15:41,London Brixton,Katherine Kulcona,"Regular Hot chocolate - 2.20, Regular Iced americano - 2.15",4.35,CARD,2672501333388135
16/04/2025 15:42,London Brixton,Christopher Silver,Large Smoothies - Carrot Kick - 2.50,2.5,CARD,7887848706156357
16/04/2025 15:44,London Brixton,Charlotte Lee,"Large Iced americano - 2.50, Large Espresso - 1.80",4.3,CARD,4052903577411694
16/04/2025 15:46,London Brixton,Dorothy Gray,Regular Speciality Tea - Earl Grey - 1.30,1.3,CASH,
16/04/2025 15:48,London Brixton,Linda Day,"Large Smoothies - Glowing Greens - 2.50, Large Iced americano - 2.50, Regular Smoothies - Carrot Kick - 2.00, Regular Iced americano - 2.15",9.15,CARD,7395404636321806
16/04/2025 15:49,London Brixton,Ruth Peterson,"Large Hot chocolate - 2.90, Large Speciality Tea - Earl Grey - 1.60, Regular Espresso - 1.50, Large Smoothies - Glowing Greens - 2.50, Regular Hot chocolate - 2.20, Large Frappes - Strawberries & Cream - 3.25",13.95,CARD,9361654045655963
16/04/2025 15:51,London Brixton,Gerald Sanders,"Regular Frappes - Strawberries & Cream - 2.75, Large Smoothies - Glowing Greens - 2.50",5.25,CASH,
16/04/2025 15:53,London Brixton,Brandon Cooper,"Regular Iced americano - 2.15, Large Smoothies - Glowing Greens - 2.50, Large Speciality Tea - Earl Grey - 1.60, Regular Hot chocolate - 2.20",8.45,CARD,6040952877307378
16/04/2025 15:54,London Brixton,Bobbie Harrison,"Large Frappes - Strawberries & Cream - 3.25, Regular Smoothies - Glowing Greens - 2.00, Regular Speciality Tea - Earl Grey - 1.30",6.55,CARD,7986857369478794
16/04/2025 15:56,London Brixton,Kelsey Wheeler,"Regular Cappuccino - 2.15, Regular Espresso - 1.50",3.65,CARD,2966334997010597
16/04/2025 15:58,London Brixton,Terry Melvin,"Large Speciality Tea - Earl Grey - 1.60, Regular Cappuccino - 2.15, Large Iced americano - 2.50",6.25,CARD,9171672195529089
16/04/2025 15:59,London Brixton,Robert Lilly,"Regular Espresso - 1.50, Large Frappes - Strawberries & Cream - 3.25, Large Smoothies - Carrot Kick - 2.50, Large Frappes - Strawberries & Cream - 3.25",10.5,CARD,8459167147638409
16/04/2025 16:01,London Brixton,James Miraglia,"Large Smoothies - Carrot Kick - 2.50, Regular Frappes - Strawberries & Cream - 2.75, Regular Iced americano - 2.15, Regular Espresso - 1.50, Regular Speciality Tea - Earl Grey - 1.30",10.2,CARD,8384437590298214
16/04/2025 16:04,London Brixton,Christopher Powell,"Large Smoothies - Carrot Kick - 2.50, Large Smoothies - Carrot Kick - 2.50",5.0,CARD,7635480797547806
16/04/2025 16:07,London Brixton,Audrey Hutchinson,"Regular Smoothies - Carrot Kick - 2.00, Large Speciality Tea - Earl Grey - 1.60",3.6,CARD,2834568924835788
16/04/2025 16:11,London Brixton,Elizabeth Moyer,"Large Frappes - Strawberries & Cream - 3.25, Regular Smoothies - Glowing Greens - 2.00, Regular Smoothies - Carrot Kick - 2.00",7.25,CASH,
16/04/2025 16:14,London Brixton,Marie Elias,Regular Speciality Tea - Earl Grey - 1.30,1.3,CARD,6816750202808859
16/04/2025 16:17,London Brixton,Anthony Martens,"Regular Smoothies - Carrot Kick - 2.00, Regular Iced americano - 2.15, Regular Frappes - Strawberries & Cream - 2.75, Regular Speciality Tea - Earl Grey - 1.30",8.2,CARD,9517815705701461
16/04/2025 16:20,London Brixton,Dale Bellocchio,"Regular Speciality Tea - Earl Grey - 1.30, Regular Speciality Tea - Earl Grey - 1.30, Regular Speciality Tea - Earl Grey - 1.30, Large Iced americano - 2.50",6.4,CASH,
16/04/2025 16:23,London Brixton,Elaine Dalke,"Regular Iced americano - 2.15, Large Smoothies - Glowing Greens - 2.50, Large Hot chocolate - 2.90",7.55,CARD,5433227394734601
16/04/2025 16:26,London Brixton,Rose Fairchild,"Large Frappes - Strawberries & Cream - 3.25, Regular Hot chocolate - 2.20",5.45,CASH,
16/04/2025 16:29,London Brixton,Christian Denard,"Large Iced americano - 2.50, Large Hot chocolate - 2.90, Regular Cappuccino - 2.15",7.55,CASH,
16/04/2025 16:33,London Brixton,Karla Amigon,Large Hot chocolate - 2.90,2.9,CARD,3559491698116223
16/04/2025 16:36,London Brixton,Mary Johnson,"Large Speciality Tea - Earl Grey - 1.60, Regular Espresso - 1.50, Large Frappes - Strawberries & Cream - 3.25, Regular Espresso - 1.50",7.85,CARD,5221012645719677
16/04/2025 16:39,London Brixton,Danielle Kelley,"Large Speciality Tea - Earl Grey - 1.60, Regular Iced americano - 2.15, Regular Iced americano - 2.15",5.9,CASH,
16/04/2025 16:42,London Brixton,Denise Marron,"Large Smoothies - Carrot Kick - 2.50, Large Hot chocolate - 2.90, Large Cappuccino - 2.45",7.85,CASH,
16/04/2025 16:45,London Brixton,Juana Acevedo,"Large Smoothies - Glowing Greens - 2.50, Large Iced americano - 2.50, Large Cappuccino - 2.45, Large Smoothies - Carrot Kick - 2.50",9.95,CASH,
16/04/2025 16:48,London Brixton,John Piller,"Large Iced americano - 2.50, Regular Hot chocolate - 2.20",4.7,CARD,5660569585231053
16/04/2025 16:52,London Brixton,Helen Freetage,Large Iced americano - 2.50,2.5,CASH,
16/04/2025 16:55,London Brixton,Robert Hutt,"Large Cappuccino - 2.45, Regular Iced americano - 2.15, Large Iced americano - 2.50, Large Hot chocolate - 2.90",10.0,CARD,6630915280294405
16/04/2025 16:58,London Brixton,Ramon Carter,Regular Speciality Tea - Earl Grey - 1.30,1.3,CARD,5639822676899097
16/04/2025 17:01,London Brixton,Teresa Wilson,"Regular Speciality Tea - Earl Grey - 1.30, Regular Cappuccino - 2.15",3.45,CASH,
16/04/2025 17:03,London Brixton,Kathleen Crabtree,"Large Speciality Tea - Earl Grey - 1.60, Large Frappes - Strawberries & Cream - 3.25, Large Frappes - Strawberries & Cream - 3.25, Regular Speciality Tea - Earl Grey - 1.30",9.4,CARD,1402649617050028
16/04/2025 17:06,London Brixton,Migdalia Stpeter,Large Iced americano - 2.50,2.5,CASH,
16/04/2025 17:08,London Brixton,Jerrica Weber,"Regular Smoothies - Glowing Greens - 2.00, Large Frappes - Strawberries & Cream - 3.25, Large Speciality Tea - Earl Grey - 1.60, Regular Cappuccino - 2.15, Large Smoothies - Glowing Greens - 2.50",11.5,CARD,9249499282954935
16/04/2025 17:11,London Brixton,Sandra Hampton,Regular Smoothies - Glowing Greens - 2.00,2.0,CARD,3856556387451714
16/04/2025 17:13,London Brixton,Amanda Owens,Regular Espresso - 1.50,1.5,CASH,
16/04/2025 17:15,London Brixton,Amanda Monroe,"Regular Cappuccino - 2.15, Regular Speciality Tea - Earl Grey - 1.30, Regular Cappuccino - 2.15",5.6,CASH,
16/04/2025 17:18,London Brixton,Murray Little,"Large Smoothies - Carrot Kick - 2.50, Regular Iced americano - 2.15, Regular Cappuccino - 2.15, Regular Hot chocolate - 2.20",9.0,CARD,7758293315642181
16/04/2025 17:20,London Brixton,Reba Alexander,Large Cappuccino - 2.45,2.45,CARD,3350838791154173
16/04/2025 17:23,London Brixton,Taylor Brannon,"Large Espresso - 1.80, Large Iced americano - 2.50, Regular Speciality Tea - Earl Grey - 1.30, Large Iced americano - 2.50, Regular Speciality Tea - Earl Grey - 1.30, Regular Cappuccino - 2.15",11.55,CASH,
16/04/2025 17:25,London Brixton,Latasha Hersey,Large Frappes - Strawberries & Cream - 3.25,3.25,CARD,8883128365921120
16/04/2025 17:27,London Brixton,Juan Rogers,Large Espresso - 1.80,1.8,CASH,
16/04/2025 17:30,London Brixton,Lisa Burrough,Large Hot chocolate - 2.90,2.9,CARD,1556007196139381
16/04/2025 17:32,London Brixton,Madonna White,Large Smoothies - Carrot Kick - 2.50,2.5,CARD,9962657454436563
16/04/2025 17:35,London Brixton,Lisa Hoggard,Regular Frappes - Strawberries & Cream - 2.75,2.75,CARD,9294445194459192
16/04/2025 17:37,London Brixton,Tiffiny Tee,"Regular Hot chocolate - 2.20, Regular Smoothies - Carrot Kick - 2.00, Regular Hot chocolate - 2.20, Large Hot chocolate - 2.90, Large Iced americano - 2.50, Regular Smoothies - Carrot Kick - 2.00",13.8,CARD,1289995588460585
16/04/2025 17:39,London Brixton,Ana Peters,Large Iced americano - 2.50,2.5,CARD,7803354704981888
16/04/2025 17:42,London Brixton,Eugene Fouse,"Large Smoothies - Carrot Kick - 2.50, Large Smoothies - Glowing Greens - 2.50, Large Hot chocolate - 2.90, Regular Smoothies - Glowing Greens - 2.00, Regular Hot chocolate - 2.20, Large Speciality Tea - Earl Grey - 1.60",13.7,CASH,
16/04/2025 17:44,London Brixton,Eleanor Poissant,"Regular Hot chocolate - 2.20, Regular Speciality Tea - Earl Grey - 1.30, Regular Smoothies - Glowing Greens - 2.00, Large Frappes - Strawberries & Cream - 3.25, Large Iced americano - 2.50, Regular Cappuccino - 2.15",13.4,CARD,4200098269074574
16/04/2025 17:47,London Brixton,Arnetta Musgrove,"Regular Speciality Tea - Earl Grey - 1.30, Regular Speciality Tea - Earl Grey - 1.30",2.6,CASH,
16/04/2025 17:49,London Brixton,Nicholas Covington,"Large Cappuccino - 2.45, Large Speciality Tea - Earl Grey - 1.60",4.05,CARD,6002686920974583
16/04/2025 17:51,London Brixton,Mary Orenstein,"Large Frappes - Strawberries & Cream - 3.25, Large Iced americano - 2.50, Regular Smoothies - Glowing Greens - 2.00",7.75,CARD,3858381912291339
16/04/2025 17:54,London Brixton,Ana Gamble,Regular Cappuccino - 2.15,2.15,CARD,4411727292050443
16/04/2025 17:56,London Brixton,Juliette Newton,"Regular Cappuccino - 2.15, Regular Smoothies - Carrot Kick - 2.00",4.15,CASH,
16/04/2025 17:59,London Brixton,Nora Bishop,"Regular Cappuccino - 2.15, Large Espresso - 1.80, Regular Cappuccino - 2.15, Large Espresso - 1.80",7.9,CASH,
16/04/2025 18:01,London Brixton,Rosetta Davis,"Regular Frappes - Strawberries & Cream - 2.75, Regular Speciality Tea - Earl Grey - 1.30",4.05,CARD,7533090579346990
16/04/2025 18:03,London Brixton,Paul Lee,"Regular Cappuccino - 2.15, Regular Iced americano - 2.15",4.3,CARD,4580022520556554
16/04/2025 18:05,London Brixton,Floyd Gau,"Large Frappes - Strawberries & Cream - 3.25, Large Smoothies - Carrot Kick - 2.50, Large Smoothies - Glowing Greens - 2.50, Regular Iced americano - 2.15",10.4,CARD,3487381425901943
16/04/2025 18:07,London Brixton,William Hoff,"Large Smoothies - Glowing Greens - 2.50, Regular Frappes - Strawberries & Cream - 2.75, Regular Speciality Tea - Earl Grey - 1.30, Regular Smoothies - Carrot Kick - 2.00, Regular Cappuccino - 2.15",10.7,CARD,6991985169812797
16/04/2025 18:10,London Brixton,James Fulton,"Regular Smoothies - Carrot Kick - 2.00, Large Hot chocolate - 2.90, Large Frappes - Strawberries & Cream - 3.25",8.15,CASH,
16/04/2025 18:12,London Brixton,Michael Santomauro,Large Espresso - 1.80,1.8,CASH,
16/04/2025 18:14,London Brixton,Robert Rojas,"Large Hot chocolate - 2.90, Large Cappuccino - 2.45, Large Iced americano - 2.50, Large Hot chocolate - 2.90",10.75,CARD,6621903352549444
16/04/2025 18:16,London Brixton,Patricia Heaton,"Regular Smoothies - Glowing Greens - 2.00, Large Speciality Tea - Earl Grey - 1.60",3.6,CARD,2072248831364136
16/04/2025 18:18,London Brixton,Jamie Gonzalez,"Regular Speciality Tea - Earl Grey - 1.30, Regular Espresso - 1.50",2.8,CASH,
16/04/2025 18:20,London Brixton,Jennifer Hickey,Regular Speciality Tea - Earl Grey - 1.30,1.3,CARD,2522875878591387
16/04/2025 18:22,London Brixton,Margaret Bedgood,Large Smoothies - Carrot Kick - 2.50,2.5,CARD,3257259912561420
16/04/2025 18:24,London Brixton,Philip Belcher,"Regular Smoothies - Glowing Greens - 2.00, Regular Cappuccino - 2.15, Large Iced americano - 2.50",6.65,CARD,8550764690166233
16/04/2025 18:27,London Brixton,John Reale,"Regular Espresso - 1.50, Regular Iced americano - 2.15",3.65,CASH,
16/04/2025 18:29,London Brixton,John Runyan,"Regular Smoothies - Glowing Greens - 2.00, Large Smoothies - Glowing Greens - 2.50, Large Iced americano - 2.50",7.0,CASH,
16/04/2025 18:31,London Brixton,Jermaine Nelson,"Regular Frappes - Strawberries & Cream - 2.75, Regular Iced americano - 2.15, Large Smoothies - Glowing Greens - 2.50",7.4,CARD,2139484984564430
16/04/2025 18:33,London Brixton,Bert Smith,"Large Smoothies - Glowing Greens - 2.50, Regular Iced americano - 2.15, Regular Smoothies - Glowing Greens - 2.00, Regular Cappuccino - 2.15",8.8,CARD,9440389160702459
16/04/2025 18:35,London Brixton,Cecilia Peacock,"Regular Smoothies - Glowing Greens - 2.00, Regular Speciality Tea - Earl Grey - 1.30, Regular Iced americano - 2.15, Regular Frappes - Strawberries & Cream - 2.75, Large Frappes - Strawberries & Cream - 3.25",11.45,CARD,6952649888527998
16/04/2025 18:37,London Brixton,Bud Geary,"Regular Espresso - 1.50, Large Cappuccino - 2.45, Regular Cappuccino - 2.15, Regular Smoothies - Carrot Kick - 2.00, Regular Speciality Tea - Earl Grey - 1.30",9.4,CASH,
16/04/2025 18:39,London Brixton,John Edwards,"Large Smoothies - Carrot Kick - 2.50, Large Frappes - Strawberries & Cream - 3.25, Regular Speciality Tea - Earl Grey - 1.30, Large Speciality Tea - Earl Grey - 1.60, Large Iced americano - 2.50, Regular Iced americano - 2.15",13.3,CARD,9187548446256130
16/04/2025 18:42,London Brixton,Elizabeth Behrens,"Regular Espresso - 1.50, Large Smoothies - Carrot Kick - 2.50, Large Smoothies - Carrot Kick - 2.50",6.5,CASH,
16/04/2025 18:44,London Brixton,Kathryn Rumberger,Large Smoothies - Carrot Kick - 2.50,2.5,CARD,1561067664023036
16/04/2025 18:46,London Brixton,Eva Lewin,Regular Frappes - Strawberries & Cream - 2.75,2.75,CASH,
16/04/2025 18:48,London Brixton,Roger Carter,"Regular Cappuccino - 2.15, Regular Espresso - 1.50",3.65,CARD,2214455987998343
16/04/2025 18:50,London Brixton,Richard Gaudreau,"Large Smoothies - Glowing Greens - 2.50, Large Hot chocolate - 2.90",5.4,CARD,4123172397946928
16/04/2025 18:52,London Brixton,Sara Tolson,"Regular Speciality Tea - Earl Grey - 1.30, Large Hot chocolate - 2.90, Regular Smoothies - Glowing Greens - 2.00",6.2,CARD,4662346170953495
16/04/2025 18:54,London Brixton,Mark Pickard,"Regular Smoothies - Carrot Kick - 2.00, Large Espresso - 1.80",3.8,CARD,3420908125785003
16/04/2025 18:56,London Brixton,Lloyd Pounds,"Regular Iced americano - 2.15, Large Iced americano - 2.50, Regular Cappuccino - 2.15",6.8,CASH,
16/04/2025 18:59,London Brixton,Donna Fisher,"Large Smoothies - Glowing Greens - 2.50, Large Frappes - Strawberries & Cream - 3.25, Regular Espresso - 1.50, Large Frappes - Strawberries & Cream - 3.25, Regular Frappes - Strawberries & Cream - 2.75, Large Cappuccino - 2.45",15.7,CARD,8598390842597568
16/04/2025 19:01,London Brixton,Linda Wright,"Large Espresso - 1.80, Regular Smoothies - Carrot Kick - 2.00, Large Cappuccino - 2.45, Large Iced americano - 2.50",8.75,CASH,
16/04/2025 19:02,London Brixton,Danny Jaquet,Regular Hot chocolate - 2.20,2.2,CASH,
16/04/2025 19:03,London Brixton,Lynn Nichol,Regular Smoothies - Carrot Kick - 2.00,2.0,CASH,
16/04/2025 19:05,London Brixton,Ella Campbell,"Large Speciality Tea - Earl Grey - 1.60, Large Iced americano - 2.50, Large Hot chocolate - 2.90, Large Frappes - Strawberries & Cream - 3.25",10.25,CASH,
16/04/2025 19:06,London Brixton,Brett Adams,"Regular Frappes - Strawberries & Cream - 2.75, Regular Hot chocolate - 2.20, Regular Frappes - Strawberries & Cream - 2.75",7.7,CASH,
16/04/2025 19:07,London Brixton,Eugene Givens,"Regular Cappuccino - 2.15, Large Hot chocolate - 2.90",5.05,CARD,1211428491411453
16/04/2025 19:09,London Brixton,Matthew Whitmer,"Regular Iced americano - 2.15, Large Smoothies - Glowing Greens - 2.50",4.65,CARD,9258182726413626
16/04/2025 19:10,London Brixton,Jerry Spencer,"Regular Iced americano - 2.15, Regular Speciality Tea - Earl Grey - 1.30",3.45,CASH,
16/04/2025 19:12,London Brixton,Angelia Bard,"Regular Smoothies - Glowing Greens - 2.00, Regular Iced americano - 2.15, Large Speciality Tea - Earl Grey - 1.60, Regular Frappes - Strawberries & Cream - 2.75",8.5,CASH,
16/04/2025 19:13,London Brixton,Donald Tynes,"Large Frappes - Strawberries & Cream - 3.25, Regular Espresso - 1.50, Regular Cappuccino - 2.15, Regular Speciality Tea - Earl Grey - 1.30",8.2,CARD,3567376528059302
16/04/2025 19:14,London Brixton,Richard Stevens,Regular Iced americano - 2.15,2.15,CASH,
16/04/2025 19:16,London Brixton,Victoria Petty,"Large Smoothies - Glowing Greens - 2.50, Regular Smoothies - Carrot Kick - 2.00, Regular Espresso - 1.50, Regular Smoothies - Glowing Greens - 2.00, Regular Smoothies - Glowing Greens - 2.00",10.0,CARD,7321373767908767
16/04/2025 19:17,London Brixton,Thomas Diaz,Large Espresso - 1.80,1.8,CARD,1475476623343497
16/04/2025 19:18,London Brixton,Clarence Williams,"Large Smoothies - Carrot Kick - 2.50, Regular Smoothies - Carrot Kick - 2.00, Large Smoothies - Glowing Greens - 2.50",7.0,CARD,8415168053268398
16/04/2025 19:20,London Brixton,Carol Jacobs,"Large Espresso - 1.80, Large Espresso - 1.80",3.6,CARD,6846180117721090
16/04/2025 19:21,London Brixton,Suzanne Jackson,"Large Hot chocolate - 2.90, Regular Cappuccino - 2.15, Regular Smoothies - Glowing Greens - 2.00, Large Iced americano - 2.50",9.55,CARD,7033874948367037
16/04/2025 19:22,London Brixton,Brian Hayes,"Regular Cappuccino - 2.15, Regular Espresso - 1.50, Large Frappes - Strawberries & Cream - 3.25, Regular Hot chocolate - 2.20",9.1,CARD,9895090621829000
16/04/2025 19:24,London Brixton,Leland Sergi,Regular Hot chocolate - 2.20,2.2,CARD,8943360113349065
16/04/2025 19:25,London Brixton,Viola Poulsen,Regular Speciality Tea - Earl Grey - 1.30,1.3,CARD,7489737186709278
16/04/2025 19:26,London Brixton,Shanda Stalling,"Regular Cappuccino - 2.15, Large Espresso - 1.80",3.95,CARD,5542559148680500
16/04/2025 19:28,London Brixton,Mary Anderson,"Large Iced americano - 2.50, Regular Hot chocolate - 2.20",4.7,CASH,
16/04/2025 19:29,London Brixton,Luis Saul,"Regular Speciality Tea - Earl Grey - 1.30, Large Smoothies - Carrot Kick - 2.50, Large Speciality Tea - Earl Grey - 1.60, Regular Cappuccino - 2.15",7.55,CASH,
16/04/2025 19:30,London Brixton,Angel Miller,"Large Iced americano - 2.50, Regular Iced americano - 2.15, Regular Iced americano - 2.15, Regular Cappuccino - 2.15, Regular Hot chocolate - 2.20",11.15,CARD,5810748129142513
16/04/2025 19:32,London Brixton,Larry Crumedy,"Regular Hot chocolate - 2.20, Large Smoothies - Glowing Greens - 2.50",4.7,CASH,
16/04/2025 19:33,London Brixton,Raymond Clark,Regular Smoothies - Carrot Kick - 2.00,2.0,CASH,
16/04/2025 19:35,London Brixton,Christopher Morgan,"Large Espresso - 1.80, Large Espresso - 1.80, Large Speciality Tea - Earl Grey - 1.60",5.2,CARD,3657264831152379
16/04/2025 19:36,London Brixton,Richard Whitfield,"Regular Iced americano - 2.15, Regular Espresso - 1.50, Regular Hot chocolate - 2.20, Regular Smoothies - Glowing Greens - 2.00",7.85,CARD,8748928341089761
16/04/2025 19:37,London Brixton,Norma Gibbs,"Regular Hot chocolate - 2.20, Large Smoothies - Glowing Greens - 2.50, Regular Smoothies - Glowing Greens - 2.00, Regular Cappuccino - 2.15",8.85,CASH,
16/04/2025 19:39,London Brixton,James Collins,Large Cappuccino - 2.45,2.45,CARD,5665531202529365
16/04/2025 19:40,London Brixton,Jaime Coker,"Regular Cappuccino - 2.15, Large Iced americano - 2.50",4.65,CASH,
16/04/2025 19:41,London Brixton,Lorraine Mack,"Large Iced americano - 2.50, Regular Smoothies - Glowing Greens - 2.00",4.5,CASH,
16/04/2025 19:43,London Brixton,Scott Donnellan,"Regular Espresso - 1.50, Large Iced americano - 2.50",4.0,CARD,7410367943534698
16/04/2025 19:44,London Brixton,Julie Long,"Large Speciality Tea - Earl Grey - 1.60, Large Iced americano - 2.50, Large Iced americano - 2.50, Regular Smoothies - Carrot Kick - 2.00",8.6,CARD,5618747628567993
16/04/2025 19:45,London Brixton,Mary Hernandez,"Large Cappuccino - 2.45, Large Smoothies - Glowing Greens - 2.50, Large Cappuccino - 2.45",7.4,CARD,4591145365482873
16/04/2025 19:47,London Brixton,Donna Goulet,"Regular Smoothies - Glowing Greens - 2.00, Large Frappes - Strawberries & Cream - 3.25",5.25,CARD,1371386437934926
16/04/2025 19:48,London Brixton,Reginald Ellis,"Large Speciality Tea - Earl Grey - 1.60, Large Iced americano - 2.50, Large Speciality Tea - Earl Grey - 1.60, Large Smoothies - Glowing Greens - 2.50, Regular Iced americano - 2.15",10.35,CASH,
16/04/2025 19:49,London Brixton,Robert Newlin,"Regular Cappuccino - 2.15, Large Cappuccino - 2.45",4.6,CARD,4355863295518643
16/04/2025 19:51,London Brixton,Dolores Valentine,"Regular Iced americano - 2.15, Large Smoothies - Glowing Greens - 2.50, Regular Speciality Tea - Earl Grey - 1.30, Large Speciality Tea - Earl Grey - 1.60, Large Smoothies - Glowing Greens - 2.50, Large Cappuccino - 2.45",12.5,CARD,8749205834870993
16/04/2025 19:52,London Brixton,Julia Robinson,"Regular Speciality Tea - Earl Grey - 1.30, Large Smoothies - Carrot Kick - 2.50, Regular Smoothies - Glowing Greens - 2.00, Large Smoothies - Glowing Greens - 2.50, Large Espresso - 1.80",10.1,CARD,8347837365217346
16/04/2025 19:53,London Brixton,Teresia Wood,"Regular Iced americano - 2.15, Regular Hot chocolate - 2.20, Regular Speciality Tea - Earl Grey - 1.30",5.65,CARD,2110022714666999
16/04/2025 19:55,London Brixton,Thomas Thornton,Large Smoothies - Glowing Greens - 2.50,2.5,CASH,
16/04/2025 19:56,London Brixton,Edward Tenney,"Large Smoothies - Glowing Greens - 2.50, Regular Smoothies - Carrot Kick - 2.00, Regular Espresso - 1.50, Regular Speciality Tea - Earl Grey - 1.30",7.3,CARD,8535882731814971
16/04/2025 19:57,London Brixton,Joyce Langley,"Large Iced americano - 2.50, Regular Iced americano - 2.15, Large Espresso - 1.80, Regular Hot chocolate - 2.20, Regular Frappes - Strawberries & Cream - 2.75, Large Cappuccino - 2.45",13.85,CARD,3193942458494508
16/04/2025 19:59,London Brixton,Donna Shadle,"Large Frappes - Strawberries & Cream - 3.25, Regular Iced americano - 2.15, Large Smoothies - Glowing Greens - 2.50",7.9,CARD,6556453416855564
16/04/2025 20:00,London Brixton,Suzanne Campbell,"Regular Cappuccino - 2.15, Regular Cappuccino - 2.15, Large Speciality Tea - Earl Grey - 1.60, Large Cappuccino - 2.45",8.35,CARD,6075151893622109
16/04/2025 20:03,London Brixton,Jose Pacheco,Large Smoothies - Carrot Kick - 2.50,2.5,CARD,8605192509216423
16/04/2025 20:05,London Brixton,Pearl Coley,"Regular Espresso - 1.50, Large Frappes - Strawberries & Cream - 3.25",4.75,CARD,2401889118603185
16/04/2025 20:07,London Brixton,Barry Arrant,"Regular Frappes - Strawberries & Cream - 2.75, Regular Iced americano - 2.15, Regular Speciality Tea - Earl Grey - 1.30",6.2,CASH,
16/04/2025 20:10,London Brixton,Sandra Kuster,"Regular Speciality Tea - Earl Grey - 1.30, Regular Espresso - 1.50",2.8,CASH,
16/04/2025 20:12,London Brixton,Maria Slocum,"Large Frappes - Strawberries & Cream - 3.25, Large Smoothies - Glowing Greens - 2.50",5.75,CARD,2212619403867896
16/04/2025 20:15,London Brixton,Jeanne Fritts,"Regular Frappes - Strawberries & Cream - 2.75, Regular Hot chocolate - 2.20",4.95,CARD,9820465577765174
16/04/2025 20:17,London Brixton,Lorene Busch,"Large Smoothies - Glowing Greens - 2.50, Regular Frappes - Strawberries & Cream - 2.75, Regular Hot chocolate - 2.20",7.45,CASH,
16/04/2025 20:19,London Brixton,Nancy Norris,"Large Iced americano - 2.50, Large Cappuccino - 2.45",4.95,CASH,
16/04/2025 20:22,London Brixton,Pat Villarreal,"Large Iced americano - 2.50, Large Iced americano - 2.50, Regular Iced americano - 2.15, Regular Smoothies - Glowing Greens - 2.00, Large Frappes - Strawberries & Cream - 3.25",12.4,CARD,7165103828410563
16/04/2025 20:24,London Brixton,Jose Atterberry,"Large Cappuccino - 2.45, Regular Smoothies - Carrot Kick - 2.00",4.45,CARD,3381791652902061
16/04/2025 20:27,London Brixton,John Kagawa,"Large Iced americano - 2.50, Large Espresso - 1.80, Regular Hot chocolate - 2.20",6.5,CARD,5271034758493798
16/04/2025 20:29,London Brixton,Joseph Wallace,"Regular Espresso - 1.50, Large Speciality Tea - Earl Grey - 1.60",3.1,CASH,
16/04/2025 20:31,London Brixton,Daniel Denis,Large Smoothies - Glowing Greens - 2.50,2.5,CARD,5500802543411664
16/04/2025 20:34,London Brixton,Melissa Puentes,"Regular Smoothies - Carrot Kick - 2.00, Regular Iced americano - 2.15, Large Espresso - 1.80",5.95,CARD,2082828564100063
16/04/2025 20:36,London Brixton,Brad Bennett,"Regular Espresso - 1.50, Large Espresso - 1.80, Large Espresso - 1.80",5.1,CASH,
16/04/2025 20:39,London Brixton,Peter Haggard,Regular Smoothies - Glowing Greens - 2.00,2.0,CARD,5188861655311278
16/04/2025 20:41,London Brixton,Steve Orsini,Large Smoothies - Glowing Greens - 2.50,2.5,CARD,7390357138097040
16/04/2025 20:43,London Brixton,Steve Price,"Large Espresso - 1.80, Large Iced americano - 2.50, Large Smoothies - Glowing Greens - 2.50",6.8,CARD,3735413752145531
16/04/2025 20:46,London Brixton,Sonny Benedict,"Regular Hot chocolate - 2.20, Regular Frappes - Strawberries & Cream - 2.75, Regular Hot chocolate - 2.20, Large Iced americano - 2.50",9.65,CARD,4887176119336394
16/04/2025 20:48,London Brixton,David Henderson,"Regular Smoothies - Glowing Greens - 2.00, Regular Frappes - Strawberries & Cream - 2.75, Large Smoothies - Glowing Greens - 2.50",7.25,CARD,5979085796439114
16/04/2025 20:51,London Brixton,Joseph Ziegler,Regular Hot chocolate - 2.20,2.2,CASH,
16/04/2025 20:53,London Brixton,Vanessa Studler,"Regular Espresso - 1.50, Large Frappes - Strawberries & Cream - 3.25",4.75,CARD,8195107128714266
16/04/2025 20:55,London Brixton,Lisa Wheeler,"Regular Frappes - Strawberries & Cream - 2.75, Regular Hot chocolate - 2.20",4.95,CASH,
16/04/2025 20:58,London Brixton,Sammie Xu,"Regular Speciality Tea - Earl Grey - 1.30, Large Espresso - 1.80",3.1,CARD,6012362286685489
