13/04/2025 08:00,London Brixton,Stella Barga,"Large Espresso - 1.80, Large Cappuccino - 2.45",4.25,CASH,
13/04/2025 08:00,London Brixton,Paul Sweet,"Large Speciality Tea - Earl Grey - 1.60, Regular Hot chocolate - 2.20",3.8,CARD,6712114214975341
13/04/2025 08:01,London Brixton,Vickie Ouellette,"Large Hot chocolate - 2.90, Large Iced americano - 2.50, Regular Cappuccino - 2.15, Regular Cappuccino - 2.15, Large Speciality Tea - Earl Grey - 1.60",11.3,CARD,2339556618013913
13/04/2025 08:02,London Brixton,Theresa Roberts,"Regular Hot chocolate - 2.20, Large Speciality Tea - Earl Grey - 1.60, Regular Hot chocolate - 2.20, Regular Hot chocolate - 2.20",8.2,CASH,
13/04/2025 08:03,London Brixton,Ramon Harris,"Large Hot chocolate - 2.90, Regular Frappes - Strawberries & Cream - 2.75, Regular Speciality Tea - Earl Grey - 1.30",6.95,CASH,
13/04/2025 08:04,London Brixton,Ileana Rodriguez,"Regular Speciality Tea - Earl Grey - 1.30, Large Smoothies - Carrot Kick - 2.50",3.8,CARD,3589046442480809
13/04/2025 08:05,London Brixton,Elaine Burchess,"Regular Smoothies - Glowing Greens - 2.00, Large Frappes - Strawberries & Cream - 3.25, Large Hot chocolate - 2.90, Large Hot chocolate - 2.90",11.05,CARD,5901441289888698
13/04/2025 08:06,London Brixton,Michael Smith,"Regular Speciality Tea - Earl Grey - 1.30, Large Speciality Tea - Earl Grey - 1.60, Large Hot chocolate - 2.90, Large Cappuccino - 2.45",8.25,CARD,9626313547733672
13/04/2025 08:07,London Brixton,Neal Wolfe,Regular Hot chocolate - 2.20,2.2,CARD,8777431834855818
13/04/2025 08:08,London Brixton,Robert Miller,Regular Cappuccino - 2.15,2.15,CARD,7552374327085116
13/04/2025 08:09,London Brixton,Diane Bull,"Large Smoothies - Glowing Greens - 2.50, Regular Speciality Tea - Earl Grey - 1.30, Regular Frappes - Strawberries & Cream - 2.75, Large Espresso - 1.80",8.35,CARD,4733596617327494
13/04/2025 08:10,London Brixton,Raymond Hinkle,"Regular Smoothies - Glowing Greens - 2.00, Large Espresso - 1.80, Regular Iced americano - 2.15, Regular Speciality Tea - Earl Grey - 1.30, Large Hot chocolate - 2.90, Large Speciality Tea - Earl Grey - 1.60",11.75,CARD,6516651055631945
13/04/2025 08:11,London Brixton,Laura Mcginity,"Regular Iced americano - 2.15, Regular Espresso - 1.50, Large Iced americano - 2.50",6.15,CASH,
13/04/2025 08:12,London Brixton,Billie Martinez,"Regular Cappuccino - 2.15, Regular Cappuccino - 2.15",4.3,CARD,5016232143628388
13/04/2025 08:13,London Brixton,Larry Bey,"Large Speciality Tea - Earl Grey - 1.60, Large Smoothies - Glowing Greens - 2.50",4.1,CARD,3228833214675334
13/04/2025 08:14,London Brixton,David Fitch,"Regular Frappes - Strawberries & Cream - 2.75, Large Smoothies - Carrot Kick - 2.50, Large Smoothies - Carrot Kick - 2.50",7.75,CASH,
13/04/2025 08:15,London Brixton,Donald Pesso,"Large Smoothies - Carrot Kick - 2.50, Regular Cappuccino - 2.15, Large Hot chocolate - 2.90, Large Cappuccino - 2.45, Regular Iced americano - 2.15",12.15,CARD,7812535509106049
13/04/2025 08:16,London Brixton,Douglas Wysong,"Large Iced americano - 2.50, Large Speciality Tea - Earl Grey - 1.60, Regular Espresso - 1.50",5.6,CARD,7657808036545962
13/04/2025 08:17,London Brixton,Benjamin Sibert,Large Smoothies - Glowing Greens - 2.50,2.5,CARD,9310219739719405
13/04/2025 08:18,London Brixton,Kenneth Young,"Regular Iced americano - 2.15, Large Iced americano - 2.50, Regular Hot chocolate - 2.20, Large Cappuccino - 2.45",9.3,CARD,3551588954347662
13/04/2025 08:19,London Brixton,Elaine Hunt,"Regular Smoothies - Carrot Kick - 2.00, Regular Speciality Tea - Earl Grey - 1.30, Large Cappuccino - 2.45, Large Smoothies - Glowing Greens - 2.50, Large Iced americano - 2.50",10.75,CARD,8824606059207246
13/04/2025 08:20,London Brixton,Chester Sewell,Large Espresso - 1.80,1.8,CASH,
13/04/2025 08:21,London Brixton,Kelley Osborne,Large Smoothies - Glowing Greens - 2.50,2.5,CARD,1042665086476714
13/04/2025 08:22,London Brixton,Logan Victoria,"Large Speciality Tea - Earl Grey - 1.60, Large Espresso - 1.80, Regular Frappes - Strawberries & Cream - 2.75, Regular Espresso - 1.50",7.65,CASH,
13/04/2025 08:23,London Brixton,Harry Roberts,"Large Smoothies - Glowing Greens - 2.50, Regular Frappes - Strawberries & Cream - 2.75, Large Smoothies - Carrot Kick - 2.50, Large Espresso - 1.80, Regular Hot chocolate - 2.20",11.75,CARD,1850263557529239
13/04/2025 08:24,London Brixton,Glen Roys,"Regular Cappuccino - 2.15, Large Speciality Tea - Earl Grey - 1.60, Regular Hot chocolate - 2.20, Regular Espresso - 1.50",7.45,CARD,9205452830114915
13/04/2025 08:25,London Brixton,Paul Velasco,"Regular Smoothies - Glowing Greens - 2.00, Regular Hot chocolate - 2.20, Large Espresso - 1.80, Large Speciality Tea - Earl Grey - 1.60",7.6,CASH,
13/04/2025 08:26,London Brixton,Daniel Hickman,"Regular Espresso - 1.50, Regular Espresso - 1.50, Regular Smoothies - Carrot Kick - 2.00, Regular Smoothies - Glowing Greens - 2.00, Regular Speciality Tea - Earl Grey - 1.30",8.3,CARD,1699621141138704
13/04/2025 08:27,London Brixton,Connie Dube,Large Smoothies - Carrot Kick - 2.50,2.5,CASH,
13/04/2025 08:28,London Brixton,Robert Weber,Regular Iced americano - 2.15,2.15,CASH,
13/04/2025 08:29,London Brixton,Shawn Haynes,Large Iced americano - 2.50,2.5,CARD,6650795583282346
13/04/2025 08:30,London Brixton,Kimberly Reitz,"Regular Iced americano - 2.15, Regular Frappes - Strawberries & Cream - 2.75, Regular Hot chocolate - 2.20, Large Iced americano - 2.50, Large Speciality Tea - Earl Grey - 1.60",11.2,CASH,
13/04/2025 08:31,London Brixton,Tanya Lawhorne,"Large Speciality Tea - Earl Grey - 1.60, Regular Espresso - 1.50, Large Iced americano - 2.50, Regular Speciality Tea - Earl Grey - 1.30, Regular Frappes - Strawberries & Cream - 2.75",9.65,CASH,
13/04/2025 08:32,London Brixton,Charles Dodd,"Regular Frappes - Strawberries & Cream - 2.75, Large Hot chocolate - 2.90, Large Iced americano - 2.50, Large Iced americano - 2.50, Regular Hot chocolate - 2.20",12.85,CARD,3677689662116681
13/04/2025 08:33,London Brixton,Lorna Kelly,Regular Smoothies - Carrot Kick - 2.00,2.0,CARD,2113057051788804
13/04/2025 08:34,London Brixton,Regina King,"Large Smoothies - Glowing Greens - 2.50, Large Smoothies - Glowing Greens - 2.50, Large Smoothies - Carrot Kick - 2.50",7.5,CASH,
13/04/2025 08:35,London Brixton,Regina Brown,Large Hot chocolate - 2.90,2.9,CARD,9598442060407684
13/04/2025 08:36,London Brixton,Francisca Young,"Large Espresso - 1.80, Regular Espresso - 1.50, Large Speciality Tea - Earl Grey - 1.60, Large Iced americano - 2.50",7.4,CASH,
13/04/2025 08:37,London Brixton,Steven Costa,"Regular Iced americano - 2.15, Large Smoothies - Glowing Greens - 2.50, Large Cappuccino - 2.45, Large Smoothies - Glowing Greens - 2.50",9.6,CARD,4400902293593691
13/04/2025 08:38,London Brixton,Sarah Clark,"Large Hot chocolate - 2.90, Large Hot chocolate - 2.90, Regular Hot chocolate - 2.20, Regular Hot chocolate - 2.20",10.2,CARD,7290718935183326
13/04/2025 08:39,London Brixton,Arthur Frye,Regular Hot chocolate - 2.20,2.2,CARD,3201309592300020
13/04/2025 08:40,London Brixton,Carol Knight,Regular Espresso - 1.50,1.5,CARD,5917258172866732
13/04/2025 08:41,London Brixton,Alma Johnson,"Large Hot chocolate - 2.90, Regular Speciality Tea - Earl Grey - 1.30, Large Speciality Tea - Earl Grey - 1.60, Regular Frappes - Strawberries & Cream - 2.75, Large Speciality Tea - Earl Grey - 1.60, Regular Smoothies - Glowing Greens - 2.00",12.15,CARD,5337059327720089
13/04/2025 08:42,London Brixton,Thomas Packwood,Regular Speciality Tea - Earl Grey - 1.30,1.3,CARD,3190715960211338
13/04/2025 08:43,London Brixton,Sue Bustamante,"Regular Smoothies - Carrot Kick - 2.00, Large Cappuccino - 2.45, Large Hot chocolate - 2.90",7.35,CARD,5364641128925989
13/04/2025 08:44,London Brixton,Carolina Pace,"Large Hot chocolate - 2.90, Large Hot chocolate - 2.90, Large Espresso - 1.80",7.6,CARD,9017436669193902
13/04/2025 08:45,London Brixton,Janie Lopez,Regular Frappes - Strawberries & Cream - 2.75,2.75,CASH,
13/04/2025 08:46,London Brixton,Wesley Bodie,"Regular Cappuccino - 2.15, Regular Smoothies - Glowing Greens - 2.00, Regular Espresso - 1.50, Regular Iced americano - 2.15, Regular Smoothies - Carrot Kick - 2.00",9.8,CARD,3753122384565435
13/04/2025 08:47,London Brixton,Michelle Stansberry,Regular Smoothies - Glowing Greens - 2.00,2.0,CARD,8401875016990650
13/04/2025 08:48,London Brixton,Jonathan Lodge,"Large Smoothies - Carrot Kick - 2.50, Regular Hot chocolate - 2.20, Regular Cappuccino - 2.15, Regular Smoothies - Glowing Greens - 2.00",8.85,CARD,1208578474211800
13/04/2025 08:49,London Brixton,Robert Mercer,"Regular Iced americano - 2.15, Regular Hot chocolate - 2.20, Large Smoothies - Carrot Kick - 2.50",6.85,CARD,3709465311915449
13/04/2025 08:50,London Brixton,Anita Cruz,"Large Cappuccino - 2.45, Regular Cappuccino - 2.15, Large Frappes - Strawberries & Cream - 3.25, Regular Cappuccino - 2.15, Regular Cappuccino - 2.15",12.15,CARD,2778449795596387
13/04/2025 08:51,London Brixton,Monte Bellew,Regular Speciality Tea - Earl Grey - 1.30,1.3,CARD,1656860613457756
13/04/2025 08:52,London Brixton,Susan Kiser,"Large Speciality Tea - Earl Grey - 1.60, Regular Iced americano - 2.15, Large Smoothies - Glowing Greens - 2.50, Regular Frappes - Strawberries & Cream - 2.75",9.0,CARD,2809106196408081
13/04/2025 08:53,London Brixton,Sandy Mandolini,"Large Cappuccino - 2.45, Regular Iced americano - 2.15, Large Espresso - 1.80",6.4,CARD,6461102212820018
13/04/2025 08:54,London Brixton,Jackie Hughes,"Regular Smoothies - Carrot Kick - 2.00, Large Smoothies - Carrot Kick - 2.50, Regular Espresso - 1.50, Regular Speciality Tea - Earl Grey - 1.30, Large Espresso - 1.80, Regular Frappes - Strawberries & Cream - 2.75",11.85,CARD,6168423313862427
13/04/2025 08:55,London Brixton,Manuel Wollschlager,"Large Smoothies - Glowing Greens - 2.50, Regular Smoothies - Carrot Kick - 2.00, Regular Cappuccino - 2.15",6.65,CASH,
13/04/2025 08:56,London Brixton,Lenore Key,"Large Espresso - 1.80, Regular Hot chocolate - 2.20, Large Frappes - Strawberries & Cream - 3.25, Large Espresso - 1.80",9.05,CASH,
13/04/2025 08:57,London Brixton,Sandy Pressly,"Large Speciality Tea - Earl Grey - 1.60, Large Hot chocolate - 2.90",4.5,CARD,5058568788669231
13/04/2025 08:58,London Brixton,Larry Pierre,Large Hot chocolate - 2.90,2.9,CARD,7526815653589358
13/04/2025 08:59,London Brixton,Russel Martin,"Large Iced americano - 2.50, Regular Speciality Tea - Earl Grey - 1.30, Large Smoothies - Carrot Kick - 2.50, Large Speciality Tea - Earl Grey - 1.60",7.9,CARD,2408629325919294
13/04/2025 08:59,London Brixton,Margie Battle,Regular Smoothies - Carrot Kick - 2.00,2.0,CARD,1662867632775468
13/04/2025 09:00,London Brixton,Paul Winters,"Regular Iced americano - 2.15, Large Smoothies - Glowing Greens - 2.50, Large Iced americano - 2.50, Large Hot chocolate - 2.90",10.05,CASH,
13/04/2025 09:02,London Brixton,David Jones,"Large Smoothies - Carrot Kick - 2.50, Large Smoothies - Glowing Greens - 2.50, Regular Hot chocolate - 2.20",7.2,CARD,5451845579237146
13/04/2025 09:03,London Brixton,Wilda Thompson,"Large Smoothies - Glowing Greens - 2.50, Regular Speciality Tea - Earl Grey - 1.30, Large Smoothies - Carrot Kick - 2.50, Large Espresso - 1.80",8.1,CASH,
13/04/2025 09:04,London Brixton,Joanne Barker,"Large Frappes - Strawberries & Cream - 3.25, Regular Espresso - 1.50, Regular Speciality Tea - Earl Grey - 1.30, Large Frappes - Strawberries & Cream - 3.25, Regular Cappuccino - 2.15",11.45,CARD,3899704727211661
13/04/2025 09:05,London Brixton,Allen Swiger,Large Hot chocolate - 2.90,2.9,CASH,
13/04/2025 09:06,London Brixton,Michael Weitzel,"Large Iced americano - 2.50, Large Speciality Tea - Earl Grey - 1.60",4.1,CASH,
13/04/2025 09:07,London Brixton,Allan Leo,"Large Smoothies - Glowing Greens - 2.50, Regular Espresso - 1.50, Large Hot chocolate - 2.90, Large Espresso - 1.80, Large Hot chocolate - 2.90",11.6,CASH,
13/04/2025 09:09,London Brixton,Rebecca Mallett,"Large Cappuccino - 2.45, Regular Frappes - Strawberries & Cream - 2.75, Large Frappes - Strawberries & Cream - 3.25, Regular Speciality Tea - Earl Grey - 1.30",9.75,CARD,9826180813924228
13/04/2025 09:10,London Brixton,Harry Ward,"Regular Hot chocolate - 2.20, Large Speciality Tea - Earl Grey - 1.60, Large Cappuccino - 2.45, Regular Espresso - 1.50, Regular Cappuccino - 2.15",9.9,CASH,
13/04/2025 09:11,London Brixton,Roy Hernandez,"Regular Smoothies - Carrot Kick - 2.00, Regular Smoothies - Glowing Greens - 2.00, Large Iced americano - 2.50, Large Speciality Tea - Earl Grey - 1.60",8.1,CARD,9651676770137283
13/04/2025 09:12,London Brixton,Patricia Pepper,Regular Iced americano - 2.15,2.15,CASH,
13/04/2025 09:13,London Brixton,Alfred Craun,Large Frappes - Strawberries & Cream - 3.25,3.25,CARD,5873240355356521
13/04/2025 09:14,London Brixton,Adam Mccage,Regular Cappuccino - 2.15,2.15,CASH,
13/04/2025 09:16,London Brixton,Buddy Evins,"Large Hot chocolate - 2.90, Regular Cappuccino - 2.15, Regular Hot chocolate - 2.20, Regular Iced americano - 2.15",9.4,CASH,
13/04/2025 09:17,London Brixton,Renee Orr,"Large Iced americano - 2.50, Large Smoothies - Glowing Greens - 2.50, Large Speciality Tea - Earl Grey - 1.60, Regular Iced americano - 2.15",8.75,CARD,6320529628749126
13/04/2025 09:18,London Brixton,Jennifer Shearer,"Large Speciality Tea - Earl Grey - 1.60, Regular Speciality Tea - Earl Grey - 1.30",2.9,CARD,3760995834047666
13/04/2025 09:19,London Brixton,Rochell Isom,"Large Frappes - Strawberries & Cream - 3.25, Large Iced americano - 2.50",5.75,CARD,3046901000897624
13/04/2025 09:20,London Brixton,Stephen Tweed,"Large Iced americano - 2.50, Regular Smoothies - Glowing Greens - 2.00",4.5,CASH,
13/04/2025 09:21,London Brixton,Eddie Rodriquez,"Regular Cappuccino - 2.15, Regular Speciality Tea - Earl Grey - 1.30, Regular Smoothies - Carrot Kick - 2.00, Regular Smoothies - Glowing Greens - 2.00",7.45,CARD,1268989668194199
13/04/2025 09:23,London Brixton,Craig Walker,Regular Smoothies - Glowing Greens - 2.00,2.0,CASH,
13/04/2025 09:24,London Brixton,Joyce Perez,"Large Smoothies - Carrot Kick - 2.50, Large Iced americano - 2.50, Large Speciality Tea - Earl Grey - 1.60, Regular Frappes - Strawberries & Cream - 2.75",9.35,CARD,4455285847090987
13/04/2025 09:25,London Brixton,Albert Hunter,"Regular Hot chocolate - 2.20, Regular Hot chocolate - 2.20, Regular Speciality Tea - Earl Grey - 1.30, Regular Frappes - Strawberries & Cream - 2.75, Large Cappuccino - 2.45, Regular Cappuccino - 2.15",13.05,CARD,4383597526014456
13/04/2025 09:26,London Brixton,Tyson Berg,"Large Speciality Tea - Earl Grey - 1.60, Regular Smoothies - Glowing Greens - 2.00, Regular Smoothies - Carrot Kick - 2.00, Regular Cappuccino - 2.15, Regular Iced americano - 2.15",9.9,CASH,
13/04/2025 09:27,London Brixton,Pamela Gaston,"Regular Cappuccino - 2.15, Large Hot chocolate - 2.90, Regular Frappes - Strawberries & Cream - 2.75, Large Frappes - Strawberries & Cream - 3.25, Regular Speciality Tea - Earl Grey - 1.30",12.35,CASH,
13/04/2025 09:28,London Brixton,Roland Watson,"Large Speciality Tea - Earl Grey - 1.60, Regular Iced americano - 2.15, Large Frappes - Strawberries & Cream - 3.25, Large Espresso - 1.80",8.8,CARD,2396610017674949
13/04/2025 09:30,London Brixton,Wayne Weeks,"Regular Cappuccino - 2.15, Regular Smoothies - Glowing Greens - 2.00",4.15,CASH,
13/04/2025 09:31,London Brixton,Christopher Williams,Large Speciality Tea - Earl Grey - 1.60,1.6,CARD,9148083924835204
13/04/2025 09:32,London Brixton,Laura Melvin,"Regular Smoothies - Glowing Greens - 2.00, Regular Smoothies - Glowing Greens - 2.00",4.0,CARD,6041106461225708
13/04/2025 09:33,London Brixton,Steven Smith,"Regular Espresso - 1.50, Large Speciality Tea - Earl Grey - 1.60, Large Hot chocolate - 2.90",6.0,CARD,7772427556357664
13/04/2025 09:34,London Brixton,Sandra Spencer,Large Speciality Tea - Earl Grey - 1.60,1.6,CARD,8724035908793500
13/04/2025 09:35,London Brixton,Claude Casson,"Large Iced americano - 2.50, Regular Cappuccino - 2.15",4.65,CARD,5970042577626680
13/04/2025 09:37,London Brixton,Jeremy Scott,"Regular Hot chocolate - 2.20, Regular Smoothies - Carrot Kick - 2.00, Large Hot chocolate - 2.90, Large Iced americano - 2.50, Regular Espresso - 1.50, Large Hot chocolate - 2.90",14.0,CARD,9116730577071498
13/04/2025 09:38,London Brixton,Michael Souers,"Regular Speciality Tea - Earl Grey - 1.30, Large Iced americano - 2.50, Regular Smoothies - Carrot Kick - 2.00",5.8,CARD,3002560360813228
13/04/2025 09:39,London Brixton,Benito Lechner,"Regular Iced americano - 2.15, Large Smoothies - Carrot Kick - 2.50, Regular Smoothies - Carrot Kick - 2.00, Regular Cappuccino - 2.15, Regular Iced americano - 2.15, Regular Smoothies - Carrot Kick - 2.00",12.95,CARD,6371764049003155
13/04/2025 09:40,London Brixton,David Dacosta,"Large Cappuccino - 2.45, Large Cappuccino - 2.45, Regular Speciality Tea - Earl Grey - 1.30",6.2,CARD,8321143144393749
13/04/2025 09:41,London Brixton,Pauline Wyatt,"Regular Hot chocolate - 2.20, Large Hot chocolate - 2.90, Regular Speciality Tea - Earl Grey - 1.30",6.4,CARD,3458156002930064
13/04/2025 09:42,London Brixton,Henry Paramo,Large Cappuccino - 2.45,2.45,CARD,9601638301488907
13/04/2025 09:44,London Brixton,David Shields,"Regular Iced americano - 2.15, Regular Speciality Tea - Earl Grey - 1.30, Large Smoothies - Carrot Kick - 2.50, Large Iced americano - 2.50, Regular Speciality Tea - Earl Grey - 1.30",9.75,CARD,5593434467223601
13/04/2025 09:45,London Brixton,Erin Sanders,Regular Espresso - 1.50,1.5,CASH,
13/04/2025 09:46,London Brixton,Shawn Thibeau,"Large Smoothies - Carrot Kick - 2.50, Regular Cappuccino - 2.15, Regular Smoothies - Glowing Greens - 2.00, Large Hot chocolate - 2.90",9.55,CARD,7874838764799545
13/04/2025 09:47,London Brixton,Denise Wright,"Regular Hot chocolate - 2.20, Regular Cappuccino - 2.15, Large Espresso - 1.80, Large Hot chocolate - 2.90, Regular Speciality Tea - Earl Grey - 1.30",10.35,CARD,5306877507069188
13/04/2025 09:48,London Brixton,Peggy Freedman,"Large Speciality Tea - Earl Grey - 1.60, Large Frappes - Strawberries & Cream - 3.25, Regular Iced americano - 2.15, Large Cappuccino - 2.45",9.45,CASH,
13/04/2025 09:49,London Brixton,Yolanda Hernandez,"Large Smoothies - Glowing Greens - 2.50, Regular Iced americano - 2.15, Regular Cappuccino - 2.15, Large Smoothies - Carrot Kick - 2.50, Regular Smoothies - Glowing Greens - 2.00",11.3,CARD,2505292914513372
13/04/2025 09:51,London Brixton,Misty Stephens,"Regular Speciality Tea - Earl Grey - 1.30, Large Cappuccino - 2.45, Regular Smoothies - Carrot Kick - 2.00, Regular Iced americano - 2.15",7.9,CASH,
13/04/2025 09:52,London Brixton,Edwin Elliam,"Regular Espresso - 1.50, Large Cappuccino - 2.45, Regular Iced americano - 2.15",6.1,CASH,
13/04/2025 09:53,London Brixton,Juan Gonzalez,"Regular Hot chocolate - 2.20, Regular Cappuccino - 2.15, Large Hot chocolate - 2.90, Large Cappuccino - 2.45, Regular Smoothies - Carrot Kick - 2.00, Regular Espresso - 1.50",13.2,CASH,
13/04/2025 09:54,London Brixton,Mary Kent,Large Iced americano - 2.50,2.5,CARD,7339167273906016
13/04/2025 09:55,London Brixton,Mary Campbell,"Regular Espresso - 1.50, Large Frappes - Strawberries & Cream - 3.25, Large Speciality Tea - Earl Grey - 1.60, Regular Smoothies - Glowing Greens - 2.00, Regular Espresso - 1.50",9.85,CASH,
13/04/2025 09:56,London Brixton,Arden Mccomber,"Regular Speciality Tea - Earl Grey - 1.30, Regular Cappuccino - 2.15",3.45,CARD,3760735919784125
13/04/2025 09:58,London Brixton,Marilyn Vazquez,"Large Espresso - 1.80, Regular Speciality Tea - Earl Grey - 1.30",3.1,CASH,
13/04/2025 09:59,London Brixton,John Walker,"Large Espresso - 1.80, Large Iced americano - 2.50",4.3,CASH,
13/04/2025 10:00,London Brixton,Emma Rutherford,Large Hot chocolate - 2.90,2.9,CASH,
13/04/2025 10:01,London Brixton,Domingo Ott,"Large Smoothies - Glowing Greens - 2.50, Large Espresso - 1.80",4.3,CARD,1383624358393697
13/04/2025 10:02,London Brixton,Brandon Redden,Regular Espresso - 1.50,1.5,CARD,5465194574428376
13/04/2025 10:03,London Brixton,Joanna Harris,"Regular Speciality Tea - Earl Grey - 1.30, Large Hot chocolate - 2.90",4.2,CARD,4923360648332459
13/04/2025 10:05,London Brixton,Ginger Turner,"Large Smoothies - Glowing Greens - 2.50, Large Cappuccino - 2.45, Regular Espresso - 1.50, Regular Smoothies - Carrot Kick - 2.00",8.45,CASH,
13/04/2025 10:06,London Brixton,David Mccord,Large Smoothies - Glowing Greens - 2.50,2.5,CASH,
13/04/2025 10:07,London Brixton,Chris Swaim,"Large Espresso - 1.80, Large Espresso - 1.80, Regular Cappuccino - 2.15",5.75,CASH,
13/04/2025 10:08,London Brixton,Raymond Booker,Large Hot chocolate - 2.90,2.9,CASH,
13/04/2025 10:09,London Brixton,Charles Cook,"Large Hot chocolate - 2.90, Regular Smoothies - Glowing Greens - 2.00, Regular Iced americano - 2.15, Large Cappuccino - 2.45, Regular Iced americano - 2.15",11.65,CASH,
13/04/2025 10:10,London Brixton,Charles Avina,"Regular Speciality Tea - Earl Grey - 1.30, Regular Speciality Tea - Earl Grey - 1.30",2.6,CASH,
13/04/2025 10:12,London Brixton,James Fountain,"Large Frappes - Strawberries & Cream - 3.25, Large Frappes - Strawberries & Cream - 3.25, Large Smoothies - Glowing Greens - 2.50, Regular Espresso - 1.50, Large Espresso - 1.80",12.3,CARD,5817004780335107
13/04/2025 10:13,London Brixton,Irvin Rollins,"Regular Cappuccino - 2.15, Large Speciality Tea - Earl Grey - 1.60, Regular Smoothies - Glowing Greens - 2.00",5.75,CARD,1346366051397390
13/04/2025 10:14,London Brixton,Kari Patel,"Large Smoothies - Glowing Greens - 2.50, Large Speciality Tea - Earl Grey - 1.60",4.1,CARD,4338123891749223
13/04/2025 10:15,London Brixton,Jennifer Castaneda,Large Iced americano - 2.50,2.5,CARD,5113274233489152
13/04/2025 10:16,London Brixton,Douglas Ray,"Regular Smoothies - Carrot Kick - 2.00, Regular Smoothies - Glowing Greens - 2.00",4.0,CARD,4995323096193410
13/04/2025 10:17,London Brixton,Jason Tederous,"Regular Smoothies - Glowing Greens - 2.00, Regular Espresso - 1.50",3.5,CASH,
13/04/2025 10:19,London Brixton,Lucille Harris,Large Smoothies - Glowing Greens - 2.50,2.5,CARD,3692966583466695
13/04/2025 10:20,London Brixton,Brittany Harris,"Regular Cappuccino - 2.15, Regular Smoothies - Carrot Kick - 2.00",4.15,CARD,5094992173960937
13/04/2025 10:21,London Brixton,Edward Dickerson,"Regular Frappes - Strawberries & Cream - 2.75, Regular Hot chocolate - 2.20, Regular Smoothies - Glowing Greens - 2.00, Large Cappuccino - 2.45",9.4,CARD,2035788731203646
13/04/2025 10:22,London Brixton,Anthony Franklin,"Regular Cappuccino - 2.15, Large Smoothies - Glowing Greens - 2.50",4.65,CARD,7932616880290452
13/04/2025 10:23,London Brixton,Bradley Heagney,"Large Iced americano - 2.50, Regular Cappuccino - 2.15, Large Hot chocolate - 2.90",7.55,CARD,5435111462061721
13/04/2025 10:24,London Brixton,Kendal Bloomgren,"Regular Iced americano - 2.15, Regular Espresso - 1.50",3.65,CASH,
13/04/2025 10:26,London Brixton,Greta Mildenstein,"Regular Cappuccino - 2.15, Regular Smoothies - Glowing Greens - 2.00, Regular Frappes - Strawberries & Cream - 2.75, Large Speciality Tea - Earl Grey - 1.60",8.5,CARD,1524575548818115
13/04/2025 10:27,London Brixton,David Beddo,"Regular Iced americano - 2.15, Large Frappes - Strawberries & Cream - 3.25, Regular Iced americano - 2.15, Regular Smoothies - Glowing Greens - 2.00",9.55,CARD,5061935571432624
13/04/2025 10:28,London Brixton,Orville Abbott,"Regular Smoothies - Carrot Kick - 2.00, Regular Smoothies - Glowing Greens - 2.00, Large Hot chocolate - 2.90, Regular Hot chocolate - 2.20, Regular Speciality Tea - Earl Grey - 1.30, Large Iced americano - 2.50",12.9,CARD,6699943655142179
13/04/2025 10:29,London Brixton,Louise Allard,"Large Cappuccino - 2.45, Large Frappes - Strawberries & Cream - 3.25, Regular Frappes - Strawberries & Cream - 2.75",8.45,CARD,8637631862360604
13/04/2025 10:30,London Brixton,Nikki Hinojosa,Large Iced americano - 2.50,2.5,CASH,
13/04/2025 10:31,London Brixton,Stanley Hoff,"Regular Cappuccino - 2.15, Regular Espresso - 1.50, Regular Smoothies - Glowing Greens - 2.00",5.65,CARD,8559750936857177
13/04/2025 10:33,London Brixton,Anita Neally,"Regular Smoothies - Carrot Kick - 2.00, Large Smoothies - Carrot Kick - 2.50, Regular Smoothies - Glowing Greens - 2.00",6.5,CASH,
13/04/2025 10:34,London Brixton,Adrian Mitchell,"Regular Speciality Tea - Earl Grey - 1.30, Large Hot chocolate - 2.90, Large Smoothies - Carrot Kick - 2.50",6.7,CARD,3749861140333325
13/04/2025 10:35,London Brixton,Noreen Kathan,"Large Cappuccino - 2.45, Large Hot chocolate - 2.90, Regular Frappes - Strawberries & Cream - 2.75",8.1,CARD,2092343942970170
13/04/2025 10:36,London Brixton,Jose Crowder,"Large Cappuccino - 2.45, Regular Speciality Tea - Earl Grey - 1.30, Regular Smoothies - Carrot Kick - 2.00, Large Iced americano - 2.50",8.25,CARD,2740275034470347
13/04/2025 10:37,London Brixton,Rachel Adams,"Regular Iced americano - 2.15, Regular Speciality Tea - Earl Grey - 1.30",3.45,CARD,7486491993241279
13/04/2025 10:38,London Brixton,Adam Fernandez,"Regular Smoothies - Glowing Greens - 2.00, Large Smoothies - Glowing Greens - 2.50, Large Espresso - 1.80",6.3,CARD,5728221568477333
13/04/2025 10:40,London Brixton,Sophia Anderson,"Regular Hot chocolate - 2.20, Regular Speciality Tea - Earl Grey - 1.30",3.5,CARD,7257525272335631
13/04/2025 10:41,London Brixton,Lorraine Raya,"Large Hot chocolate - 2.90, Regular Cappuccino - 2.15, Large Cappuccino - 2.45",7.5,CARD,2856375955915855
13/04/2025 10:42,London Brixton,Paula Davis,"Regular Frappes - Strawberries & Cream - 2.75, Regular Smoothies - Carrot Kick - 2.00, Large Speciality Tea - Earl Grey - 1.60, Regular Smoothies - Glowing Greens - 2.00, Large Frappes - Strawberries & Cream - 3.25, Large Frappes - Strawberries & Cream - 3.25",14.85,CARD,5414696525120094
13/04/2025 10:43,London Brixton,Edgar Wilson,"Regular Speciality Tea - Earl Grey - 1.30, Regular Speciality Tea - Earl Grey - 1.30",2.6,CARD,8508144231494527
13/04/2025 10:44,London Brixton,Howard Gagnon,"Large Smoothies - Glowing Greens - 2.50, Regular Iced americano - 2.15, Regular Iced americano - 2.15, Large Frappes - Strawberries & Cream - 3.25",10.05,CARD,7231137923505410
13/04/2025 10:45,London Brixton,Opal Gafford,"Large Hot chocolate - 2.90, Large Hot chocolate - 2.90",5.8,CARD,8587158518736038
13/04/2025 10:47,London Brixton,Guy Lockhart,"Regular Iced americano - 2.15, Large Espresso - 1.80",3.95,CARD,4958544753326650
13/04/2025 10:48,London Brixton,June Bishop,"Regular Cappuccino - 2.15, Large Hot chocolate - 2.90, Regular Espresso - 1.50",6.55,CASH,
13/04/2025 10:49,London Brixton,David Adams,"Regular Smoothies - Glowing Greens - 2.00, Large Smoothies - Glowing Greens - 2.50, Regular Speciality Tea - Earl Grey - 1.30, Large Espresso - 1.80, Regular Hot chocolate - 2.20, Large Hot chocolate - 2.90",12.7,CASH,
13/04/2025 10:50,London Brixton,Joseph Vick,"Large Cappuccino - 2.45, Regular Hot chocolate - 2.20, Regular Cappuccino - 2.15, Regular Frappes - Strawberries & Cream - 2.75",9.55,CARD,3438693820134528
13/04/2025 10:51,London Brixton,Cheryl Pefferkorn,"Regular Cappuccino - 2.15, Regular Smoothies - Carrot Kick - 2.00, Regular Hot chocolate - 2.20, Regular Cappuccino - 2.15, Regular Espresso - 1.50",10.0,CARD,3057408463996978
13/04/2025 10:52,London Brixton,William Laite,Regular Speciality Tea - Earl Grey - 1.30,1.3,CARD,9609877184585045
13/04/2025 10:54,London Brixton,Charles Gruwell,"Large Smoothies - Carrot Kick - 2.50, Regular Hot chocolate - 2.20, Large Frappes - Strawberries & Cream - 3.25",7.95,CASH,
13/04/2025 10:55,London Brixton,Margaret Toohey,"Regular Frappes - Strawberries & Cream - 2.75, Large Iced americano - 2.50, Regular Speciality Tea - Earl Grey - 1.30",6.55,CARD,4944192727642244
13/04/2025 10:56,London Brixton,Thomas Mull,Large Iced americano - 2.50,2.5,CARD,9929614803652401
13/04/2025 10:57,London Brixton,Martha Vangundy,"Large Iced americano - 2.50, Large Frappes - Strawberries & Cream - 3.25, Large Iced americano - 2.50, Large Frappes - Strawberries & Cream - 3.25",11.5,CARD,6344880050524716
13/04/2025 10:58,London Brixton,James Riley,"Large Smoothies - Glowing Greens - 2.50, Large Smoothies - Carrot Kick - 2.50",5.0,CARD,9569839361732165
13/04/2025 10:59,London Brixton,Teresa Smith,"Regular Cappuccino - 2.15, Large Smoothies - Carrot Kick - 2.50, Large Cappuccino - 2.45, Large Espresso - 1.80",8.9,CARD,3750582905221375
13/04/2025 11:01,London Brixton,Levi Defibaugh,"Regular Frappes - Strawberries & Cream - 2.75, Regular Smoothies - Carrot Kick - 2.00, Regular Espresso - 1.50, Regular Cappuccino - 2.15",8.4,CASH,
13/04/2025 11:03,London Brixton,Obdulia Pippen,"Large Smoothies - Glowing Greens - 2.50, Large Smoothies - Carrot Kick - 2.50, Large Frappes - Strawberries & Cream - 3.25, Regular Smoothies - Carrot Kick - 2.00, Regular Frappes - Strawberries & Cream - 2.75",13.0,CARD,9548372812576145
13/04/2025 11:04,London Brixton,Ruth Driskill,"Large Iced americano - 2.50, Regular Smoothies - Carrot Kick - 2.00",4.5,CARD,3117112833452133
13/04/2025 11:06,London Brixton,Jan Kocon,"Regular Smoothies - Glowing Greens - 2.00, Regular Cappuccino - 2.15, Large Speciality Tea - Earl Grey - 1.60, Large Smoothies - Glowing Greens - 2.50",8.25,CARD,1653060164528429
13/04/2025 11:08,London Brixton,Elly Antonio,"Large Smoothies - Glowing Greens - 2.50, Regular Smoothies - Carrot Kick - 2.00, Large Hot chocolate - 2.90, Regular Smoothies - Carrot Kick - 2.00",9.4,CASH,
13/04/2025 11:10,London Brixton,Herbert Moore,Regular Smoothies - Glowing Greens - 2.00,2.0,CARD,2307391037484645
13/04/2025 11:12,London Brixton,Leonard Deangelis,"Large Smoothies - Glowing Greens - 2.50, Regular Cappuccino - 2.15, Large Smoothies - Glowing Greens - 2.50, Regular Smoothies - Carrot Kick - 2.00, Large Smoothies - Glowing Greens - 2.50",11.65,CASH,
13/04/2025 11:14,London Brixton,Christopher Kelley,"Regular Hot chocolate - 2.20, Regular Speciality Tea - Earl Grey - 1.30",3.5,CARD,5635896772863003
13/04/2025 11:16,London Brixton,Claire Hinds,"Regular Smoothies - Glowing Greens - 2.00, Regular Espresso - 1.50, Regular Iced americano - 2.15",5.65,CARD,6385953619454812
13/04/2025 11:17,London Brixton,Denise Snyder,"Regular Speciality Tea - Earl Grey - 1.30, Regular Iced americano - 2.15, Regular Espresso - 1.50",4.95,CARD,8841337788865511
13/04/2025 11:19,London Brixton,Julie Cornelius,"Regular Smoothies - Glowing Greens - 2.00, Large Speciality Tea - Earl Grey - 1.60, Large Smoothies - Glowing Greens - 2.50, Regular Frappes - Strawberries & Cream - 2.75",8.85,CARD,1940650898611342
13/04/2025 11:21,London Brixton,Michael Mccarroll,Large Smoothies - Glowing Greens - 2.50,2.5,CARD,5497364686882668
13/04/2025 11:23,London Brixton,Linda Darnell,"Regular Hot chocolate - 2.20, Regular Espresso - 1.50, Large Frappes - Strawberries & Cream - 3.25",6.95,CARD,6400657836529809
13/04/2025 11:25,London Brixton,Samuel Perry,"Large Cappuccino - 2.45, Regular Espresso - 1.50, Large Smoothies - Glowing Greens - 2.50, Large Smoothies - Glowing Greens - 2.50, Large Smoothies - Carrot Kick - 2.50",11.45,CARD,1664723554935184
13/04/2025 11:27,London Brixton,Michael Sprauve,Regular Iced americano - 2.15,2.15,CARD,1501112594131833
13/04/2025 11:29,London Brixton,Beth Curiel,"Large Hot chocolate - 2.90, Regular Hot chocolate - 2.20, Regular Hot chocolate - 2.20",7.3,CASH,
13/04/2025 11:31,London Brixton,Clarence Horne,Large Hot chocolate - 2.90,2.9,CARD,6798722983487089
13/04/2025 11:32,London Brixton,Theodora Roberts,"Large Cappuccino - 2.45, Large Smoothies - Carrot Kick - 2.50, Regular Cappuccino - 2.15",7.1,CARD,5326106654157605
13/04/2025 11:34,London Brixton,Christopher Moncrief,"Large Smoothies - Glowing Greens - 2.50, Regular Iced americano - 2.15, Regular Iced americano - 2.15, Large Hot chocolate - 2.90, Large Smoothies - Glowing Greens - 2.50, Regular Speciality Tea - Earl Grey - 1.30",13.5,CASH,
13/04/2025 11:36,London Brixton,Nicole Groll,"Regular Hot chocolate - 2.20, Large Smoothies - Carrot Kick - 2.50, Regular Frappes - Strawberries & Cream - 2.75",7.45,CARD,2733905538150083
13/04/2025 11:38,London Brixton,Anthony Bissett,Regular Cappuccino - 2.15,2.15,CARD,6939459224140893
13/04/2025 11:40,London Brixton,Sabine Oconnell,Regular Iced americano - 2.15,2.15,CARD,4274949903377439
13/04/2025 11:42,London Brixton,William Pavlas,Large Iced americano - 2.50,2.5,CARD,1085838937521907
13/04/2025 11:44,London Brixton,Lawrence Ruiz,"Regular Speciality Tea - Earl Grey - 1.30, Regular Cappuccino - 2.15, Large Cappuccino - 2.45, Large Speciality Tea - Earl Grey - 1.60, Regular Espresso - 1.50, Large Espresso - 1.80",10.8,CARD,3655731022230757
13/04/2025 11:45,London Brixton,Susan Ditto,"Regular Iced americano - 2.15, Regular Iced americano - 2.15",4.3,CARD,1810594123252940
13/04/2025 11:47,London Brixton,Linda Simpson,Large Smoothies - Glowing Greens - 2.50,2.5,CARD,3031626658534306
13/04/2025 11:49,London Brixton,Donald Schaefer,"Regular Espresso - 1.50, Regular Smoothies - Glowing Greens - 2.00, Regular Hot chocolate - 2.20, Regular Speciality Tea - Earl Grey - 1.30",7.0,CARD,6735566256742389
13/04/2025 11:51,London Brixton,Mary Rivero,Large Hot chocolate - 2.90,2.9,CARD,8569251207324037
13/04/2025 11:53,London Brixton,Lula Greene,"Large Smoothies - Carrot Kick - 2.50, Regular Hot chocolate - 2.20, Large Speciality Tea - Earl Grey - 1.60, Regular Iced americano - 2.15",8.45,CARD,4333073419148216
13/04/2025 11:55,London Brixton,Jared Cassels,Regular Speciality Tea - Earl Grey - 1.30,1.3,CARD,5933657612848165
13/04/2025 11:57,London Brixton,Theodore King,Large Iced americano - 2.50,2.5,CASH,
13/04/2025 11:59,London Brixton,George Donahue,"Large Iced americano - 2.50, Regular Hot chocolate - 2.20, Large Speciality Tea - Earl Grey - 1.60, Large Espresso - 1.80, Regular Iced americano - 2.15",10.25,CASH,
13/04/2025 12:00,London Brixton,Mercedes Balas,"Large Espresso - 1.80, Large Cappuccino - 2.45, Regular Smoothies - Carrot Kick - 2.00, Regular Smoothies - Carrot Kick - 2.00",8.25,CASH,
13/04/2025 12:02,London Brixton,Matthew Cato,Large Speciality Tea - Earl Grey - 1.60,1.6,CARD,4082170135002018
13/04/2025 12:04,London Brixton,David Edelen,"Large Speciality Tea - Earl Grey - 1.60, Large Speciality Tea - Earl Grey - 1.60",3.2,CASH,
13/04/2025 12:06,London Brixton,Tanner Baker,"Large Hot chocolate - 2.90, Regular Iced americano - 2.15",5.05,CARD,8484101910305005
13/04/2025 12:08,London Brixton,Todd Mach,"Regular Speciality Tea - Earl Grey - 1.30, Regular Smoothies - Glowing Greens - 2.00, Large Hot chocolate - 2.90",6.2,CARD,7744954651159453
13/04/2025 12:10,London Brixton,Larry Gavin,Large Cappuccino - 2.45,2.45,CARD,7367070359610044
13/04/2025 12:12,London Brixton,Deloris Tuttle,"Large Espresso - 1.80, Regular Espresso - 1.50, Regular Espresso - 1.50",4.8,CARD,2259076020673081
13/04/2025 12:14,London Brixton,Santiago Crigger,"Regular Hot chocolate - 2.20, Large Iced americano - 2.50",4.7,CARD,3063164836464376
13/04/2025 12:16,London Brixton,Clay Cosgrove,"Large Speciality Tea - Earl Grey - 1.60, Large Cappuccino - 2.45",4.05,CARD,6345567521602796
13/04/2025 12:18,London Brixton,Frances Longhurst,"Regular Iced americano - 2.15, Large Espresso - 1.80, Large Speciality Tea - Earl Grey - 1.60",5.55,CARD,2168066329718594
13/04/2025 12:20,London Brixton,Albert Gramby,Regular Smoothies - Glowing Greens - 2.00,2.0,CASH,
13/04/2025 12:22,London Brixton,Maddie Tollison,"Regular Frappes - Strawberries & Cream - 2.75, Large Espresso - 1.80",4.55,CARD,6964143385694055
13/04/2025 12:24,London Brixton,Jonathan Albritton,"Regular Smoothies - Glowing Greens - 2.00, Regular Cappuccino - 2.15, Large Speciality Tea - Earl Grey - 1.60",5.75,CASH,
13/04/2025 12:26,London Brixton,James Woods,"Large Espresso - 1.80, Large Frappes - Strawberries & Cream - 3.25, Large Espresso - 1.80",6.85,CARD,5937977815493204
13/04/2025 12:27,London Brixton,Kathryn Rosol,"Regular Iced americano - 2.15, Large Iced americano - 2.50, Large Hot chocolate - 2.90, Regular Iced americano - 2.15",9.7,CARD,9485397427766152
13/04/2025 12:29,London Brixton,Robert Snyder,Large Hot chocolate - 2.90,2.9,CARD,5823524448871388
13/04/2025 12:31,London Brixton,Christine Capps,Regular Iced americano - 2.15,2.15,CASH,
13/04/2025 12:33,London Brixton,Francis Lambert,"Regular Espresso - 1.50, Large Hot chocolate - 2.90, Large Iced americano - 2.50, Large Iced americano - 2.50, Large Hot chocolate - 2.90",12.3,CASH,
13/04/2025 12:35,London Brixton,Maxine Kimball,Regular Frappes - Strawberries & Cream - 2.75,2.75,CARD,6936786940906623
13/04/2025 12:37,London Brixton,Michelle Hunt,"Large Speciality Tea - Earl Grey - 1.60, Regular Hot chocolate - 2.20",3.8,CARD,2373538160099009
13/04/2025 12:39,London Brixton,Mary Callahan,"Large Speciality Tea - Earl Grey - 1.60, Regular Smoothies - Glowing Greens - 2.00",3.6,CARD,1447795804546298
13/04/2025 12:41,London Brixton,Thomas Greene,Regular Iced americano - 2.15,2.15,CARD,3508656061012281
13/04/2025 12:43,London Brixton,Clyde Dale,"Regular Cappuccino - 2.15, Large Speciality Tea - Earl Grey - 1.60, Regular Cappuccino - 2.15",5.9,CARD,2755884786332318
13/04/2025 12:45,London Brixton,Therese Comer,Large Frappes - Strawberries & Cream - 3.25,3.25,CARD,3970600040377106
13/04/2025 12:47,London Brixton,John Christiansen,"Large Iced americano - 2.50, Regular Speciality Tea - Earl Grey - 1.30",3.8,CARD,8609921834003012
13/04/2025 12:49,London Brixton,Evelyn Adams,"Regular Iced americano - 2.15, Regular Cappuccino - 2.15, Large Hot chocolate - 2.90, Regular Smoothies - Glowing Greens - 2.00",9.2,CASH,
13/04/2025 12:51,London Brixton,Mark Tasson,"Large Cappuccino - 2.45, Large Frappes - Strawberries & Cream - 3.25",5.7,CASH,
13/04/2025 12:53,London Brixton,Jon Dixon,"Large Speciality Tea - Earl Grey - 1.60, Large Cappuccino - 2.45, Regular Iced americano - 2.15",6.2,CARD,7189924837029857
13/04/2025 12:55,London Brixton,James Griffith,Regular Smoothies - Glowing Greens - 2.00,2.0,CASH,
13/04/2025 12:56,London Brixton,Gabriela Lowe,"Large Hot chocolate - 2.90, Regular Smoothies - Glowing Greens - 2.00, Large Smoothies - Glowing Greens - 2.50, Large Iced americano - 2.50",9.9,CARD,3178056018002639
13/04/2025 12:58,London Brixton,Ivette Oliveira,"Regular Iced americano - 2.15, Regular Frappes - Strawberries & Cream - 2.75",4.9,CARD,2851186168722999
13/04/2025 13:00,London Brixton,Paul Sutton,"Large Smoothies - Glowing Greens - 2.50, Large Smoothies - Glowing Greens - 2.50, Large Smoothies - Glowing Greens - 2.50, Large Hot chocolate - 2.90",10.4,CASH,
13/04/2025 13:01,London Brixton,Ali Kuhr,Regular Smoothies - Carrot Kick - 2.00,2.0,CARD,2526503131948635
13/04/2025 13:02,London Brixton,Kaye Lamb,"Regular Smoothies - Carrot Kick - 2.00, Regular Iced americano - 2.15, Large Smoothies - Carrot Kick - 2.50, Regular Espresso - 1.50",8.15,CARD,1575114492581888
13/04/2025 13:03,London Brixton,Charles Kerr,Regular Iced americano - 2.15,2.15,CASH,
13/04/2025 13:04,London Brixton,Pat Gay,Large Cappuccino - 2.45,2.45,CARD,8511681137393003
13/04/2025 13:05,London Brixton,Kermit Vesey,"Regular Espresso - 1.50, Large Smoothies - Glowing Greens - 2.50, Regular Speciality Tea - Earl Grey - 1.30",5.3,CASH,
13/04/2025 13:06,London Brixton,Zachary Couch,"Large Speciality Tea - Earl Grey - 1.60, Large Frappes - Strawberries & Cream - 3.25",4.85,CARD,5219032218952179
13/04/2025 13:07,London Brixton,Richard Milligan,Regular Smoothies - Carrot Kick - 2.00,2.0,CARD,4737980206156760
13/04/2025 13:08,London Brixton,David Hawes,"Regular Frappes - Strawberries & Cream - 2.75, Regular Iced americano - 2.15, Large Speciality Tea - Earl Grey - 1.60, Regular Cappuccino - 2.15, Regular Speciality Tea - Earl Grey - 1.30, Regular Speciality Tea - Earl Grey - 1.30",11.25,CARD,8756265470397920
13/04/2025 13:09,London Brixton,Ryan Hageman,"Regular Espresso - 1.50, Large Hot chocolate - 2.90, Large Smoothies - Glowing Greens - 2.50",6.9,CARD,4161822128294898
13/04/2025 13:09,London Brixton,Alice Neeley,"Regular Espresso - 1.50, Regular Speciality Tea - Earl Grey - 1.30",2.8,CASH,
13/04/2025 13:10,London Brixton,Patricia Carter,"Large Hot chocolate - 2.90, Regular Smoothies - Carrot Kick - 2.00, Large Smoothies - Glowing Greens - 2.50, Regular Iced americano - 2.15",9.55,CARD,9228432739870473
13/04/2025 13:11,London Brixton,Diane Kennedy,"Regular Hot chocolate - 2.20, Regular Smoothies - Glowing Greens - 2.00, Large Speciality Tea - Earl Grey - 1.60, Large Iced americano - 2.50, Large Espresso - 1.80, Regular Frappes - Strawberries & Cream - 2.75",12.85,CARD,5852010676949816
13/04/2025 13:12,London Brixton,George Johns,"Regular Iced americano - 2.15, Large Frappes - Strawberries & Cream - 3.25, Regular Espresso - 1.50, Regular Iced americano - 2.15, Large Espresso - 1.80",10.85,CARD,7343400962980446
13/04/2025 13:13,London Brixton,Carla Lowe,Large Hot chocolate - 2.90,2.9,CARD,7516218947097661
13/04/2025 13:14,London Brixton,Jean Wilson,"Regular Smoothies - Glowing Greens - 2.00, Large Iced americano - 2.50, Regular Speciality Tea - Earl Grey - 1.30, Regular Speciality Tea - Earl Grey - 1.30",7.1,CARD,7815705801248690
13/04/2025 13:15,London Brixton,Mamie Pritchard,"Regular Iced americano - 2.15, Regular Hot chocolate - 2.20, Regular Frappes - Strawberries & Cream - 2.75",7.1,CARD,1015449168201748
13/04/2025 13:16,London Brixton,Justin Farley,"Large Speciality Tea - Earl Grey - 1.60, Large Smoothies - Glowing Greens - 2.50, Large Speciality Tea - Earl Grey - 1.60, Regular Smoothies - Glowing Greens - 2.00",7.7,CARD,4935343103773102
13/04/2025 13:17,London Brixton,Patricia Schippers,"Regular Speciality Tea - Earl Grey - 1.30, Large Smoothies - Carrot Kick - 2.50",3.8,CARD,8545790865773068
13/04/2025 13:18,London Brixton,Dennis Winters,"Regular Cappuccino - 2.15, Large Cappuccino - 2.45",4.6,CARD,4491608839136415
13/04/2025 13:19,London Brixton,Natashia Bedford,"Regular Smoothies - Carrot Kick - 2.00, Large Iced americano - 2.50, Regular Smoothies - Glowing Greens - 2.00",6.5,CARD,9125364972089607
13/04/2025 13:20,London Brixton,Joshua Debusk,Large Cappuccino - 2.45,2.45,CASH,
13/04/2025 13:20,London Brixton,Kevin Hohnstein,"Large Speciality Tea - Earl Grey - 1.60, Large Iced americano - 2.50",4.1,CASH,
13/04/2025 13:21,London Brixton,Peter Herbert,"Large Hot chocolate - 2.90, Large Hot chocolate - 2.90, Large Speciality Tea - Earl Grey - 1.60",7.4,CASH,
13/04/2025 13:22,London Brixton,Louise Jordan,Regular Smoothies - Carrot Kick - 2.00,2.0,CARD,1886334948380370
13/04/2025 13:23,London Brixton,Mable Pereyra,"Regular Hot chocolate - 2.20, Large Espresso - 1.80",4.0,CARD,8688054996291421
13/04/2025 13:24,London Brixton,Byron Cotton,Large Speciality Tea - Earl Grey - 1.60,1.6,CARD,9797779749146171
13/04/2025 13:25,London Brixton,Thomas Kempker,"Large Frappes - Strawberries & Cream - 3.25, Regular Iced americano - 2.15, Large Frappes - Strawberries & Cream - 3.25, Regular Espresso - 1.50, Regular Cappuccino - 2.15, Large Smoothies - Glowing Greens - 2.50",14.8,CARD,1878790733895306
13/04/2025 13:26,London Brixton,Taylor Hernandez,Large Hot chocolate - 2.90,2.9,CARD,8880484185572847
13/04/2025 13:27,London Brixton,Jerrell Brewer,Regular Speciality Tea - Earl Grey - 1.30,1.3,CARD,6598313582760166
13/04/2025 13:28,London Brixton,Samuel Stahl,Large Smoothies - Carrot Kick - 2.50,2.5,CARD,5215570821018221
13/04/2025 13:29,London Brixton,Victor Hohn,Regular Espresso - 1.50,1.5,CARD,7591506973954365
13/04/2025 13:30,London Brixton,John Borgia,"Regular Hot chocolate - 2.20, Large Espresso - 1.80",4.0,CARD,6361011655311588
13/04/2025 13:31,London Brixton,Raymond Henderson,"Regular Frappes - Strawberries & Cream - 2.75, Large Hot chocolate - 2.90, Large Cappuccino - 2.45, Regular Hot chocolate - 2.20, Regular Speciality Tea - Earl Grey - 1.30",11.6,CASH,
13/04/2025 13:31,London Brixton,Linda Bostic,"Regular Cappuccino - 2.15, Regular Speciality Tea - Earl Grey - 1.30, Regular Iced americano - 2.15, Regular Frappes - Strawberries & Cream - 2.75",8.35,CASH,
13/04/2025 13:32,London Brixton,Zachary Sable,"Regular Speciality Tea - Earl Grey - 1.30, Large Iced americano - 2.50, Large Iced americano - 2.50, Large Espresso - 1.80",8.1,CASH,
13/04/2025 13:33,London Brixton,Kelly Johns,Large Iced americano - 2.50,2.5,CARD,3168464716122438
13/04/2025 13:34,London Brixton,Patrick Phillips,"Large Hot chocolate - 2.90, Large Espresso - 1.80, Large Smoothies - Glowing Greens - 2.50",7.2,CARD,7436151042885376
13/04/2025 13:35,London Brixton,Bret Demetriou,"Large Hot chocolate - 2.90, Large Hot chocolate - 2.90",5.8,CASH,
13/04/2025 13:36,London Brixton,Michael Mills,"Large Frappes - Strawberries & Cream - 3.25, Regular Speciality Tea - Earl Grey - 1.30, Large Hot chocolate - 2.90, Regular Cappuccino - 2.15, Large Smoothies - Carrot Kick - 2.50",12.1,CASH,
13/04/2025 13:37,London Brixton,Scott Edwards,"Large Hot chocolate - 2.90, Regular Speciality Tea - Earl Grey - 1.30, Large Speciality Tea - Earl Grey - 1.60, Regular Speciality Tea - Earl Grey - 1.30, Regular Iced americano - 2.15",9.25,CARD,7940756975543874
13/04/2025 13:38,London Brixton,Robert Jones,"Large Smoothies - Glowing Greens - 2.50, Regular Frappes - Strawberries & Cream - 2.75, Large Iced americano - 2.50",7.75,CARD,8792417555556230
13/04/2025 13:39,London Brixton,Paula Martinez,Regular Smoothies - Carrot Kick - 2.00,2.0,CARD,9569053613315340
13/04/2025 13:40,London Brixton,Sabrina Burton,"Regular Iced americano - 2.15, Regular Smoothies - Carrot Kick - 2.00",4.15,CARD,5034800496838401
13/04/2025 13:41,London Brixton,Estelle Costantino,Large Smoothies - Glowing Greens - 2.50,2.5,CARD,3289214088908940
13/04/2025 13:42,London Brixton,Gladys Emch,"Regular Iced americano - 2.15, Regular Smoothies - Carrot Kick - 2.00, Regular Iced americano - 2.15",6.3,CARD,6068187714890695
13/04/2025 13:42,London Brixton,Sharon Bosarge,"Large Smoothies - Glowing Greens - 2.50, Large Hot chocolate - 2.90, Regular Smoothies - Carrot Kick - 2.00, Regular Speciality Tea - Earl Grey - 1.30",8.7,CARD,3518214313553831
13/04/2025 13:43,London Brixton,John Androlewicz,"Regular Iced americano - 2.15, Regular Hot chocolate - 2.20",4.35,CARD,5081457066001717
13/04/2025 13:44,London Brixton,Malik Pritchard,"Regular Espresso - 1.50, Large Speciality Tea - Earl Grey - 1.60, Regular Smoothies - Glowing Greens - 2.00, Large Smoothies - Glowing Greens - 2.50",7.6,CASH,
13/04/2025 13:45,London Brixton,Erica Baker,Regular Smoothies - Carrot Kick - 2.00,2.0,CASH,
13/04/2025 13:46,London Brixton,James Harrison,"Large Espresso - 1.80, Large Speciality Tea - Earl Grey - 1.60, Large Frappes - Strawberries & Cream - 3.25, Regular Espresso - 1.50, Large Hot chocolate - 2.90",11.05,CASH,
13/04/2025 13:47,London Brixton,Morris Salem,Large Iced americano - 2.50,2.5,CARD,7922766045746919
13/04/2025 13:48,London Brixton,Mona Matthews,Large Frappes - Strawberries & Cream - 3.25,3.25,CARD,2166524588575716
13/04/2025 13:49,London Brixton,Rebecca Clark,"Regular Speciality Tea - Earl Grey - 1.30, Regular Smoothies - Carrot Kick - 2.00, Large Frappes - Strawberries & Cream - 3.25, Regular Speciality Tea - Earl Grey - 1.30",7.85,CARD,1812552320257293
13/04/2025 13:50,London Brixton,Danny Waller,"Regular Iced americano - 2.15, Regular Speciality Tea - Earl Grey - 1.30, Regular Frappes - Strawberries & Cream - 2.75, Regular Frappes - Strawberries & Cream - 2.75, Regular Smoothies - Carrot Kick - 2.00, Large Cappuccino - 2.45",13.4,CARD,5491465310015591
13/04/2025 13:51,London Brixton,Eleanor Lyford,Large Espresso - 1.80,1.8,CASH,
13/04/2025 13:52,London Brixton,Stephanie Hawkins,"Large Smoothies - Carrot Kick - 2.50, Regular Speciality Tea - Earl Grey - 1.30, Large Iced americano - 2.50, Regular Iced americano - 2.15, Large Hot chocolate - 2.90",11.35,CARD,7029850574255397
13/04/2025 13:53,London Brixton,James Tollefson,"Large Smoothies - Glowing Greens - 2.50, Regular Espresso - 1.50",4.0,CARD,2853478049130520
13/04/2025 13:53,London Brixton,Edward Wood,Large Smoothies - Glowing Greens - 2.50,2.5,CARD,9038872967502589
13/04/2025 13:54,London Brixton,Jasmine Searight,"Large Smoothies - Glowing Greens - 2.50, Large Hot chocolate - 2.90, Large Smoothies - Carrot Kick - 2.50",7.9,CARD,9920862170461881
13/04/2025 13:55,London Brixton,Mary Alexis,"Regular Iced americano - 2.15, Regular Speciality Tea - Earl Grey - 1.30",3.45,CARD,1678735409718617
13/04/2025 13:56,London Brixton,Grace Mills,Large Speciality Tea - Earl Grey - 1.60,1.6,CASH,
13/04/2025 13:57,London Brixton,Jerry Smith,"Large Smoothies - Glowing Greens - 2.50, Regular Cappuccino - 2.15, Regular Frappes - Strawberries & Cream - 2.75, Regular Smoothies - Carrot Kick - 2.00, Regular Frappes - Strawberries & Cream - 2.75",12.15,CARD,8532314499184350
13/04/2025 13:58,London Brixton,Joseph Johnson,"Large Smoothies - Glowing Greens - 2.50, Regular Cappuccino - 2.15, Regular Hot chocolate - 2.20",6.85,CASH,
13/04/2025 13:59,London Brixton,James Garland,"Large Speciality Tea - Earl Grey - 1.60, Large Cappuccino - 2.45",4.05,CARD,6515278711922123
13/04/2025 14:00,London Brixton,Scott White,Regular Hot chocolate - 2.20,2.2,CARD,5763764154011254
13/04/2025 14:01,London Brixton,Lee Weaver,"Regular Espresso - 1.50, Large Espresso - 1.80, Regular Espresso - 1.50, Large Espresso - 1.80",6.6,CARD,8177911940297001
13/04/2025 14:02,London Brixton,Judy Malstrom,"Regular Smoothies - Glowing Greens - 2.00, Regular Smoothies - Glowing Greens - 2.00",4.0,CARD,8510313558476332
13/04/2025 14:03,London Brixton,Marie Marsha,"Regular Iced americano - 2.15, Large Frappes - Strawberries & Cream - 3.25, Large Iced americano - 2.50, Regular Frappes - Strawberries & Cream - 2.75",10.65,CARD,2489008569865248
13/04/2025 14:04,London Brixton,Jonathan Stapler,"Large Frappes - Strawberries & Cream - 3.25, Regular Hot chocolate - 2.20, Large Smoothies - Carrot Kick - 2.50, Regular Smoothies - Glowing Greens - 2.00, Large Iced americano - 2.50",12.45,CASH,
13/04/2025 14:05,London Brixton,Esther Putnam,"Regular Iced americano - 2.15, Large Iced americano - 2.50, Regular Smoothies - Glowing Greens - 2.00",6.65,CARD,3798867369435704
13/04/2025 14:06,London Brixton,Val Johnson,"Regular Smoothies - Carrot Kick - 2.00, Regular Hot chocolate - 2.20",4.2,CARD,4301967937013601
13/04/2025 14:07,London Brixton,Jose Chang,"Regular Cappuccino - 2.15, Large Espresso - 1.80",3.95,CARD,6397768967572330
13/04/2025 14:08,London Brixton,Ryan Dray,Regular Smoothies - Carrot Kick - 2.00,2.0,CARD,2634976406911753
13/04/2025 14:09,London Brixton,Frederick Kimpel,"Large Iced americano - 2.50, Regular Smoothies - Carrot Kick - 2.00, Regular Smoothies - Glowing Greens - 2.00",6.5,CASH,
13/04/2025 14:10,London Brixton,Daniel Creekmore,"Regular Smoothies - Carrot Kick - 2.00, Regular Cappuccino - 2.15, Large Espresso - 1.80",5.95,CASH,
13/04/2025 14:11,London Brixton,Dawn Daley,"Large Iced americano - 2.50, Large Iced americano - 2.50",5.0,CARD,7931021932295386
13/04/2025 14:12,London Brixton,Jamie Carrion,"Large Cappuccino - 2.45, Regular Smoothies - Carrot Kick - 2.00, Large Smoothies - Glowing Greens - 2.50",6.95,CASH,
13/04/2025 14:13,London Brixton,Theresa Randall,"Large Espresso - 1.80, Large Iced americano - 2.50, Large Frappes - Strawberries & Cream - 3.25, Regular Cappuccino - 2.15, Large Frappes - Strawberries & Cream - 3.25",12.95,CASH,
13/04/2025 14:14,London Brixton,Brian Munnis,"Regular Espresso - 1.50, Regular Hot chocolate - 2.20",3.7,CARD,2287050276065599
13/04/2025 14:15,London Brixton,Shannon Martin,"Large Frappes - Strawberries & Cream - 3.25, Large Hot chocolate - 2.90, Regular Hot chocolate - 2.20, Regular Speciality Tea - Earl Grey - 1.30",9.65,CARD,1799678886818725
13/04/2025 14:16,London Brixton,Jill Martinson,"Large Cappuccino - 2.45, Large Espresso - 1.80, Large Espresso - 1.80",6.05,CARD,4425438683975423
13/04/2025 14:17,London Brixton,Josephina Criss,Large Hot chocolate - 2.90,2.9,CARD,9358260767183956
13/04/2025 14:18,London Brixton,Julio Woodard,Large Frappes - Strawberries & Cream - 3.25,3.25,CARD,1314489574549429
13/04/2025 14:19,London Brixton,Sandra Long,"Large Smoothies - Carrot Kick - 2.50, Large Espresso - 1.80, Large Hot chocolate - 2.90, Large Iced americano - 2.50",9.7,CASH,
13/04/2025 14:20,London Brixton,Danny Gill,"Regular Smoothies - Glowing Greens - 2.00, Large Smoothies - Carrot Kick - 2.50, Large Espresso - 1.80, Large Smoothies - Glowing Greens - 2.50, Regular Smoothies - Glowing Greens - 2.00, Large Smoothies - Glowing Greens - 2.50",13.3,CARD,7672537021238315
13/04/2025 14:21,London Brixton,William Mcconnell,Large Hot chocolate - 2.90,2.9,CARD,4981169860878955
13/04/2025 14:22,London Brixton,Richard Ford,"Regular Iced americano - 2.15, Large Espresso - 1.80",3.95,CASH,
13/04/2025 14:23,London Brixton,Julius Backer,"Regular Speciality Tea - Earl Grey - 1.30, Regular Smoothies - Glowing Greens - 2.00",3.3,CASH,
13/04/2025 14:23,London Brixton,Timothy Fonua,"Regular Frappes - Strawberries & Cream - 2.75, Large Smoothies - Glowing Greens - 2.50",5.25,CARD,3914234530714843
13/04/2025 14:24,London Brixton,Karen Siler,"Large Smoothies - Glowing Greens - 2.50, Large Hot chocolate - 2.90, Large Hot chocolate - 2.90, Regular Smoothies - Glowing Greens - 2.00",10.3,CARD,2031302581138425
13/04/2025 14:25,London Brixton,Tammie Anderson,"Regular Smoothies - Glowing Greens - 2.00, Regular Frappes - Strawberries & Cream - 2.75",4.75,CASH,
13/04/2025 14:26,London Brixton,Ryan Wright,Large Speciality Tea - Earl Grey - 1.60,1.6,CARD,4513057541008563
13/04/2025 14:27,London Brixton,Carrie Neyhart,"Large Iced americano - 2.50, Large Hot chocolate - 2.90, Regular Hot chocolate - 2.20, Large Hot chocolate - 2.90",10.5,CARD,6953006053853263
13/04/2025 14:28,London Brixton,James Lang,"Regular Espresso - 1.50, Large Smoothies - Glowing Greens - 2.50, Regular Iced americano - 2.15, Large Speciality Tea - Earl Grey - 1.60",7.75,CASH,
13/04/2025 14:29,London Brixton,Frances Larue,"Regular Cappuccino - 2.15, Large Espresso - 1.80, Regular Cappuccino - 2.15",6.1,CARD,4788669791562830
13/04/2025 14:30,London Brixton,Thomas Trahan,"Regular Iced americano - 2.15, Regular Speciality Tea - Earl Grey - 1.30",3.45,CARD,8453451990912204
13/04/2025 14:31,London Brixton,Lawrence Lambert,"Regular Frappes - Strawberries & Cream - 2.75, Regular Smoothies - Glowing Greens - 2.00, Large Iced americano - 2.50",7.25,CASH,
13/04/2025 14:32,London Brixton,Edward Gadison,"Regular Cappuccino - 2.15, Regular Smoothies - Glowing Greens - 2.00, Large Espresso - 1.80",5.95,CARD,3232730949995256
13/04/2025 14:33,London Brixton,Randa Stephens,"Large Iced americano - 2.50, Large Frappes - Strawberries & Cream - 3.25, Regular Smoothies - Glowing Greens - 2.00, Large Iced americano - 2.50",10.25,CARD,1755599074466638
13/04/2025 14:34,London Brixton,Melissa Carter,"Large Speciality Tea - Earl Grey - 1.60, Regular Cappuccino - 2.15, Large Frappes - Strawberries & Cream - 3.25",7.0,CASH,
13/04/2025 14:35,London Brixton,Judith Kerr,Large Speciality Tea - Earl Grey - 1.60,1.6,CARD,3387617034340462
13/04/2025 14:36,London Brixton,Chelsea Osborn,Large Smoothies - Glowing Greens - 2.50,2.5,CASH,
13/04/2025 14:37,London Brixton,Juanita Ruppert,"Regular Speciality Tea - Earl Grey - 1.30, Large Speciality Tea - Earl Grey - 1.60, Large Smoothies - Glowing Greens - 2.50",5.4,CASH,
13/04/2025 14:38,London Brixton,Sharon Harmon,"Large Cappuccino - 2.45, Regular Smoothies - Glowing Greens - 2.00",4.45,CASH,
13/04/2025 14:39,London Brixton,Mary Rivett,"Large Speciality Tea - Earl Grey - 1.60, Large Hot chocolate - 2.90, Regular Hot chocolate - 2.20, Large Hot chocolate - 2.90, Large Cappuccino - 2.45",12.05,CARD,7419956510647110
13/04/2025 14:40,London Brixton,Tony Swan,"Large Iced americano - 2.50, Large Smoothies - Glowing Greens - 2.50",5.0,CASH,
13/04/2025 14:41,London Brixton,Corey Groover,Regular Smoothies - Carrot Kick - 2.00,2.0,CARD,7652880080445221
13/04/2025 14:42,London Brixton,Kristin Macdonald,"Regular Hot chocolate - 2.20, Large Speciality Tea - Earl Grey - 1.60, Large Iced americano - 2.50, Regular Smoothies - Glowing Greens - 2.00",8.3,CASH,
13/04/2025 14:43,London Brixton,Darren Jackson,"Large Cappuccino - 2.45, Large Smoothies - Glowing Greens - 2.50, Large Espresso - 1.80, Regular Espresso - 1.50",8.25,CARD,3982681053683995
13/04/2025 14:44,London Brixton,Wallace Mcdonald,"Large Espresso - 1.80, Large Iced americano - 2.50, Large Iced americano - 2.50",6.8,CARD,5407924974233603
13/04/2025 14:45,London Brixton,Joseph Declue,Large Iced americano - 2.50,2.5,CARD,7703399305623463
13/04/2025 14:46,London Brixton,Kelly Camarillo,"Regular Cappuccino - 2.15, Regular Hot chocolate - 2.20, Regular Cappuccino - 2.15, Large Hot chocolate - 2.90, Regular Cappuccino - 2.15",11.55,CASH,
13/04/2025 14:47,London Brixton,George Brown,"Regular Frappes - Strawberries & Cream - 2.75, Large Iced americano - 2.50, Large Espresso - 1.80",7.05,CARD,9716675580163661
13/04/2025 14:48,London Brixton,William Duncan,"Large Espresso - 1.80, Large Smoothies - Carrot Kick - 2.50, Large Hot chocolate - 2.90, Large Smoothies - Glowing Greens - 2.50, Regular Hot chocolate - 2.20, Regular Frappes - Strawberries & Cream - 2.75",14.65,CARD,7100357934335451
13/04/2025 14:49,London Brixton,Denise Strange,Large Hot chocolate - 2.90,2.9,CARD,2287280558072092
13/04/2025 14:50,London Brixton,Kenneth Beason,"Regular Hot chocolate - 2.20, Regular Cappuccino - 2.15, Large Hot chocolate - 2.90",7.25,CARD,4548502021858402
13/04/2025 14:51,London Brixton,Joyce Tate,"Regular Espresso - 1.50, Regular Hot chocolate - 2.20, Large Cappuccino - 2.45, Regular Frappes - Strawberries & Cream - 2.75",8.9,CARD,7713408365205719
13/04/2025 14:52,London Brixton,Betty Walker,"Large Speciality Tea - Earl Grey - 1.60, Large Smoothies - Glowing Greens - 2.50, Large Hot chocolate - 2.90, Regular Hot chocolate - 2.20, Regular Smoothies - Glowing Greens - 2.00",11.2,CARD,1967773784292628
13/04/2025 14:53,London Brixton,Kenneth Andrade,Regular Hot chocolate - 2.20,2.2,CASH,
13/04/2025 14:54,London Brixton,Jerome Warren,Regular Hot chocolate - 2.20,2.2,CASH,
13/04/2025 14:55,London Brixton,Terresa Mcgee,Large Frappes - Strawberries & Cream - 3.25,3.25,CARD,4481362405469948
13/04/2025 14:56,London Brixton,Elizabeth Berti,"Regular Smoothies - Glowing Greens - 2.00, Regular Smoothies - Glowing Greens - 2.00, Large Espresso - 1.80",5.8,CARD,5109279362396823
13/04/2025 14:57,London Brixton,Joel Bedell,"Large Cappuccino - 2.45, Regular Smoothies - Glowing Greens - 2.00",4.45,CARD,5896476146223571
13/04/2025 14:58,London Brixton,Chong Prater,"Large Hot chocolate - 2.90, Large Cappuccino - 2.45, Large Speciality Tea - Earl Grey - 1.60",6.95,CASH,
13/04/2025 14:59,London Brixton,Hulda Tyndall,"Regular Cappuccino - 2.15, Regular Cappuccino - 2.15, Large Speciality Tea - Earl Grey - 1.60",5.9,CARD,2749834153066301
13/04/2025 15:00,London Brixton,Maggie Blake,"Regular Iced americano - 2.15, Regular Smoothies - Glowing Greens - 2.00, Large Speciality Tea - Earl Grey - 1.60, Large Speciality Tea - Earl Grey - 1.60, Large Smoothies - Glowing Greens - 2.50, Regular Smoothies - Carrot Kick - 2.00",11.85,CARD,4017585896012496
13/04/2025 15:02,London Brixton,Jame Basham,"Large Frappes - Strawberries & Cream - 3.25, Regular Iced americano - 2.15, Large Speciality Tea - Earl Grey - 1.60, Regular Smoothies - Glowing Greens - 2.00, Large Smoothies - Glowing Greens - 2.50",11.5,CASH,
13/04/2025 15:03,London Brixton,Fred Stansbury,"Regular Iced americano - 2.15, Large Cappuccino - 2.45, Large Iced americano - 2.50",7.1,CASH,
13/04/2025 15:05,London Brixton,Daniel Lobato,"Large Hot chocolate - 2.90, Large Frappes - Strawberries & Cream - 3.25, Large Espresso - 1.80",7.95,CARD,2148905066036554
13/04/2025 15:07,London Brixton,Denise Lewis,"Large Hot chocolate - 2.90, Regular Iced americano - 2.15, Regular Iced americano - 2.15, Large Speciality Tea - Earl Grey - 1.60, Large Speciality Tea - Earl Grey - 1.60",10.4,CARD,5452133468421589
13/04/2025 15:08,London Brixton,Linda Williams,"Regular Speciality Tea - Earl Grey - 1.30, Regular Cappuccino - 2.15",3.45,CASH,
13/04/2025 15:10,London Brixton,James Rodriguez,Large Frappes - Strawberries & Cream - 3.25,3.25,CARD,1066363768875018
13/04/2025 15:12,London Brixton,Maureen Duran,Large Hot chocolate - 2.90,2.9,CARD,9340588956224972
13/04/2025 15:13,London Brixton,Terrell Munday,"Large Speciality Tea - Earl Grey - 1.60, Regular Hot chocolate - 2.20, Regular Cappuccino - 2.15, Large Cappuccino - 2.45, Regular Iced americano - 2.15, Large Smoothies - Glowing Greens - 2.50",13.05,CARD,9457358966145486
13/04/2025 15:15,London Brixton,Emily Medina,"Regular Espresso - 1.50, Regular Smoothies - Glowing Greens - 2.00, Regular Speciality Tea - Earl Grey - 1.30",4.8,CARD,9499362905976252
13/04/2025 15:17,London Brixton,Annie Davis,"Large Iced americano - 2.50, Regular Hot chocolate - 2.20",4.7,CASH,
13/04/2025 15:19,London Brixton,William Martin,"Large Smoothies - Glowing Greens - 2.50, Regular Smoothies - Carrot Kick - 2.00, Regular Smoothies - Carrot Kick - 2.00, Large Iced americano - 2.50",9.0,CASH,
13/04/2025 15:20,London Brixton,Hiram Matthews,"Large Hot chocolate - 2.90, Large Smoothies - Carrot Kick - 2.50",5.4,CARD,9971156505442206
13/04/2025 15:22,London Brixton,Walter Bowman,"Regular Espresso - 1.50, Large Hot chocolate - 2.90",4.4,CARD,6896305225356632
13/04/2025 15:24,London Brixton,William Marin,"Regular Hot chocolate - 2.20, Large Speciality Tea - Earl Grey - 1.60",3.8,CARD,2554201364836139
13/04/2025 15:25,London Brixton,Lino Reed,Large Smoothies - Glowing Greens - 2.50,2.5,CARD,5621097999831788
13/04/2025 15:27,London Brixton,Geraldine Miller,"Regular Smoothies - Carrot Kick - 2.00, Regular Speciality Tea - Earl Grey - 1.30, Regular Speciality Tea - Earl Grey - 1.30, Large Hot chocolate - 2.90, Regular Hot chocolate - 2.20",9.7,CASH,
13/04/2025 15:29,London Brixton,Sherry Rousseau,Large Speciality Tea - Earl Grey - 1.60,1.6,CASH,
13/04/2025 15:31,London Brixton,Jerry Flaim,"Large Iced americano - 2.50, Large Iced americano - 2.50, Large Smoothies - Glowing Greens - 2.50, Regular Espresso - 1.50",9.0,CASH,
13/04/2025 15:32,London Brixton,James Hurtado,"Regular Smoothies - Glowing Greens - 2.00, Large Smoothies - Glowing Greens - 2.50, Regular Iced americano - 2.15, Large Cappuccino - 2.45",9.1,CASH,
13/04/2025 15:34,London Brixton,Minnie Gandhi,"Regular Espresso - 1.50, Regular Smoothies - Carrot Kick - 2.00, Regular Espresso - 1.50",5.0,CARD,2309620280002256
13/04/2025 15:36,London Brixton,Imogene Pleva,"Regular Cappuccino - 2.15, Regular Hot chocolate - 2.20",4.35,CARD,4223793485087771
13/04/2025 15:37,London Brixton,Thomas Castro,"Regular Smoothies - Glowing Greens - 2.00, Large Frappes - Strawberries & Cream - 3.25",5.25,CASH,
13/04/2025 15:39,London Brixton,Mary Sheehy,"Large Hot chocolate - 2.90, Large Espresso - 1.80, Large Cappuccino - 2.45, Regular Espresso - 1.50",8.65,CARD,6204612290152477
13/04/2025 15:41,London Brixton,Mollie Lerner,Large Hot chocolate - 2.90,2.9,CASH,
13/04/2025 15:42,London Brixton,Troy Mayfield,"Regular Hot chocolate - 2.20, Regular Espresso - 1.50",3.7,CARD,8104469598761487
13/04/2025 15:44,London Brixton,Domenic Pace,"Regular Cappuccino - 2.15, Regular Cappuccino - 2.15, Regular Smoothies - Carrot Kick - 2.00",6.3,CARD,8650993494502722
13/04/2025 15:46,London Brixton,Richard Collins,"Regular Smoothies - Carrot Kick - 2.00, Large Hot chocolate - 2.90, Regular Smoothies - Carrot Kick - 2.00",6.9,CARD,2036670070314720
13/04/2025 15:48,London Brixton,Grace Windsor,"Regular Smoothies - Carrot Kick - 2.00, Regular Smoothies - Carrot Kick - 2.00",4.0,CARD,6553645008637927
13/04/2025 15:49,London Brixton,Diana Tongate,"Regular Hot chocolate - 2.20, Regular Iced americano - 2.15, Large Iced americano - 2.50, Regular Hot chocolate - 2.20",9.05,CASH,
13/04/2025 15:51,London Brixton,Robert Mcgrew,"Large Smoothies - Glowing Greens - 2.50, Large Espresso - 1.80",4.3,CARD,5285506689513203
13/04/2025 15:53,London Brixton,Doreen Roland,"Large Cappuccino - 2.45, Large Iced americano - 2.50, Regular Hot chocolate - 2.20, Regular Smoothies - Carrot Kick - 2.00",9.15,CARD,4797468191060611
13/04/2025 15:54,London Brixton,Harold Shepard,Large Smoothies - Carrot Kick - 2.50,2.5,CARD,7356345504265129
13/04/2025 15:56,London Brixton,Vivian White,"Large Smoothies - Glowing Greens - 2.50, Regular Smoothies - Glowing Greens - 2.00",4.5,CARD,6838395484525190
13/04/2025 15:58,London Brixton,Anne Vandermeer,"Regular Smoothies - Glowing Greens - 2.00, Large Iced americano - 2.50",4.5,CASH,
13/04/2025 15:59,London Brixton,Salina Lemay,"Large Smoothies - Carrot Kick - 2.50, Large Espresso - 1.80, Large Speciality Tea - Earl Grey - 1.60, Regular Smoothies - Glowing Greens - 2.00",7.9,CARD,6103242434045133
13/04/2025 16:01,London Brixton,Nicole Fountain,"Regular Smoothies - Glowing Greens - 2.00, Large Espresso - 1.80, Regular Frappes - Strawberries & Cream - 2.75",6.55,CARD,6146243912485156
13/04/2025 16:04,London Brixton,Lena Cleveland,Large Iced americano - 2.50,2.5,CARD,2816042114086128
13/04/2025 16:07,London Brixton,Carol Johson,"Regular Speciality Tea - Earl Grey - 1.30, Large Espresso - 1.80, Regular Speciality Tea - Earl Grey - 1.30",4.4,CARD,2683467054445061
13/04/2025 16:11,London Brixton,Roy Sampieri,"Large Espresso - 1.80, Regular Cappuccino - 2.15, Regular Hot chocolate - 2.20, Regular Smoothies - Glowing Greens - 2.00, Large Hot chocolate - 2.90",11.05,CASH,
13/04/2025 16:14,London Brixton,David Griffin,"Large Smoothies - Carrot Kick - 2.50, Regular Speciality Tea - Earl Grey - 1.30, Regular Espresso - 1.50, Large Frappes - Strawberries & Cream - 3.25, Regular Smoothies - Carrot Kick - 2.00, Regular Smoothies - Carrot Kick - 2.00",12.55,CARD,4315985455645180
13/04/2025 16:17,London Brixton,Robert Smith,Large Frappes - Strawberries & Cream - 3.25,3.25,CARD,9676510566400860
13/04/2025 16:20,London Brixton,Thomas Bright,Regular Iced americano - 2.15,2.15,CASH,
13/04/2025 16:23,London Brixton,Franklin Garrison,"Large Iced americano - 2.50, Regular Speciality Tea - Earl Grey - 1.30, Regular Espresso - 1.50",5.3,CASH,
13/04/2025 16:26,London Brixton,Richard Perez,Large Speciality Tea - Earl Grey - 1.60,1.6,CARD,7338260790834857
13/04/2025 16:30,London Brixton,Fred Bruno,"Large Hot chocolate - 2.90, Regular Cappuccino - 2.15",5.05,CARD,4568281602155415
13/04/2025 16:33,London Brixton,Kyle Miller,Large Iced americano - 2.50,2.5,CASH,
13/04/2025 16:36,London Brixton,Kenneth Doten,"Regular Speciality Tea - Earl Grey - 1.30, Large Smoothies - Carrot Kick - 2.50",3.8,CASH,
13/04/2025 16:39,London Brixton,Barbara Mahoney,"Regular Iced americano - 2.15, Large Espresso - 1.80, Large Iced americano - 2.50, Regular Cappuccino - 2.15",8.6,CARD,2683262792611476
13/04/2025 16:42,London Brixton,Edna Banks,"Regular Espresso - 1.50, Large Frappes - Strawberries & Cream - 3.25, Large Espresso - 1.80, Regular Hot chocolate - 2.20, Large Espresso - 1.80",10.55,CARD,2104344017965457
13/04/2025 16:45,London Brixton,Steven Kramer,"Large Espresso - 1.80, Large Iced americano - 2.50",4.3,CASH,
13/04/2025 16:48,London Brixton,Carolyn Adkins,"Regular Smoothies - Glowing Greens - 2.00, Regular Smoothies - Glowing Greens - 2.00, Regular Smoothies - Carrot Kick - 2.00",6.0,CASH,
13/04/2025 16:52,London Brixton,Patricia Smith,"Regular Cappuccino - 2.15, Large Hot chocolate - 2.90, Large Smoothies - Glowing Greens - 2.50",7.55,CARD,1499659833715151
13/04/2025 16:55,London Brixton,Jennifer Meadows,"Large Smoothies - Glowing Greens - 2.50, Regular Hot chocolate - 2.20, Large Speciality Tea - Earl Grey - 1.60, Regular Smoothies - Carrot Kick - 2.00",8.3,CARD,3714281178774225
13/04/2025 16:58,London Brixton,Jeffery Smith,"Regular Smoothies - Glowing Greens - 2.00, Regular Frappes - Strawberries & Cream - 2.75, Large Iced americano - 2.50, Large Speciality Tea - Earl Grey - 1.60",8.85,CARD,2512522752306204
13/04/2025 17:01,London Brixton,James York,"Regular Speciality Tea - Earl Grey - 1.30, Large Hot chocolate - 2.90",4.2,CASH,
13/04/2025 17:03,London Brixton,Adelaide Kurtz,Large Smoothies - Carrot Kick - 2.50,2.5,CASH,
13/04/2025 17:06,London Brixton,Claudia Willard,Regular Iced americano - 2.15,2.15,CARD,5296773297885815
13/04/2025 17:08,London Brixton,David Johnson,"Regular Cappuccino - 2.15, Regular Iced americano - 2.15",4.3,CARD,5578733837535109
13/04/2025 17:11,London Brixton,Dewitt Eanes,"Regular Speciality Tea - Earl Grey - 1.30, Regular Cappuccino - 2.15, Regular Espresso - 1.50, Large Frappes - Strawberries & Cream - 3.25, Large Cappuccino - 2.45, Large Speciality Tea - Earl Grey - 1.60",12.25,CASH,
13/04/2025 17:13,London Brixton,Violet Jackman,Regular Iced americano - 2.15,2.15,CASH,
13/04/2025 17:15,London Brixton,Michael Koch,"Large Smoothies - Glowing Greens - 2.50, Regular Speciality Tea - Earl Grey - 1.30",3.8,CARD,5386313485699178
13/04/2025 17:18,London Brixton,William Shaw,"Large Smoothies - Glowing Greens - 2.50, Large Speciality Tea - Earl Grey - 1.60, Large Cappuccino - 2.45, Large Hot chocolate - 2.90",9.45,CASH,
13/04/2025 17:20,London Brixton,Kenneth Soto,Regular Cappuccino - 2.15,2.15,CARD,1533156474904153
13/04/2025 17:23,London Brixton,Dorothy Miller,Large Speciality Tea - Earl Grey - 1.60,1.6,CARD,7831986306431992
13/04/2025 17:25,London Brixton,Maxine Reardon,"Regular Iced americano - 2.15, Large Cappuccino - 2.45, Large Speciality Tea - Earl Grey - 1.60, Regular Cappuccino - 2.15",8.35,CARD,8006900914444314
13/04/2025 17:27,London Brixton,Janette Lowe,Large Smoothies - Glowing Greens - 2.50,2.5,CARD,6656964822004040
13/04/2025 17:30,London Brixton,Wilma Ponce,"Large Speciality Tea - Earl Grey - 1.60, Regular Hot chocolate - 2.20, Regular Hot chocolate - 2.20, Large Smoothies - Carrot Kick - 2.50",8.5,CARD,5372527604165231
13/04/2025 17:32,London Brixton,Michael Chrisman,"Large Cappuccino - 2.45, Regular Frappes - Strawberries & Cream - 2.75, Regular Smoothies - Carrot Kick - 2.00",7.2,CASH,
13/04/2025 17:35,London Brixton,Rosanne Klingbeil,"Regular Iced americano - 2.15, Regular Espresso - 1.50, Large Hot chocolate - 2.90, Regular Iced americano - 2.15",8.7,CARD,7225108754773293
13/04/2025 17:37,London Brixton,Alice Smith,"Large Cappuccino - 2.45, Large Espresso - 1.80, Regular Smoothies - Glowing Greens - 2.00",6.25,CARD,8987021784773743
13/04/2025 17:39,London Brixton,Fred Hogan,Large Hot chocolate - 2.90,2.9,CASH,
13/04/2025 17:42,London Brixton,Alice Sitko,Regular Iced americano - 2.15,2.15,CARD,8688868015273604
13/04/2025 17:44,London Brixton,Andrew Cooper,"Large Smoothies - Glowing Greens - 2.50, Regular Espresso - 1.50, Regular Hot chocolate - 2.20, Regular Iced americano - 2.15",8.35,CARD,2475572726143276
13/04/2025 17:47,London Brixton,Daniel Rogers,Regular Speciality Tea - Earl Grey - 1.30,1.3,CARD,8689302157050779
13/04/2025 17:49,London Brixton,Horacio Thompson,"Large Iced americano - 2.50, Large Cappuccino - 2.45",4.95,CARD,2911566521731283
13/04/2025 17:51,London Brixton,Steve Clark,"Large Cappuccino - 2.45, Regular Cappuccino - 2.15, Regular Speciality Tea - Earl Grey - 1.30",5.9,CARD,4448372658372650
13/04/2025 17:54,London Brixton,Kristopher Terry,"Large Iced americano - 2.50, Large Iced americano - 2.50, Large Speciality Tea - Earl Grey - 1.60",6.6,CARD,2910899331892628
13/04/2025 17:56,London Brixton,Maria Bolinger,Large Hot chocolate - 2.90,2.9,CASH,
13/04/2025 17:59,London Brixton,Suzanne Green,Regular Espresso - 1.50,1.5,CARD,4630745962625307
13/04/2025 18:01,London Brixton,Mamie Knudtson,"Large Smoothies - Carrot Kick - 2.50, Regular Frappes - Strawberries & Cream - 2.75, Large Frappes - Strawberries & Cream - 3.25",8.5,CARD,9431633247184888
13/04/2025 18:03,London Brixton,Richard Mckinney,"Large Smoothies - Glowing Greens - 2.50, Large Iced americano - 2.50",5.0,CARD,6178461380299169
13/04/2025 18:05,London Brixton,Emily Gunter,Large Smoothies - Glowing Greens - 2.50,2.5,CARD,3951590476456217
13/04/2025 18:07,London Brixton,Rosemarie Nickelson,Large Iced americano - 2.50,2.5,CARD,7928454958584357
13/04/2025 18:10,London Brixton,Leonard Lara,"Large Cappuccino - 2.45, Regular Cappuccino - 2.15, Large Iced americano - 2.50, Large Smoothies - Glowing Greens - 2.50",9.6,CARD,2353481488832796
13/04/2025 18:12,London Brixton,Gary Carmona,"Large Hot chocolate - 2.90, Large Speciality Tea - Earl Grey - 1.60",4.5,CASH,
13/04/2025 18:14,London Brixton,Jeffrey Agnes,"Regular Frappes - Strawberries & Cream - 2.75, Regular Speciality Tea - Earl Grey - 1.30, Regular Frappes - Strawberries & Cream - 2.75, Regular Speciality Tea - Earl Grey - 1.30, Regular Cappuccino - 2.15, Regular Espresso - 1.50",11.75,CARD,4368138993573250
13/04/2025 18:16,London Brixton,James Westberg,Large Frappes - Strawberries & Cream - 3.25,3.25,CARD,1963514038529328
13/04/2025 18:18,London Brixton,James Saballos,Large Iced americano - 2.50,2.5,CARD,6451334133715445
13/04/2025 18:20,London Brixton,Maureen Carter,"Regular Hot chocolate - 2.20, Large Hot chocolate - 2.90",5.1,CARD,4533102252867066
13/04/2025 18:22,London Brixton,Earlene Siegel,"Regular Frappes - Strawberries & Cream - 2.75, Large Iced americano - 2.50",5.25,CASH,
13/04/2025 18:25,London Brixton,Joshua Mcsweeney,Regular Iced americano - 2.15,2.15,CASH,
13/04/2025 18:27,London Brixton,Clara Cluff,"Large Smoothies - Glowing Greens - 2.50, Regular Espresso - 1.50",4.0,CARD,2387397098717029
13/04/2025 18:29,London Brixton,Elizabeth Forrest,"Regular Espresso - 1.50, Regular Speciality Tea - Earl Grey - 1.30",2.8,CARD,4116913173395377
13/04/2025 18:31,London Brixton,James Lucas,"Large Smoothies - Glowing Greens - 2.50, Regular Frappes - Strawberries & Cream - 2.75, Large Hot chocolate - 2.90",8.15,CASH,
13/04/2025 18:33,London Brixton,Thomas Linn,"Large Cappuccino - 2.45, Large Hot chocolate - 2.90",5.35,CARD,1664272070794512
13/04/2025 18:35,London Brixton,Casandra Stjohn,"Regular Hot chocolate - 2.20, Regular Frappes - Strawberries & Cream - 2.75, Large Smoothies - Carrot Kick - 2.50, Large Smoothies - Glowing Greens - 2.50",9.95,CASH,
13/04/2025 18:37,London Brixton,Laura Holder,"Regular Speciality Tea - Earl Grey - 1.30, Large Hot chocolate - 2.90",4.2,CARD,8725879754045743
13/04/2025 18:39,London Brixton,Marie Murphy,"Large Smoothies - Glowing Greens - 2.50, Large Espresso - 1.80",4.3,CARD,6572149655981449
13/04/2025 18:42,London Brixton,Dong Brown,Regular Iced americano - 2.15,2.15,CARD,3115814409427590
13/04/2025 18:44,London Brixton,Catherine Eskridge,Large Smoothies - Glowing Greens - 2.50,2.5,CASH,
13/04/2025 18:46,London Brixton,Karen Zdenek,Regular Cappuccino - 2.15,2.15,CARD,2205581196876698
13/04/2025 18:48,London Brixton,Gloria Taylor,Regular Speciality Tea - Earl Grey - 1.30,1.3,CARD,2590729732657406
13/04/2025 18:50,London Brixton,David Fuentes,"Large Hot chocolate - 2.90, Regular Cappuccino - 2.15",5.05,CARD,9133462144779925
13/04/2025 18:52,London Brixton,Tracy Castleberry,"Regular Speciality Tea - Earl Grey - 1.30, Large Smoothies - Glowing Greens - 2.50, Regular Espresso - 1.50",5.3,CARD,8420291178699935
13/04/2025 18:54,London Brixton,Kathleen Mcfarland,"Large Cappuccino - 2.45, Regular Smoothies - Glowing Greens - 2.00",4.45,CARD,4753098417385991
13/04/2025 18:57,London Brixton,Nathaniel Adams,"Large Smoothies - Glowing Greens - 2.50, Large Iced americano - 2.50, Regular Frappes - Strawberries & Cream - 2.75, Large Speciality Tea - Earl Grey - 1.60, Regular Cappuccino - 2.15, Large Speciality Tea - Earl Grey - 1.60",13.1,CARD,5492729195174130
13/04/2025 18:59,London Brixton,Charles Heim,"Regular Iced americano - 2.15, Regular Smoothies - Carrot Kick - 2.00",4.15,CARD,9701140826609295
13/04/2025 19:01,London Brixton,Karen Boyd,"Regular Iced americano - 2.15, Regular Hot chocolate - 2.20, Regular Smoothies - Carrot Kick - 2.00",6.35,CARD,3723381842180715
13/04/2025 19:02,London Brixton,Lorna Dorich,"Regular Cappuccino - 2.15, Large Cappuccino - 2.45",4.6,CARD,6816142297706181
13/04/2025 19:03,London Brixton,Gordon Thurber,"Regular Hot chocolate - 2.20, Large Smoothies - Glowing Greens - 2.50, Large Hot chocolate - 2.90, Large Cappuccino - 2.45, Large Speciality Tea - Earl Grey - 1.60",11.65,CARD,6602932181540897
13/04/2025 19:05,London Brixton,Stacey Applegate,Large Speciality Tea - Earl Grey - 1.60,1.6,CASH,
13/04/2025 19:06,London Brixton,Kelli Worth,"Regular Hot chocolate - 2.20, Large Smoothies - Glowing Greens - 2.50, Large Espresso - 1.80",6.5,CASH,
13/04/2025 19:08,London Brixton,Katie Arndt,"Large Speciality Tea - Earl Grey - 1.60, Regular Speciality Tea - Earl Grey - 1.30, Large Cappuccino - 2.45, Regular Cappuccino - 2.15",7.5,CARD,1718408591556829
13/04/2025 19:09,London Brixton,Jessie Thompson,"Large Smoothies - Glowing Greens - 2.50, Regular Iced americano - 2.15, Large Iced americano - 2.50, Regular Hot chocolate - 2.20",9.35,CARD,6760896589325437
13/04/2025 19:10,London Brixton,Barbara Dumas,"Large Smoothies - Glowing Greens - 2.50, Regular Smoothies - Glowing Greens - 2.00, Large Smoothies - Glowing Greens - 2.50",7.0,CARD,5208113188797818
13/04/2025 19:12,London Brixton,Holly Roy,"Regular Smoothies - Glowing Greens - 2.00, Regular Hot chocolate - 2.20, Regular Iced americano - 2.15",6.35,CARD,5190728097301040
13/04/2025 19:13,London Brixton,Tony Schimmel,"Large Frappes - Strawberries & Cream - 3.25, Large Frappes - Strawberries & Cream - 3.25, Large Smoothies - Glowing Greens - 2.50, Regular Frappes - Strawberries & Cream - 2.75",11.75,CARD,3144153327266092
13/04/2025 19:14,London Brixton,Todd Aust,Regular Speciality Tea - Earl Grey - 1.30,1.3,CARD,6052093587929259
13/04/2025 19:16,London Brixton,Aaron Mishar,"Large Espresso - 1.80, Regular Frappes - Strawberries & Cream - 2.75",4.55,CASH,
13/04/2025 19:17,London Brixton,David Burlison,"Regular Smoothies - Glowing Greens - 2.00, Regular Speciality Tea - Earl Grey - 1.30, Large Hot chocolate - 2.90, Large Frappes - Strawberries & Cream - 3.25",9.45,CARD,7801938354848318
13/04/2025 19:18,London Brixton,James Gray,"Regular Smoothies - Glowing Greens - 2.00, Regular Smoothies - Glowing Greens - 2.00, Large Hot chocolate - 2.90, Large Cappuccino - 2.45, Regular Frappes - Strawberries & Cream - 2.75",12.1,CARD,1346385425305799
13/04/2025 19:20,London Brixton,Diane Fisher,"Regular Speciality Tea - Earl Grey - 1.30, Regular Smoothies - Carrot Kick - 2.00, Large Speciality Tea - Earl Grey - 1.60, Regular Iced americano - 2.15, Regular Cappuccino - 2.15",9.2,CARD,1678215527145679
13/04/2025 19:21,London Brixton,Robert Tejeda,Large Cappuccino - 2.45,2.45,CARD,4500458712851904
13/04/2025 19:22,London Brixton,Tonya Lucas,Regular Cappuccino - 2.15,2.15,CARD,8525324953690536
13/04/2025 19:24,London Brixton,William Grace,"Large Smoothies - Glowing Greens - 2.50, Large Smoothies - Glowing Greens - 2.50",5.0,CARD,8850667627234198
13/04/2025 19:25,London Brixton,Robert Jaworowski,"Large Cappuccino - 2.45, Large Cappuccino - 2.45",4.9,CASH,
13/04/2025 19:26,London Brixton,Esther Owens,"Regular Smoothies - Glowing Greens - 2.00, Large Smoothies - Glowing Greens - 2.50",4.5,CARD,4335170974328519
13/04/2025 19:28,London Brixton,Eric Elliott,Large Cappuccino - 2.45,2.45,CASH,
13/04/2025 19:29,London Brixton,Ann Collins,Large Cappuccino - 2.45,2.45,CASH,
13/04/2025 19:30,London Brixton,Catherine Lynch,"Regular Iced americano - 2.15, Regular Espresso - 1.50",3.65,CARD,1386295139996297
13/04/2025 19:32,London Brixton,Mary Barlow,"Large Speciality Tea - Earl Grey - 1.60, Regular Smoothies - Carrot Kick - 2.00, Regular Speciality Tea - Earl Grey - 1.30, Large Espresso - 1.80",6.7,CASH,
13/04/2025 19:33,London Brixton,James Pendarvis,"Large Speciality Tea - Earl Grey - 1.60, Regular Speciality Tea - Earl Grey - 1.30, Regular Smoothies - Carrot Kick - 2.00, Regular Hot chocolate - 2.20",7.1,CARD,7554712035617093
13/04/2025 19:35,London Brixton,Francisca Calo,"Large Speciality Tea - Earl Grey - 1.60, Regular Hot chocolate - 2.20, Regular Speciality Tea - Earl Grey - 1.30",5.1,CARD,3829885048396945
13/04/2025 19:36,London Brixton,Dina Vega,"Regular Smoothies - Carrot Kick - 2.00, Regular Cappuccino - 2.15, Regular Hot chocolate - 2.20, Large Frappes - Strawberries & Cream - 3.25",9.6,CARD,2497073978340338
13/04/2025 19:37,London Brixton,James Robertson,Large Smoothies - Glowing Greens - 2.50,2.5,CARD,6667354348213859
13/04/2025 19:39,London Brixton,Robert Hansberger,"Regular Hot chocolate - 2.20, Large Speciality Tea - Earl Grey - 1.60, Large Cappuccino - 2.45, Large Cappuccino - 2.45, Regular Espresso - 1.50, Large Espresso - 1.80",12.0,CARD,6443135341890392
13/04/2025 19:40,London Brixton,Michael Mueller,"Regular Smoothies - Glowing Greens - 2.00, Regular Smoothies - Glowing Greens - 2.00, Regular Frappes - Strawberries & Cream - 2.75, Regular Iced americano - 2.15, Large Espresso - 1.80, Regular Smoothies - Carrot Kick - 2.00",12.7,CASH,
13/04/2025 19:41,London Brixton,Janice Jones,Regular Cappuccino - 2.15,2.15,CASH,
13/04/2025 19:43,London Brixton,Shanice Horn,"Regular Iced americano - 2.15, Regular Smoothies - Glowing Greens - 2.00, Large Hot chocolate - 2.90, Large Hot chocolate - 2.90, Regular Iced americano - 2.15",12.1,CASH,
13/04/2025 19:44,London Brixton,Christopher Shaffer,"Large Smoothies - Glowing Greens - 2.50, Large Smoothies - Glowing Greens - 2.50",5.0,CARD,8443745913933312
13/04/2025 19:45,London Brixton,Matthew Redmond,"Regular Speciality Tea - Earl Grey - 1.30, Large Frappes - Strawberries & Cream - 3.25, Regular Frappes - Strawberries & Cream - 2.75, Regular Hot chocolate - 2.20, Large Smoothies - Glowing Greens - 2.50, Regular Smoothies - Carrot Kick - 2.00",14.0,CASH,
13/04/2025 19:47,London Brixton,Jesse Loughborough,"Regular Iced americano - 2.15, Large Iced americano - 2.50",4.65,CASH,
13/04/2025 19:48,London Brixton,Sheryl Dugger,"Large Speciality Tea - Earl Grey - 1.60, Regular Frappes - Strawberries & Cream - 2.75, Regular Speciality Tea - Earl Grey - 1.30",5.65,CARD,6945980697666316
13/04/2025 19:49,London Brixton,Tamara Rodriquez,Regular Iced americano - 2.15,2.15,CARD,6768409848921347
13/04/2025 19:51,London Brixton,Dianne Tressler,"Regular Speciality Tea - Earl Grey - 1.30, Regular Hot chocolate - 2.20, Regular Speciality Tea - Earl Grey - 1.30",4.8,CASH,
13/04/2025 19:52,London Brixton,Nicole Burton,"Large Hot chocolate - 2.90, Large Speciality Tea - Earl Grey - 1.60, Large Espresso - 1.80, Large Smoothies - Carrot Kick - 2.50",8.8,CASH,
13/04/2025 19:53,London Brixton,Stacy Voss,"Regular Espresso - 1.50, Large Speciality Tea - Earl Grey - 1.60, Large Speciality Tea - Earl Grey - 1.60",4.7,CARD,6367941102301131
13/04/2025 19:55,London Brixton,Thomas Hogue,"Large Hot chocolate - 2.90, Regular Espresso - 1.50, Large Hot chocolate - 2.90",7.3,CARD,4781916627188290
13/04/2025 19:56,London Brixton,Russel Ferrara,Regular Iced americano - 2.15,2.15,CASH,
13/04/2025 19:57,London Brixton,Vonda Good,Large Hot chocolate - 2.90,2.9,CARD,8591028971930327
13/04/2025 19:59,London Brixton,Edward Simms,Large Espresso - 1.80,1.8,CARD,8014765032991164
13/04/2025 20:00,London Brixton,Drew Wonders,"Regular Hot chocolate - 2.20, Large Iced americano - 2.50, Large Cappuccino - 2.45",7.15,CARD,6438505588738740
13/04/2025 20:03,London Brixton,Albert Pearl,Regular Frappes - Strawberries & Cream - 2.75,2.75,CASH,
13/04/2025 20:05,London Brixton,Augustine Dorsey,"Large Speciality Tea - Earl Grey - 1.60, Large Iced americano - 2.50, Regular Smoothies - Carrot Kick - 2.00, Large Iced americano - 2.50",8.6,CARD,1229484754088001
13/04/2025 20:07,London Brixton,Pamella Owen,"Large Espresso - 1.80, Regular Smoothies - Carrot Kick - 2.00, Large Hot chocolate - 2.90, Large Iced americano - 2.50, Large Smoothies - Glowing Greens - 2.50, Regular Hot chocolate - 2.20",13.9,CASH,
13/04/2025 20:10,London Brixton,Aleida Dixon,Regular Frappes - Strawberries & Cream - 2.75,2.75,CASH,
13/04/2025 20:12,London Brixton,Mabel Stanley,"Large Iced americano - 2.50, Regular Frappes - Strawberries & Cream - 2.75, Large Iced americano - 2.50, Regular Hot chocolate - 2.20, Regular Espresso - 1.50",11.45,CARD,1291881188405411
13/04/2025 20:15,London Brixton,Anne Stinchfield,"Large Espresso - 1.80, Large Smoothies - Glowing Greens - 2.50, Regular Iced americano - 2.15",6.45,CARD,1520916375504892
13/04/2025 20:17,London Brixton,Janice Messer,Regular Iced americano - 2.15,2.15,CARD,7564701708355058
13/04/2025 20:19,London Brixton,Jamey Peterson,Large Smoothies - Carrot Kick - 2.50,2.5,CARD,4092265713172765
13/04/2025 20:22,London Brixton,Elizabeth Corcoran,"Regular Hot chocolate - 2.20, Regular Smoothies - Carrot Kick - 2.00, Large Cappuccino - 2.45",6.65,CARD,6607220456908033
13/04/2025 20:24,London Brixton,Erika Correa,"Large Frappes - Strawberries & Cream - 3.25, Regular Smoothies - Glowing Greens - 2.00",5.25,CASH,
13/04/2025 20:27,London Brixton,Lee Leyva,"Regular Hot chocolate - 2.20, Regular Iced americano - 2.15",4.35,CARD,9061694512196677
13/04/2025 20:29,London Brixton,Reatha Cruz,"Regular Hot chocolate - 2.20, Regular Speciality Tea - Earl Grey - 1.30, Large Smoothies - Carrot Kick - 2.50, Large Iced americano - 2.50",8.5,CARD,8638208715859935
13/04/2025 20:31,London Brixton,Julia Felix,"Large Smoothies - Glowing Greens - 2.50, Regular Espresso - 1.50, Large Iced americano - 2.50",6.5,CARD,1062327115700642
13/04/2025 20:34,London Brixton,Trinidad Stone,"Regular Smoothies - Carrot Kick - 2.00, Large Smoothies - Glowing Greens - 2.50",4.5,CARD,2805371414346928
13/04/2025 20:36,London Brixton,James Hall,Large Iced americano - 2.50,2.5,CARD,4779706088211240
13/04/2025 20:39,London Brixton,Alvin Featherstone,"Large Espresso - 1.80, Regular Iced americano - 2.15, Large Cappuccino - 2.45",6.4,CARD,2861311728684811
13/04/2025 20:41,London Brixton,Cleo Anderson,Regular Smoothies - Carrot Kick - 2.00,2.0,CARD,2953844094119358
13/04/2025 20:43,London Brixton,Sheila Nalevanko,"Regular Hot chocolate - 2.20, Regular Iced americano - 2.15, Regular Hot chocolate - 2.20, Regular Smoothies - Glowing Greens - 2.00, Regular Speciality Tea - Earl Grey - 1.30",9.85,CASH,
13/04/2025 20:46,London Brixton,Esther Kingston,Regular Espresso - 1.50,1.5,CASH,
13/04/2025 20:48,London Brixton,Katherine Smallwood,"Regular Speciality Tea - Earl Grey - 1.30, Large Smoothies - Glowing Greens - 2.50, Large Cappuccino - 2.45, Large Espresso - 1.80",8.05,CASH,
13/04/2025 20:51,London Brixton,Elizabeth Deblauw,"Regular Iced americano - 2.15, Large Espresso - 1.80",3.95,CASH,
13/04/2025 20:53,London Brixton,Gloria Hill,"Regular Smoothies - Glowing Greens - 2.00, Regular Cappuccino - 2.15, Large Smoothies - Glowing Greens - 2.50, Large Cappuccino - 2.45, Large Espresso - 1.80",10.9,CARD,1134082569727265
13/04/2025 20:55,London Brixton,Melissa Naiman,Large Iced americano - 2.50,2.5,CARD,7663769496336407
13/04/2025 20:58,London Brixton,Alex Bennett,"Large Smoothies - Glowing Greens - 2.50, Large Hot chocolate - 2.90",5.4,CARD,5752789855490095
