19/04/2025 08:00,London Brixton,Bryce Witten,"Large Smoothies - Carrot Kick - 2.50, Large Speciality Tea - Earl Grey - 1.60, Large Hot chocolate - 2.90, Large Iced americano - 2.50, Regular Smoothies - Carrot Kick - 2.00, Large Espresso - 1.80",13.3,CARD,2175743055549750
19/04/2025 08:00,London Brixton,David Roe,"Large Iced americano - 2.50, Large Hot chocolate - 2.90, Regular Frappes - Strawberries & Cream - 2.75, Large Espresso - 1.80, Large Smoothies - Glowing Greens - 2.50, Large Smoothies - Carrot Kick - 2.50",14.95,CARD,1973010844994178
19/04/2025 08:01,London Brixton,Brenda Rodriguez,Large Hot chocolate - 2.90,2.9,CASH,
19/04/2025 08:02,London Brixton,Ronald Etheridge,"Large Smoothies - Glowing Greens - 2.50, Large Speciality Tea - Earl Grey - 1.60",4.1,CARD,4470917614946913
19/04/2025 08:03,London Brixton,Ashley Grimes,"Large Hot chocolate - 2.90, Large Iced americano - 2.50, Large Cappuccino - 2.45",7.85,CARD,2141513585756454
19/04/2025 08:04,London Brixton,Jeannette Fisher,"Regular Hot chocolate - 2.20, Regular Iced americano - 2.15, Regular Espresso - 1.50",5.85,CARD,9035930946446112
19/04/2025 08:05,London Brixton,Donald Carr,Regular Smoothies - Carrot Kick - 2.00,2.0,CARD,3475315361315298
19/04/2025 08:06,London Brixton,Marjorie Bell,Large Speciality Tea - Earl Grey - 1.60,1.6,CARD,2445683693253413
19/04/2025 08:07,London Brixton,Raul Lee,"Regular Espresso - 1.50, Regular Smoothies - Glowing Greens - 2.00, Regular Smoothies - Carrot Kick - 2.00",5.5,CARD,6965901342334482
19/04/2025 08:08,London Brixton,Peter Joyner,"Regular Iced americano - 2.15, Large Hot chocolate - 2.90, Regular Iced americano - 2.15, Large Espresso - 1.80, Regular Iced americano - 2.15, Large Smoothies - Glowing Greens - 2.50",13.65,CARD,2745357807467185
19/04/2025 08:09,London Brixton,Jeffrey Goodemote,"Large Espresso - 1.80, Regular Iced americano - 2.15",3.95,CARD,3019282408840991
19/04/2025 08:10,London Brixton,Michelle Mosley,"Regular Iced americano - 2.15, Large Iced americano - 2.50, Regular Cappuccino - 2.15, Large Hot chocolate - 2.90",9.7,CARD,7315224401609634
19/04/2025 08:11,London Brixton,Larry Valenzuela,"Large Cappuccino - 2.45, Regular Smoothies - Glowing Greens - 2.00",4.45,CASH,
19/04/2025 08:12,London Brixton,Priscilla Grober,"Regular Speciality Tea - Earl Grey - 1.30, Large Cappuccino - 2.45, Regular Iced americano - 2.15",5.9,CARD,2164607581144015
19/04/2025 08:13,London Brixton,Christine Turrie,Regular Smoothies - Glowing Greens - 2.00,2.0,CARD,3081403123299669
19/04/2025 08:14,London Brixton,Ernest Ackerman,Regular Hot chocolate - 2.20,2.2,CARD,4013235284793617
19/04/2025 08:15,London Brixton,Lindsey Helms,Regular Smoothies - Glowing Greens - 2.00,2.0,CASH,
19/04/2025 08:16,London Brixton,Robert Maze,"Regular Frappes - Strawberries & Cream - 2.75, Regular Cappuccino - 2.15, Large Iced americano - 2.50, Large Hot chocolate - 2.90, Large Iced americano - 2.50, Regular Frappes - Strawberries & Cream - 2.75",15.55,CASH,
19/04/2025 08:17,London Brixton,Harriet Phillips,"Large Iced americano - 2.50, Regular Frappes - Strawberries & Cream - 2.75, Large Frappes - Strawberries & Cream - 3.25, Regular Cappuccino - 2.15",10.65,CARD,9653960729340259
19/04/2025 08:18,London Brixton,Cindy Mcclure,"Regular Espresso - 1.50, Large Hot chocolate - 2.90",4.4,CARD,2480746825977162
19/04/2025 08:19,London Brixton,Laura Person,"Large Speciality Tea - Earl Grey - 1.60, Regular Frappes - Strawberries & Cream - 2.75, Large Cappuccino - 2.45, Large Smoothies - Carrot Kick - 2.50",9.3,CARD,2798607838548146
19/04/2025 08:20,London Brixton,Carmen Hawkins,"Large Hot chocolate - 2.90, Large Frappes - Strawberries & Cream - 3.25",6.15,CARD,5286386147108466
19/04/2025 08:21,London Brixton,Joyce Schwandt,"Large Speciality Tea - Earl Grey - 1.60, Regular Iced americano - 2.15",3.75,CARD,8521319851083027
19/04/2025 08:22,London Brixton,Bruce Snipes,"Large Cappuccino - 2.45, Large Hot chocolate - 2.90",5.35,CARD,9190283482848432
19/04/2025 08:23,London Brixton,Mary Hendrix,Regular Hot chocolate - 2.20,2.2,CARD,3745790374172943
19/04/2025 08:24,London Brixton,Rose Eliott,"Large Cappuccino - 2.45, Large Cappuccino - 2.45, Regular Cappuccino - 2.15, Large Hot chocolate - 2.90, Regular Smoothies - Glowing Greens - 2.00",11.95,CASH,
19/04/2025 08:25,London Brixton,Dean Dallaire,"Large Iced americano - 2.50, Large Cappuccino - 2.45",4.95,CARD,5525479265422652
19/04/2025 08:26,London Brixton,Cheryl Reardon,Regular Espresso - 1.50,1.5,CARD,2888399844697219
19/04/2025 08:27,London Brixton,Sean Donahue,"Regular Smoothies - Carrot Kick - 2.00, Large Hot chocolate - 2.90, Regular Speciality Tea - Earl Grey - 1.30",6.2,CASH,
19/04/2025 08:28,London Brixton,Juanita Lassiter,"Regular Frappes - Strawberries & Cream - 2.75, Regular Smoothies - Glowing Greens - 2.00, Regular Frappes - Strawberries & Cream - 2.75",7.5,CARD,2762431988075137
19/04/2025 08:29,London Brixton,Orville Knell,"Regular Cappuccino - 2.15, Regular Speciality Tea - Earl Grey - 1.30",3.45,CARD,5396950625229927
19/04/2025 08:30,London Brixton,Morgan Lassiter,"Regular Speciality Tea - Earl Grey - 1.30, Regular Frappes - Strawberries & Cream - 2.75, Regular Speciality Tea - Earl Grey - 1.30",5.35,CARD,2920663530786129
19/04/2025 08:31,London Brixton,Henry King,"Large Speciality Tea - Earl Grey - 1.60, Large Cappuccino - 2.45, Regular Cappuccino - 2.15, Regular Speciality Tea - Earl Grey - 1.30, Regular Espresso - 1.50",9.0,CARD,5093608697396965
19/04/2025 08:32,London Brixton,Victor Hite,"Large Hot chocolate - 2.90, Regular Smoothies - Glowing Greens - 2.00, Large Cappuccino - 2.45, Regular Espresso - 1.50",8.85,CARD,6013427174134156
19/04/2025 08:33,London Brixton,Rebecca Galindo,Regular Espresso - 1.50,1.5,CARD,8578956329349863
19/04/2025 08:34,London Brixton,Eleanor Helton,"Large Smoothies - Glowing Greens - 2.50, Large Smoothies - Glowing Greens - 2.50, Large Smoothies - Carrot Kick - 2.50",7.5,CASH,
19/04/2025 08:35,London Brixton,Patricia Mackey,Regular Smoothies - Carrot Kick - 2.00,2.0,CASH,
19/04/2025 08:36,London Brixton,Jean Mazzaferro,Large Smoothies - Glowing Greens - 2.50,2.5,CARD,5406531622782994
19/04/2025 08:37,London Brixton,Robert Hampton,"Regular Cappuccino - 2.15, Regular Espresso - 1.50, Large Speciality Tea - Earl Grey - 1.60",5.25,CASH,
19/04/2025 08:38,London Brixton,Ida Taylor,"Large Smoothies - Glowing Greens - 2.50, Large Frappes - Strawberries & Cream - 3.25, Large Speciality Tea - Earl Grey - 1.60",7.35,CASH,
19/04/2025 08:39,London Brixton,Douglas King,"Regular Smoothies - Carrot Kick - 2.00, Large Iced americano - 2.50",4.5,CASH,
19/04/2025 08:40,London Brixton,Elaine Wall,Large Cappuccino - 2.45,2.45,CASH,
19/04/2025 08:41,London Brixton,Robin Johnson,"Large Iced americano - 2.50, Large Iced americano - 2.50, Large Cappuccino - 2.45, Regular Cappuccino - 2.15",9.6,CASH,
19/04/2025 08:42,London Brixton,Norma Ragsdale,"Regular Iced americano - 2.15, Regular Hot chocolate - 2.20, Large Hot chocolate - 2.90, Large Smoothies - Carrot Kick - 2.50, Large Iced americano - 2.50, Regular Iced americano - 2.15",14.4,CARD,8933905368893962
19/04/2025 08:43,London Brixton,Scott Stewart,"Regular Speciality Tea - Earl Grey - 1.30, Large Cappuccino - 2.45, Regular Speciality Tea - Earl Grey - 1.30",5.05,CARD,9599345806488985
19/04/2025 08:44,London Brixton,Ines Linder,"Large Iced americano - 2.50, Large Frappes - Strawberries & Cream - 3.25",5.75,CARD,8744700510450894
19/04/2025 08:45,London Brixton,Lucy Cook,Large Smoothies - Glowing Greens - 2.50,2.5,CARD,3607775471038311
19/04/2025 08:46,London Brixton,Glenda Blum,"Regular Smoothies - Carrot Kick - 2.00, Large Cappuccino - 2.45",4.45,CARD,1413886768227614
19/04/2025 08:47,London Brixton,Charles Pittman,"Regular Iced americano - 2.15, Large Hot chocolate - 2.90, Regular Frappes - Strawberries & Cream - 2.75",7.8,CASH,
19/04/2025 08:48,London Brixton,Cora Nelson,"Large Smoothies - Glowing Greens - 2.50, Large Iced americano - 2.50",5.0,CASH,
19/04/2025 08:49,London Brixton,Joan Hill,"Large Speciality Tea - Earl Grey - 1.60, Large Iced americano - 2.50, Regular Smoothies - Glowing Greens - 2.00, Large Speciality Tea - Earl Grey - 1.60",7.7,CARD,5842929383894397
19/04/2025 08:50,London Brixton,Mary Currier,"Regular Frappes - Strawberries & Cream - 2.75, Regular Smoothies - Glowing Greens - 2.00, Regular Frappes - Strawberries & Cream - 2.75, Regular Speciality Tea - Earl Grey - 1.30, Large Cappuccino - 2.45",11.25,CASH,
19/04/2025 08:51,London Brixton,Jacob Harvey,"Regular Espresso - 1.50, Regular Cappuccino - 2.15, Large Espresso - 1.80, Large Hot chocolate - 2.90, Regular Smoothies - Carrot Kick - 2.00",10.35,CASH,
19/04/2025 08:52,London Brixton,Jerry Opie,"Regular Cappuccino - 2.15, Regular Iced americano - 2.15",4.3,CASH,
19/04/2025 08:53,London Brixton,Betty Leclair,Regular Smoothies - Glowing Greens - 2.00,2.0,CASH,
19/04/2025 08:54,London Brixton,Emily Jones,"Large Cappuccino - 2.45, Regular Smoothies - Carrot Kick - 2.00, Regular Cappuccino - 2.15",6.6,CARD,7363527211805494
19/04/2025 08:55,London Brixton,Scott Trussell,"Large Iced americano - 2.50, Regular Hot chocolate - 2.20",4.7,CARD,4322223059354474
19/04/2025 08:56,London Brixton,Louise Mcdorman,"Large Hot chocolate - 2.90, Large Smoothies - Carrot Kick - 2.50, Regular Iced americano - 2.15, Regular Speciality Tea - Earl Grey - 1.30, Large Hot chocolate - 2.90, Regular Cappuccino - 2.15",13.9,CARD,5358804904917962
19/04/2025 08:57,London Brixton,Matthew Pollitt,"Regular Cappuccino - 2.15, Large Cappuccino - 2.45",4.6,CASH,
19/04/2025 08:58,London Brixton,Vernon Cummings,"Regular Cappuccino - 2.15, Regular Frappes - Strawberries & Cream - 2.75, Regular Iced americano - 2.15",7.05,CASH,
19/04/2025 08:59,London Brixton,Jeanette Neang,"Regular Smoothies - Glowing Greens - 2.00, Large Iced americano - 2.50, Regular Iced americano - 2.15",6.65,CARD,2261617153292449
19/04/2025 08:59,London Brixton,John Headley,"Regular Cappuccino - 2.15, Large Hot chocolate - 2.90",5.05,CARD,6515401463473847
19/04/2025 09:00,London Brixton,Clyde Harris,"Regular Iced americano - 2.15, Regular Smoothies - Carrot Kick - 2.00, Regular Hot chocolate - 2.20, Large Hot chocolate - 2.90, Large Espresso - 1.80, Large Frappes - Strawberries & Cream - 3.25",14.3,CARD,4788708182223141
19/04/2025 09:02,London Brixton,Margaret Edwards,"Regular Smoothies - Glowing Greens - 2.00, Regular Hot chocolate - 2.20, Large Hot chocolate - 2.90, Regular Smoothies - Carrot Kick - 2.00, Large Iced americano - 2.50, Regular Espresso - 1.50",13.1,CARD,4502706410356688
19/04/2025 09:03,London Brixton,Lisa Williams,"Large Smoothies - Glowing Greens - 2.50, Regular Iced americano - 2.15",4.65,CASH,
19/04/2025 09:04,London Brixton,Jane Morgan,"Large Espresso - 1.80, Large Speciality Tea - Earl Grey - 1.60, Large Hot chocolate - 2.90, Regular Hot chocolate - 2.20, Regular Smoothies - Glowing Greens - 2.00",10.5,CARD,1452196836108319
19/04/2025 09:05,London Brixton,Brenda Freuden,"Regular Speciality Tea - Earl Grey - 1.30, Large Frappes - Strawberries & Cream - 3.25, Large Speciality Tea - Earl Grey - 1.60, Large Hot chocolate - 2.90, Regular Smoothies - Glowing Greens - 2.00, Large Espresso - 1.80",12.85,CASH,
19/04/2025 09:06,London Brixton,Ronald Colon,"Large Iced americano - 2.50, Regular Iced americano - 2.15, Large Espresso - 1.80",6.45,CARD,3271373921379001
19/04/2025 09:07,London Brixton,Elizabeth Dean,Regular Hot chocolate - 2.20,2.2,CARD,8975420526900974
19/04/2025 09:09,London Brixton,Tasha Quinones,"Regular Speciality Tea - Earl Grey - 1.30, Regular Cappuccino - 2.15",3.45,CARD,2830964823915709
19/04/2025 09:10,London Brixton,Caitlin Vigo,"Regular Frappes - Strawberries & Cream - 2.75, Regular Speciality Tea - Earl Grey - 1.30",4.05,CARD,5609045760366143
19/04/2025 09:11,London Brixton,Kristen Fess,"Regular Hot chocolate - 2.20, Large Smoothies - Glowing Greens - 2.50, Large Hot chocolate - 2.90, Large Iced americano - 2.50",10.1,CARD,2894904222253917
19/04/2025 09:12,London Brixton,Jean Blasengame,"Large Smoothies - Glowing Greens - 2.50, Large Frappes - Strawberries & Cream - 3.25",5.75,CARD,4373442575271617
19/04/2025 09:13,London Brixton,Brian Kuykendall,"Large Iced americano - 2.50, Large Speciality Tea - Earl Grey - 1.60",4.1,CASH,
19/04/2025 09:14,London Brixton,Chad Byers,Regular Smoothies - Glowing Greens - 2.00,2.0,CASH,
19/04/2025 09:16,London Brixton,Dorothy Dangelo,"Regular Smoothies - Carrot Kick - 2.00, Regular Iced americano - 2.15, Large Speciality Tea - Earl Grey - 1.60, Large Frappes - Strawberries & Cream - 3.25",9.0,CASH,
19/04/2025 09:17,London Brixton,Patrick Hales,Large Espresso - 1.80,1.8,CASH,
19/04/2025 09:18,London Brixton,Cecil Phillips,Large Frappes - Strawberries & Cream - 3.25,3.25,CARD,4539683376533381
19/04/2025 09:19,London Brixton,Claudia Deldonno,"Regular Espresso - 1.50, Large Smoothies - Carrot Kick - 2.50, Regular Smoothies - Carrot Kick - 2.00",6.0,CASH,
19/04/2025 09:20,London Brixton,Timothy Jordan,"Large Smoothies - Carrot Kick - 2.50, Regular Smoothies - Carrot Kick - 2.00, Large Smoothies - Glowing Greens - 2.50",7.0,CARD,4626253596492582
19/04/2025 09:21,London Brixton,Carolyn Mccleary,Large Smoothies - Glowing Greens - 2.50,2.5,CASH,
19/04/2025 09:23,London Brixton,Janna Smith,"Large Smoothies - Glowing Greens - 2.50, Large Iced americano - 2.50, Large Hot chocolate - 2.90, Large Iced americano - 2.50",10.4,CARD,7665101817212404
19/04/2025 09:24,London Brixton,Elizabeth Finnie,"Regular Cappuccino - 2.15, Large Hot chocolate - 2.90, Regular Speciality Tea - Earl Grey - 1.30, Large Hot chocolate - 2.90",9.25,CARD,7728769400788560
19/04/2025 09:25,London Brixton,James Flowers,"Regular Hot chocolate - 2.20, Regular Speciality Tea - Earl Grey - 1.30",3.5,CASH,
19/04/2025 09:26,London Brixton,Tricia Mctigue,Regular Espresso - 1.50,1.5,CARD,5334094233657800
19/04/2025 09:27,London Brixton,Nick Johnson,"Regular Smoothies - Glowing Greens - 2.00, Large Hot chocolate - 2.90",4.9,CASH,
19/04/2025 09:28,London Brixton,Alene Kennedy,Large Iced americano - 2.50,2.5,CARD,7598758282483616
19/04/2025 09:30,London Brixton,William Mcdonald,"Large Hot chocolate - 2.90, Large Smoothies - Glowing Greens - 2.50, Regular Frappes - Strawberries & Cream - 2.75",8.15,CARD,1118931939240192
19/04/2025 09:31,London Brixton,Ida Moss,Large Smoothies - Glowing Greens - 2.50,2.5,CASH,
19/04/2025 09:32,London Brixton,David Simmons,"Large Smoothies - Carrot Kick - 2.50, Regular Iced americano - 2.15, Large Espresso - 1.80",6.45,CASH,
19/04/2025 09:33,London Brixton,Bill Henshaw,"Large Hot chocolate - 2.90, Regular Iced americano - 2.15, Regular Smoothies - Glowing Greens - 2.00, Regular Cappuccino - 2.15, Large Frappes - Strawberries & Cream - 3.25",12.45,CARD,7646865857399470
19/04/2025 09:34,London Brixton,Sherie Wright,"Regular Cappuccino - 2.15, Regular Iced americano - 2.15, Regular Smoothies - Carrot Kick - 2.00",6.3,CARD,5484743280736930
19/04/2025 09:35,London Brixton,Anna Parks,"Large Hot chocolate - 2.90, Regular Hot chocolate - 2.20, Regular Speciality Tea - Earl Grey - 1.30, Large Frappes - Strawberries & Cream - 3.25, Regular Espresso - 1.50, Regular Smoothies - Carrot Kick - 2.00",13.15,CARD,5718358122918300
19/04/2025 09:37,London Brixton,Erica Chang,"Large Iced americano - 2.50, Regular Frappes - Strawberries & Cream - 2.75, Regular Cappuccino - 2.15",7.4,CARD,4319561116944453
19/04/2025 09:38,London Brixton,Martin Kessel,"Regular Speciality Tea - Earl Grey - 1.30, Large Smoothies - Glowing Greens - 2.50, Large Hot chocolate - 2.90, Regular Smoothies - Glowing Greens - 2.00",8.7,CARD,7519881962904728
19/04/2025 09:39,London Brixton,Dorothy Davis,"Large Speciality Tea - Earl Grey - 1.60, Regular Cappuccino - 2.15, Regular Cappuccino - 2.15",5.9,CARD,3231877592403499
19/04/2025 09:40,London Brixton,Evelyn Mckenzie,"Large Smoothies - Carrot Kick - 2.50, Regular Cappuccino - 2.15",4.65,CASH,
19/04/2025 09:41,London Brixton,John Shyne,"Regular Frappes - Strawberries & Cream - 2.75, Regular Hot chocolate - 2.20, Regular Smoothies - Glowing Greens - 2.00",6.95,CARD,6558468113620971
19/04/2025 09:42,London Brixton,Dinorah Brugman,Large Smoothies - Glowing Greens - 2.50,2.5,CARD,6839805111937294
19/04/2025 09:44,London Brixton,Ruby Yarbrough,"Regular Iced americano - 2.15, Large Cappuccino - 2.45, Regular Speciality Tea - Earl Grey - 1.30, Large Hot chocolate - 2.90",8.8,CARD,3344879248137125
19/04/2025 09:45,London Brixton,Gregory Covert,"Large Espresso - 1.80, Large Cappuccino - 2.45, Regular Hot chocolate - 2.20, Regular Speciality Tea - Earl Grey - 1.30, Large Espresso - 1.80",9.55,CARD,8878014579654693
19/04/2025 09:46,London Brixton,Nicholas Harrison,Large Smoothies - Glowing Greens - 2.50,2.5,CASH,
19/04/2025 09:47,London Brixton,Carol Moe,Large Iced americano - 2.50,2.5,CARD,7673008266312261
19/04/2025 09:48,London Brixton,John Benjamin,Large Hot chocolate - 2.90,2.9,CASH,
19/04/2025 09:49,London Brixton,Elizabeth Chol,"Large Iced americano - 2.50, Large Smoothies - Glowing Greens - 2.50",5.0,CASH,
19/04/2025 09:51,London Brixton,Brandon Karas,"Regular Hot chocolate - 2.20, Large Iced americano - 2.50",4.7,CARD,6791767311663962
19/04/2025 09:52,London Brixton,Elizabeth Macko,"Regular Hot chocolate - 2.20, Regular Hot chocolate - 2.20",4.4,CARD,7609131352211566
19/04/2025 09:53,London Brixton,Rodney Jennings,"Large Hot chocolate - 2.90, Regular Smoothies - Glowing Greens - 2.00, Regular Speciality Tea - Earl Grey - 1.30",6.2,CASH,
19/04/2025 09:54,London Brixton,Julie Allen,"Regular Espresso - 1.50, Regular Iced americano - 2.15, Large Frappes - Strawberries & Cream - 3.25, Regular Speciality Tea - Earl Grey - 1.30",8.2,CARD,3541826671650118
19/04/2025 09:55,London Brixton,Renate Hackler,"Regular Iced americano - 2.15, Large Iced americano - 2.50",4.65,CARD,4194272209452556
19/04/2025 09:56,London Brixton,Harry Cosgrove,"Regular Frappes - Strawberries & Cream - 2.75, Regular Cappuccino - 2.15, Large Speciality Tea - Earl Grey - 1.60",6.5,CASH,
19/04/2025 09:58,London Brixton,Kathleen Nieland,"Large Iced americano - 2.50, Large Cappuccino - 2.45",4.95,CARD,3621351480161923
19/04/2025 09:59,London Brixton,Alicia Ramirez,Regular Frappes - Strawberries & Cream - 2.75,2.75,CARD,8517962561803725
19/04/2025 10:00,London Brixton,Larry Block,Large Hot chocolate - 2.90,2.9,CARD,3911150423956940
19/04/2025 10:01,London Brixton,Teresa Haberman,"Large Hot chocolate - 2.90, Regular Speciality Tea - Earl Grey - 1.30, Regular Speciality Tea - Earl Grey - 1.30",5.5,CARD,5397145245705913
19/04/2025 10:02,London Brixton,Michelle Atkins,"Large Hot chocolate - 2.90, Large Iced americano - 2.50, Large Espresso - 1.80, Regular Frappes - Strawberries & Cream - 2.75",9.95,CARD,7747539324929832
19/04/2025 10:03,London Brixton,Dolores Severy,"Regular Iced americano - 2.15, Regular Espresso - 1.50, Regular Espresso - 1.50",5.15,CARD,1559674571973839
19/04/2025 10:05,London Brixton,Pearl Ibach,"Large Iced americano - 2.50, Large Smoothies - Carrot Kick - 2.50",5.0,CASH,
19/04/2025 10:06,London Brixton,Jo Porter,"Large Hot chocolate - 2.90, Regular Hot chocolate - 2.20",5.1,CARD,9660958143034888
19/04/2025 10:07,London Brixton,Mildred Ramirez,"Large Frappes - Strawberries & Cream - 3.25, Large Espresso - 1.80, Regular Espresso - 1.50, Large Iced americano - 2.50",9.05,CASH,
19/04/2025 10:08,London Brixton,Sheila Merritt,Large Smoothies - Glowing Greens - 2.50,2.5,CARD,5889333007675556
19/04/2025 10:09,London Brixton,Mary Cannon,Regular Iced americano - 2.15,2.15,CARD,6775491234241367
19/04/2025 10:10,London Brixton,Steven Bethell,"Regular Smoothies - Glowing Greens - 2.00, Large Speciality Tea - Earl Grey - 1.60, Regular Frappes - Strawberries & Cream - 2.75",6.35,CARD,5165645418267559
19/04/2025 10:12,London Brixton,Ann Pham,"Regular Speciality Tea - Earl Grey - 1.30, Large Hot chocolate - 2.90",4.2,CARD,6131553555743595
19/04/2025 10:13,London Brixton,James Francese,"Large Speciality Tea - Earl Grey - 1.60, Regular Espresso - 1.50, Regular Cappuccino - 2.15, Regular Espresso - 1.50, Regular Smoothies - Carrot Kick - 2.00",8.75,CARD,8845698191714886
19/04/2025 10:14,London Brixton,Rebecca Hill,"Regular Cappuccino - 2.15, Regular Smoothies - Glowing Greens - 2.00",4.15,CASH,
19/04/2025 10:15,London Brixton,Pearl Cole,Regular Cappuccino - 2.15,2.15,CASH,
19/04/2025 10:16,London Brixton,Paul Chapen,Regular Speciality Tea - Earl Grey - 1.30,1.3,CASH,
19/04/2025 10:17,London Brixton,Dan Mead,"Large Frappes - Strawberries & Cream - 3.25, Large Espresso - 1.80, Regular Smoothies - Glowing Greens - 2.00, Large Cappuccino - 2.45, Large Iced americano - 2.50",12.0,CARD,8230636005421604
19/04/2025 10:19,London Brixton,Marvin Riddick,"Large Iced americano - 2.50, Large Speciality Tea - Earl Grey - 1.60",4.1,CASH,
19/04/2025 10:20,London Brixton,Derek Young,"Regular Hot chocolate - 2.20, Large Frappes - Strawberries & Cream - 3.25, Regular Speciality Tea - Earl Grey - 1.30",6.75,CARD,8720729487874776
19/04/2025 10:21,London Brixton,Mario Prieto,"Regular Smoothies - Glowing Greens - 2.00, Regular Speciality Tea - Earl Grey - 1.30, Regular Espresso - 1.50",4.8,CARD,3888088235222783
19/04/2025 10:22,London Brixton,John Carpenter,Regular Smoothies - Glowing Greens - 2.00,2.0,CASH,
19/04/2025 10:23,London Brixton,Bradley Carroll,"Large Smoothies - Glowing Greens - 2.50, Regular Frappes - Strawberries & Cream - 2.75",5.25,CASH,
19/04/2025 10:24,London Brixton,Susan Johnson,"Regular Iced americano - 2.15, Large Iced americano - 2.50, Large Frappes - Strawberries & Cream - 3.25",7.9,CARD,3958852316136771
19/04/2025 10:26,London Brixton,Everett Scott,"Large Smoothies - Glowing Greens - 2.50, Regular Smoothies - Glowing Greens - 2.00, Large Iced americano - 2.50, Regular Speciality Tea - Earl Grey - 1.30",8.3,CARD,4116241057453033
19/04/2025 10:27,London Brixton,Marshall Gilbert,"Large Smoothies - Carrot Kick - 2.50, Regular Smoothies - Carrot Kick - 2.00, Regular Speciality Tea - Earl Grey - 1.30",5.8,CARD,2334507010899893
19/04/2025 10:28,London Brixton,Jewell Burkhard,"Large Speciality Tea - Earl Grey - 1.60, Large Espresso - 1.80, Large Hot chocolate - 2.90, Regular Hot chocolate - 2.20, Regular Iced americano - 2.15",10.65,CARD,6122471925000042
19/04/2025 10:29,London Brixton,Randy Brown,"Regular Iced americano - 2.15, Regular Smoothies - Glowing Greens - 2.00",4.15,CARD,8195238449782970
19/04/2025 10:30,London Brixton,Howard Zink,Regular Speciality Tea - Earl Grey - 1.30,1.3,CARD,9938622544684133
19/04/2025 10:31,London Brixton,Sherry Schnoor,"Large Cappuccino - 2.45, Regular Espresso - 1.50, Regular Cappuccino - 2.15",6.1,CARD,4142914588224340
19/04/2025 10:33,London Brixton,Eva Ivie,"Large Smoothies - Glowing Greens - 2.50, Regular Smoothies - Glowing Greens - 2.00",4.5,CARD,1724525403299216
19/04/2025 10:34,London Brixton,James Mercier,"Large Iced americano - 2.50, Regular Smoothies - Glowing Greens - 2.00, Regular Speciality Tea - Earl Grey - 1.30, Regular Smoothies - Glowing Greens - 2.00, Regular Speciality Tea - Earl Grey - 1.30",9.1,CARD,9159037481615635
19/04/2025 10:35,London Brixton,Donald Quelette,Large Iced americano - 2.50,2.5,CARD,4338187045881403
19/04/2025 10:36,London Brixton,Orlando Avalos,"Large Speciality Tea - Earl Grey - 1.60, Regular Smoothies - Carrot Kick - 2.00",3.6,CARD,4114707468985448
19/04/2025 10:37,London Brixton,Max Ferguson,"Large Smoothies - Glowing Greens - 2.50, Large Frappes - Strawberries & Cream - 3.25, Regular Cappuccino - 2.15",7.9,CARD,1128037907594931
19/04/2025 10:38,London Brixton,Theresa Toppa,"Regular Cappuccino - 2.15, Regular Smoothies - Carrot Kick - 2.00, Large Iced americano - 2.50, Regular Iced americano - 2.15, Large Frappes - Strawberries & Cream - 3.25",12.05,CARD,2360600153356745
19/04/2025 10:40,London Brixton,Robert Marsha,"Regular Speciality Tea - Earl Grey - 1.30, Regular Smoothies - Glowing Greens - 2.00, Large Hot chocolate - 2.90",6.2,CARD,3810654956015308
19/04/2025 10:41,London Brixton,Joseph Benson,"Large Iced americano - 2.50, Regular Frappes - Strawberries & Cream - 2.75, Regular Frappes - Strawberries & Cream - 2.75, Regular Speciality Tea - Earl Grey - 1.30",9.3,CARD,1426051669943665
19/04/2025 10:42,London Brixton,Francisco Pfeiff,Regular Speciality Tea - Earl Grey - 1.30,1.3,CASH,
19/04/2025 10:43,London Brixton,Paul Gorrell,Large Smoothies - Carrot Kick - 2.50,2.5,CASH,
19/04/2025 10:44,London Brixton,Iris White,"Large Iced americano - 2.50, Regular Espresso - 1.50, Large Iced americano - 2.50, Large Frappes - Strawberries & Cream - 3.25",9.75,CASH,
19/04/2025 10:45,London Brixton,Kristin Nutter,"Large Speciality Tea - Earl Grey - 1.60, Large Iced americano - 2.50",4.1,CARD,6579093910049530
19/04/2025 10:47,London Brixton,Bonnie Burks,"Regular Smoothies - Carrot Kick - 2.00, Large Iced americano - 2.50, Regular Speciality Tea - Earl Grey - 1.30",5.8,CARD,6927724970304088
19/04/2025 10:48,London Brixton,Bernard Dorsey,"Regular Cappuccino - 2.15, Regular Hot chocolate - 2.20",4.35,CASH,
19/04/2025 10:49,London Brixton,Charles Winner,"Regular Iced americano - 2.15, Large Iced americano - 2.50, Regular Smoothies - Glowing Greens - 2.00, Large Smoothies - Glowing Greens - 2.50, Large Smoothies - Glowing Greens - 2.50",11.65,CARD,1983521951549938
19/04/2025 10:50,London Brixton,Lester White,"Regular Smoothies - Carrot Kick - 2.00, Regular Iced americano - 2.15",4.15,CARD,7160676703890512
19/04/2025 10:51,London Brixton,Ruth Featherston,"Large Speciality Tea - Earl Grey - 1.60, Regular Frappes - Strawberries & Cream - 2.75, Large Smoothies - Glowing Greens - 2.50, Large Hot chocolate - 2.90",9.75,CASH,
19/04/2025 10:52,London Brixton,Michael Stroope,"Regular Cappuccino - 2.15, Large Cappuccino - 2.45, Regular Cappuccino - 2.15, Large Iced americano - 2.50",9.25,CASH,
19/04/2025 10:54,London Brixton,Sheba Stelle,"Regular Frappes - Strawberries & Cream - 2.75, Regular Smoothies - Glowing Greens - 2.00",4.75,CARD,6791328462172399
19/04/2025 10:55,London Brixton,Kathrine Henson,"Regular Espresso - 1.50, Large Hot chocolate - 2.90, Regular Iced americano - 2.15, Large Cappuccino - 2.45",9.0,CARD,5783307541441094
19/04/2025 10:56,London Brixton,Joella Cunningham,Large Frappes - Strawberries & Cream - 3.25,3.25,CASH,
19/04/2025 10:57,London Brixton,Maureen Devaughn,Large Smoothies - Glowing Greens - 2.50,2.5,CASH,
19/04/2025 10:58,London Brixton,Lori Georges,"Regular Speciality Tea - Earl Grey - 1.30, Regular Iced americano - 2.15, Large Smoothies - Carrot Kick - 2.50",5.95,CASH,
19/04/2025 10:59,London Brixton,William Smith,Regular Smoothies - Glowing Greens - 2.00,2.0,CASH,
19/04/2025 11:01,London Brixton,Roland Apodaca,Large Iced americano - 2.50,2.5,CARD,2678471258212223
19/04/2025 11:03,London Brixton,Edward Abruzzino,Large Speciality Tea - Earl Grey - 1.60,1.6,CARD,2823959912134960
19/04/2025 11:04,London Brixton,Lyle Trout,"Large Smoothies - Carrot Kick - 2.50, Regular Iced americano - 2.15, Large Speciality Tea - Earl Grey - 1.60",6.25,CARD,5004784746155075
19/04/2025 11:06,London Brixton,Christina Howard,"Regular Iced americano - 2.15, Regular Cappuccino - 2.15",4.3,CASH,
19/04/2025 11:08,London Brixton,Steven Yanez,"Regular Cappuccino - 2.15, Regular Iced americano - 2.15, Large Speciality Tea - Earl Grey - 1.60",5.9,CASH,
19/04/2025 11:10,London Brixton,Roland Campbell,Regular Speciality Tea - Earl Grey - 1.30,1.3,CASH,
19/04/2025 11:12,London Brixton,Marion Schiano,"Regular Espresso - 1.50, Regular Speciality Tea - Earl Grey - 1.30",2.8,CASH,
19/04/2025 11:14,London Brixton,James Holly,"Large Frappes - Strawberries & Cream - 3.25, Regular Espresso - 1.50, Large Cappuccino - 2.45",7.2,CARD,6854411545881450
19/04/2025 11:16,London Brixton,Mike Mitchell,"Large Smoothies - Glowing Greens - 2.50, Regular Hot chocolate - 2.20, Regular Smoothies - Glowing Greens - 2.00, Large Cappuccino - 2.45",9.15,CARD,6727285283676211
19/04/2025 11:17,London Brixton,Juanita Reeves,Regular Espresso - 1.50,1.5,CARD,1881202789046044
19/04/2025 11:19,London Brixton,Vicente Rapp,Large Smoothies - Carrot Kick - 2.50,2.5,CASH,
19/04/2025 11:21,London Brixton,Vicki Gordon,"Large Cappuccino - 2.45, Regular Cappuccino - 2.15, Regular Speciality Tea - Earl Grey - 1.30",5.9,CARD,1760621310157317
19/04/2025 11:23,London Brixton,Joanne Marsden,"Large Speciality Tea - Earl Grey - 1.60, Regular Hot chocolate - 2.20",3.8,CARD,5724655550559100
19/04/2025 11:25,London Brixton,John Dunn,"Regular Hot chocolate - 2.20, Regular Speciality Tea - Earl Grey - 1.30, Regular Smoothies - Glowing Greens - 2.00, Large Frappes - Strawberries & Cream - 3.25",8.75,CARD,9977335964068156
19/04/2025 11:27,London Brixton,Allan Jackson,Large Hot chocolate - 2.90,2.9,CARD,1972646739935024
19/04/2025 11:29,London Brixton,Charles Mcculley,"Large Espresso - 1.80, Large Espresso - 1.80, Regular Cappuccino - 2.15, Large Hot chocolate - 2.90, Large Frappes - Strawberries & Cream - 3.25, Large Smoothies - Glowing Greens - 2.50",14.4,CASH,
19/04/2025 11:31,London Brixton,Louis Campbell,"Regular Smoothies - Carrot Kick - 2.00, Regular Cappuccino - 2.15",4.15,CASH,
19/04/2025 11:32,London Brixton,Thomas Deperro,"Large Espresso - 1.80, Regular Cappuccino - 2.15",3.95,CASH,
19/04/2025 11:34,London Brixton,Dewey Suggs,"Regular Smoothies - Glowing Greens - 2.00, Large Hot chocolate - 2.90, Large Espresso - 1.80, Large Smoothies - Glowing Greens - 2.50, Regular Smoothies - Glowing Greens - 2.00",11.2,CARD,6370694333434863
19/04/2025 11:36,London Brixton,James Schermerhorn,Regular Frappes - Strawberries & Cream - 2.75,2.75,CASH,
19/04/2025 11:38,London Brixton,Leslie Stewart,"Large Hot chocolate - 2.90, Large Iced americano - 2.50, Regular Frappes - Strawberries & Cream - 2.75",8.15,CARD,3921748442848548
19/04/2025 11:40,London Brixton,Milton Rentfro,"Regular Speciality Tea - Earl Grey - 1.30, Large Speciality Tea - Earl Grey - 1.60, Regular Hot chocolate - 2.20, Regular Smoothies - Glowing Greens - 2.00, Large Smoothies - Carrot Kick - 2.50",9.6,CARD,4708297956952600
19/04/2025 11:42,London Brixton,William Nelson,"Large Espresso - 1.80, Large Hot chocolate - 2.90, Large Hot chocolate - 2.90",7.6,CARD,9570133896340480
19/04/2025 11:44,London Brixton,Donna Davila,"Regular Speciality Tea - Earl Grey - 1.30, Regular Smoothies - Glowing Greens - 2.00",3.3,CASH,
19/04/2025 11:45,London Brixton,Gladys Mcafee,Large Cappuccino - 2.45,2.45,CARD,9909544720479544
19/04/2025 11:47,London Brixton,David Minvielle,"Large Hot chocolate - 2.90, Large Frappes - Strawberries & Cream - 3.25",6.15,CARD,8157556204659350
19/04/2025 11:49,London Brixton,Ray Martinez,Large Hot chocolate - 2.90,2.9,CARD,8129953617993443
19/04/2025 11:51,London Brixton,Louis Arwood,"Large Iced americano - 2.50, Large Hot chocolate - 2.90, Large Espresso - 1.80",7.2,CARD,6724300088293970
19/04/2025 11:53,London Brixton,Judy Peters,Large Frappes - Strawberries & Cream - 3.25,3.25,CASH,
19/04/2025 11:55,London Brixton,Cecilia Slater,"Regular Smoothies - Carrot Kick - 2.00, Large Hot chocolate - 2.90, Regular Cappuccino - 2.15, Large Iced americano - 2.50",9.55,CASH,
19/04/2025 11:57,London Brixton,Linda Phillips,"Regular Frappes - Strawberries & Cream - 2.75, Large Smoothies - Glowing Greens - 2.50, Regular Speciality Tea - Earl Grey - 1.30, Regular Iced americano - 2.15, Regular Speciality Tea - Earl Grey - 1.30",10.0,CASH,
19/04/2025 11:59,London Brixton,William Stokes,"Regular Smoothies - Carrot Kick - 2.00, Regular Smoothies - Glowing Greens - 2.00, Regular Smoothies - Glowing Greens - 2.00, Regular Smoothies - Glowing Greens - 2.00, Large Espresso - 1.80",9.8,CASH,
19/04/2025 12:00,London Brixton,Marianne Shane,"Large Cappuccino - 2.45, Regular Iced americano - 2.15",4.6,CARD,6901900486003473
19/04/2025 12:02,London Brixton,Eddie Alexander,Large Iced americano - 2.50,2.5,CARD,5851038140991483
19/04/2025 12:04,London Brixton,Richard Randolph,"Regular Cappuccino - 2.15, Regular Smoothies - Glowing Greens - 2.00",4.15,CARD,7730094591291880
19/04/2025 12:06,London Brixton,Tyrone Prindle,Large Hot chocolate - 2.90,2.9,CARD,4191897880023715
19/04/2025 12:08,London Brixton,Candice Ray,"Large Smoothies - Carrot Kick - 2.50, Regular Smoothies - Glowing Greens - 2.00",4.5,CASH,
19/04/2025 12:10,London Brixton,John Dyer,"Large Hot chocolate - 2.90, Regular Espresso - 1.50, Regular Smoothies - Glowing Greens - 2.00, Regular Cappuccino - 2.15, Large Speciality Tea - Earl Grey - 1.60, Regular Iced americano - 2.15",12.3,CARD,6325659738975876
19/04/2025 12:12,London Brixton,Alan Daniels,"Large Cappuccino - 2.45, Large Smoothies - Carrot Kick - 2.50, Large Espresso - 1.80",6.75,CASH,
19/04/2025 12:14,London Brixton,Keith Crawley,"Regular Espresso - 1.50, Regular Frappes - Strawberries & Cream - 2.75",4.25,CARD,9449814161879776
19/04/2025 12:16,London Brixton,Yvonne Everett,"Regular Smoothies - Carrot Kick - 2.00, Large Hot chocolate - 2.90, Large Iced americano - 2.50, Regular Cappuccino - 2.15, Regular Smoothies - Carrot Kick - 2.00, Large Frappes - Strawberries & Cream - 3.25",14.8,CARD,5810416959117093
19/04/2025 12:18,London Brixton,Michelle Polowy,"Regular Cappuccino - 2.15, Regular Cappuccino - 2.15",4.3,CARD,5684982912950518
19/04/2025 12:20,London Brixton,Robert Flowers,"Large Iced americano - 2.50, Large Espresso - 1.80, Regular Iced americano - 2.15, Large Frappes - Strawberries & Cream - 3.25",9.7,CASH,
19/04/2025 12:22,London Brixton,Stacey Tedder,"Regular Smoothies - Glowing Greens - 2.00, Regular Hot chocolate - 2.20, Large Hot chocolate - 2.90, Regular Hot chocolate - 2.20, Regular Hot chocolate - 2.20, Large Speciality Tea - Earl Grey - 1.60",13.1,CARD,5892416735208547
19/04/2025 12:24,London Brixton,Ophelia Hunter,Large Frappes - Strawberries & Cream - 3.25,3.25,CARD,7390802680114799
19/04/2025 12:26,London Brixton,William Kessler,"Large Speciality Tea - Earl Grey - 1.60, Large Smoothies - Glowing Greens - 2.50, Large Cappuccino - 2.45, Large Hot chocolate - 2.90, Large Iced americano - 2.50",11.95,CARD,6292593147366976
19/04/2025 12:27,London Brixton,Joseph Kreitner,"Large Iced americano - 2.50, Large Smoothies - Glowing Greens - 2.50, Regular Cappuccino - 2.15, Regular Cappuccino - 2.15",9.3,CASH,
19/04/2025 12:29,London Brixton,Minnie Burns,Large Iced americano - 2.50,2.5,CARD,8665995143461410
19/04/2025 12:31,London Brixton,Donald Adams,"Large Speciality Tea - Earl Grey - 1.60, Large Frappes - Strawberries & Cream - 3.25",4.85,CARD,4976971913946521
19/04/2025 12:33,London Brixton,Bruce Spears,"Regular Hot chocolate - 2.20, Large Smoothies - Glowing Greens - 2.50, Large Smoothies - Glowing Greens - 2.50",7.2,CASH,
19/04/2025 12:35,London Brixton,Jennifer Griffin,"Large Speciality Tea - Earl Grey - 1.60, Large Cappuccino - 2.45",4.05,CARD,1766753087062511
19/04/2025 12:37,London Brixton,Michael Serrato,"Regular Hot chocolate - 2.20, Large Speciality Tea - Earl Grey - 1.60, Regular Smoothies - Glowing Greens - 2.00, Large Speciality Tea - Earl Grey - 1.60",7.4,CARD,5324895257121439
19/04/2025 12:39,London Brixton,Nathanial Chandler,"Regular Cappuccino - 2.15, Large Smoothies - Glowing Greens - 2.50, Large Smoothies - Glowing Greens - 2.50",7.15,CARD,5249999278089004
19/04/2025 12:41,London Brixton,Nicole Mullin,"Large Smoothies - Glowing Greens - 2.50, Large Smoothies - Glowing Greens - 2.50, Regular Espresso - 1.50",6.5,CARD,8455799857798914
19/04/2025 12:43,London Brixton,Jane King,"Regular Iced americano - 2.15, Regular Smoothies - Carrot Kick - 2.00, Regular Frappes - Strawberries & Cream - 2.75",6.9,CARD,8996962117246685
19/04/2025 12:45,London Brixton,Judith Newsome,"Regular Iced americano - 2.15, Regular Espresso - 1.50, Regular Espresso - 1.50",5.15,CARD,1868327255969953
19/04/2025 12:47,London Brixton,Raymond Parada,"Regular Iced americano - 2.15, Regular Speciality Tea - Earl Grey - 1.30, Regular Cappuccino - 2.15, Large Smoothies - Glowing Greens - 2.50, Regular Cappuccino - 2.15",10.25,CASH,
19/04/2025 12:49,London Brixton,Mae Caudill,"Large Speciality Tea - Earl Grey - 1.60, Regular Iced americano - 2.15",3.75,CASH,
19/04/2025 12:51,London Brixton,Todd Hester,Large Smoothies - Carrot Kick - 2.50,2.5,CARD,2750418825340169
19/04/2025 12:53,London Brixton,Jesus Mccurdy,"Large Hot chocolate - 2.90, Large Cappuccino - 2.45, Regular Smoothies - Glowing Greens - 2.00, Regular Speciality Tea - Earl Grey - 1.30",8.65,CASH,
19/04/2025 12:55,London Brixton,William Williams,"Large Smoothies - Carrot Kick - 2.50, Large Cappuccino - 2.45, Large Espresso - 1.80",6.75,CARD,6887888700713522
19/04/2025 12:56,London Brixton,Esther Mutter,"Regular Hot chocolate - 2.20, Regular Smoothies - Glowing Greens - 2.00",4.2,CARD,6993674512384033
19/04/2025 12:58,London Brixton,Rachel Corona,"Large Iced americano - 2.50, Large Hot chocolate - 2.90",5.4,CARD,8552274045884624
19/04/2025 13:00,London Brixton,Glenn Knudson,"Regular Iced americano - 2.15, Large Smoothies - Glowing Greens - 2.50, Regular Iced americano - 2.15, Regular Speciality Tea - Earl Grey - 1.30, Large Speciality Tea - Earl Grey - 1.60, Large Smoothies - Glowing Greens - 2.50",12.2,CARD,6798354086414258
19/04/2025 13:01,London Brixton,Beth Riggs,"Large Iced americano - 2.50, Regular Hot chocolate - 2.20, Regular Frappes - Strawberries & Cream - 2.75, Large Speciality Tea - Earl Grey - 1.60",9.05,CARD,1278270645206281
19/04/2025 13:02,London Brixton,Steven Adams,"Regular Cappuccino - 2.15, Regular Iced americano - 2.15, Regular Speciality Tea - Earl Grey - 1.30, Large Cappuccino - 2.45",8.05,CARD,9846117133383863
19/04/2025 13:03,London Brixton,Roy Davis,"Large Speciality Tea - Earl Grey - 1.60, Large Smoothies - Glowing Greens - 2.50, Regular Cappuccino - 2.15, Large Hot chocolate - 2.90",9.15,CASH,
19/04/2025 13:04,London Brixton,Patrick Maio,Large Espresso - 1.80,1.8,CASH,
19/04/2025 13:05,London Brixton,Carlos Bellas,Regular Smoothies - Carrot Kick - 2.00,2.0,CARD,7901249278976493
19/04/2025 13:06,London Brixton,Micheal Ledbetter,"Large Cappuccino - 2.45, Large Iced americano - 2.50",4.95,CARD,9777283566518288
19/04/2025 13:07,London Brixton,Susan Klein,"Regular Hot chocolate - 2.20, Regular Speciality Tea - Earl Grey - 1.30",3.5,CASH,
19/04/2025 13:08,London Brixton,Richard Thornton,"Regular Iced americano - 2.15, Regular Hot chocolate - 2.20, Regular Smoothies - Carrot Kick - 2.00",6.35,CARD,6469877088762950
19/04/2025 13:09,London Brixton,Bruce Shirley,"Regular Iced americano - 2.15, Regular Smoothies - Glowing Greens - 2.00",4.15,CASH,
19/04/2025 13:09,London Brixton,Sanford Herring,Regular Speciality Tea - Earl Grey - 1.30,1.3,CARD,2036065015597841
19/04/2025 13:10,London Brixton,Ricardo Marshall,"Large Hot chocolate - 2.90, Regular Smoothies - Carrot Kick - 2.00, Regular Espresso - 1.50, Large Smoothies - Carrot Kick - 2.50",8.9,CARD,5500298179766639
19/04/2025 13:11,London Brixton,Maria Mercado,"Regular Frappes - Strawberries & Cream - 2.75, Large Speciality Tea - Earl Grey - 1.60",4.35,CARD,1931343747578808
19/04/2025 13:12,London Brixton,Phyllis Magana,"Large Cappuccino - 2.45, Large Smoothies - Glowing Greens - 2.50, Large Hot chocolate - 2.90",7.85,CARD,9022719761622752
19/04/2025 13:13,London Brixton,Eleanor Borel,Regular Hot chocolate - 2.20,2.2,CARD,7383201838373460
19/04/2025 13:14,London Brixton,Paul Wendt,Regular Speciality Tea - Earl Grey - 1.30,1.3,CARD,9876836727510633
19/04/2025 13:15,London Brixton,Leroy Jackson,"Large Speciality Tea - Earl Grey - 1.60, Large Frappes - Strawberries & Cream - 3.25",4.85,CARD,9417753863204190
19/04/2025 13:16,London Brixton,Elaine Saetern,"Large Smoothies - Carrot Kick - 2.50, Regular Smoothies - Carrot Kick - 2.00, Large Espresso - 1.80, Regular Smoothies - Glowing Greens - 2.00, Large Cappuccino - 2.45",10.75,CARD,5183262662306962
19/04/2025 13:17,London Brixton,Mae Floyd,Regular Smoothies - Carrot Kick - 2.00,2.0,CARD,3628597906426815
19/04/2025 13:18,London Brixton,James Chisum,"Large Cappuccino - 2.45, Large Smoothies - Glowing Greens - 2.50, Large Frappes - Strawberries & Cream - 3.25",8.2,CASH,
19/04/2025 13:19,London Brixton,Laura Carr,Regular Smoothies - Carrot Kick - 2.00,2.0,CARD,1584269928130162
19/04/2025 13:20,London Brixton,Maria Swayne,"Large Iced americano - 2.50, Regular Iced americano - 2.15",4.65,CARD,1432079636442624
19/04/2025 13:20,London Brixton,George Harvey,"Large Cappuccino - 2.45, Large Smoothies - Carrot Kick - 2.50",4.95,CARD,1161344384980314
19/04/2025 13:21,London Brixton,Margaret Sheppard,Regular Iced americano - 2.15,2.15,CARD,1072485108694527
19/04/2025 13:22,London Brixton,Dennis Patterson,Large Hot chocolate - 2.90,2.9,CARD,5085495019354284
19/04/2025 13:23,London Brixton,Thomas Guignard,Large Smoothies - Glowing Greens - 2.50,2.5,CASH,
19/04/2025 13:24,London Brixton,Joseph Elliott,"Regular Iced americano - 2.15, Regular Speciality Tea - Earl Grey - 1.30",3.45,CARD,6038142492041278
19/04/2025 13:25,London Brixton,Luci Garrett,"Large Iced americano - 2.50, Regular Smoothies - Carrot Kick - 2.00, Large Speciality Tea - Earl Grey - 1.60, Large Smoothies - Carrot Kick - 2.50",8.6,CASH,
19/04/2025 13:26,London Brixton,Iliana Baker,"Regular Speciality Tea - Earl Grey - 1.30, Regular Speciality Tea - Earl Grey - 1.30",2.6,CASH,
19/04/2025 13:27,London Brixton,Robert Josey,"Regular Frappes - Strawberries & Cream - 2.75, Large Frappes - Strawberries & Cream - 3.25, Regular Smoothies - Glowing Greens - 2.00, Large Espresso - 1.80",9.8,CARD,2180082979523357
19/04/2025 13:28,London Brixton,Linda Graham,"Large Iced americano - 2.50, Regular Iced americano - 2.15, Regular Smoothies - Glowing Greens - 2.00, Large Speciality Tea - Earl Grey - 1.60",8.25,CARD,9622173764778366
19/04/2025 13:29,London Brixton,Jack Bradley,Large Smoothies - Carrot Kick - 2.50,2.5,CASH,
19/04/2025 13:30,London Brixton,Daniel Savage,"Regular Frappes - Strawberries & Cream - 2.75, Regular Cappuccino - 2.15, Large Cappuccino - 2.45",7.35,CASH,
19/04/2025 13:31,London Brixton,Julia Johnson,"Large Smoothies - Carrot Kick - 2.50, Regular Espresso - 1.50",4.0,CARD,4638746857000432
19/04/2025 13:31,London Brixton,Jacqueline Carter,Large Espresso - 1.80,1.8,CARD,5228541080261809
19/04/2025 13:32,London Brixton,Stephen Green,"Large Cappuccino - 2.45, Regular Frappes - Strawberries & Cream - 2.75",5.2,CARD,8698367812192395
19/04/2025 13:33,London Brixton,Jack Swartz,Regular Iced americano - 2.15,2.15,CARD,8340931770675504
19/04/2025 13:34,London Brixton,Karin Shelton,"Large Cappuccino - 2.45, Large Speciality Tea - Earl Grey - 1.60",4.05,CASH,
19/04/2025 13:35,London Brixton,Holly Stanphill,"Regular Speciality Tea - Earl Grey - 1.30, Large Smoothies - Glowing Greens - 2.50, Regular Iced americano - 2.15",5.95,CARD,6836935387471194
19/04/2025 13:36,London Brixton,Leona Smith,"Large Smoothies - Glowing Greens - 2.50, Regular Speciality Tea - Earl Grey - 1.30, Regular Frappes - Strawberries & Cream - 2.75, Large Espresso - 1.80",8.35,CASH,
19/04/2025 13:37,London Brixton,Marie Burg,"Regular Cappuccino - 2.15, Large Cappuccino - 2.45, Large Espresso - 1.80, Regular Speciality Tea - Earl Grey - 1.30",7.7,CARD,5009063493863462
19/04/2025 13:38,London Brixton,Ricardo Riley,"Large Smoothies - Carrot Kick - 2.50, Regular Hot chocolate - 2.20",4.7,CARD,1671562668419224
19/04/2025 13:39,London Brixton,Noel Sowder,"Large Frappes - Strawberries & Cream - 3.25, Large Frappes - Strawberries & Cream - 3.25, Large Cappuccino - 2.45, Large Espresso - 1.80, Large Iced americano - 2.50",13.25,CASH,
19/04/2025 13:40,London Brixton,Janet Price,Regular Espresso - 1.50,1.5,CARD,3673626540279078
19/04/2025 13:41,London Brixton,Brittney Fleming,"Regular Smoothies - Carrot Kick - 2.00, Large Smoothies - Glowing Greens - 2.50",4.5,CARD,5363747174834898
19/04/2025 13:42,London Brixton,Bryon Teague,"Regular Speciality Tea - Earl Grey - 1.30, Large Iced americano - 2.50",3.8,CARD,5166218079801592
19/04/2025 13:42,London Brixton,Virginia Cook,"Large Hot chocolate - 2.90, Regular Smoothies - Glowing Greens - 2.00, Regular Espresso - 1.50, Large Smoothies - Glowing Greens - 2.50, Large Espresso - 1.80, Large Cappuccino - 2.45",13.15,CASH,
19/04/2025 13:43,London Brixton,Jennifer Landaker,"Large Smoothies - Glowing Greens - 2.50, Large Espresso - 1.80",4.3,CARD,4589410204389787
19/04/2025 13:44,London Brixton,Robert Shaw,"Large Iced americano - 2.50, Regular Frappes - Strawberries & Cream - 2.75, Large Iced americano - 2.50",7.75,CARD,7554050250940712
19/04/2025 13:45,London Brixton,Nancy Mcintyre,Large Frappes - Strawberries & Cream - 3.25,3.25,CARD,7416040175177445
19/04/2025 13:46,London Brixton,Linda Lowell,"Regular Iced americano - 2.15, Regular Frappes - Strawberries & Cream - 2.75",4.9,CARD,1836514599288558
19/04/2025 13:47,London Brixton,Donna Gustafson,"Regular Cappuccino - 2.15, Large Smoothies - Carrot Kick - 2.50, Large Espresso - 1.80",6.45,CASH,
19/04/2025 13:48,London Brixton,Jeanette Leverett,"Large Speciality Tea - Earl Grey - 1.60, Large Smoothies - Carrot Kick - 2.50",4.1,CARD,8440898960950376
19/04/2025 13:49,London Brixton,Melissa Morgan,"Regular Iced americano - 2.15, Large Iced americano - 2.50, Large Smoothies - Glowing Greens - 2.50",7.15,CARD,3849834994394732
19/04/2025 13:50,London Brixton,Judy Vining,Regular Espresso - 1.50,1.5,CARD,7881016512327229
19/04/2025 13:51,London Brixton,Roxie Oshea,"Regular Iced americano - 2.15, Large Hot chocolate - 2.90",5.05,CARD,4298353785154184
19/04/2025 13:52,London Brixton,John Palmer,"Regular Speciality Tea - Earl Grey - 1.30, Regular Cappuccino - 2.15, Regular Cappuccino - 2.15, Large Smoothies - Carrot Kick - 2.50, Regular Smoothies - Glowing Greens - 2.00",10.1,CARD,9677240387677584
19/04/2025 13:53,London Brixton,Antonio Zackery,"Large Hot chocolate - 2.90, Regular Cappuccino - 2.15",5.05,CASH,
19/04/2025 13:53,London Brixton,Sherri Burris,"Regular Espresso - 1.50, Regular Speciality Tea - Earl Grey - 1.30, Regular Espresso - 1.50",4.3,CARD,5931456497704386
19/04/2025 13:54,London Brixton,Bryan Santa,"Large Espresso - 1.80, Regular Smoothies - Glowing Greens - 2.00, Large Iced americano - 2.50",6.3,CARD,3260472039519609
19/04/2025 13:55,London Brixton,Paul Morgan,"Large Cappuccino - 2.45, Regular Frappes - Strawberries & Cream - 2.75, Large Frappes - Strawberries & Cream - 3.25, Large Iced americano - 2.50, Regular Espresso - 1.50",12.45,CARD,2090502082013003
19/04/2025 13:56,London Brixton,Deborah Olmstead,"Large Espresso - 1.80, Regular Smoothies - Carrot Kick - 2.00, Regular Speciality Tea - Earl Grey - 1.30",5.1,CARD,8857266784396897
19/04/2025 13:57,London Brixton,Ann Oboyle,Large Espresso - 1.80,1.8,CARD,3420307831685182
19/04/2025 13:58,London Brixton,William Baron,Regular Hot chocolate - 2.20,2.2,CARD,3880705134241672
19/04/2025 13:59,London Brixton,Dennis Ballard,"Regular Hot chocolate - 2.20, Large Smoothies - Glowing Greens - 2.50, Large Iced americano - 2.50",7.2,CASH,
19/04/2025 14:00,London Brixton,Doris Salis,Regular Speciality Tea - Earl Grey - 1.30,1.3,CARD,8959045682867170
19/04/2025 14:01,London Brixton,Robert Granger,"Regular Smoothies - Carrot Kick - 2.00, Large Cappuccino - 2.45, Large Cappuccino - 2.45",6.9,CARD,6710885053164685
19/04/2025 14:02,London Brixton,Daniel Holmes,"Regular Hot chocolate - 2.20, Regular Iced americano - 2.15, Large Smoothies - Carrot Kick - 2.50, Regular Iced americano - 2.15, Large Speciality Tea - Earl Grey - 1.60",10.6,CASH,
19/04/2025 14:03,London Brixton,Anne Ramp,"Large Speciality Tea - Earl Grey - 1.60, Regular Speciality Tea - Earl Grey - 1.30, Regular Hot chocolate - 2.20, Regular Frappes - Strawberries & Cream - 2.75, Large Hot chocolate - 2.90, Large Smoothies - Carrot Kick - 2.50",13.25,CASH,
19/04/2025 14:04,London Brixton,Ralph Cannon,Large Smoothies - Glowing Greens - 2.50,2.5,CARD,4839234883634790
19/04/2025 14:05,London Brixton,Curtis Garcia,"Large Speciality Tea - Earl Grey - 1.60, Large Espresso - 1.80, Large Iced americano - 2.50",5.9,CARD,7107091108091892
19/04/2025 14:06,London Brixton,Shannon Sims,"Large Smoothies - Carrot Kick - 2.50, Regular Smoothies - Glowing Greens - 2.00, Regular Smoothies - Carrot Kick - 2.00",6.5,CARD,4022706321434192
19/04/2025 14:07,London Brixton,Mary Russell,"Regular Espresso - 1.50, Large Smoothies - Carrot Kick - 2.50, Regular Smoothies - Carrot Kick - 2.00, Regular Iced americano - 2.15, Large Frappes - Strawberries & Cream - 3.25",11.4,CARD,5096475614242813
19/04/2025 14:08,London Brixton,Angela Mountain,"Regular Smoothies - Glowing Greens - 2.00, Regular Frappes - Strawberries & Cream - 2.75, Large Cappuccino - 2.45, Regular Speciality Tea - Earl Grey - 1.30",8.5,CASH,
19/04/2025 14:09,London Brixton,Sarah Moody,"Regular Cappuccino - 2.15, Large Frappes - Strawberries & Cream - 3.25",5.4,CARD,4487494268550437
19/04/2025 14:10,London Brixton,Blanche Nass,"Large Smoothies - Glowing Greens - 2.50, Regular Smoothies - Glowing Greens - 2.00, Regular Speciality Tea - Earl Grey - 1.30, Regular Iced americano - 2.15, Large Hot chocolate - 2.90",10.85,CARD,2656327240415100
19/04/2025 14:11,London Brixton,Robert Barbee,"Regular Smoothies - Carrot Kick - 2.00, Large Smoothies - Carrot Kick - 2.50",4.5,CARD,4678615703681665
19/04/2025 14:12,London Brixton,Bryce Williams,"Large Cappuccino - 2.45, Large Speciality Tea - Earl Grey - 1.60",4.05,CASH,
19/04/2025 14:13,London Brixton,Gary Wilson,"Large Iced americano - 2.50, Regular Espresso - 1.50, Large Frappes - Strawberries & Cream - 3.25",7.25,CASH,
19/04/2025 14:14,London Brixton,Virginia Yankee,"Regular Smoothies - Glowing Greens - 2.00, Regular Smoothies - Carrot Kick - 2.00",4.0,CARD,5287734898857528
19/04/2025 14:15,London Brixton,James Houston,"Regular Cappuccino - 2.15, Regular Cappuccino - 2.15, Large Speciality Tea - Earl Grey - 1.60, Large Frappes - Strawberries & Cream - 3.25",9.15,CASH,
19/04/2025 14:16,London Brixton,Chadwick Helbig,"Large Smoothies - Carrot Kick - 2.50, Large Speciality Tea - Earl Grey - 1.60, Large Iced americano - 2.50, Large Iced americano - 2.50",9.1,CASH,
19/04/2025 14:17,London Brixton,Anita Valentine,Large Hot chocolate - 2.90,2.9,CASH,
19/04/2025 14:18,London Brixton,Marcia Rivard,"Large Cappuccino - 2.45, Large Hot chocolate - 2.90",5.35,CASH,
19/04/2025 14:19,London Brixton,Andres Lilly,"Large Espresso - 1.80, Large Speciality Tea - Earl Grey - 1.60, Large Speciality Tea - Earl Grey - 1.60",5.0,CARD,9169110015025504
19/04/2025 14:20,London Brixton,Antonia Espinoza,"Regular Espresso - 1.50, Large Iced americano - 2.50",4.0,CARD,2364260091040474
19/04/2025 14:21,London Brixton,Rachelle Beck,"Large Iced americano - 2.50, Large Smoothies - Carrot Kick - 2.50",5.0,CASH,
19/04/2025 14:22,London Brixton,Marta Buchanan,"Regular Iced americano - 2.15, Large Frappes - Strawberries & Cream - 3.25, Regular Speciality Tea - Earl Grey - 1.30, Regular Hot chocolate - 2.20",8.9,CARD,2616113040484406
19/04/2025 14:23,London Brixton,Kimberly Deshazer,"Regular Speciality Tea - Earl Grey - 1.30, Large Iced americano - 2.50, Large Speciality Tea - Earl Grey - 1.60, Regular Cappuccino - 2.15",7.55,CARD,7629441193294157
19/04/2025 14:23,London Brixton,Andrew Bloch,"Large Iced americano - 2.50, Large Iced americano - 2.50, Regular Hot chocolate - 2.20",7.2,CARD,7757952496840204
19/04/2025 14:24,London Brixton,Martha Jackson,"Regular Hot chocolate - 2.20, Large Frappes - Strawberries & Cream - 3.25, Large Speciality Tea - Earl Grey - 1.60, Regular Hot chocolate - 2.20, Large Speciality Tea - Earl Grey - 1.60",10.85,CARD,9536402799898762
19/04/2025 14:25,London Brixton,Stephen Gilstad,"Large Smoothies - Carrot Kick - 2.50, Regular Speciality Tea - Earl Grey - 1.30",3.8,CASH,
19/04/2025 14:26,London Brixton,Roy Parson,"Large Iced americano - 2.50, Large Cappuccino - 2.45, Large Iced americano - 2.50, Regular Espresso - 1.50, Large Smoothies - Carrot Kick - 2.50, Regular Speciality Tea - Earl Grey - 1.30",12.75,CARD,5281498478773207
19/04/2025 14:27,London Brixton,Mona Landry,"Regular Smoothies - Carrot Kick - 2.00, Regular Cappuccino - 2.15, Large Cappuccino - 2.45, Large Smoothies - Carrot Kick - 2.50",9.1,CARD,7397917732251741
19/04/2025 14:28,London Brixton,Donnie Griffin,Regular Espresso - 1.50,1.5,CARD,8433087202855308
19/04/2025 14:29,London Brixton,Joseph Hoffman,"Large Smoothies - Glowing Greens - 2.50, Large Smoothies - Carrot Kick - 2.50",5.0,CARD,4434203707120624
19/04/2025 14:30,London Brixton,Mark John,Large Smoothies - Carrot Kick - 2.50,2.5,CARD,3958008808598309
19/04/2025 14:31,London Brixton,James Rodriguez,"Regular Iced americano - 2.15, Regular Frappes - Strawberries & Cream - 2.75, Regular Espresso - 1.50",6.4,CARD,8105362076376556
19/04/2025 14:32,London Brixton,Christy Graham,Regular Speciality Tea - Earl Grey - 1.30,1.3,CARD,6112502883043415
19/04/2025 14:33,London Brixton,Kisha Briseno,Regular Smoothies - Carrot Kick - 2.00,2.0,CARD,7530955101946955
19/04/2025 14:34,London Brixton,Arthur Ulrich,Regular Espresso - 1.50,1.5,CARD,2130992206867761
19/04/2025 14:35,London Brixton,Herman Miller,"Regular Espresso - 1.50, Regular Iced americano - 2.15",3.65,CARD,5735930006342556
19/04/2025 14:36,London Brixton,Willis Moody,Regular Speciality Tea - Earl Grey - 1.30,1.3,CARD,6425516436962413
19/04/2025 14:37,London Brixton,Jennifer Wood,"Regular Iced americano - 2.15, Regular Cappuccino - 2.15, Regular Cappuccino - 2.15, Large Frappes - Strawberries & Cream - 3.25, Regular Iced americano - 2.15, Large Smoothies - Glowing Greens - 2.50",14.35,CASH,
19/04/2025 14:38,London Brixton,Brad Camper,Regular Iced americano - 2.15,2.15,CASH,
19/04/2025 14:39,London Brixton,Angela Avis,"Regular Iced americano - 2.15, Regular Smoothies - Carrot Kick - 2.00, Large Smoothies - Carrot Kick - 2.50, Large Frappes - Strawberries & Cream - 3.25",9.9,CARD,3965364673355700
19/04/2025 14:40,London Brixton,Toni Serna,"Regular Speciality Tea - Earl Grey - 1.30, Large Hot chocolate - 2.90, Regular Iced americano - 2.15, Large Smoothies - Glowing Greens - 2.50",8.85,CARD,5119469332492737
19/04/2025 14:41,London Brixton,Shirley Trimarchi,"Regular Hot chocolate - 2.20, Regular Speciality Tea - Earl Grey - 1.30, Large Speciality Tea - Earl Grey - 1.60, Regular Hot chocolate - 2.20, Regular Espresso - 1.50",8.8,CASH,
19/04/2025 14:42,London Brixton,John Harmon,"Large Iced americano - 2.50, Regular Espresso - 1.50, Regular Smoothies - Glowing Greens - 2.00, Large Speciality Tea - Earl Grey - 1.60",7.6,CASH,
19/04/2025 14:43,London Brixton,Gerard Shores,"Large Smoothies - Carrot Kick - 2.50, Large Smoothies - Glowing Greens - 2.50, Large Iced americano - 2.50",7.5,CARD,4447482868219278
19/04/2025 14:44,London Brixton,Carmelina Marshall,"Regular Frappes - Strawberries & Cream - 2.75, Regular Smoothies - Carrot Kick - 2.00, Regular Espresso - 1.50, Large Smoothies - Carrot Kick - 2.50, Large Iced americano - 2.50",11.25,CASH,
19/04/2025 14:45,London Brixton,Stanley Grow,Regular Frappes - Strawberries & Cream - 2.75,2.75,CARD,6427857220011289
19/04/2025 14:46,London Brixton,Patty Wharton,Regular Smoothies - Glowing Greens - 2.00,2.0,CARD,3971529084063313
19/04/2025 14:47,London Brixton,Brenda Barns,Large Smoothies - Glowing Greens - 2.50,2.5,CARD,7935212197357590
19/04/2025 14:48,London Brixton,Lou Thompson,"Regular Espresso - 1.50, Large Speciality Tea - Earl Grey - 1.60, Large Iced americano - 2.50",5.6,CARD,1667033506297756
19/04/2025 14:49,London Brixton,Vicki Zimmerman,"Regular Espresso - 1.50, Large Iced americano - 2.50, Regular Iced americano - 2.15, Regular Hot chocolate - 2.20",8.35,CARD,6748705170988172
19/04/2025 14:50,London Brixton,Cheryl Stubblefield,Regular Smoothies - Carrot Kick - 2.00,2.0,CASH,
19/04/2025 14:51,London Brixton,Paul Kaplan,"Regular Iced americano - 2.15, Regular Iced americano - 2.15, Large Espresso - 1.80",6.1,CARD,9793614717087051
19/04/2025 14:52,London Brixton,Mary Kendall,Large Iced americano - 2.50,2.5,CARD,2789363955266257
19/04/2025 14:53,London Brixton,Cherryl Fredericks,Regular Smoothies - Carrot Kick - 2.00,2.0,CARD,6709353026255296
19/04/2025 14:54,London Brixton,Dawn Dillon,"Regular Cappuccino - 2.15, Large Smoothies - Glowing Greens - 2.50",4.65,CARD,2522318424174632
19/04/2025 14:55,London Brixton,Yolanda Jones,"Large Hot chocolate - 2.90, Large Espresso - 1.80",4.7,CARD,6457877171821809
19/04/2025 14:56,London Brixton,Lisa Smith,"Large Iced americano - 2.50, Large Smoothies - Glowing Greens - 2.50",5.0,CARD,1297115019290200
19/04/2025 14:57,London Brixton,Kristina Sheffield,Large Espresso - 1.80,1.8,CARD,7332209037551147
19/04/2025 14:58,London Brixton,Mary Scott,"Regular Speciality Tea - Earl Grey - 1.30, Large Hot chocolate - 2.90, Regular Smoothies - Glowing Greens - 2.00",6.2,CARD,2531640197725413
19/04/2025 14:59,London Brixton,Melissa Ortiz,"Large Cappuccino - 2.45, Regular Smoothies - Glowing Greens - 2.00",4.45,CARD,8067387430959186
19/04/2025 15:00,London Brixton,Karen Levan,"Regular Smoothies - Glowing Greens - 2.00, Large Hot chocolate - 2.90, Large Smoothies - Glowing Greens - 2.50, Regular Iced americano - 2.15, Regular Cappuccino - 2.15",11.7,CASH,
19/04/2025 15:02,London Brixton,David Hernandez,"Large Speciality Tea - Earl Grey - 1.60, Regular Iced americano - 2.15, Large Frappes - Strawberries & Cream - 3.25",7.0,CASH,
19/04/2025 15:03,London Brixton,Rolf Smith,Large Cappuccino - 2.45,2.45,CARD,3611435869387278
19/04/2025 15:05,London Brixton,Joseph Rowe,"Regular Smoothies - Glowing Greens - 2.00, Regular Iced americano - 2.15, Large Espresso - 1.80, Large Iced americano - 2.50",8.45,CARD,5996533546517263
19/04/2025 15:07,London Brixton,Dorothy Manley,"Large Frappes - Strawberries & Cream - 3.25, Large Frappes - Strawberries & Cream - 3.25, Large Espresso - 1.80, Regular Iced americano - 2.15",10.45,CASH,
19/04/2025 15:08,London Brixton,Cynthia Haynie,"Large Iced americano - 2.50, Regular Hot chocolate - 2.20, Regular Speciality Tea - Earl Grey - 1.30",6.0,CASH,
19/04/2025 15:10,London Brixton,Esperanza Lorusso,"Large Iced americano - 2.50, Regular Frappes - Strawberries & Cream - 2.75, Large Cappuccino - 2.45",7.7,CARD,2919592920047990
19/04/2025 15:12,London Brixton,Velma Rilley,"Regular Cappuccino - 2.15, Regular Cappuccino - 2.15",4.3,CARD,2593746350232293
19/04/2025 15:14,London Brixton,Rodney Gaffney,Regular Smoothies - Glowing Greens - 2.00,2.0,CARD,7640256082873373
19/04/2025 15:15,London Brixton,Sharon Fowler,Regular Cappuccino - 2.15,2.15,CARD,8324229193979268
19/04/2025 15:17,London Brixton,Linda Sykes,"Regular Cappuccino - 2.15, Large Smoothies - Glowing Greens - 2.50",4.65,CASH,
19/04/2025 15:19,London Brixton,Janet Treadway,Large Smoothies - Carrot Kick - 2.50,2.5,CARD,2016633927015540
19/04/2025 15:20,London Brixton,Leslie Friedman,"Regular Frappes - Strawberries & Cream - 2.75, Large Hot chocolate - 2.90, Regular Smoothies - Carrot Kick - 2.00, Regular Smoothies - Carrot Kick - 2.00",9.65,CARD,4745699687172430
19/04/2025 15:22,London Brixton,Wanda Rowley,Regular Smoothies - Glowing Greens - 2.00,2.0,CASH,
19/04/2025 15:24,London Brixton,Devona Brewer,"Regular Espresso - 1.50, Regular Hot chocolate - 2.20, Regular Hot chocolate - 2.20",5.9,CASH,
19/04/2025 15:25,London Brixton,Austin Robinson,"Large Smoothies - Carrot Kick - 2.50, Large Smoothies - Glowing Greens - 2.50",5.0,CASH,
19/04/2025 15:27,London Brixton,Neil Baker,"Regular Speciality Tea - Earl Grey - 1.30, Regular Hot chocolate - 2.20, Large Speciality Tea - Earl Grey - 1.60, Large Hot chocolate - 2.90, Large Smoothies - Glowing Greens - 2.50",10.5,CARD,2160516099247486
19/04/2025 15:29,London Brixton,Leslie Lavin,"Large Iced americano - 2.50, Large Smoothies - Glowing Greens - 2.50",5.0,CARD,7930934851902362
19/04/2025 15:31,London Brixton,Phillip Akins,"Large Iced americano - 2.50, Large Speciality Tea - Earl Grey - 1.60",4.1,CARD,4450837622262189
19/04/2025 15:32,London Brixton,John Shaw,"Large Iced americano - 2.50, Regular Hot chocolate - 2.20, Large Smoothies - Glowing Greens - 2.50",7.2,CARD,3745256885026312
19/04/2025 15:34,London Brixton,Virgie Williams,Regular Espresso - 1.50,1.5,CARD,6697520169999436
19/04/2025 15:36,London Brixton,Jessica Mcclendon,"Regular Smoothies - Glowing Greens - 2.00, Regular Smoothies - Glowing Greens - 2.00, Regular Iced americano - 2.15",6.15,CARD,1981308638303607
19/04/2025 15:37,London Brixton,Mary Freiler,"Regular Cappuccino - 2.15, Large Iced americano - 2.50",4.65,CARD,8861203586441790
19/04/2025 15:39,London Brixton,Richard Christmas,"Regular Cappuccino - 2.15, Regular Hot chocolate - 2.20",4.35,CARD,7201733271663222
19/04/2025 15:41,London Brixton,Kevin Caberto,"Regular Frappes - Strawberries & Cream - 2.75, Large Smoothies - Glowing Greens - 2.50",5.25,CASH,
19/04/2025 15:42,London Brixton,Angela Burchette,"Large Frappes - Strawberries & Cream - 3.25, Regular Espresso - 1.50, Large Espresso - 1.80",6.55,CASH,
19/04/2025 15:44,London Brixton,Kenneth Jackson,Regular Espresso - 1.50,1.5,CASH,
19/04/2025 15:46,London Brixton,Sal Persing,"Regular Cappuccino - 2.15, Regular Speciality Tea - Earl Grey - 1.30, Large Iced americano - 2.50",5.95,CARD,8533119816017099
19/04/2025 15:48,London Brixton,Robert Richards,"Large Smoothies - Glowing Greens - 2.50, Large Iced americano - 2.50, Regular Hot chocolate - 2.20",7.2,CARD,6816507212043760
19/04/2025 15:49,London Brixton,Norma Fischer,"Regular Smoothies - Carrot Kick - 2.00, Regular Smoothies - Carrot Kick - 2.00, Large Smoothies - Carrot Kick - 2.50, Large Smoothies - Carrot Kick - 2.50",9.0,CARD,7953882776478871
19/04/2025 15:51,London Brixton,Helene Belisle,Large Smoothies - Glowing Greens - 2.50,2.5,CARD,5475344519135213
19/04/2025 15:53,London Brixton,Robert Hobson,"Large Speciality Tea - Earl Grey - 1.60, Regular Frappes - Strawberries & Cream - 2.75, Regular Hot chocolate - 2.20, Regular Smoothies - Carrot Kick - 2.00, Large Smoothies - Glowing Greens - 2.50",11.05,CARD,6693919997073548
19/04/2025 15:54,London Brixton,Maribel Kirkham,"Large Cappuccino - 2.45, Regular Espresso - 1.50",3.95,CARD,2518359780458746
19/04/2025 15:56,London Brixton,Steven Leduc,"Regular Hot chocolate - 2.20, Regular Hot chocolate - 2.20, Large Speciality Tea - Earl Grey - 1.60",6.0,CARD,4635660232446032
19/04/2025 15:58,London Brixton,Maggie Thomas,Regular Iced americano - 2.15,2.15,CARD,4415463256992596
19/04/2025 16:00,London Brixton,Hector Johnson,"Large Espresso - 1.80, Regular Espresso - 1.50, Large Espresso - 1.80",5.1,CARD,5775302838741831
19/04/2025 16:03,London Brixton,William Durham,"Large Iced americano - 2.50, Large Smoothies - Carrot Kick - 2.50",5.0,CARD,7115492727421111
19/04/2025 16:06,London Brixton,Helen Mccarty,"Large Speciality Tea - Earl Grey - 1.60, Regular Frappes - Strawberries & Cream - 2.75, Large Iced americano - 2.50, Large Cappuccino - 2.45",9.3,CASH,
19/04/2025 16:09,London Brixton,Charles Moore,"Regular Smoothies - Carrot Kick - 2.00, Large Smoothies - Glowing Greens - 2.50",4.5,CASH,
19/04/2025 16:12,London Brixton,Kira Boulos,"Large Espresso - 1.80, Regular Frappes - Strawberries & Cream - 2.75",4.55,CARD,1298000646131096
19/04/2025 16:15,London Brixton,Jennifer Black,"Large Smoothies - Glowing Greens - 2.50, Regular Cappuccino - 2.15, Regular Speciality Tea - Earl Grey - 1.30, Regular Cappuccino - 2.15",8.1,CASH,
19/04/2025 16:18,London Brixton,Herbert Wood,"Regular Cappuccino - 2.15, Regular Espresso - 1.50",3.65,CARD,3467599104873218
19/04/2025 16:22,London Brixton,Gilbert Cox,"Regular Smoothies - Carrot Kick - 2.00, Large Cappuccino - 2.45, Large Frappes - Strawberries & Cream - 3.25, Regular Cappuccino - 2.15, Large Hot chocolate - 2.90",12.75,CASH,
19/04/2025 16:25,London Brixton,Rose Hyman,"Regular Smoothies - Glowing Greens - 2.00, Regular Speciality Tea - Earl Grey - 1.30, Regular Speciality Tea - Earl Grey - 1.30",4.6,CARD,3366639760099223
19/04/2025 16:28,London Brixton,Shelley Hawn,"Regular Hot chocolate - 2.20, Regular Espresso - 1.50, Regular Iced americano - 2.15, Regular Hot chocolate - 2.20, Large Hot chocolate - 2.90",10.95,CARD,4628258740412070
19/04/2025 16:31,London Brixton,Mary Guzman,Regular Frappes - Strawberries & Cream - 2.75,2.75,CARD,6199311388653669
19/04/2025 16:34,London Brixton,Luciano Hambric,Regular Espresso - 1.50,1.5,CASH,
19/04/2025 16:37,London Brixton,Audrey Rackham,"Regular Iced americano - 2.15, Regular Hot chocolate - 2.20, Large Cappuccino - 2.45, Regular Smoothies - Carrot Kick - 2.00, Regular Hot chocolate - 2.20, Regular Speciality Tea - Earl Grey - 1.30",12.3,CARD,6228875850945809
19/04/2025 16:40,London Brixton,Carol Grev,"Large Speciality Tea - Earl Grey - 1.60, Regular Hot chocolate - 2.20, Regular Cappuccino - 2.15, Regular Smoothies - Glowing Greens - 2.00, Regular Speciality Tea - Earl Grey - 1.30",9.25,CARD,2395525675812741
19/04/2025 16:44,London Brixton,Gregory Taylor,"Regular Iced americano - 2.15, Regular Speciality Tea - Earl Grey - 1.30, Large Iced americano - 2.50, Regular Hot chocolate - 2.20",8.15,CARD,7684999472275199
19/04/2025 16:47,London Brixton,William Fanney,Large Smoothies - Glowing Greens - 2.50,2.5,CARD,4367576003444026
19/04/2025 16:50,London Brixton,Gregory Christie,"Large Smoothies - Carrot Kick - 2.50, Large Hot chocolate - 2.90, Regular Cappuccino - 2.15, Large Espresso - 1.80",9.35,CARD,5352135138634995
19/04/2025 16:53,London Brixton,Fred Valenzuela,"Large Smoothies - Carrot Kick - 2.50, Regular Smoothies - Glowing Greens - 2.00, Regular Speciality Tea - Earl Grey - 1.30",5.8,CARD,9576300332811747
19/04/2025 16:56,London Brixton,Catherine Simpson,"Regular Smoothies - Carrot Kick - 2.00, Regular Smoothies - Carrot Kick - 2.00",4.0,CASH,
19/04/2025 16:59,London Brixton,Colleen Bahlmann,"Large Cappuccino - 2.45, Regular Speciality Tea - Earl Grey - 1.30, Large Espresso - 1.80, Regular Speciality Tea - Earl Grey - 1.30, Large Cappuccino - 2.45",9.3,CARD,9923391266426148
19/04/2025 17:03,London Brixton,Craig Hobson,"Regular Smoothies - Carrot Kick - 2.00, Large Speciality Tea - Earl Grey - 1.60",3.6,CASH,
19/04/2025 17:05,London Brixton,Erica Koll,"Large Smoothies - Carrot Kick - 2.50, Large Iced americano - 2.50",5.0,CARD,5347931911441690
19/04/2025 17:07,London Brixton,Etta Kappel,"Regular Smoothies - Carrot Kick - 2.00, Regular Smoothies - Carrot Kick - 2.00, Large Speciality Tea - Earl Grey - 1.60, Large Espresso - 1.80",7.4,CARD,4853022447994937
19/04/2025 17:10,London Brixton,Ernest Monroe,"Regular Hot chocolate - 2.20, Regular Smoothies - Glowing Greens - 2.00, Regular Cappuccino - 2.15, Large Iced americano - 2.50, Large Hot chocolate - 2.90",11.75,CASH,
19/04/2025 17:12,London Brixton,Kristin Degen,"Large Smoothies - Carrot Kick - 2.50, Regular Frappes - Strawberries & Cream - 2.75",5.25,CASH,
19/04/2025 17:15,London Brixton,Doris Vega,"Large Cappuccino - 2.45, Large Speciality Tea - Earl Grey - 1.60",4.05,CARD,6044595800563444
19/04/2025 17:17,London Brixton,Leroy Ramirez,"Regular Speciality Tea - Earl Grey - 1.30, Large Cappuccino - 2.45, Large Frappes - Strawberries & Cream - 3.25, Regular Espresso - 1.50",8.5,CARD,6105860044900151
19/04/2025 17:19,London Brixton,Bryan Davis,"Regular Speciality Tea - Earl Grey - 1.30, Regular Smoothies - Carrot Kick - 2.00, Large Espresso - 1.80, Regular Espresso - 1.50, Regular Smoothies - Carrot Kick - 2.00",8.6,CARD,7049152462611301
19/04/2025 17:22,London Brixton,Lee Segura,"Regular Smoothies - Carrot Kick - 2.00, Large Espresso - 1.80",3.8,CASH,
19/04/2025 17:24,London Brixton,Susan Mcdonald,"Regular Frappes - Strawberries & Cream - 2.75, Regular Smoothies - Glowing Greens - 2.00",4.75,CARD,8328378077668815
19/04/2025 17:27,London Brixton,Raymond Hunter,"Regular Hot chocolate - 2.20, Regular Frappes - Strawberries & Cream - 2.75",4.95,CARD,7759487228370777
19/04/2025 17:29,London Brixton,Jake Zvorsky,"Large Speciality Tea - Earl Grey - 1.60, Large Cappuccino - 2.45",4.05,CARD,8183101141002189
19/04/2025 17:31,London Brixton,Charley Mildon,"Large Smoothies - Carrot Kick - 2.50, Large Cappuccino - 2.45, Regular Speciality Tea - Earl Grey - 1.30",6.25,CASH,
19/04/2025 17:34,London Brixton,Brad Sexton,Regular Smoothies - Glowing Greens - 2.00,2.0,CARD,6950702703372674
19/04/2025 17:36,London Brixton,Jeffery Anderson,"Regular Smoothies - Glowing Greens - 2.00, Large Frappes - Strawberries & Cream - 3.25, Large Frappes - Strawberries & Cream - 3.25, Regular Hot chocolate - 2.20, Regular Smoothies - Carrot Kick - 2.00, Large Espresso - 1.80",14.5,CASH,
19/04/2025 17:39,London Brixton,Mark Crosier,"Regular Speciality Tea - Earl Grey - 1.30, Large Iced americano - 2.50",3.8,CASH,
19/04/2025 17:41,London Brixton,Robert Coston,"Regular Iced americano - 2.15, Regular Speciality Tea - Earl Grey - 1.30",3.45,CARD,7436617972093666
19/04/2025 17:43,London Brixton,Natalie Adamitis,"Regular Frappes - Strawberries & Cream - 2.75, Regular Cappuccino - 2.15, Large Espresso - 1.80, Regular Frappes - Strawberries & Cream - 2.75, Regular Iced americano - 2.15",11.6,CARD,8568223152426810
19/04/2025 17:46,London Brixton,Danny Evans,"Large Frappes - Strawberries & Cream - 3.25, Large Frappes - Strawberries & Cream - 3.25, Regular Hot chocolate - 2.20",8.7,CARD,5837603291621182
19/04/2025 17:48,London Brixton,Kenneth Bellerose,"Large Hot chocolate - 2.90, Large Smoothies - Glowing Greens - 2.50, Large Smoothies - Glowing Greens - 2.50, Large Smoothies - Carrot Kick - 2.50",10.4,CARD,8653110440862714
19/04/2025 17:51,London Brixton,Dustin Whaley,Regular Cappuccino - 2.15,2.15,CARD,6491754628210957
19/04/2025 17:53,London Brixton,Isabelle Jones,Large Smoothies - Carrot Kick - 2.50,2.5,CARD,2658012997151873
19/04/2025 17:55,London Brixton,James Margeson,"Large Speciality Tea - Earl Grey - 1.60, Regular Cappuccino - 2.15, Regular Iced americano - 2.15",5.9,CARD,5997094378727667
19/04/2025 17:58,London Brixton,Thomas Reeves,"Regular Smoothies - Carrot Kick - 2.00, Regular Smoothies - Glowing Greens - 2.00, Large Cappuccino - 2.45",6.45,CARD,8058675581972770
19/04/2025 18:00,London Brixton,Monique Knight,"Large Smoothies - Glowing Greens - 2.50, Large Speciality Tea - Earl Grey - 1.60, Large Hot chocolate - 2.90, Regular Iced americano - 2.15",9.15,CARD,8260163194321345
19/04/2025 18:02,London Brixton,Rita Mcquinn,"Regular Hot chocolate - 2.20, Large Frappes - Strawberries & Cream - 3.25, Regular Hot chocolate - 2.20, Regular Smoothies - Carrot Kick - 2.00",9.65,CASH,
19/04/2025 18:04,London Brixton,Michael Wise,"Large Espresso - 1.80, Regular Speciality Tea - Earl Grey - 1.30, Regular Speciality Tea - Earl Grey - 1.30",4.4,CASH,
19/04/2025 18:07,London Brixton,Shayla Mortenson,"Regular Hot chocolate - 2.20, Large Hot chocolate - 2.90, Large Frappes - Strawberries & Cream - 3.25, Large Smoothies - Glowing Greens - 2.50, Regular Speciality Tea - Earl Grey - 1.30",12.15,CARD,2842409662007479
19/04/2025 18:09,London Brixton,Denise Menchaca,Regular Speciality Tea - Earl Grey - 1.30,1.3,CASH,
19/04/2025 18:11,London Brixton,Ismael Merryman,"Regular Iced americano - 2.15, Regular Cappuccino - 2.15, Regular Speciality Tea - Earl Grey - 1.30, Regular Frappes - Strawberries & Cream - 2.75, Regular Cappuccino - 2.15",10.5,CARD,2490514776255609
19/04/2025 18:13,London Brixton,Lora Ross,"Large Iced americano - 2.50, Regular Smoothies - Glowing Greens - 2.00, Regular Speciality Tea - Earl Grey - 1.30",5.8,CARD,3674654871085372
19/04/2025 18:15,London Brixton,Vickie Mcquaig,"Regular Smoothies - Glowing Greens - 2.00, Large Frappes - Strawberries & Cream - 3.25",5.25,CARD,8974524663374381
19/04/2025 18:17,London Brixton,Rhonda Enriguez,Large Frappes - Strawberries & Cream - 3.25,3.25,CARD,2925533956435457
19/04/2025 18:19,London Brixton,Francisco Minor,Large Frappes - Strawberries & Cream - 3.25,3.25,CARD,9508530693648237
19/04/2025 18:21,London Brixton,Jack Harrison,Large Frappes - Strawberries & Cream - 3.25,3.25,CARD,2565661758397944
19/04/2025 18:24,London Brixton,Dorothy Conklin,"Large Espresso - 1.80, Regular Cappuccino - 2.15",3.95,CASH,
19/04/2025 18:26,London Brixton,Ruby Ramirez,"Regular Speciality Tea - Earl Grey - 1.30, Regular Frappes - Strawberries & Cream - 2.75",4.05,CARD,3625184306716752
19/04/2025 18:28,London Brixton,Marvin Yanchik,"Large Cappuccino - 2.45, Regular Frappes - Strawberries & Cream - 2.75, Regular Hot chocolate - 2.20",7.4,CASH,
19/04/2025 18:30,London Brixton,Mary King,Large Smoothies - Glowing Greens - 2.50,2.5,CARD,8409937988651121
19/04/2025 18:32,London Brixton,Robert Lemos,"Large Speciality Tea - Earl Grey - 1.60, Large Smoothies - Carrot Kick - 2.50",4.1,CARD,1381061478438614
19/04/2025 18:34,London Brixton,Richard Lewis,Regular Iced americano - 2.15,2.15,CASH,
19/04/2025 18:36,London Brixton,Stephen Sullivan,"Regular Smoothies - Glowing Greens - 2.00, Regular Smoothies - Carrot Kick - 2.00",4.0,CARD,6097627673146314
19/04/2025 18:39,London Brixton,Bill Packer,"Regular Iced americano - 2.15, Large Hot chocolate - 2.90, Large Iced americano - 2.50, Large Iced americano - 2.50",10.05,CARD,8305466460923245
19/04/2025 18:41,London Brixton,Joseph Medrano,"Large Frappes - Strawberries & Cream - 3.25, Large Cappuccino - 2.45, Regular Hot chocolate - 2.20",7.9,CARD,9758298143206351
19/04/2025 18:43,London Brixton,Beverly Rylee,"Regular Espresso - 1.50, Large Speciality Tea - Earl Grey - 1.60, Regular Speciality Tea - Earl Grey - 1.30",4.4,CASH,
19/04/2025 18:45,London Brixton,Carolyn Mcdonald,Large Espresso - 1.80,1.8,CARD,8299565444598010
19/04/2025 18:47,London Brixton,Steven Hurtubise,"Regular Iced americano - 2.15, Regular Speciality Tea - Earl Grey - 1.30",3.45,CASH,
19/04/2025 18:49,London Brixton,George Padua,"Regular Espresso - 1.50, Regular Hot chocolate - 2.20",3.7,CARD,1103331730668069
19/04/2025 18:51,London Brixton,George White,"Regular Cappuccino - 2.15, Large Smoothies - Glowing Greens - 2.50, Regular Iced americano - 2.15",6.8,CARD,7601497927518734
19/04/2025 18:53,London Brixton,Ollie Cook,"Large Smoothies - Carrot Kick - 2.50, Large Smoothies - Glowing Greens - 2.50, Regular Frappes - Strawberries & Cream - 2.75, Large Iced americano - 2.50",10.25,CARD,4981985235791321
19/04/2025 18:56,London Brixton,Eric Aran,Regular Frappes - Strawberries & Cream - 2.75,2.75,CARD,8669014848893390
19/04/2025 18:58,London Brixton,Gilbert Hixon,"Large Frappes - Strawberries & Cream - 3.25, Large Cappuccino - 2.45, Large Hot chocolate - 2.90",8.6,CASH,
19/04/2025 19:00,London Brixton,Jason Mccreery,"Regular Iced americano - 2.15, Large Smoothies - Glowing Greens - 2.50, Regular Iced americano - 2.15",6.8,CARD,8771449502307586
19/04/2025 19:01,London Brixton,Anne Vargas,"Large Cappuccino - 2.45, Regular Hot chocolate - 2.20",4.65,CARD,7854537152550460
19/04/2025 19:03,London Brixton,Nelda Pai,Large Hot chocolate - 2.90,2.9,CARD,7223958394221219
19/04/2025 19:04,London Brixton,Christopher Alford,"Regular Espresso - 1.50, Large Espresso - 1.80, Regular Cappuccino - 2.15, Regular Hot chocolate - 2.20",7.65,CARD,5171942700610248
19/04/2025 19:05,London Brixton,Jessica Eldridge,"Regular Frappes - Strawberries & Cream - 2.75, Regular Cappuccino - 2.15, Large Hot chocolate - 2.90",7.8,CARD,4893531753486025
19/04/2025 19:07,London Brixton,Brian Wiker,"Large Speciality Tea - Earl Grey - 1.60, Regular Hot chocolate - 2.20, Large Speciality Tea - Earl Grey - 1.60",5.4,CARD,1296500306057087
19/04/2025 19:08,London Brixton,Helen Dick,"Regular Frappes - Strawberries & Cream - 2.75, Regular Iced americano - 2.15",4.9,CASH,
19/04/2025 19:09,London Brixton,Raymond Harris,Regular Smoothies - Glowing Greens - 2.00,2.0,CASH,
19/04/2025 19:11,London Brixton,Billy Johnson,Regular Iced americano - 2.15,2.15,CARD,7840973157491957
19/04/2025 19:12,London Brixton,Velma Sealy,"Large Cappuccino - 2.45, Regular Speciality Tea - Earl Grey - 1.30, Large Espresso - 1.80",5.55,CASH,
19/04/2025 19:13,London Brixton,Numbers Etherington,"Large Hot chocolate - 2.90, Regular Speciality Tea - Earl Grey - 1.30, Large Cappuccino - 2.45, Regular Cappuccino - 2.15, Large Iced americano - 2.50",11.3,CARD,6109014180318560
19/04/2025 19:15,London Brixton,James Skrine,"Large Smoothies - Carrot Kick - 2.50, Large Speciality Tea - Earl Grey - 1.60, Large Iced americano - 2.50, Large Espresso - 1.80",8.4,CARD,8304846568052277
19/04/2025 19:16,London Brixton,Diane Obrien,"Large Frappes - Strawberries & Cream - 3.25, Large Speciality Tea - Earl Grey - 1.60, Regular Smoothies - Glowing Greens - 2.00, Regular Cappuccino - 2.15, Large Iced americano - 2.50",11.5,CASH,
19/04/2025 19:17,London Brixton,Rodney Sullivan,"Regular Smoothies - Carrot Kick - 2.00, Large Iced americano - 2.50",4.5,CASH,
19/04/2025 19:19,London Brixton,Bryan Przygocki,"Large Hot chocolate - 2.90, Regular Cappuccino - 2.15",5.05,CASH,
19/04/2025 19:20,London Brixton,Sabrina Pettengill,"Large Speciality Tea - Earl Grey - 1.60, Large Frappes - Strawberries & Cream - 3.25, Large Smoothies - Carrot Kick - 2.50, Large Frappes - Strawberries & Cream - 3.25, Regular Smoothies - Glowing Greens - 2.00",12.6,CARD,9763307875356581
19/04/2025 19:21,London Brixton,Gilbert Walker,"Regular Iced americano - 2.15, Regular Cappuccino - 2.15, Large Cappuccino - 2.45",6.75,CARD,1154245520644862
19/04/2025 19:23,London Brixton,Evelyn Shannon,"Large Iced americano - 2.50, Regular Frappes - Strawberries & Cream - 2.75",5.25,CASH,
19/04/2025 19:24,London Brixton,Evelyn Smith,"Large Hot chocolate - 2.90, Large Speciality Tea - Earl Grey - 1.60",4.5,CASH,
19/04/2025 19:26,London Brixton,Paul Lee,"Large Hot chocolate - 2.90, Large Speciality Tea - Earl Grey - 1.60",4.5,CARD,6473620905753107
19/04/2025 19:27,London Brixton,Anthony Alexander,"Large Hot chocolate - 2.90, Regular Cappuccino - 2.15",5.05,CARD,5642234440661782
19/04/2025 19:28,London Brixton,Jerica Weber,"Regular Espresso - 1.50, Large Hot chocolate - 2.90",4.4,CARD,2110807129264517
19/04/2025 19:30,London Brixton,Larry Obrien,"Large Smoothies - Carrot Kick - 2.50, Large Hot chocolate - 2.90, Regular Iced americano - 2.15, Regular Speciality Tea - Earl Grey - 1.30",8.85,CARD,8855079145261363
19/04/2025 19:31,London Brixton,Herbert Vancleave,"Large Speciality Tea - Earl Grey - 1.60, Large Smoothies - Glowing Greens - 2.50, Regular Smoothies - Carrot Kick - 2.00",6.1,CARD,7651690018735487
19/04/2025 19:32,London Brixton,Donald Shaw,Regular Iced americano - 2.15,2.15,CARD,8493913245780031
19/04/2025 19:34,London Brixton,Christine Wallace,Regular Smoothies - Glowing Greens - 2.00,2.0,CARD,5148236101970546
19/04/2025 19:35,London Brixton,Hugo Lewis,"Large Smoothies - Carrot Kick - 2.50, Large Frappes - Strawberries & Cream - 3.25",5.75,CASH,
19/04/2025 19:36,London Brixton,Alphonso Perretta,"Large Cappuccino - 2.45, Large Smoothies - Glowing Greens - 2.50, Regular Hot chocolate - 2.20",7.15,CARD,1514152963611978
19/04/2025 19:38,London Brixton,Katherine Kruchten,Large Frappes - Strawberries & Cream - 3.25,3.25,CARD,4388456487863569
19/04/2025 19:39,London Brixton,Carmela Hossler,"Large Cappuccino - 2.45, Large Frappes - Strawberries & Cream - 3.25",5.7,CARD,8618646213475646
19/04/2025 19:40,London Brixton,James Gonzalez,"Large Hot chocolate - 2.90, Regular Iced americano - 2.15",5.05,CASH,
19/04/2025 19:42,London Brixton,Troy Bloom,Large Iced americano - 2.50,2.5,CARD,3141524475668490
19/04/2025 19:43,London Brixton,Kristy Scott,"Large Iced americano - 2.50, Large Frappes - Strawberries & Cream - 3.25, Large Espresso - 1.80, Regular Speciality Tea - Earl Grey - 1.30, Regular Iced americano - 2.15",11.0,CARD,5712206527741622
19/04/2025 19:44,London Brixton,Robert Dennison,Regular Espresso - 1.50,1.5,CARD,1359435143979227
19/04/2025 19:46,London Brixton,Theresa Humes,"Large Cappuccino - 2.45, Regular Speciality Tea - Earl Grey - 1.30, Large Cappuccino - 2.45",6.2,CARD,9567463990769041
19/04/2025 19:47,London Brixton,Kristopher Pitsch,"Regular Frappes - Strawberries & Cream - 2.75, Regular Smoothies - Carrot Kick - 2.00, Regular Smoothies - Carrot Kick - 2.00",6.75,CARD,8259939559242505
19/04/2025 19:48,London Brixton,Willie Hayes,"Regular Speciality Tea - Earl Grey - 1.30, Regular Frappes - Strawberries & Cream - 2.75",4.05,CARD,8745593449728796
19/04/2025 19:50,London Brixton,John Thompson,"Large Smoothies - Glowing Greens - 2.50, Large Smoothies - Glowing Greens - 2.50, Large Iced americano - 2.50, Regular Speciality Tea - Earl Grey - 1.30",8.8,CARD,8697427645035703
19/04/2025 19:51,London Brixton,Jeffrey Hopkins,"Regular Iced americano - 2.15, Regular Speciality Tea - Earl Grey - 1.30",3.45,CARD,4791754414469750
19/04/2025 19:53,London Brixton,Mary Briggs,Regular Speciality Tea - Earl Grey - 1.30,1.3,CARD,2438751984744843
19/04/2025 19:54,London Brixton,Pamela Ocampo,Large Smoothies - Carrot Kick - 2.50,2.5,CARD,7159104865287093
19/04/2025 19:55,London Brixton,James Pelton,Large Hot chocolate - 2.90,2.9,CARD,8393298708664371
19/04/2025 19:57,London Brixton,Anna Rosenthal,"Regular Speciality Tea - Earl Grey - 1.30, Regular Smoothies - Carrot Kick - 2.00",3.3,CARD,8251323270406475
19/04/2025 19:58,London Brixton,Nora Potts,"Regular Espresso - 1.50, Large Espresso - 1.80",3.3,CARD,9612326637339868
19/04/2025 19:59,London Brixton,Carl Smith,"Regular Iced americano - 2.15, Large Hot chocolate - 2.90",5.05,CARD,6508915731411893
19/04/2025 20:01,London Brixton,Samatha Jarvis,"Large Smoothies - Glowing Greens - 2.50, Large Hot chocolate - 2.90, Regular Speciality Tea - Earl Grey - 1.30, Regular Hot chocolate - 2.20, Large Speciality Tea - Earl Grey - 1.60",10.5,CASH,
19/04/2025 20:03,London Brixton,Mallory Fields,"Large Iced americano - 2.50, Regular Espresso - 1.50, Regular Smoothies - Carrot Kick - 2.00",6.0,CARD,8501650956539226
19/04/2025 20:05,London Brixton,Michael Harris,"Large Iced americano - 2.50, Regular Speciality Tea - Earl Grey - 1.30",3.8,CASH,
19/04/2025 20:08,London Brixton,Roland Steward,"Regular Smoothies - Carrot Kick - 2.00, Regular Hot chocolate - 2.20",4.2,CARD,3235984708258525
19/04/2025 20:10,London Brixton,Kyle Serenil,"Large Espresso - 1.80, Large Smoothies - Glowing Greens - 2.50",4.3,CARD,3843739076529734
19/04/2025 20:13,London Brixton,Anna Arendt,Regular Speciality Tea - Earl Grey - 1.30,1.3,CASH,
19/04/2025 20:15,London Brixton,Alfred Pannell,"Large Smoothies - Carrot Kick - 2.50, Large Hot chocolate - 2.90",5.4,CASH,
19/04/2025 20:17,London Brixton,Marvin Chase,"Large Hot chocolate - 2.90, Regular Iced americano - 2.15, Large Hot chocolate - 2.90",7.95,CARD,7022714899559660
19/04/2025 20:20,London Brixton,Concepcion Leavitt,"Regular Iced americano - 2.15, Large Iced americano - 2.50, Regular Smoothies - Glowing Greens - 2.00, Regular Cappuccino - 2.15",8.8,CARD,7080978237931204
19/04/2025 20:22,London Brixton,James Riches,"Regular Frappes - Strawberries & Cream - 2.75, Regular Speciality Tea - Earl Grey - 1.30, Regular Hot chocolate - 2.20, Regular Cappuccino - 2.15, Regular Speciality Tea - Earl Grey - 1.30, Regular Smoothies - Carrot Kick - 2.00",11.7,CARD,5933792424802834
19/04/2025 20:25,London Brixton,Cynthia Reid,"Large Smoothies - Glowing Greens - 2.50, Large Smoothies - Glowing Greens - 2.50",5.0,CASH,
19/04/2025 20:27,London Brixton,Sally Williams,"Regular Espresso - 1.50, Large Smoothies - Carrot Kick - 2.50",4.0,CARD,1441846807129247
19/04/2025 20:29,London Brixton,Kara Greene,Regular Hot chocolate - 2.20,2.2,CARD,4869073753804939
19/04/2025 20:32,London Brixton,Linda Whetstone,Large Smoothies - Carrot Kick - 2.50,2.5,CASH,
19/04/2025 20:34,London Brixton,Carmella Miner,Large Espresso - 1.80,1.8,CARD,2950361398558661
19/04/2025 20:37,London Brixton,James Florentino,"Regular Iced americano - 2.15, Large Hot chocolate - 2.90, Large Smoothies - Glowing Greens - 2.50, Large Hot chocolate - 2.90, Large Frappes - Strawberries & Cream - 3.25, Large Espresso - 1.80",15.5,CARD,3682084731551847
19/04/2025 20:39,London Brixton,Shirley Collins,Large Speciality Tea - Earl Grey - 1.60,1.6,CARD,7205220192957225
19/04/2025 20:41,London Brixton,William Scott,"Large Smoothies - Carrot Kick - 2.50, Regular Speciality Tea - Earl Grey - 1.30, Large Smoothies - Carrot Kick - 2.50, Regular Cappuccino - 2.15",8.45,CASH,
19/04/2025 20:44,London Brixton,Audrey Johnson,"Regular Frappes - Strawberries & Cream - 2.75, Large Espresso - 1.80",4.55,CASH,
19/04/2025 20:46,London Brixton,Stephanie Blakley,Regular Hot chocolate - 2.20,2.2,CASH,
19/04/2025 20:49,London Brixton,Petra Bisarra,Regular Smoothies - Glowing Greens - 2.00,2.0,CARD,3863063989403314
19/04/2025 20:51,London Brixton,Marshall Cabral,"Regular Smoothies - Carrot Kick - 2.00, Regular Smoothies - Glowing Greens - 2.00, Regular Speciality Tea - Earl Grey - 1.30, Regular Cappuccino - 2.15",7.45,CARD,7182046139035510
19/04/2025 20:53,London Brixton,Carol Penalosa,Regular Cappuccino - 2.15,2.15,CARD,1868140529390401
19/04/2025 20:56,London Brixton,Jimmy Mcgehee,Regular Speciality Tea - Earl Grey - 1.30,1.3,CASH,
19/04/2025 20:58,London Brixton,Charles Schenck,"Regular Hot chocolate - 2.20, Regular Smoothies - Glowing Greens - 2.00, Large Espresso - 1.80",6.0,CARD,5662427594347647
