14/04/2025 08:00,London Brixton,Barbara Holland,"Regular Cappuccino - 2.15, Regular Cappuccino - 2.15, Large Smoothies - Glowing Greens - 2.50",6.8,CASH,
14/04/2025 08:00,London Brixton,Evan Glazer,"Regular Espresso - 1.50, Regular Smoothies - Glowing Greens - 2.00, Regular Cappuccino - 2.15",5.65,CARD,6846087752420608
14/04/2025 08:01,London Brixton,Tina Smith,"Large Iced americano - 2.50, Regular Smoothies - Glowing Greens - 2.00, Large Cappuccino - 2.45",6.95,CARD,1933231057300321
14/04/2025 08:02,London Brixton,David Andrada,Large Smoothies - Carrot Kick - 2.50,2.5,CASH,
14/04/2025 08:03,London Brixton,Gerald Sorensen,"Large Hot chocolate - 2.90, Regular Speciality Tea - Earl Grey - 1.30, Regular Iced americano - 2.15, Large Frappes - Strawberries & Cream - 3.25",9.6,CARD,2298533810527859
14/04/2025 08:04,London Brixton,Shane Gray,"Regular Iced americano - 2.15, Regular Smoothies - Carrot Kick - 2.00, Regular Frappes - Strawberries & Cream - 2.75, Regular Speciality Tea - Earl Grey - 1.30, Regular Iced americano - 2.15",10.35,CARD,7505996311544229
14/04/2025 08:05,London Brixton,Danette Decker,"Large Smoothies - Glowing Greens - 2.50, Large Smoothies - Glowing Greens - 2.50",5.0,CARD,3098044286860489
14/04/2025 08:06,London Brixton,August Burdette,"Regular Cappuccino - 2.15, Large Speciality Tea - Earl Grey - 1.60",3.75,CASH,
14/04/2025 08:07,London Brixton,Lowell Dumesnil,"Regular Smoothies - Glowing Greens - 2.00, Large Smoothies - Glowing Greens - 2.50, Regular Hot chocolate - 2.20, Large Hot chocolate - 2.90",9.6,CARD,2575390693626891
14/04/2025 08:08,London Brixton,Joan Grisham,"Large Smoothies - Glowing Greens - 2.50, Regular Cappuccino - 2.15",4.65,CARD,9901227764587401
14/04/2025 08:09,London Brixton,Mary Crowder,"Large Smoothies - Carrot Kick - 2.50, Regular Espresso - 1.50, Regular Espresso - 1.50, Large Espresso - 1.80, Large Smoothies - Glowing Greens - 2.50, Regular Cappuccino - 2.15",11.95,CARD,8476598477491859
14/04/2025 08:10,London Brixton,Alva Foster,"Regular Smoothies - Glowing Greens - 2.00, Regular Speciality Tea - Earl Grey - 1.30, Large Speciality Tea - Earl Grey - 1.60",4.9,CARD,1860951903234847
14/04/2025 08:11,London Brixton,Kenneth Mayrant,"Large Cappuccino - 2.45, Large Espresso - 1.80, Large Speciality Tea - Earl Grey - 1.60, Regular Speciality Tea - Earl Grey - 1.30",7.15,CARD,5062567079875479
14/04/2025 08:12,London Brixton,Albert Gillum,"Regular Smoothies - Glowing Greens - 2.00, Regular Smoothies - Glowing Greens - 2.00, Regular Hot chocolate - 2.20, Regular Smoothies - Carrot Kick - 2.00",8.2,CARD,6832606819348788
14/04/2025 08:13,London Brixton,Katherine Weeks,"Large Iced americano - 2.50, Large Cappuccino - 2.45, Regular Frappes - Strawberries & Cream - 2.75, Large Smoothies - Carrot Kick - 2.50",10.2,CARD,9618142405537334
14/04/2025 08:14,London Brixton,Duane Grizzard,"Large Iced americano - 2.50, Regular Iced americano - 2.15",4.65,CASH,
14/04/2025 08:15,London Brixton,Douglas Adamson,"Large Iced americano - 2.50, Large Cappuccino - 2.45",4.95,CASH,
14/04/2025 08:16,London Brixton,James Thompson,"Regular Frappes - Strawberries & Cream - 2.75, Regular Smoothies - Glowing Greens - 2.00, Regular Speciality Tea - Earl Grey - 1.30",6.05,CARD,3360736786604089
14/04/2025 08:17,London Brixton,Bobby Burk,"Regular Hot chocolate - 2.20, Large Cappuccino - 2.45, Large Smoothies - Glowing Greens - 2.50, Large Hot chocolate - 2.90, Regular Smoothies - Carrot Kick - 2.00, Regular Espresso - 1.50",13.55,CARD,6548300956282104
14/04/2025 08:18,London Brixton,Harry Batts,"Large Hot chocolate - 2.90, Regular Speciality Tea - Earl Grey - 1.30, Regular Cappuccino - 2.15",6.35,CARD,9598696314046306
14/04/2025 08:19,London Brixton,Charlie Woods,"Large Speciality Tea - Earl Grey - 1.60, Large Frappes - Strawberries & Cream - 3.25",4.85,CASH,
14/04/2025 08:20,London Brixton,Blanca Serio,"Large Smoothies - Carrot Kick - 2.50, Large Frappes - Strawberries & Cream - 3.25, Large Smoothies - Carrot Kick - 2.50",8.25,CARD,3442307974654400
14/04/2025 08:21,London Brixton,Anita Hill,"Regular Smoothies - Glowing Greens - 2.00, Large Iced americano - 2.50, Large Hot chocolate - 2.90",7.4,CARD,2923113273136554
14/04/2025 08:22,London Brixton,Ruth Carroll,"Large Hot chocolate - 2.90, Large Smoothies - Carrot Kick - 2.50",5.4,CASH,
14/04/2025 08:23,London Brixton,Charles Crain,"Large Smoothies - Carrot Kick - 2.50, Regular Espresso - 1.50",4.0,CASH,
14/04/2025 08:24,London Brixton,Alvin Bowers,Large Iced americano - 2.50,2.5,CARD,6699904153995253
14/04/2025 08:25,London Brixton,Martha Lapointe,"Regular Hot chocolate - 2.20, Large Smoothies - Glowing Greens - 2.50, Regular Hot chocolate - 2.20",6.9,CARD,6548507432624226
14/04/2025 08:26,London Brixton,Raymond Wilson,"Regular Espresso - 1.50, Large Smoothies - Carrot Kick - 2.50",4.0,CARD,6214564228848314
14/04/2025 08:27,London Brixton,Elsie Greene,"Large Iced americano - 2.50, Regular Cappuccino - 2.15, Large Frappes - Strawberries & Cream - 3.25, Large Espresso - 1.80",9.7,CARD,5862085736335555
14/04/2025 08:28,London Brixton,Robert Mcclellan,"Large Espresso - 1.80, Large Iced americano - 2.50, Regular Cappuccino - 2.15, Large Speciality Tea - Earl Grey - 1.60, Large Speciality Tea - Earl Grey - 1.60, Large Smoothies - Glowing Greens - 2.50",12.15,CARD,3188814760091491
14/04/2025 08:29,London Brixton,Jacqueline Holland,"Regular Iced americano - 2.15, Regular Speciality Tea - Earl Grey - 1.30, Regular Hot chocolate - 2.20",5.65,CASH,
14/04/2025 08:30,London Brixton,Cheryl Salas,"Regular Speciality Tea - Earl Grey - 1.30, Large Iced americano - 2.50",3.8,CASH,
14/04/2025 08:31,London Brixton,Teresita Dennehy,"Regular Hot chocolate - 2.20, Regular Smoothies - Carrot Kick - 2.00",4.2,CASH,
14/04/2025 08:32,London Brixton,Becky Estes,"Large Frappes - Strawberries & Cream - 3.25, Regular Smoothies - Glowing Greens - 2.00, Large Espresso - 1.80",7.05,CARD,9016707649280292
14/04/2025 08:33,London Brixton,Florence Thomas,"Regular Espresso - 1.50, Large Frappes - Strawberries & Cream - 3.25",4.75,CASH,
14/04/2025 08:34,London Brixton,George Smith,"Large Speciality Tea - Earl Grey - 1.60, Regular Hot chocolate - 2.20, Large Iced americano - 2.50, Regular Smoothies - Glowing Greens - 2.00, Regular Cappuccino - 2.15",10.45,CARD,7919199955111369
14/04/2025 08:35,London Brixton,Andrew Richart,"Large Hot chocolate - 2.90, Large Iced americano - 2.50",5.4,CARD,9679469780321323
14/04/2025 08:36,London Brixton,Leroy Cahill,Regular Espresso - 1.50,1.5,CASH,
14/04/2025 08:37,London Brixton,Terry Jones,Regular Espresso - 1.50,1.5,CARD,1400343829295606
14/04/2025 08:38,London Brixton,Lena Miller,"Regular Iced americano - 2.15, Regular Cappuccino - 2.15",4.3,CARD,8252540856945738
14/04/2025 08:39,London Brixton,Vernon Banks,Large Smoothies - Carrot Kick - 2.50,2.5,CARD,1646820139291537
14/04/2025 08:40,London Brixton,Richard Beck,"Large Hot chocolate - 2.90, Regular Espresso - 1.50, Large Espresso - 1.80, Regular Frappes - Strawberries & Cream - 2.75",8.95,CARD,5738739996685719
14/04/2025 08:41,London Brixton,Merry Whidden,"Regular Hot chocolate - 2.20, Large Smoothies - Carrot Kick - 2.50",4.7,CARD,2138889346558030
14/04/2025 08:42,London Brixton,James Lamb,Large Frappes - Strawberries & Cream - 3.25,3.25,CARD,6969363482054645
14/04/2025 08:43,London Brixton,Charles Cooper,"Regular Cappuccino - 2.15, Regular Espresso - 1.50, Regular Frappes - Strawberries & Cream - 2.75, Large Smoothies - Glowing Greens - 2.50, Large Frappes - Strawberries & Cream - 3.25",12.15,CARD,8424891877390001
14/04/2025 08:44,London Brixton,John Renfro,Regular Cappuccino - 2.15,2.15,CASH,
14/04/2025 08:45,London Brixton,Hellen Morin,Large Espresso - 1.80,1.8,CASH,
14/04/2025 08:46,London Brixton,Charles Duncan,"Large Frappes - Strawberries & Cream - 3.25, Regular Smoothies - Glowing Greens - 2.00, Regular Speciality Tea - Earl Grey - 1.30, Regular Hot chocolate - 2.20",8.75,CARD,7210518328811994
14/04/2025 08:47,London Brixton,Timothy Heitman,Large Speciality Tea - Earl Grey - 1.60,1.6,CARD,9859722097167121
14/04/2025 08:48,London Brixton,Mary Montoya,"Large Iced americano - 2.50, Regular Iced americano - 2.15",4.65,CASH,
14/04/2025 08:49,London Brixton,William Lyford,"Regular Espresso - 1.50, Large Frappes - Strawberries & Cream - 3.25",4.75,CARD,4824453976275102
14/04/2025 08:50,London Brixton,Irma Marquez,"Large Cappuccino - 2.45, Large Iced americano - 2.50, Large Smoothies - Carrot Kick - 2.50, Regular Cappuccino - 2.15, Large Cappuccino - 2.45",12.05,CASH,
14/04/2025 08:51,London Brixton,Nola King,Large Espresso - 1.80,1.8,CASH,
14/04/2025 08:52,London Brixton,Helen Elliott,"Regular Cappuccino - 2.15, Large Speciality Tea - Earl Grey - 1.60, Large Speciality Tea - Earl Grey - 1.60, Large Cappuccino - 2.45",7.8,CASH,
14/04/2025 08:53,London Brixton,David Finley,"Large Cappuccino - 2.45, Regular Espresso - 1.50",3.95,CASH,
14/04/2025 08:54,London Brixton,Ronald Schaffer,"Large Frappes - Strawberries & Cream - 3.25, Large Espresso - 1.80, Regular Smoothies - Carrot Kick - 2.00, Regular Iced americano - 2.15, Large Smoothies - Carrot Kick - 2.50",11.7,CARD,7500092379995068
14/04/2025 08:55,London Brixton,Diana Veilleux,"Large Speciality Tea - Earl Grey - 1.60, Regular Smoothies - Carrot Kick - 2.00, Large Cappuccino - 2.45, Regular Speciality Tea - Earl Grey - 1.30, Regular Espresso - 1.50, Large Cappuccino - 2.45",11.3,CASH,
14/04/2025 08:56,London Brixton,Catherine Johnson,"Large Frappes - Strawberries & Cream - 3.25, Large Smoothies - Carrot Kick - 2.50, Large Smoothies - Glowing Greens - 2.50",8.25,CARD,3350047614080747
14/04/2025 08:57,London Brixton,Michael Rodriguez,"Regular Iced americano - 2.15, Large Smoothies - Carrot Kick - 2.50, Regular Iced americano - 2.15, Large Cappuccino - 2.45",9.25,CARD,7824998895942736
14/04/2025 08:58,London Brixton,Sarah Galindo,"Regular Hot chocolate - 2.20, Regular Smoothies - Carrot Kick - 2.00, Large Frappes - Strawberries & Cream - 3.25, Large Frappes - Strawberries & Cream - 3.25",10.7,CASH,
14/04/2025 08:59,London Brixton,Debra Johnson,"Regular Speciality Tea - Earl Grey - 1.30, Large Speciality Tea - Earl Grey - 1.60, Regular Speciality Tea - Earl Grey - 1.30",4.2,CASH,
14/04/2025 08:59,London Brixton,Kimberly Faurrieta,"Regular Hot chocolate - 2.20, Large Cappuccino - 2.45, Regular Hot chocolate - 2.20",6.85,CASH,
14/04/2025 09:00,London Brixton,Trudy Reding,"Large Cappuccino - 2.45, Large Smoothies - Glowing Greens - 2.50, Regular Iced americano - 2.15",7.1,CARD,4703218369204551
14/04/2025 09:02,London Brixton,Kimberly Moss,"Large Frappes - Strawberries & Cream - 3.25, Regular Smoothies - Glowing Greens - 2.00, Regular Smoothies - Glowing Greens - 2.00, Regular Cappuccino - 2.15",9.4,CASH,
14/04/2025 09:03,London Brixton,Audrey Grant,"Large Espresso - 1.80, Regular Espresso - 1.50",3.3,CARD,1722544087172500
14/04/2025 09:04,London Brixton,Carolyn Boyd,"Large Iced americano - 2.50, Large Speciality Tea - Earl Grey - 1.60",4.1,CASH,
14/04/2025 09:05,London Brixton,Anderson Pendarvis,"Regular Cappuccino - 2.15, Large Espresso - 1.80",3.95,CASH,
14/04/2025 09:06,London Brixton,Robert Davis,"Regular Frappes - Strawberries & Cream - 2.75, Regular Hot chocolate - 2.20, Large Speciality Tea - Earl Grey - 1.60, Regular Frappes - Strawberries & Cream - 2.75",9.3,CARD,9618295234615410
14/04/2025 09:07,London Brixton,Bobby Kline,"Large Hot chocolate - 2.90, Regular Smoothies - Glowing Greens - 2.00, Large Speciality Tea - Earl Grey - 1.60",6.5,CASH,
14/04/2025 09:09,London Brixton,Phyllis Brus,"Large Smoothies - Glowing Greens - 2.50, Regular Frappes - Strawberries & Cream - 2.75, Large Cappuccino - 2.45",7.7,CARD,6542362544551379
14/04/2025 09:10,London Brixton,Earl Gabbard,"Large Smoothies - Glowing Greens - 2.50, Large Hot chocolate - 2.90",5.4,CARD,1198461983842167
14/04/2025 09:11,London Brixton,Stephen Angulo,"Regular Smoothies - Carrot Kick - 2.00, Regular Hot chocolate - 2.20, Regular Hot chocolate - 2.20",6.4,CASH,
14/04/2025 09:12,London Brixton,Kimberly Ebert,"Regular Speciality Tea - Earl Grey - 1.30, Regular Cappuccino - 2.15",3.45,CASH,
14/04/2025 09:13,London Brixton,Lupe Hancock,"Regular Iced americano - 2.15, Regular Iced americano - 2.15, Large Smoothies - Carrot Kick - 2.50, Large Iced americano - 2.50",9.3,CASH,
14/04/2025 09:14,London Brixton,Pamela Casillas,"Large Cappuccino - 2.45, Regular Hot chocolate - 2.20, Regular Frappes - Strawberries & Cream - 2.75",7.4,CARD,3871374436413983
14/04/2025 09:16,London Brixton,Michael Boydston,"Regular Smoothies - Carrot Kick - 2.00, Regular Smoothies - Carrot Kick - 2.00",4.0,CARD,7573061007883214
14/04/2025 09:17,London Brixton,Margie Richard,Regular Speciality Tea - Earl Grey - 1.30,1.3,CASH,
14/04/2025 09:18,London Brixton,Victor Landry,"Large Speciality Tea - Earl Grey - 1.60, Regular Frappes - Strawberries & Cream - 2.75, Large Hot chocolate - 2.90",7.25,CASH,
14/04/2025 09:19,London Brixton,David Mccarty,"Regular Smoothies - Carrot Kick - 2.00, Large Smoothies - Glowing Greens - 2.50, Large Hot chocolate - 2.90, Large Smoothies - Carrot Kick - 2.50, Large Iced americano - 2.50",12.4,CARD,9151136736675625
14/04/2025 09:20,London Brixton,Cecil Castillo,"Large Smoothies - Glowing Greens - 2.50, Large Hot chocolate - 2.90, Large Iced americano - 2.50",7.9,CARD,6069249082406194
14/04/2025 09:21,London Brixton,Richard Cook,"Regular Cappuccino - 2.15, Large Cappuccino - 2.45, Large Cappuccino - 2.45, Large Cappuccino - 2.45, Regular Frappes - Strawberries & Cream - 2.75, Regular Hot chocolate - 2.20",14.45,CASH,
14/04/2025 09:23,London Brixton,Katherine Pickering,"Large Smoothies - Carrot Kick - 2.50, Large Iced americano - 2.50, Regular Iced americano - 2.15",7.15,CARD,8187477345958449
14/04/2025 09:24,London Brixton,Maria Gaylor,"Regular Speciality Tea - Earl Grey - 1.30, Regular Iced americano - 2.15, Regular Hot chocolate - 2.20",5.65,CARD,6445957595887560
14/04/2025 09:25,London Brixton,William Plunk,Regular Cappuccino - 2.15,2.15,CARD,1302115995114685
14/04/2025 09:26,London Brixton,Dudley Mobley,"Regular Speciality Tea - Earl Grey - 1.30, Regular Speciality Tea - Earl Grey - 1.30, Large Cappuccino - 2.45",5.05,CASH,
14/04/2025 09:27,London Brixton,Beverly Olson,"Regular Speciality Tea - Earl Grey - 1.30, Large Speciality Tea - Earl Grey - 1.60",2.9,CARD,8136637589600887
14/04/2025 09:28,London Brixton,Margaret Tarnowski,Regular Speciality Tea - Earl Grey - 1.30,1.3,CASH,
14/04/2025 09:30,London Brixton,Terri Walker,"Regular Cappuccino - 2.15, Large Smoothies - Glowing Greens - 2.50, Regular Espresso - 1.50",6.15,CARD,4742583898751208
14/04/2025 09:31,London Brixton,Christopher Beaty,"Regular Hot chocolate - 2.20, Large Smoothies - Carrot Kick - 2.50",4.7,CARD,4077394700728117
14/04/2025 09:32,London Brixton,Matthew Delcour,"Regular Espresso - 1.50, Regular Hot chocolate - 2.20, Large Iced americano - 2.50, Regular Frappes - Strawberries & Cream - 2.75",8.95,CARD,1442170693216963
14/04/2025 09:33,London Brixton,Pauline Kern,"Large Cappuccino - 2.45, Large Smoothies - Carrot Kick - 2.50",4.95,CARD,5575893499057749
14/04/2025 09:34,London Brixton,Paul Woods,"Regular Speciality Tea - Earl Grey - 1.30, Large Iced americano - 2.50, Regular Speciality Tea - Earl Grey - 1.30",5.1,CASH,
14/04/2025 09:35,London Brixton,Dale Mosley,"Regular Smoothies - Carrot Kick - 2.00, Large Iced americano - 2.50",4.5,CARD,4306355620109858
14/04/2025 09:37,London Brixton,Elizebeth Jordan,Large Speciality Tea - Earl Grey - 1.60,1.6,CARD,6862588403576893
14/04/2025 09:38,London Brixton,Omer Minor,"Large Frappes - Strawberries & Cream - 3.25, Regular Smoothies - Carrot Kick - 2.00, Regular Hot chocolate - 2.20",7.45,CASH,
14/04/2025 09:39,London Brixton,Max Plantz,"Large Iced americano - 2.50, Regular Speciality Tea - Earl Grey - 1.30, Regular Iced americano - 2.15, Regular Hot chocolate - 2.20",8.15,CARD,9116677439016563
14/04/2025 09:40,London Brixton,Sara Jackson,"Large Speciality Tea - Earl Grey - 1.60, Regular Iced americano - 2.15, Regular Iced americano - 2.15, Regular Hot chocolate - 2.20",8.1,CARD,7213891671473458
14/04/2025 09:41,London Brixton,Vernon Gil,Large Smoothies - Glowing Greens - 2.50,2.5,CARD,5250662680649564
14/04/2025 09:42,London Brixton,Heather Batton,"Large Speciality Tea - Earl Grey - 1.60, Large Iced americano - 2.50, Large Iced americano - 2.50",6.6,CARD,4722333606301841
14/04/2025 09:44,London Brixton,Myra Pasley,"Large Espresso - 1.80, Large Frappes - Strawberries & Cream - 3.25, Large Espresso - 1.80",6.85,CARD,9755064831470445
14/04/2025 09:45,London Brixton,Steven Bueckers,"Large Iced americano - 2.50, Regular Smoothies - Glowing Greens - 2.00, Large Speciality Tea - Earl Grey - 1.60",6.1,CARD,5257535000302731
14/04/2025 09:46,London Brixton,Anna Kerfoot,"Large Smoothies - Carrot Kick - 2.50, Large Smoothies - Carrot Kick - 2.50",5.0,CARD,4071438084961154
14/04/2025 09:47,London Brixton,Rene Groves,"Large Smoothies - Carrot Kick - 2.50, Regular Espresso - 1.50, Large Hot chocolate - 2.90, Large Smoothies - Carrot Kick - 2.50, Large Hot chocolate - 2.90",12.3,CARD,1645533672702746
14/04/2025 09:48,London Brixton,Nancy Pursifull,"Regular Speciality Tea - Earl Grey - 1.30, Large Smoothies - Carrot Kick - 2.50, Large Speciality Tea - Earl Grey - 1.60",5.4,CARD,7496412512592469
14/04/2025 09:49,London Brixton,Hugh Dittmer,"Regular Hot chocolate - 2.20, Large Smoothies - Carrot Kick - 2.50, Regular Speciality Tea - Earl Grey - 1.30",6.0,CASH,
14/04/2025 09:51,London Brixton,Edward Palomo,"Regular Iced americano - 2.15, Large Iced americano - 2.50, Large Smoothies - Glowing Greens - 2.50, Large Frappes - Strawberries & Cream - 3.25, Large Hot chocolate - 2.90",13.3,CASH,
14/04/2025 09:52,London Brixton,Garry Leigh,"Large Hot chocolate - 2.90, Large Cappuccino - 2.45, Large Cappuccino - 2.45, Large Frappes - Strawberries & Cream - 3.25, Regular Hot chocolate - 2.20, Large Cappuccino - 2.45",15.7,CARD,3019448557509185
14/04/2025 09:53,London Brixton,John Kuhn,"Large Smoothies - Glowing Greens - 2.50, Regular Speciality Tea - Earl Grey - 1.30, Large Cappuccino - 2.45",6.25,CARD,9921796017901477
14/04/2025 09:54,London Brixton,Bruce Frantz,Large Espresso - 1.80,1.8,CASH,
14/04/2025 09:55,London Brixton,Stephanie Lapalme,"Large Smoothies - Glowing Greens - 2.50, Regular Speciality Tea - Earl Grey - 1.30",3.8,CASH,
14/04/2025 09:56,London Brixton,Roger Vargas,"Regular Frappes - Strawberries & Cream - 2.75, Large Smoothies - Carrot Kick - 2.50, Regular Iced americano - 2.15, Large Speciality Tea - Earl Grey - 1.60, Regular Smoothies - Glowing Greens - 2.00, Regular Espresso - 1.50",12.5,CASH,
14/04/2025 09:58,London Brixton,Renata Heuer,Regular Hot chocolate - 2.20,2.2,CARD,9522755602007343
14/04/2025 09:59,London Brixton,Michael West,"Large Smoothies - Carrot Kick - 2.50, Regular Smoothies - Glowing Greens - 2.00, Regular Hot chocolate - 2.20, Regular Smoothies - Glowing Greens - 2.00, Large Iced americano - 2.50",11.2,CARD,3255618651083245
14/04/2025 10:00,London Brixton,Jason Coffey,"Large Smoothies - Glowing Greens - 2.50, Regular Cappuccino - 2.15, Large Cappuccino - 2.45, Large Smoothies - Glowing Greens - 2.50, Regular Smoothies - Carrot Kick - 2.00, Large Espresso - 1.80",13.4,CASH,
14/04/2025 10:01,London Brixton,Gerald Keeley,"Regular Hot chocolate - 2.20, Large Smoothies - Carrot Kick - 2.50, Regular Frappes - Strawberries & Cream - 2.75",7.45,CARD,3496401145047362
14/04/2025 10:02,London Brixton,Donna Guerrero,"Large Espresso - 1.80, Regular Espresso - 1.50, Regular Smoothies - Carrot Kick - 2.00, Large Smoothies - Carrot Kick - 2.50, Large Iced americano - 2.50",10.3,CASH,
14/04/2025 10:03,London Brixton,Wesley Whitsett,"Regular Iced americano - 2.15, Large Smoothies - Carrot Kick - 2.50, Large Frappes - Strawberries & Cream - 3.25, Regular Smoothies - Glowing Greens - 2.00, Large Speciality Tea - Earl Grey - 1.60",11.5,CARD,9805500160703021
14/04/2025 10:05,London Brixton,Rose Sharp,"Regular Cappuccino - 2.15, Regular Hot chocolate - 2.20, Large Smoothies - Glowing Greens - 2.50, Regular Hot chocolate - 2.20, Regular Smoothies - Glowing Greens - 2.00",11.05,CASH,
14/04/2025 10:06,London Brixton,James Garretson,Large Smoothies - Carrot Kick - 2.50,2.5,CARD,8465886049763471
14/04/2025 10:07,London Brixton,Mark Reif,"Regular Hot chocolate - 2.20, Large Hot chocolate - 2.90, Regular Speciality Tea - Earl Grey - 1.30",6.4,CASH,
14/04/2025 10:08,London Brixton,Pamela Patton,"Large Iced americano - 2.50, Large Smoothies - Glowing Greens - 2.50, Regular Speciality Tea - Earl Grey - 1.30, Large Iced americano - 2.50",8.8,CARD,4293971842124566
14/04/2025 10:09,London Brixton,Jessica Wilcox,"Regular Iced americano - 2.15, Regular Frappes - Strawberries & Cream - 2.75, Regular Cappuccino - 2.15",7.05,CARD,3046512820411987
14/04/2025 10:10,London Brixton,Martha Rodgers,"Regular Iced americano - 2.15, Regular Espresso - 1.50, Regular Speciality Tea - Earl Grey - 1.30",4.95,CARD,4853803475546894
14/04/2025 10:12,London Brixton,Nicole Carmichael,"Regular Frappes - Strawberries & Cream - 2.75, Large Smoothies - Glowing Greens - 2.50",5.25,CARD,4676676257744055
14/04/2025 10:13,London Brixton,Brandi Zorns,"Regular Speciality Tea - Earl Grey - 1.30, Regular Speciality Tea - Earl Grey - 1.30, Regular Smoothies - Carrot Kick - 2.00, Regular Hot chocolate - 2.20, Regular Smoothies - Carrot Kick - 2.00",8.8,CASH,
14/04/2025 10:14,London Brixton,James Zuniga,"Regular Speciality Tea - Earl Grey - 1.30, Regular Iced americano - 2.15, Regular Frappes - Strawberries & Cream - 2.75",6.2,CARD,3133689587980441
14/04/2025 10:15,London Brixton,Daniel Stiegman,"Large Hot chocolate - 2.90, Large Hot chocolate - 2.90, Regular Speciality Tea - Earl Grey - 1.30, Large Hot chocolate - 2.90",10.0,CASH,
14/04/2025 10:16,London Brixton,Zenobia Potts,Large Smoothies - Glowing Greens - 2.50,2.5,CARD,5529882518293535
14/04/2025 10:17,London Brixton,Emily Choi,"Large Smoothies - Glowing Greens - 2.50, Large Iced americano - 2.50",5.0,CARD,6651063955665492
14/04/2025 10:19,London Brixton,Jennifer Alvardo,"Regular Smoothies - Glowing Greens - 2.00, Regular Espresso - 1.50, Regular Espresso - 1.50, Large Smoothies - Carrot Kick - 2.50, Large Hot chocolate - 2.90, Regular Hot chocolate - 2.20",12.6,CASH,
14/04/2025 10:20,London Brixton,Karl Torres,"Large Espresso - 1.80, Regular Espresso - 1.50, Large Frappes - Strawberries & Cream - 3.25, Large Espresso - 1.80",8.35,CARD,6628054108674951
14/04/2025 10:21,London Brixton,Larry Gaines,"Regular Hot chocolate - 2.20, Regular Frappes - Strawberries & Cream - 2.75, Large Smoothies - Carrot Kick - 2.50, Large Iced americano - 2.50, Large Hot chocolate - 2.90, Regular Smoothies - Glowing Greens - 2.00",14.85,CASH,
14/04/2025 10:22,London Brixton,Jamie Williams,Large Cappuccino - 2.45,2.45,CARD,8814386836751159
14/04/2025 10:23,London Brixton,Leila Mimaki,"Regular Smoothies - Glowing Greens - 2.00, Regular Speciality Tea - Earl Grey - 1.30",3.3,CASH,
14/04/2025 10:24,London Brixton,Carol Scobee,"Large Iced americano - 2.50, Regular Cappuccino - 2.15",4.65,CARD,4439962778007746
14/04/2025 10:26,London Brixton,Marina Eager,Regular Frappes - Strawberries & Cream - 2.75,2.75,CARD,9394315676985333
14/04/2025 10:27,London Brixton,Daniel Mathis,"Regular Smoothies - Glowing Greens - 2.00, Large Hot chocolate - 2.90, Regular Speciality Tea - Earl Grey - 1.30, Large Smoothies - Glowing Greens - 2.50, Regular Espresso - 1.50",10.2,CARD,3410420281031608
14/04/2025 10:28,London Brixton,Alice Rodriguez,Large Iced americano - 2.50,2.5,CARD,2125353530301914
14/04/2025 10:29,London Brixton,Danna Massey,"Large Frappes - Strawberries & Cream - 3.25, Large Smoothies - Glowing Greens - 2.50",5.75,CARD,2635046704958606
14/04/2025 10:30,London Brixton,Dorothy Garcia,"Regular Smoothies - Glowing Greens - 2.00, Regular Espresso - 1.50",3.5,CARD,5263641960083056
14/04/2025 10:31,London Brixton,Tony Challis,"Large Hot chocolate - 2.90, Large Cappuccino - 2.45",5.35,CARD,8148867746899089
14/04/2025 10:33,London Brixton,Winfred Garcia,Regular Iced americano - 2.15,2.15,CASH,
14/04/2025 10:34,London Brixton,Jane Canales,Large Speciality Tea - Earl Grey - 1.60,1.6,CASH,
14/04/2025 10:35,London Brixton,Sharon Sams,"Large Smoothies - Carrot Kick - 2.50, Large Iced americano - 2.50, Regular Smoothies - Glowing Greens - 2.00, Regular Smoothies - Glowing Greens - 2.00",9.0,CARD,7445109831463342
14/04/2025 10:36,London Brixton,Patrick Russell,Regular Speciality Tea - Earl Grey - 1.30,1.3,CASH,
14/04/2025 10:37,London Brixton,George Knisley,Large Iced americano - 2.50,2.5,CASH,
14/04/2025 10:38,London Brixton,Jose Constantine,"Large Frappes - Strawberries & Cream - 3.25, Regular Iced americano - 2.15, Large Iced americano - 2.50, Large Hot chocolate - 2.90, Regular Speciality Tea - Earl Grey - 1.30",12.1,CARD,6814702684599287
14/04/2025 10:40,London Brixton,Wanda Wedemeyer,Regular Cappuccino - 2.15,2.15,CARD,7012786675359652
14/04/2025 10:41,London Brixton,Mark Rubin,"Large Speciality Tea - Earl Grey - 1.60, Regular Hot chocolate - 2.20, Large Speciality Tea - Earl Grey - 1.60",5.4,CARD,4806125940515903
14/04/2025 10:42,London Brixton,Wanda Swims,Regular Iced americano - 2.15,2.15,CARD,6059571965201560
14/04/2025 10:43,London Brixton,Kim Mcguirl,"Large Smoothies - Glowing Greens - 2.50, Large Frappes - Strawberries & Cream - 3.25",5.75,CASH,
14/04/2025 10:44,London Brixton,Flora Martin,"Regular Speciality Tea - Earl Grey - 1.30, Regular Iced americano - 2.15, Large Frappes - Strawberries & Cream - 3.25",6.7,CARD,8090435260070325
14/04/2025 10:45,London Brixton,Susan Walker,"Regular Iced americano - 2.15, Large Smoothies - Carrot Kick - 2.50, Regular Frappes - Strawberries & Cream - 2.75",7.4,CASH,
14/04/2025 10:47,London Brixton,David Cook,"Large Smoothies - Glowing Greens - 2.50, Regular Iced americano - 2.15, Large Iced americano - 2.50, Large Hot chocolate - 2.90, Regular Frappes - Strawberries & Cream - 2.75",12.8,CARD,5186135237096866
14/04/2025 10:48,London Brixton,Beverly Marrero,Regular Smoothies - Glowing Greens - 2.00,2.0,CARD,7529227862248381
14/04/2025 10:49,London Brixton,Clemente Gonzalez,Large Smoothies - Glowing Greens - 2.50,2.5,CARD,7227239389731077
14/04/2025 10:50,London Brixton,Claude Wheeler,"Regular Cappuccino - 2.15, Large Cappuccino - 2.45, Large Hot chocolate - 2.90, Large Speciality Tea - Earl Grey - 1.60",9.1,CASH,
14/04/2025 10:51,London Brixton,Margaret Spicer,"Regular Espresso - 1.50, Large Cappuccino - 2.45, Regular Smoothies - Glowing Greens - 2.00",5.95,CARD,1350696157365989
14/04/2025 10:52,London Brixton,Yolanda Knedler,"Large Speciality Tea - Earl Grey - 1.60, Regular Hot chocolate - 2.20, Large Speciality Tea - Earl Grey - 1.60",5.4,CARD,9315542353609350
14/04/2025 10:54,London Brixton,Lesley Irvin,Regular Iced americano - 2.15,2.15,CARD,9967673514818932
14/04/2025 10:55,London Brixton,Marion Saucedo,"Large Hot chocolate - 2.90, Regular Frappes - Strawberries & Cream - 2.75, Regular Hot chocolate - 2.20, Large Espresso - 1.80, Regular Smoothies - Glowing Greens - 2.00",11.65,CASH,
14/04/2025 10:56,London Brixton,Clyde Donegan,"Regular Smoothies - Glowing Greens - 2.00, Regular Cappuccino - 2.15",4.15,CARD,3489899624374344
14/04/2025 10:57,London Brixton,Norma Keyes,"Large Espresso - 1.80, Regular Cappuccino - 2.15, Large Iced americano - 2.50, Regular Espresso - 1.50",7.95,CARD,3254366960793977
14/04/2025 10:58,London Brixton,Abraham Marsh,Large Speciality Tea - Earl Grey - 1.60,1.6,CARD,3732220074201605
14/04/2025 10:59,London Brixton,Dianne Tackett,"Large Iced americano - 2.50, Regular Smoothies - Glowing Greens - 2.00, Regular Cappuccino - 2.15, Large Speciality Tea - Earl Grey - 1.60",8.25,CASH,
14/04/2025 11:01,London Brixton,Melissa Rogers,Regular Cappuccino - 2.15,2.15,CASH,
14/04/2025 11:03,London Brixton,Deborah Wilcox,"Regular Frappes - Strawberries & Cream - 2.75, Regular Speciality Tea - Earl Grey - 1.30, Regular Iced americano - 2.15",6.2,CARD,7468302292737190
14/04/2025 11:04,London Brixton,Donna Roberts,"Regular Hot chocolate - 2.20, Regular Smoothies - Carrot Kick - 2.00, Regular Smoothies - Carrot Kick - 2.00, Regular Frappes - Strawberries & Cream - 2.75",8.95,CARD,9184358191882204
14/04/2025 11:06,London Brixton,Rose Hayes,"Regular Smoothies - Carrot Kick - 2.00, Large Speciality Tea - Earl Grey - 1.60, Regular Smoothies - Glowing Greens - 2.00, Regular Frappes - Strawberries & Cream - 2.75",8.35,CARD,2711328560234533
14/04/2025 11:08,London Brixton,Karen Smith,"Large Speciality Tea - Earl Grey - 1.60, Large Hot chocolate - 2.90, Large Smoothies - Glowing Greens - 2.50",7.0,CASH,
14/04/2025 11:10,London Brixton,Diana Slack,Large Smoothies - Glowing Greens - 2.50,2.5,CASH,
14/04/2025 11:12,London Brixton,Jeremy Harrison,"Regular Espresso - 1.50, Large Espresso - 1.80, Regular Speciality Tea - Earl Grey - 1.30, Large Hot chocolate - 2.90",7.5,CARD,3694496039750671
14/04/2025 11:14,London Brixton,Andrew Hinman,Regular Cappuccino - 2.15,2.15,CARD,5941961023218591
14/04/2025 11:16,London Brixton,Cynthia Antoine,"Regular Smoothies - Glowing Greens - 2.00, Large Cappuccino - 2.45, Large Espresso - 1.80",6.25,CASH,
14/04/2025 11:17,London Brixton,Georgetta Carroll,"Regular Hot chocolate - 2.20, Large Espresso - 1.80, Large Cappuccino - 2.45, Regular Smoothies - Glowing Greens - 2.00",8.45,CARD,6967289545048368
14/04/2025 11:19,London Brixton,Joseph Hampton,"Regular Hot chocolate - 2.20, Large Speciality Tea - Earl Grey - 1.60, Regular Cappuccino - 2.15, Regular Smoothies - Carrot Kick - 2.00",7.95,CARD,7606186348895745
14/04/2025 11:21,London Brixton,Steven Fellers,Large Cappuccino - 2.45,2.45,CARD,5381151512636976
14/04/2025 11:23,London Brixton,Phillip Castillo,"Regular Speciality Tea - Earl Grey - 1.30, Regular Smoothies - Glowing Greens - 2.00",3.3,CARD,2516019012890167
14/04/2025 11:25,London Brixton,Timothy Donoho,"Regular Speciality Tea - Earl Grey - 1.30, Regular Cappuccino - 2.15, Large Cappuccino - 2.45, Large Cappuccino - 2.45",8.35,CARD,9964529952420348
14/04/2025 11:27,London Brixton,Edward Reno,"Regular Speciality Tea - Earl Grey - 1.30, Regular Frappes - Strawberries & Cream - 2.75, Large Cappuccino - 2.45, Regular Hot chocolate - 2.20",8.7,CARD,2672425090555256
14/04/2025 11:29,London Brixton,Renee Park,"Regular Smoothies - Carrot Kick - 2.00, Large Iced americano - 2.50",4.5,CASH,
14/04/2025 11:31,London Brixton,Miriam Lander,"Regular Cappuccino - 2.15, Large Smoothies - Glowing Greens - 2.50",4.65,CASH,
14/04/2025 11:32,London Brixton,Abel Sigman,"Large Smoothies - Glowing Greens - 2.50, Regular Speciality Tea - Earl Grey - 1.30",3.8,CARD,2888456227496526
14/04/2025 11:34,London Brixton,Alejandro Palomaki,Large Frappes - Strawberries & Cream - 3.25,3.25,CASH,
14/04/2025 11:36,London Brixton,Donald Swanagan,"Regular Speciality Tea - Earl Grey - 1.30, Large Cappuccino - 2.45, Regular Frappes - Strawberries & Cream - 2.75",6.5,CARD,2114108885756559
14/04/2025 11:38,London Brixton,Lloyd Pratt,"Large Iced americano - 2.50, Large Frappes - Strawberries & Cream - 3.25, Large Cappuccino - 2.45, Regular Smoothies - Carrot Kick - 2.00",10.2,CARD,3996458117540033
14/04/2025 11:40,London Brixton,Julie Starr,Regular Frappes - Strawberries & Cream - 2.75,2.75,CASH,
14/04/2025 11:42,London Brixton,Gerald Alvarez,"Large Smoothies - Carrot Kick - 2.50, Regular Smoothies - Carrot Kick - 2.00, Regular Espresso - 1.50, Regular Smoothies - Glowing Greens - 2.00",8.0,CARD,4083905619418866
14/04/2025 11:44,London Brixton,Lynette Sanders,"Regular Espresso - 1.50, Regular Smoothies - Carrot Kick - 2.00",3.5,CARD,8180711483162302
14/04/2025 11:45,London Brixton,Samantha Hoffman,"Regular Smoothies - Carrot Kick - 2.00, Large Speciality Tea - Earl Grey - 1.60",3.6,CASH,
14/04/2025 11:47,London Brixton,Aaron Perez,"Large Speciality Tea - Earl Grey - 1.60, Regular Espresso - 1.50, Regular Hot chocolate - 2.20",5.3,CASH,
14/04/2025 11:49,London Brixton,William Finlay,"Regular Espresso - 1.50, Regular Frappes - Strawberries & Cream - 2.75, Regular Hot chocolate - 2.20, Regular Frappes - Strawberries & Cream - 2.75, Large Smoothies - Carrot Kick - 2.50",11.7,CASH,
14/04/2025 11:51,London Brixton,Lorelei Sullivan,"Large Smoothies - Carrot Kick - 2.50, Large Iced americano - 2.50",5.0,CARD,7574330639343639
14/04/2025 11:53,London Brixton,Kimberly Young,"Large Hot chocolate - 2.90, Regular Smoothies - Glowing Greens - 2.00",4.9,CARD,2951330094034374
14/04/2025 11:55,London Brixton,Daniel Howard,Regular Iced americano - 2.15,2.15,CASH,
14/04/2025 11:57,London Brixton,Jose Enciso,"Large Cappuccino - 2.45, Regular Smoothies - Carrot Kick - 2.00",4.45,CARD,4198581479623163
14/04/2025 11:59,London Brixton,Hilda Callahan,"Regular Frappes - Strawberries & Cream - 2.75, Regular Frappes - Strawberries & Cream - 2.75, Regular Smoothies - Glowing Greens - 2.00, Large Frappes - Strawberries & Cream - 3.25, Regular Iced americano - 2.15",12.9,CARD,5470215540772881
14/04/2025 12:00,London Brixton,Frank Cotten,"Regular Iced americano - 2.15, Large Frappes - Strawberries & Cream - 3.25",5.4,CARD,9812399153934167
14/04/2025 12:02,London Brixton,Thelma Groves,Large Cappuccino - 2.45,2.45,CARD,3316508794429703
14/04/2025 12:04,London Brixton,Richard Kopplin,Large Hot chocolate - 2.90,2.9,CASH,
14/04/2025 12:06,London Brixton,Harold Timko,"Large Smoothies - Carrot Kick - 2.50, Regular Smoothies - Glowing Greens - 2.00",4.5,CASH,
14/04/2025 12:08,London Brixton,Christine Lawrence,"Regular Iced americano - 2.15, Large Espresso - 1.80, Regular Speciality Tea - Earl Grey - 1.30, Regular Smoothies - Glowing Greens - 2.00",7.25,CARD,1289582502846369
14/04/2025 12:10,London Brixton,Donald Roll,Large Smoothies - Glowing Greens - 2.50,2.5,CARD,1288137976424468
14/04/2025 12:12,London Brixton,April Atwater,"Regular Iced americano - 2.15, Large Smoothies - Carrot Kick - 2.50, Large Smoothies - Glowing Greens - 2.50, Regular Frappes - Strawberries & Cream - 2.75, Large Smoothies - Carrot Kick - 2.50, Large Smoothies - Carrot Kick - 2.50",14.9,CASH,
14/04/2025 12:14,London Brixton,Alexandra Chu,Large Iced americano - 2.50,2.5,CARD,2205106504061919
14/04/2025 12:16,London Brixton,Phyllis Allen,"Regular Espresso - 1.50, Regular Hot chocolate - 2.20, Regular Speciality Tea - Earl Grey - 1.30, Large Speciality Tea - Earl Grey - 1.60",6.6,CARD,5279422463495915
14/04/2025 12:18,London Brixton,Sherri Turnbow,"Regular Espresso - 1.50, Regular Hot chocolate - 2.20, Large Frappes - Strawberries & Cream - 3.25, Large Hot chocolate - 2.90",9.85,CARD,9219241762167744
14/04/2025 12:20,London Brixton,Eugene Godwin,"Large Espresso - 1.80, Large Smoothies - Glowing Greens - 2.50",4.3,CARD,7927643036874841
14/04/2025 12:22,London Brixton,Muriel Stokes,"Large Iced americano - 2.50, Large Iced americano - 2.50",5.0,CASH,
14/04/2025 12:24,London Brixton,Nicole Parker,"Regular Espresso - 1.50, Large Espresso - 1.80, Large Cappuccino - 2.45, Regular Smoothies - Carrot Kick - 2.00",7.75,CARD,8056705140902653
14/04/2025 12:26,London Brixton,Minnie Hatfield,"Regular Speciality Tea - Earl Grey - 1.30, Regular Espresso - 1.50, Large Iced americano - 2.50",5.3,CARD,3822900672411596
14/04/2025 12:27,London Brixton,Ronnie Thomas,"Large Speciality Tea - Earl Grey - 1.60, Large Frappes - Strawberries & Cream - 3.25",4.85,CARD,8688981119626728
14/04/2025 12:29,London Brixton,Gary Melchor,Large Frappes - Strawberries & Cream - 3.25,3.25,CASH,
14/04/2025 12:31,London Brixton,Michael Holmes,"Large Smoothies - Carrot Kick - 2.50, Regular Frappes - Strawberries & Cream - 2.75, Regular Frappes - Strawberries & Cream - 2.75",8.0,CARD,2091728478565687
14/04/2025 12:33,London Brixton,Eric Barnett,Large Iced americano - 2.50,2.5,CARD,6332224593767837
14/04/2025 12:35,London Brixton,Michael Brown,"Regular Hot chocolate - 2.20, Regular Speciality Tea - Earl Grey - 1.30, Regular Smoothies - Glowing Greens - 2.00",5.5,CARD,6773767866489910
14/04/2025 12:37,London Brixton,Daniel Rynn,"Large Espresso - 1.80, Regular Espresso - 1.50, Large Cappuccino - 2.45, Regular Smoothies - Glowing Greens - 2.00, Regular Hot chocolate - 2.20",9.95,CARD,3145793616909464
14/04/2025 12:39,London Brixton,Deborah Ortega,"Regular Smoothies - Glowing Greens - 2.00, Regular Speciality Tea - Earl Grey - 1.30, Large Smoothies - Carrot Kick - 2.50, Regular Iced americano - 2.15",7.95,CARD,6944180454803388
14/04/2025 12:41,London Brixton,Evelyn Buck,"Large Smoothies - Carrot Kick - 2.50, Regular Speciality Tea - Earl Grey - 1.30, Large Smoothies - Carrot Kick - 2.50, Regular Hot chocolate - 2.20",8.5,CASH,
14/04/2025 12:43,London Brixton,Jennifer Lucas,"Regular Smoothies - Glowing Greens - 2.00, Large Iced americano - 2.50",4.5,CARD,2416127842158687
14/04/2025 12:45,London Brixton,Catherine Kerner,Regular Smoothies - Glowing Greens - 2.00,2.0,CARD,5606930207212035
14/04/2025 12:47,London Brixton,Freddie Clark,"Regular Smoothies - Carrot Kick - 2.00, Regular Espresso - 1.50, Large Hot chocolate - 2.90",6.4,CARD,2131904319204609
14/04/2025 12:49,London Brixton,David Valliant,"Large Frappes - Strawberries & Cream - 3.25, Large Espresso - 1.80",5.05,CARD,4164334911892463
14/04/2025 12:51,London Brixton,Jacob Kannenberg,"Regular Espresso - 1.50, Large Speciality Tea - Earl Grey - 1.60",3.1,CASH,
14/04/2025 12:53,London Brixton,Geraldine Patino,"Regular Speciality Tea - Earl Grey - 1.30, Regular Iced americano - 2.15",3.45,CARD,5192432746941891
14/04/2025 12:55,London Brixton,Mark Newsome,"Regular Frappes - Strawberries & Cream - 2.75, Large Smoothies - Glowing Greens - 2.50, Regular Smoothies - Carrot Kick - 2.00, Regular Hot chocolate - 2.20",9.45,CARD,4531740112560306
14/04/2025 12:56,London Brixton,William Baumgardner,"Regular Frappes - Strawberries & Cream - 2.75, Large Espresso - 1.80, Regular Espresso - 1.50, Regular Hot chocolate - 2.20",8.25,CARD,3702645102069714
14/04/2025 12:58,London Brixton,Elaine Cheng,"Large Iced americano - 2.50, Large Speciality Tea - Earl Grey - 1.60",4.1,CARD,7580170560191897
14/04/2025 13:00,London Brixton,Eric Abrams,"Large Iced americano - 2.50, Regular Frappes - Strawberries & Cream - 2.75, Regular Hot chocolate - 2.20, Large Hot chocolate - 2.90",10.35,CARD,1009003025199537
14/04/2025 13:01,London Brixton,Caleb Frink,"Regular Smoothies - Glowing Greens - 2.00, Regular Speciality Tea - Earl Grey - 1.30, Regular Smoothies - Glowing Greens - 2.00, Large Frappes - Strawberries & Cream - 3.25",8.55,CASH,
14/04/2025 13:02,London Brixton,Robert Chappell,Large Iced americano - 2.50,2.5,CARD,6829407633025051
14/04/2025 13:03,London Brixton,Antonio Glaspie,"Regular Frappes - Strawberries & Cream - 2.75, Large Iced americano - 2.50",5.25,CARD,1856602967505501
14/04/2025 13:04,London Brixton,Anita Wiggins,Regular Espresso - 1.50,1.5,CASH,
14/04/2025 13:05,London Brixton,David Garcia,"Large Smoothies - Carrot Kick - 2.50, Regular Smoothies - Glowing Greens - 2.00, Large Frappes - Strawberries & Cream - 3.25, Large Espresso - 1.80",9.55,CASH,
14/04/2025 13:06,London Brixton,Lisa Lugo,"Regular Cappuccino - 2.15, Large Smoothies - Glowing Greens - 2.50, Regular Espresso - 1.50",6.15,CARD,9895307205243487
14/04/2025 13:07,London Brixton,Elmer Drummond,"Large Cappuccino - 2.45, Regular Hot chocolate - 2.20, Regular Espresso - 1.50, Large Frappes - Strawberries & Cream - 3.25, Regular Hot chocolate - 2.20, Regular Hot chocolate - 2.20",13.8,CARD,4110802918096789
14/04/2025 13:08,London Brixton,Christopher Bennett,"Regular Espresso - 1.50, Large Speciality Tea - Earl Grey - 1.60, Regular Espresso - 1.50",4.6,CASH,
14/04/2025 13:09,London Brixton,Delores Geisinsky,"Large Iced americano - 2.50, Regular Speciality Tea - Earl Grey - 1.30, Large Espresso - 1.80",5.6,CARD,6707794319313395
14/04/2025 13:09,London Brixton,John Kunzel,"Large Frappes - Strawberries & Cream - 3.25, Regular Cappuccino - 2.15, Regular Espresso - 1.50",6.9,CARD,1797793394701027
14/04/2025 13:10,London Brixton,Eugene Brown,"Large Espresso - 1.80, Regular Iced americano - 2.15, Large Cappuccino - 2.45, Large Speciality Tea - Earl Grey - 1.60, Regular Frappes - Strawberries & Cream - 2.75",10.75,CARD,1843553124598986
14/04/2025 13:11,London Brixton,Brenda Humphrey,Regular Frappes - Strawberries & Cream - 2.75,2.75,CARD,9055926265221479
14/04/2025 13:12,London Brixton,Joe Asmus,Regular Espresso - 1.50,1.5,CARD,8425580729025080
14/04/2025 13:13,London Brixton,Erick Pritchard,Regular Cappuccino - 2.15,2.15,CARD,8671720311898911
14/04/2025 13:14,London Brixton,Anna Wehner,"Regular Hot chocolate - 2.20, Regular Frappes - Strawberries & Cream - 2.75, Large Hot chocolate - 2.90, Regular Smoothies - Glowing Greens - 2.00, Regular Smoothies - Glowing Greens - 2.00",11.85,CARD,5122808027339918
14/04/2025 13:15,London Brixton,Mary Davis,"Large Espresso - 1.80, Large Smoothies - Glowing Greens - 2.50, Large Iced americano - 2.50",6.8,CARD,4788939174502119
14/04/2025 13:16,London Brixton,Audrey Rife,"Large Speciality Tea - Earl Grey - 1.60, Regular Hot chocolate - 2.20, Large Iced americano - 2.50",6.3,CASH,
14/04/2025 13:17,London Brixton,Barbara Demoss,"Large Frappes - Strawberries & Cream - 3.25, Large Smoothies - Glowing Greens - 2.50, Large Frappes - Strawberries & Cream - 3.25, Large Hot chocolate - 2.90, Large Iced americano - 2.50",14.4,CARD,7016631565538465
14/04/2025 13:18,London Brixton,Edna Birchfield,"Large Frappes - Strawberries & Cream - 3.25, Regular Smoothies - Carrot Kick - 2.00, Large Frappes - Strawberries & Cream - 3.25, Large Frappes - Strawberries & Cream - 3.25, Regular Hot chocolate - 2.20",13.95,CARD,3521805415454813
14/04/2025 13:19,London Brixton,Deborah Howington,"Large Smoothies - Carrot Kick - 2.50, Regular Frappes - Strawberries & Cream - 2.75, Regular Hot chocolate - 2.20",7.45,CARD,6262977748760639
14/04/2025 13:20,London Brixton,Kami Bell,"Regular Espresso - 1.50, Regular Hot chocolate - 2.20, Regular Hot chocolate - 2.20, Large Frappes - Strawberries & Cream - 3.25, Large Frappes - Strawberries & Cream - 3.25",12.4,CARD,6267148724232771
14/04/2025 13:20,London Brixton,Jack Webster,"Regular Frappes - Strawberries & Cream - 2.75, Regular Smoothies - Glowing Greens - 2.00, Regular Cappuccino - 2.15",6.9,CARD,3922295829009393
14/04/2025 13:21,London Brixton,Patrick Anderson,"Regular Cappuccino - 2.15, Regular Cappuccino - 2.15, Regular Hot chocolate - 2.20, Large Speciality Tea - Earl Grey - 1.60",8.1,CARD,2928847696291075
14/04/2025 13:22,London Brixton,Daniel Williams,"Regular Smoothies - Carrot Kick - 2.00, Regular Cappuccino - 2.15, Large Speciality Tea - Earl Grey - 1.60, Large Smoothies - Glowing Greens - 2.50",8.25,CARD,3962170004645808
14/04/2025 13:23,London Brixton,Stanley Chesley,"Regular Hot chocolate - 2.20, Regular Iced americano - 2.15, Regular Smoothies - Glowing Greens - 2.00, Regular Cappuccino - 2.15, Large Smoothies - Carrot Kick - 2.50",11.0,CARD,6134524786724885
14/04/2025 13:24,London Brixton,Lyle Patton,Regular Smoothies - Carrot Kick - 2.00,2.0,CARD,1213729587313925
14/04/2025 13:25,London Brixton,Roxanne Burke,Large Smoothies - Glowing Greens - 2.50,2.5,CASH,
14/04/2025 13:26,London Brixton,Candida Rushing,Regular Smoothies - Carrot Kick - 2.00,2.0,CARD,7900690166622658
14/04/2025 13:27,London Brixton,Justin Ward,Large Iced americano - 2.50,2.5,CARD,7241276300972102
14/04/2025 13:28,London Brixton,Michael Murphy,"Large Smoothies - Carrot Kick - 2.50, Regular Smoothies - Carrot Kick - 2.00, Regular Cappuccino - 2.15, Regular Smoothies - Carrot Kick - 2.00",8.65,CASH,
14/04/2025 13:29,London Brixton,Thomas Curry,Regular Smoothies - Carrot Kick - 2.00,2.0,CARD,1155142114136741
14/04/2025 13:30,London Brixton,James Endicott,"Large Speciality Tea - Earl Grey - 1.60, Regular Espresso - 1.50, Regular Hot chocolate - 2.20, Large Smoothies - Glowing Greens - 2.50",7.8,CARD,9445293773212228
14/04/2025 13:31,London Brixton,Terrence Wilson,"Regular Hot chocolate - 2.20, Regular Smoothies - Glowing Greens - 2.00, Large Iced americano - 2.50, Regular Cappuccino - 2.15",8.85,CASH,
14/04/2025 13:31,London Brixton,Bernadette Standridge,"Large Iced americano - 2.50, Regular Smoothies - Carrot Kick - 2.00",4.5,CARD,4933642714064365
14/04/2025 13:32,London Brixton,William Lorensen,"Large Hot chocolate - 2.90, Large Frappes - Strawberries & Cream - 3.25, Large Speciality Tea - Earl Grey - 1.60, Regular Speciality Tea - Earl Grey - 1.30",9.05,CASH,
14/04/2025 13:33,London Brixton,Marguerite Pike,"Regular Frappes - Strawberries & Cream - 2.75, Regular Speciality Tea - Earl Grey - 1.30",4.05,CARD,1923200010801901
14/04/2025 13:34,London Brixton,Kenneth Williams,"Large Frappes - Strawberries & Cream - 3.25, Regular Speciality Tea - Earl Grey - 1.30, Regular Speciality Tea - Earl Grey - 1.30, Regular Speciality Tea - Earl Grey - 1.30",7.15,CARD,1083219628737519
14/04/2025 13:35,London Brixton,William Murphy,"Large Iced americano - 2.50, Large Smoothies - Glowing Greens - 2.50, Regular Smoothies - Glowing Greens - 2.00",7.0,CARD,6910097436853275
14/04/2025 13:36,London Brixton,Joshua Fletcher,Regular Smoothies - Carrot Kick - 2.00,2.0,CARD,4306035117077890
14/04/2025 13:37,London Brixton,Laura White,Large Smoothies - Carrot Kick - 2.50,2.5,CARD,6927716001530966
14/04/2025 13:38,London Brixton,Robert Porter,"Large Smoothies - Carrot Kick - 2.50, Large Cappuccino - 2.45, Large Smoothies - Glowing Greens - 2.50, Large Cappuccino - 2.45",9.9,CARD,9917240735232500
14/04/2025 13:39,London Brixton,Jennifer Bremer,"Regular Smoothies - Carrot Kick - 2.00, Regular Smoothies - Glowing Greens - 2.00, Regular Iced americano - 2.15, Large Cappuccino - 2.45",8.6,CARD,9847470574152448
14/04/2025 13:40,London Brixton,Lupita Haupt,"Large Frappes - Strawberries & Cream - 3.25, Large Cappuccino - 2.45",5.7,CARD,1153665713405652
14/04/2025 13:41,London Brixton,Carol Lopez,"Regular Smoothies - Glowing Greens - 2.00, Regular Frappes - Strawberries & Cream - 2.75",4.75,CASH,
14/04/2025 13:42,London Brixton,Huey Morgan,Large Smoothies - Glowing Greens - 2.50,2.5,CASH,
14/04/2025 13:42,London Brixton,Gary Sherman,Large Iced americano - 2.50,2.5,CARD,9410628645015360
14/04/2025 13:43,London Brixton,James Gross,"Large Iced americano - 2.50, Regular Frappes - Strawberries & Cream - 2.75, Regular Smoothies - Carrot Kick - 2.00",7.25,CARD,8810787807304299
14/04/2025 13:44,London Brixton,Janice Abrams,"Large Hot chocolate - 2.90, Regular Cappuccino - 2.15",5.05,CARD,5815255157464756
14/04/2025 13:45,London Brixton,Michael Robertson,"Regular Smoothies - Carrot Kick - 2.00, Regular Speciality Tea - Earl Grey - 1.30, Regular Hot chocolate - 2.20, Large Smoothies - Carrot Kick - 2.50, Regular Frappes - Strawberries & Cream - 2.75, Large Speciality Tea - Earl Grey - 1.60",12.35,CASH,
14/04/2025 13:46,London Brixton,Russell White,Regular Speciality Tea - Earl Grey - 1.30,1.3,CARD,6331228698351319
14/04/2025 13:47,London Brixton,Richard Lott,"Regular Hot chocolate - 2.20, Large Hot chocolate - 2.90",5.1,CASH,
14/04/2025 13:48,London Brixton,Paul Chin,Large Smoothies - Carrot Kick - 2.50,2.5,CARD,3266274931643726
14/04/2025 13:49,London Brixton,William Jung,"Large Speciality Tea - Earl Grey - 1.60, Regular Frappes - Strawberries & Cream - 2.75",4.35,CARD,5411313361752580
14/04/2025 13:50,London Brixton,Tracey Stamand,"Large Iced americano - 2.50, Regular Iced americano - 2.15, Large Smoothies - Carrot Kick - 2.50, Large Smoothies - Glowing Greens - 2.50",9.65,CARD,3371531034495611
14/04/2025 13:51,London Brixton,Louise Volz,"Regular Frappes - Strawberries & Cream - 2.75, Large Iced americano - 2.50",5.25,CARD,2477023319146239
14/04/2025 13:52,London Brixton,Terri Warrington,Large Smoothies - Glowing Greens - 2.50,2.5,CARD,6523019239521836
14/04/2025 13:53,London Brixton,Irving Patton,"Large Espresso - 1.80, Large Smoothies - Glowing Greens - 2.50, Large Smoothies - Carrot Kick - 2.50, Large Iced americano - 2.50, Regular Hot chocolate - 2.20",11.5,CARD,8654102203454565
14/04/2025 13:53,London Brixton,Steven Cook,"Large Smoothies - Carrot Kick - 2.50, Regular Cappuccino - 2.15",4.65,CARD,5344093086943203
14/04/2025 13:54,London Brixton,Carlos Gilleland,"Large Frappes - Strawberries & Cream - 3.25, Regular Smoothies - Glowing Greens - 2.00, Regular Espresso - 1.50, Regular Espresso - 1.50",8.25,CASH,
14/04/2025 13:55,London Brixton,Willie Bosley,Large Smoothies - Glowing Greens - 2.50,2.5,CARD,5940510563902112
14/04/2025 13:56,London Brixton,Max Brocker,"Regular Frappes - Strawberries & Cream - 2.75, Large Cappuccino - 2.45, Regular Cappuccino - 2.15, Large Smoothies - Glowing Greens - 2.50, Large Cappuccino - 2.45",12.3,CARD,4591359380436084
14/04/2025 13:57,London Brixton,Heather Gleason,"Large Hot chocolate - 2.90, Regular Speciality Tea - Earl Grey - 1.30, Large Iced americano - 2.50, Large Hot chocolate - 2.90",9.6,CARD,7059240396285805
14/04/2025 13:58,London Brixton,Crystal Bosworth,"Large Speciality Tea - Earl Grey - 1.60, Regular Iced americano - 2.15, Large Hot chocolate - 2.90, Large Espresso - 1.80",8.45,CASH,
14/04/2025 13:59,London Brixton,Maranda Albrecht,Large Speciality Tea - Earl Grey - 1.60,1.6,CARD,7818326761072790
14/04/2025 14:00,London Brixton,Joe Maks,Regular Hot chocolate - 2.20,2.2,CARD,3590500270682709
14/04/2025 14:01,London Brixton,Lisa Hammond,"Regular Hot chocolate - 2.20, Large Speciality Tea - Earl Grey - 1.60, Regular Smoothies - Carrot Kick - 2.00",5.8,CARD,5931773899601735
14/04/2025 14:02,London Brixton,Lena Langhorne,"Large Frappes - Strawberries & Cream - 3.25, Large Smoothies - Glowing Greens - 2.50, Large Frappes - Strawberries & Cream - 3.25, Large Iced americano - 2.50",11.5,CARD,2188470117555240
14/04/2025 14:03,London Brixton,Michael Beard,"Regular Frappes - Strawberries & Cream - 2.75, Regular Frappes - Strawberries & Cream - 2.75",5.5,CARD,7421645806288297
14/04/2025 14:04,London Brixton,Kevin Gartrell,"Large Espresso - 1.80, Regular Espresso - 1.50, Regular Frappes - Strawberries & Cream - 2.75, Regular Iced americano - 2.15, Large Smoothies - Carrot Kick - 2.50, Large Hot chocolate - 2.90",13.6,CARD,9311905852626868
14/04/2025 14:05,London Brixton,Dolores Chapin,Regular Smoothies - Glowing Greens - 2.00,2.0,CARD,6026902975831813
14/04/2025 14:06,London Brixton,Jannie Darrough,"Regular Espresso - 1.50, Regular Espresso - 1.50, Large Espresso - 1.80, Regular Smoothies - Glowing Greens - 2.00",6.8,CARD,7797570483219353
14/04/2025 14:07,London Brixton,Herman Stokes,Regular Espresso - 1.50,1.5,CARD,3265113479786551
14/04/2025 14:08,London Brixton,Betty Oge,"Regular Smoothies - Carrot Kick - 2.00, Large Frappes - Strawberries & Cream - 3.25, Regular Hot chocolate - 2.20, Large Hot chocolate - 2.90",10.35,CASH,
14/04/2025 14:09,London Brixton,Rebecca Cannon,"Large Espresso - 1.80, Large Smoothies - Glowing Greens - 2.50, Large Espresso - 1.80",6.1,CASH,
14/04/2025 14:10,London Brixton,Maria Magnall,Large Iced americano - 2.50,2.5,CARD,9866491126649864
14/04/2025 14:11,London Brixton,Cara Taylor,"Large Espresso - 1.80, Regular Speciality Tea - Earl Grey - 1.30",3.1,CARD,9503953458796020
14/04/2025 14:12,London Brixton,John Butler,"Regular Hot chocolate - 2.20, Regular Hot chocolate - 2.20, Regular Iced americano - 2.15, Large Smoothies - Carrot Kick - 2.50",9.05,CASH,
14/04/2025 14:13,London Brixton,Connie Gatlin,Regular Iced americano - 2.15,2.15,CARD,2808098790739856
14/04/2025 14:14,London Brixton,Marshall Clark,"Large Hot chocolate - 2.90, Large Iced americano - 2.50, Regular Hot chocolate - 2.20, Regular Hot chocolate - 2.20, Regular Cappuccino - 2.15, Large Hot chocolate - 2.90",14.85,CARD,6559401332516978
14/04/2025 14:15,London Brixton,Don Kilgore,"Regular Cappuccino - 2.15, Regular Iced americano - 2.15, Regular Cappuccino - 2.15, Large Smoothies - Glowing Greens - 2.50",8.95,CARD,2056889712679045
14/04/2025 14:16,London Brixton,Thomas Hallman,"Large Smoothies - Glowing Greens - 2.50, Regular Smoothies - Carrot Kick - 2.00, Regular Hot chocolate - 2.20",6.7,CASH,
14/04/2025 14:17,London Brixton,Dana Powell,"Large Smoothies - Carrot Kick - 2.50, Large Smoothies - Carrot Kick - 2.50",5.0,CASH,
14/04/2025 14:18,London Brixton,Dale Rezak,"Regular Iced americano - 2.15, Regular Iced americano - 2.15",4.3,CARD,1558315083217190
14/04/2025 14:19,London Brixton,Danny Stone,"Regular Hot chocolate - 2.20, Regular Smoothies - Carrot Kick - 2.00, Regular Speciality Tea - Earl Grey - 1.30",5.5,CASH,
14/04/2025 14:20,London Brixton,Dennis Carlyle,"Regular Smoothies - Carrot Kick - 2.00, Regular Speciality Tea - Earl Grey - 1.30",3.3,CARD,2265504867352486
14/04/2025 14:21,London Brixton,Shirley Carey,"Regular Smoothies - Glowing Greens - 2.00, Large Hot chocolate - 2.90",4.9,CARD,6833021140488138
14/04/2025 14:22,London Brixton,Shirley Celadon,"Large Espresso - 1.80, Regular Hot chocolate - 2.20, Large Smoothies - Glowing Greens - 2.50",6.5,CARD,7674828935475508
14/04/2025 14:23,London Brixton,Douglas Aldrich,"Regular Frappes - Strawberries & Cream - 2.75, Large Frappes - Strawberries & Cream - 3.25",6.0,CARD,9121479331135320
14/04/2025 14:23,London Brixton,David Reynolds,"Regular Iced americano - 2.15, Large Iced americano - 2.50, Large Hot chocolate - 2.90, Large Cappuccino - 2.45, Large Smoothies - Glowing Greens - 2.50, Large Speciality Tea - Earl Grey - 1.60",14.1,CARD,1138661241878205
14/04/2025 14:24,London Brixton,Joseph Clark,Large Speciality Tea - Earl Grey - 1.60,1.6,CARD,4439457741913847
14/04/2025 14:25,London Brixton,Glenn Cramer,"Regular Hot chocolate - 2.20, Large Frappes - Strawberries & Cream - 3.25, Large Smoothies - Carrot Kick - 2.50",7.95,CARD,6765070989346660
14/04/2025 14:26,London Brixton,Paul Grim,"Large Frappes - Strawberries & Cream - 3.25, Regular Espresso - 1.50",4.75,CARD,2464878035377113
14/04/2025 14:27,London Brixton,John Prince,"Regular Speciality Tea - Earl Grey - 1.30, Regular Smoothies - Carrot Kick - 2.00",3.3,CASH,
14/04/2025 14:28,London Brixton,Bud Halls,"Regular Cappuccino - 2.15, Regular Speciality Tea - Earl Grey - 1.30, Large Speciality Tea - Earl Grey - 1.60",5.05,CASH,
14/04/2025 14:29,London Brixton,Marilyn Brown,"Regular Iced americano - 2.15, Regular Iced americano - 2.15, Large Iced americano - 2.50",6.8,CARD,3938871338057391
14/04/2025 14:30,London Brixton,Nathaniel Mcclintock,Large Frappes - Strawberries & Cream - 3.25,3.25,CARD,7629736525842764
14/04/2025 14:31,London Brixton,Marla Blumenthal,"Regular Smoothies - Glowing Greens - 2.00, Large Speciality Tea - Earl Grey - 1.60, Regular Smoothies - Glowing Greens - 2.00",5.6,CARD,1470514823816890
14/04/2025 14:32,London Brixton,Lois Mauch,"Large Smoothies - Carrot Kick - 2.50, Large Speciality Tea - Earl Grey - 1.60",4.1,CASH,
14/04/2025 14:33,London Brixton,Karen Velasquez,Regular Hot chocolate - 2.20,2.2,CARD,3177789373385113
14/04/2025 14:34,London Brixton,Mellissa Gagne,Large Frappes - Strawberries & Cream - 3.25,3.25,CASH,
14/04/2025 14:35,London Brixton,Ana Plante,"Regular Espresso - 1.50, Large Frappes - Strawberries & Cream - 3.25, Large Frappes - Strawberries & Cream - 3.25",8.0,CASH,
14/04/2025 14:36,London Brixton,Todd Wallace,"Large Speciality Tea - Earl Grey - 1.60, Regular Smoothies - Carrot Kick - 2.00",3.6,CARD,8898422467917184
14/04/2025 14:37,London Brixton,Michael West,Large Smoothies - Carrot Kick - 2.50,2.5,CASH,
14/04/2025 14:38,London Brixton,Frida James,Regular Espresso - 1.50,1.5,CARD,9681448441774048
14/04/2025 14:39,London Brixton,Jeanne Noell,Regular Cappuccino - 2.15,2.15,CASH,
14/04/2025 14:40,London Brixton,Leonard Moore,"Regular Speciality Tea - Earl Grey - 1.30, Regular Iced americano - 2.15, Large Espresso - 1.80",5.25,CARD,8934225571528867
14/04/2025 14:41,London Brixton,Jaime Legette,"Regular Speciality Tea - Earl Grey - 1.30, Large Smoothies - Glowing Greens - 2.50",3.8,CARD,8086272617873281
14/04/2025 14:42,London Brixton,Gina Dansie,"Large Hot chocolate - 2.90, Large Hot chocolate - 2.90",5.8,CARD,8098306911001012
14/04/2025 14:43,London Brixton,Brenda Baxter,"Large Smoothies - Glowing Greens - 2.50, Regular Espresso - 1.50, Regular Iced americano - 2.15, Regular Smoothies - Carrot Kick - 2.00, Large Hot chocolate - 2.90, Regular Smoothies - Carrot Kick - 2.00",13.05,CARD,6197227350563556
14/04/2025 14:44,London Brixton,Shawna Childress,"Regular Frappes - Strawberries & Cream - 2.75, Regular Frappes - Strawberries & Cream - 2.75, Large Smoothies - Carrot Kick - 2.50, Regular Smoothies - Glowing Greens - 2.00, Large Hot chocolate - 2.90, Large Espresso - 1.80",14.7,CARD,1508618653451468
14/04/2025 14:45,London Brixton,Paige Lutz,"Large Smoothies - Glowing Greens - 2.50, Large Speciality Tea - Earl Grey - 1.60, Regular Espresso - 1.50, Regular Espresso - 1.50",7.1,CARD,8097154266523946
14/04/2025 14:46,London Brixton,Mary Fish,Regular Cappuccino - 2.15,2.15,CARD,1111480212023560
14/04/2025 14:47,London Brixton,Jimmie Webster,"Regular Frappes - Strawberries & Cream - 2.75, Large Smoothies - Glowing Greens - 2.50",5.25,CASH,
14/04/2025 14:48,London Brixton,Rose Gray,Large Iced americano - 2.50,2.5,CARD,9153247949189212
14/04/2025 14:49,London Brixton,Keith Gilbert,"Large Speciality Tea - Earl Grey - 1.60, Regular Smoothies - Glowing Greens - 2.00, Regular Smoothies - Glowing Greens - 2.00, Regular Speciality Tea - Earl Grey - 1.30, Large Speciality Tea - Earl Grey - 1.60, Large Hot chocolate - 2.90",11.4,CARD,6643008999264688
14/04/2025 14:50,London Brixton,Armando Graves,"Regular Cappuccino - 2.15, Regular Hot chocolate - 2.20, Regular Espresso - 1.50",5.85,CARD,9144027445047188
14/04/2025 14:51,London Brixton,Louis Miller,"Regular Speciality Tea - Earl Grey - 1.30, Large Hot chocolate - 2.90, Large Iced americano - 2.50, Large Speciality Tea - Earl Grey - 1.60, Large Hot chocolate - 2.90, Large Speciality Tea - Earl Grey - 1.60",12.8,CARD,3125856438257710
14/04/2025 14:52,London Brixton,Elaine Davies,Regular Espresso - 1.50,1.5,CARD,4513713275867485
14/04/2025 14:53,London Brixton,Susie Edwards,"Large Cappuccino - 2.45, Large Smoothies - Carrot Kick - 2.50",4.95,CARD,2685971853448738
14/04/2025 14:54,London Brixton,Kevin Coleman,"Regular Smoothies - Carrot Kick - 2.00, Regular Iced americano - 2.15",4.15,CARD,3675763567014362
14/04/2025 14:55,London Brixton,Arturo Pagan,"Large Iced americano - 2.50, Regular Smoothies - Carrot Kick - 2.00, Large Hot chocolate - 2.90, Large Cappuccino - 2.45, Regular Cappuccino - 2.15",12.0,CARD,5500334900612031
14/04/2025 14:56,London Brixton,Sandra Campbell,Regular Cappuccino - 2.15,2.15,CARD,2506363524110704
14/04/2025 14:57,London Brixton,Andrew Delarosa,"Regular Smoothies - Carrot Kick - 2.00, Large Frappes - Strawberries & Cream - 3.25",5.25,CARD,4125250090253957
14/04/2025 14:58,London Brixton,Rick Clifford,"Regular Smoothies - Carrot Kick - 2.00, Regular Smoothies - Carrot Kick - 2.00, Large Frappes - Strawberries & Cream - 3.25, Large Cappuccino - 2.45",9.7,CASH,
14/04/2025 14:59,London Brixton,Mary Encinas,"Regular Iced americano - 2.15, Large Iced americano - 2.50, Large Iced americano - 2.50, Regular Espresso - 1.50",8.65,CASH,
14/04/2025 15:00,London Brixton,William Smith,"Regular Smoothies - Glowing Greens - 2.00, Regular Hot chocolate - 2.20, Large Speciality Tea - Earl Grey - 1.60, Large Iced americano - 2.50",8.3,CARD,7448239093539117
14/04/2025 15:02,London Brixton,Estella Garcia,"Regular Espresso - 1.50, Large Speciality Tea - Earl Grey - 1.60, Regular Espresso - 1.50",4.6,CARD,2289740907948547
14/04/2025 15:03,London Brixton,Tommy Jordan,Regular Smoothies - Glowing Greens - 2.00,2.0,CARD,1717708551021496
14/04/2025 15:05,London Brixton,Jaime Cade,"Regular Hot chocolate - 2.20, Large Iced americano - 2.50",4.7,CASH,
14/04/2025 15:07,London Brixton,Shane Hewes,Large Smoothies - Carrot Kick - 2.50,2.5,CARD,6623195172397239
14/04/2025 15:08,London Brixton,Nicole Roloff,"Large Smoothies - Glowing Greens - 2.50, Large Hot chocolate - 2.90",5.4,CARD,5663823121603684
14/04/2025 15:10,London Brixton,Sidney Titus,"Regular Smoothies - Carrot Kick - 2.00, Regular Cappuccino - 2.15",4.15,CASH,
14/04/2025 15:12,London Brixton,Verdell Miramontes,"Regular Frappes - Strawberries & Cream - 2.75, Large Hot chocolate - 2.90, Regular Smoothies - Glowing Greens - 2.00",7.65,CASH,
14/04/2025 15:14,London Brixton,Craig Peres,Large Iced americano - 2.50,2.5,CASH,
14/04/2025 15:15,London Brixton,Arthur Milburn,"Large Speciality Tea - Earl Grey - 1.60, Large Frappes - Strawberries & Cream - 3.25, Large Speciality Tea - Earl Grey - 1.60",6.45,CARD,2030213758087780
14/04/2025 15:17,London Brixton,Barbara Kramer,"Regular Frappes - Strawberries & Cream - 2.75, Regular Smoothies - Carrot Kick - 2.00, Large Smoothies - Carrot Kick - 2.50",7.25,CASH,
14/04/2025 15:19,London Brixton,Tara Estep,Regular Smoothies - Carrot Kick - 2.00,2.0,CASH,
14/04/2025 15:20,London Brixton,Robert Rodriguez,"Large Espresso - 1.80, Large Smoothies - Carrot Kick - 2.50, Large Speciality Tea - Earl Grey - 1.60, Large Hot chocolate - 2.90",8.8,CARD,1433759510533345
14/04/2025 15:22,London Brixton,Herman Williams,"Large Espresso - 1.80, Large Espresso - 1.80",3.6,CARD,1039638804638793
14/04/2025 15:24,London Brixton,Jason Cullen,"Large Smoothies - Carrot Kick - 2.50, Regular Speciality Tea - Earl Grey - 1.30",3.8,CASH,
14/04/2025 15:25,London Brixton,Ricardo Green,"Large Frappes - Strawberries & Cream - 3.25, Large Speciality Tea - Earl Grey - 1.60, Large Cappuccino - 2.45",7.3,CARD,6232992373247886
14/04/2025 15:27,London Brixton,Marie Kopp,"Regular Espresso - 1.50, Large Espresso - 1.80, Regular Smoothies - Carrot Kick - 2.00, Regular Iced americano - 2.15",7.45,CARD,4349411023807743
14/04/2025 15:29,London Brixton,Margaret Sheeran,"Regular Hot chocolate - 2.20, Regular Cappuccino - 2.15, Large Smoothies - Carrot Kick - 2.50",6.85,CARD,1466431189989350
14/04/2025 15:31,London Brixton,Raymond Geist,"Regular Cappuccino - 2.15, Regular Speciality Tea - Earl Grey - 1.30, Regular Smoothies - Carrot Kick - 2.00, Regular Iced americano - 2.15",7.6,CASH,
14/04/2025 15:32,London Brixton,Clarence Pratt,"Regular Cappuccino - 2.15, Large Espresso - 1.80, Large Smoothies - Glowing Greens - 2.50, Regular Speciality Tea - Earl Grey - 1.30",7.75,CASH,
14/04/2025 15:34,London Brixton,John Neuman,Regular Cappuccino - 2.15,2.15,CARD,4221671590961955
14/04/2025 15:36,London Brixton,Phyllis Toppin,Large Hot chocolate - 2.90,2.9,CARD,1271531591080614
14/04/2025 15:37,London Brixton,Grace Truman,"Large Smoothies - Glowing Greens - 2.50, Large Smoothies - Carrot Kick - 2.50, Large Smoothies - Carrot Kick - 2.50, Large Hot chocolate - 2.90, Regular Smoothies - Glowing Greens - 2.00",12.4,CASH,
14/04/2025 15:39,London Brixton,Alvin Bielecki,"Large Speciality Tea - Earl Grey - 1.60, Large Speciality Tea - Earl Grey - 1.60, Regular Smoothies - Glowing Greens - 2.00, Regular Espresso - 1.50, Regular Smoothies - Glowing Greens - 2.00, Large Iced americano - 2.50",11.2,CARD,8149298382216674
14/04/2025 15:41,London Brixton,Claribel Mallory,Regular Cappuccino - 2.15,2.15,CARD,4296547828660915
14/04/2025 15:43,London Brixton,Pura Ahr,"Large Iced americano - 2.50, Regular Smoothies - Glowing Greens - 2.00",4.5,CARD,3936638889095621
14/04/2025 15:44,London Brixton,Larry Gross,"Large Speciality Tea - Earl Grey - 1.60, Large Cappuccino - 2.45",4.05,CARD,3369592723456754
14/04/2025 15:46,London Brixton,Lillian Raines,"Large Smoothies - Carrot Kick - 2.50, Large Hot chocolate - 2.90",5.4,CASH,
14/04/2025 15:48,London Brixton,Cheryl Burchett,"Regular Speciality Tea - Earl Grey - 1.30, Large Smoothies - Glowing Greens - 2.50",3.8,CARD,4871618810711801
14/04/2025 15:49,London Brixton,Charles Sakamoto,"Large Smoothies - Glowing Greens - 2.50, Regular Cappuccino - 2.15, Large Iced americano - 2.50, Regular Espresso - 1.50, Large Frappes - Strawberries & Cream - 3.25",11.9,CARD,7518962688728642
14/04/2025 15:51,London Brixton,Belinda Prow,"Large Smoothies - Carrot Kick - 2.50, Regular Cappuccino - 2.15",4.65,CARD,4711294329816392
14/04/2025 15:53,London Brixton,Julianna Estabrook,"Regular Frappes - Strawberries & Cream - 2.75, Large Smoothies - Carrot Kick - 2.50, Large Hot chocolate - 2.90",8.15,CASH,
14/04/2025 15:54,London Brixton,Michael Cannon,"Regular Smoothies - Carrot Kick - 2.00, Regular Hot chocolate - 2.20",4.2,CARD,7489271653751268
14/04/2025 15:56,London Brixton,Darlene Saballos,"Regular Espresso - 1.50, Large Hot chocolate - 2.90, Regular Cappuccino - 2.15",6.55,CARD,7206764826120240
14/04/2025 15:58,London Brixton,Denna Grant,"Regular Frappes - Strawberries & Cream - 2.75, Regular Iced americano - 2.15, Large Speciality Tea - Earl Grey - 1.60, Large Iced americano - 2.50, Large Smoothies - Glowing Greens - 2.50",11.5,CARD,5887296376228305
14/04/2025 16:00,London Brixton,Karla Jett,"Regular Speciality Tea - Earl Grey - 1.30, Regular Cappuccino - 2.15, Regular Smoothies - Glowing Greens - 2.00",5.45,CARD,5140139143443252
14/04/2025 16:03,London Brixton,Rima Solanki,"Large Cappuccino - 2.45, Regular Smoothies - Glowing Greens - 2.00",4.45,CARD,9466398455001752
14/04/2025 16:06,London Brixton,Elena Gray,"Regular Smoothies - Glowing Greens - 2.00, Regular Smoothies - Glowing Greens - 2.00, Large Hot chocolate - 2.90, Large Hot chocolate - 2.90, Regular Espresso - 1.50",11.3,CARD,5905796343404086
14/04/2025 16:09,London Brixton,Shirley Anders,"Regular Espresso - 1.50, Large Iced americano - 2.50",4.0,CASH,
14/04/2025 16:12,London Brixton,Carter Wilks,Regular Cappuccino - 2.15,2.15,CARD,3282017320282424
14/04/2025 16:15,London Brixton,Stephen Palmer,"Regular Cappuccino - 2.15, Regular Smoothies - Glowing Greens - 2.00, Regular Frappes - Strawberries & Cream - 2.75, Regular Smoothies - Carrot Kick - 2.00, Large Speciality Tea - Earl Grey - 1.60",10.5,CARD,1852956500023899
14/04/2025 16:18,London Brixton,Leah Ragasa,"Large Smoothies - Glowing Greens - 2.50, Large Hot chocolate - 2.90, Regular Cappuccino - 2.15, Regular Speciality Tea - Earl Grey - 1.30, Large Smoothies - Glowing Greens - 2.50",11.35,CASH,
14/04/2025 16:22,London Brixton,Mary Yonkoske,Large Speciality Tea - Earl Grey - 1.60,1.6,CARD,1373980091955888
14/04/2025 16:25,London Brixton,Maxima Reed,"Large Smoothies - Carrot Kick - 2.50, Regular Frappes - Strawberries & Cream - 2.75, Large Speciality Tea - Earl Grey - 1.60, Large Hot chocolate - 2.90",9.75,CARD,5648465359173209
14/04/2025 16:28,London Brixton,Michael Rhodes,"Large Cappuccino - 2.45, Regular Smoothies - Carrot Kick - 2.00",4.45,CARD,9485426297940114
14/04/2025 16:31,London Brixton,Dominga Glickman,"Regular Smoothies - Carrot Kick - 2.00, Large Hot chocolate - 2.90, Regular Espresso - 1.50, Large Espresso - 1.80, Large Hot chocolate - 2.90",11.1,CARD,6544612936842834
14/04/2025 16:34,London Brixton,Jean Mcadams,"Regular Frappes - Strawberries & Cream - 2.75, Large Iced americano - 2.50, Regular Smoothies - Glowing Greens - 2.00",7.25,CARD,1721483086034776
14/04/2025 16:37,London Brixton,Nana Novak,"Large Smoothies - Carrot Kick - 2.50, Large Frappes - Strawberries & Cream - 3.25, Regular Hot chocolate - 2.20",7.95,CARD,6062512494036482
14/04/2025 16:41,London Brixton,Ross Bolling,"Large Smoothies - Carrot Kick - 2.50, Regular Speciality Tea - Earl Grey - 1.30, Large Smoothies - Glowing Greens - 2.50, Large Speciality Tea - Earl Grey - 1.60",7.9,CARD,3756680086860448
14/04/2025 16:44,London Brixton,Andrew Ison,"Regular Smoothies - Carrot Kick - 2.00, Large Iced americano - 2.50, Regular Hot chocolate - 2.20, Large Smoothies - Glowing Greens - 2.50",9.2,CASH,
14/04/2025 16:47,London Brixton,Erica Jackson,"Regular Smoothies - Glowing Greens - 2.00, Regular Cappuccino - 2.15, Large Espresso - 1.80, Regular Smoothies - Carrot Kick - 2.00",7.95,CARD,7650467700316473
14/04/2025 16:50,London Brixton,Robert Main,Regular Iced americano - 2.15,2.15,CARD,5254575858252534
14/04/2025 16:53,London Brixton,David Moss,"Large Frappes - Strawberries & Cream - 3.25, Large Cappuccino - 2.45, Large Cappuccino - 2.45",8.15,CARD,8722129278897956
14/04/2025 16:56,London Brixton,Lyle Lair,Regular Iced americano - 2.15,2.15,CARD,2757072789287156
14/04/2025 16:59,London Brixton,Lillian Grosse,"Large Smoothies - Carrot Kick - 2.50, Large Smoothies - Glowing Greens - 2.50, Regular Smoothies - Glowing Greens - 2.00, Large Cappuccino - 2.45, Large Speciality Tea - Earl Grey - 1.60, Large Smoothies - Carrot Kick - 2.50",13.55,CASH,
14/04/2025 17:03,London Brixton,Frank Fields,"Regular Frappes - Strawberries & Cream - 2.75, Large Smoothies - Glowing Greens - 2.50, Regular Cappuccino - 2.15, Regular Smoothies - Carrot Kick - 2.00, Regular Iced americano - 2.15, Regular Cappuccino - 2.15",13.7,CASH,
14/04/2025 17:05,London Brixton,Barbara Debernardi,Regular Smoothies - Glowing Greens - 2.00,2.0,CARD,8897065085231999
14/04/2025 17:07,London Brixton,Denise Clower,"Large Cappuccino - 2.45, Large Cappuccino - 2.45",4.9,CARD,3713998410959959
14/04/2025 17:10,London Brixton,Salvador Popovich,"Large Espresso - 1.80, Large Smoothies - Carrot Kick - 2.50, Regular Smoothies - Carrot Kick - 2.00, Regular Espresso - 1.50",7.8,CARD,3398522503793982
14/04/2025 17:12,London Brixton,Karen Johnson,"Large Espresso - 1.80, Large Speciality Tea - Earl Grey - 1.60, Regular Speciality Tea - Earl Grey - 1.30",4.7,CARD,9572979152998777
14/04/2025 17:15,London Brixton,John Lopez,Regular Frappes - Strawberries & Cream - 2.75,2.75,CARD,2042613686717756
14/04/2025 17:17,London Brixton,Michelle Horton,"Large Cappuccino - 2.45, Regular Hot chocolate - 2.20, Large Frappes - Strawberries & Cream - 3.25",7.9,CARD,1897559482337958
14/04/2025 17:19,London Brixton,Evelyn Ladner,"Regular Cappuccino - 2.15, Regular Smoothies - Glowing Greens - 2.00, Large Hot chocolate - 2.90, Large Frappes - Strawberries & Cream - 3.25, Large Hot chocolate - 2.90",13.2,CASH,
14/04/2025 17:22,London Brixton,Bob Slaughter,"Regular Cappuccino - 2.15, Large Iced americano - 2.50, Large Iced americano - 2.50, Large Speciality Tea - Earl Grey - 1.60, Large Smoothies - Carrot Kick - 2.50",11.25,CARD,5279575586973637
14/04/2025 17:24,London Brixton,Audrey Dunbar,Regular Iced americano - 2.15,2.15,CARD,5185688934762386
14/04/2025 17:27,London Brixton,Billy Fecteau,"Regular Iced americano - 2.15, Large Hot chocolate - 2.90, Regular Cappuccino - 2.15",7.2,CASH,
14/04/2025 17:29,London Brixton,Frances Cordova,"Regular Cappuccino - 2.15, Regular Cappuccino - 2.15",4.3,CASH,
14/04/2025 17:31,London Brixton,Korey Blackwell,Regular Iced americano - 2.15,2.15,CARD,3022691827414525
14/04/2025 17:34,London Brixton,Robert Kenney,"Regular Hot chocolate - 2.20, Large Hot chocolate - 2.90",5.1,CARD,9998411775243301
14/04/2025 17:36,London Brixton,Gene Goracke,"Large Smoothies - Carrot Kick - 2.50, Large Iced americano - 2.50, Large Smoothies - Glowing Greens - 2.50, Regular Speciality Tea - Earl Grey - 1.30",8.8,CASH,
14/04/2025 17:39,London Brixton,Patricia Mcneill,"Large Cappuccino - 2.45, Regular Smoothies - Carrot Kick - 2.00",4.45,CARD,7084706072410403
14/04/2025 17:41,London Brixton,Thomas Thompson,"Regular Cappuccino - 2.15, Regular Cappuccino - 2.15",4.3,CARD,2133809008829079
14/04/2025 17:43,London Brixton,Cora Vossen,"Large Speciality Tea - Earl Grey - 1.60, Large Speciality Tea - Earl Grey - 1.60, Large Cappuccino - 2.45",5.65,CARD,6396911107237327
14/04/2025 17:46,London Brixton,John Torres,Regular Smoothies - Glowing Greens - 2.00,2.0,CARD,4049013834293967
14/04/2025 17:48,London Brixton,Kelsey Curry,"Regular Iced americano - 2.15, Regular Iced americano - 2.15",4.3,CARD,9696237301756717
14/04/2025 17:51,London Brixton,Carl Barton,"Regular Speciality Tea - Earl Grey - 1.30, Large Smoothies - Glowing Greens - 2.50, Large Smoothies - Carrot Kick - 2.50, Regular Smoothies - Glowing Greens - 2.00",8.3,CARD,8008003867972829
14/04/2025 17:53,London Brixton,Ernest Marinese,"Regular Iced americano - 2.15, Regular Cappuccino - 2.15",4.3,CARD,4332834553318159
14/04/2025 17:55,London Brixton,Elizabeth Miller,"Regular Espresso - 1.50, Large Frappes - Strawberries & Cream - 3.25, Large Speciality Tea - Earl Grey - 1.60",6.35,CARD,8839538460233053
14/04/2025 17:58,London Brixton,Lauren Matinez,"Large Iced americano - 2.50, Large Smoothies - Carrot Kick - 2.50",5.0,CARD,7286878792138447
14/04/2025 18:00,London Brixton,Latoya Cary,"Large Hot chocolate - 2.90, Regular Speciality Tea - Earl Grey - 1.30",4.2,CARD,1877726134479781
14/04/2025 18:02,London Brixton,Sheryl Campos,"Large Frappes - Strawberries & Cream - 3.25, Regular Espresso - 1.50",4.75,CARD,5329684460456031
14/04/2025 18:04,London Brixton,Deborah Adams,Large Smoothies - Glowing Greens - 2.50,2.5,CASH,
14/04/2025 18:07,London Brixton,Bessie Darrow,"Regular Speciality Tea - Earl Grey - 1.30, Large Smoothies - Glowing Greens - 2.50, Large Frappes - Strawberries & Cream - 3.25, Regular Hot chocolate - 2.20",9.25,CASH,
14/04/2025 18:09,London Brixton,Ann Dalton,"Large Espresso - 1.80, Large Frappes - Strawberries & Cream - 3.25",5.05,CARD,5241442279893074
14/04/2025 18:11,London Brixton,Keith Pendleton,"Large Hot chocolate - 2.90, Large Smoothies - Glowing Greens - 2.50, Regular Frappes - Strawberries & Cream - 2.75",8.15,CARD,4192328358204530
14/04/2025 18:13,London Brixton,Omar Schaffer,"Large Smoothies - Glowing Greens - 2.50, Regular Frappes - Strawberries & Cream - 2.75, Regular Hot chocolate - 2.20",7.45,CASH,
14/04/2025 18:15,London Brixton,Maria Palma,"Regular Iced americano - 2.15, Large Espresso - 1.80, Large Cappuccino - 2.45, Large Speciality Tea - Earl Grey - 1.60",8.0,CARD,9968059075562034
14/04/2025 18:17,London Brixton,Ralph Termini,"Large Cappuccino - 2.45, Large Frappes - Strawberries & Cream - 3.25, Regular Frappes - Strawberries & Cream - 2.75",8.45,CASH,
14/04/2025 18:19,London Brixton,Nichole Gibson,Large Frappes - Strawberries & Cream - 3.25,3.25,CARD,1125418416143284
14/04/2025 18:21,London Brixton,Josh Cavender,"Large Smoothies - Glowing Greens - 2.50, Large Hot chocolate - 2.90, Large Espresso - 1.80, Regular Iced americano - 2.15",9.35,CARD,8726590641867969
14/04/2025 18:24,London Brixton,Linda Yates,"Large Iced americano - 2.50, Regular Espresso - 1.50, Regular Frappes - Strawberries & Cream - 2.75, Regular Smoothies - Carrot Kick - 2.00",8.75,CASH,
14/04/2025 18:26,London Brixton,Larry Hammons,Regular Smoothies - Glowing Greens - 2.00,2.0,CARD,3494029392149114
14/04/2025 18:28,London Brixton,Alonzo Degreenia,"Regular Smoothies - Carrot Kick - 2.00, Regular Iced americano - 2.15, Regular Iced americano - 2.15",6.3,CASH,
14/04/2025 18:30,London Brixton,Angele Stallard,Large Hot chocolate - 2.90,2.9,CARD,4311458440465195
14/04/2025 18:32,London Brixton,Sherry Daffin,"Large Smoothies - Carrot Kick - 2.50, Regular Smoothies - Carrot Kick - 2.00, Large Smoothies - Glowing Greens - 2.50",7.0,CARD,8193890420084421
14/04/2025 18:34,London Brixton,Lou Oates,"Regular Espresso - 1.50, Large Iced americano - 2.50, Large Hot chocolate - 2.90, Regular Smoothies - Carrot Kick - 2.00",8.9,CARD,7380503409561871
14/04/2025 18:36,London Brixton,Gene Scruggs,"Regular Smoothies - Carrot Kick - 2.00, Large Cappuccino - 2.45",4.45,CASH,
14/04/2025 18:39,London Brixton,Timothy Cooper,Regular Smoothies - Glowing Greens - 2.00,2.0,CARD,2652141800982251
14/04/2025 18:41,London Brixton,Carolyn Macchiarella,Large Espresso - 1.80,1.8,CARD,3753916384112395
14/04/2025 18:43,London Brixton,Charles Gregory,"Regular Speciality Tea - Earl Grey - 1.30, Regular Iced americano - 2.15",3.45,CARD,7016226620611623
14/04/2025 18:45,London Brixton,Tammie Roa,"Large Smoothies - Glowing Greens - 2.50, Large Speciality Tea - Earl Grey - 1.60, Regular Speciality Tea - Earl Grey - 1.30",5.4,CARD,3873463105320354
14/04/2025 18:47,London Brixton,Kathleen Stephens,"Large Iced americano - 2.50, Regular Espresso - 1.50",4.0,CARD,1035406181562449
14/04/2025 18:49,London Brixton,Ralph Wilber,"Regular Espresso - 1.50, Regular Smoothies - Carrot Kick - 2.00, Regular Hot chocolate - 2.20",5.7,CASH,
14/04/2025 18:51,London Brixton,Richard Winchel,"Large Espresso - 1.80, Regular Frappes - Strawberries & Cream - 2.75, Large Iced americano - 2.50",7.05,CASH,
14/04/2025 18:53,London Brixton,Dale Weinstein,"Large Frappes - Strawberries & Cream - 3.25, Regular Frappes - Strawberries & Cream - 2.75, Large Espresso - 1.80",7.8,CASH,
14/04/2025 18:56,London Brixton,Anthony Frates,Regular Hot chocolate - 2.20,2.2,CARD,4355511640325766
14/04/2025 18:58,London Brixton,Grace Loos,"Regular Iced americano - 2.15, Large Espresso - 1.80, Large Espresso - 1.80, Regular Speciality Tea - Earl Grey - 1.30",7.05,CARD,7415197482692887
14/04/2025 19:00,London Brixton,Felix Weist,"Large Frappes - Strawberries & Cream - 3.25, Large Espresso - 1.80, Large Cappuccino - 2.45, Regular Smoothies - Glowing Greens - 2.00, Regular Speciality Tea - Earl Grey - 1.30",10.8,CASH,
14/04/2025 19:01,London Brixton,Joshua Kaylor,Large Frappes - Strawberries & Cream - 3.25,3.25,CARD,2644029783776916
14/04/2025 19:03,London Brixton,Arthur Kim,"Regular Smoothies - Carrot Kick - 2.00, Large Frappes - Strawberries & Cream - 3.25",5.25,CASH,
14/04/2025 19:04,London Brixton,Misty Chenault,"Regular Hot chocolate - 2.20, Large Smoothies - Carrot Kick - 2.50, Regular Smoothies - Carrot Kick - 2.00",6.7,CARD,3909512484486140
14/04/2025 19:05,London Brixton,Samuel Cope,Large Smoothies - Carrot Kick - 2.50,2.5,CARD,7264554629547759
14/04/2025 19:07,London Brixton,Elizabeth Ruiz,"Large Cappuccino - 2.45, Large Iced americano - 2.50, Regular Smoothies - Glowing Greens - 2.00, Regular Espresso - 1.50",8.45,CASH,
14/04/2025 19:08,London Brixton,Alvin Langdon,Large Iced americano - 2.50,2.5,CARD,9164231937010815
14/04/2025 19:09,London Brixton,Samantha Colvin,"Regular Smoothies - Carrot Kick - 2.00, Large Frappes - Strawberries & Cream - 3.25, Regular Iced americano - 2.15",7.4,CARD,4651986058406000
14/04/2025 19:11,London Brixton,Leanne Leibowitz,"Regular Smoothies - Glowing Greens - 2.00, Regular Espresso - 1.50, Large Speciality Tea - Earl Grey - 1.60, Large Frappes - Strawberries & Cream - 3.25",8.35,CARD,3948263808257073
14/04/2025 19:12,London Brixton,Jarvis Myers,"Regular Smoothies - Glowing Greens - 2.00, Regular Iced americano - 2.15, Regular Espresso - 1.50, Regular Hot chocolate - 2.20, Large Smoothies - Carrot Kick - 2.50",10.35,CARD,4127482506098431
14/04/2025 19:13,London Brixton,Louise Guerrero,"Regular Cappuccino - 2.15, Regular Iced americano - 2.15, Regular Cappuccino - 2.15, Regular Hot chocolate - 2.20",8.65,CARD,3762229957267388
14/04/2025 19:15,London Brixton,Hunter Rodriguez,"Regular Smoothies - Glowing Greens - 2.00, Regular Frappes - Strawberries & Cream - 2.75, Large Iced americano - 2.50",7.25,CASH,
14/04/2025 19:16,London Brixton,Emily Bennett,"Regular Cappuccino - 2.15, Large Speciality Tea - Earl Grey - 1.60",3.75,CARD,5695427655719506
14/04/2025 19:17,London Brixton,Craig Cameron,"Regular Hot chocolate - 2.20, Large Speciality Tea - Earl Grey - 1.60, Large Cappuccino - 2.45, Regular Iced americano - 2.15",8.4,CARD,8171244132604292
14/04/2025 19:19,London Brixton,Christopher Slawson,"Large Smoothies - Glowing Greens - 2.50, Regular Hot chocolate - 2.20, Large Frappes - Strawberries & Cream - 3.25",7.95,CARD,5974398790973218
14/04/2025 19:20,London Brixton,Tina Vaughn,Large Smoothies - Carrot Kick - 2.50,2.5,CASH,
14/04/2025 19:22,London Brixton,Ramon Wyke,"Regular Smoothies - Glowing Greens - 2.00, Large Espresso - 1.80",3.8,CASH,
14/04/2025 19:23,London Brixton,Edward Watkins,"Large Smoothies - Carrot Kick - 2.50, Large Speciality Tea - Earl Grey - 1.60, Regular Cappuccino - 2.15, Regular Smoothies - Glowing Greens - 2.00, Regular Smoothies - Glowing Greens - 2.00",10.25,CASH,
14/04/2025 19:24,London Brixton,John Townsley,"Large Iced americano - 2.50, Large Frappes - Strawberries & Cream - 3.25, Large Cappuccino - 2.45, Regular Iced americano - 2.15",10.35,CARD,3299222149839432
14/04/2025 19:26,London Brixton,Whitney Bell,Large Smoothies - Carrot Kick - 2.50,2.5,CARD,6126903140737072
14/04/2025 19:27,London Brixton,Shawn Grant,"Large Espresso - 1.80, Regular Iced americano - 2.15, Large Cappuccino - 2.45, Large Iced americano - 2.50, Large Iced americano - 2.50, Regular Espresso - 1.50",12.9,CARD,1147043840459175
14/04/2025 19:28,London Brixton,Mark Rickel,"Regular Speciality Tea - Earl Grey - 1.30, Regular Frappes - Strawberries & Cream - 2.75",4.05,CARD,6453737231217155
14/04/2025 19:30,London Brixton,Gerald Harsh,Regular Cappuccino - 2.15,2.15,CARD,1593000208070108
14/04/2025 19:31,London Brixton,Jean Elmore,"Regular Smoothies - Carrot Kick - 2.00, Large Frappes - Strawberries & Cream - 3.25, Large Hot chocolate - 2.90",8.15,CARD,8700134883093682
14/04/2025 19:32,London Brixton,Christal Williams,"Large Cappuccino - 2.45, Large Cappuccino - 2.45, Regular Speciality Tea - Earl Grey - 1.30, Regular Smoothies - Carrot Kick - 2.00",8.2,CARD,2640968934099576
14/04/2025 19:34,London Brixton,Patrice Dietrich,"Large Iced americano - 2.50, Large Smoothies - Carrot Kick - 2.50, Regular Cappuccino - 2.15",7.15,CASH,
14/04/2025 19:35,London Brixton,Maude Parks,Large Hot chocolate - 2.90,2.9,CARD,6960360167169317
14/04/2025 19:36,London Brixton,Karen Mcevoy,"Large Smoothies - Carrot Kick - 2.50, Regular Speciality Tea - Earl Grey - 1.30, Regular Hot chocolate - 2.20",6.0,CARD,8783840759098668
14/04/2025 19:38,London Brixton,Byron Buckley,"Large Frappes - Strawberries & Cream - 3.25, Regular Hot chocolate - 2.20, Regular Iced americano - 2.15, Regular Espresso - 1.50, Regular Smoothies - Carrot Kick - 2.00",11.1,CARD,6900905453452739
14/04/2025 19:39,London Brixton,Carol Thompson,"Regular Iced americano - 2.15, Regular Hot chocolate - 2.20",4.35,CASH,
14/04/2025 19:40,London Brixton,Victoria Province,Large Hot chocolate - 2.90,2.9,CASH,
14/04/2025 19:42,London Brixton,Laurie Jeffery,"Regular Smoothies - Carrot Kick - 2.00, Regular Frappes - Strawberries & Cream - 2.75, Large Hot chocolate - 2.90, Large Smoothies - Glowing Greens - 2.50",10.15,CARD,9791319675704516
14/04/2025 19:43,London Brixton,Herbert Lines,"Large Espresso - 1.80, Large Espresso - 1.80, Large Smoothies - Glowing Greens - 2.50, Large Speciality Tea - Earl Grey - 1.60",7.7,CARD,4286804545148663
14/04/2025 19:44,London Brixton,Isabel Guyton,"Large Smoothies - Glowing Greens - 2.50, Large Cappuccino - 2.45",4.95,CARD,2040559501352192
14/04/2025 19:46,London Brixton,Eric Riker,Regular Speciality Tea - Earl Grey - 1.30,1.3,CARD,6134731749935005
14/04/2025 19:47,London Brixton,Robert Kaiser,"Regular Hot chocolate - 2.20, Regular Espresso - 1.50, Large Frappes - Strawberries & Cream - 3.25, Large Cappuccino - 2.45",9.4,CARD,8634861974566440
14/04/2025 19:49,London Brixton,Juan Johnson,Large Smoothies - Glowing Greens - 2.50,2.5,CASH,
14/04/2025 19:50,London Brixton,Mark Ahlers,"Regular Espresso - 1.50, Large Smoothies - Carrot Kick - 2.50, Large Iced americano - 2.50, Regular Smoothies - Carrot Kick - 2.00, Large Frappes - Strawberries & Cream - 3.25",11.75,CASH,
14/04/2025 19:51,London Brixton,George Rodgers,"Regular Frappes - Strawberries & Cream - 2.75, Large Iced americano - 2.50, Large Iced americano - 2.50, Large Frappes - Strawberries & Cream - 3.25, Large Smoothies - Carrot Kick - 2.50",13.5,CARD,8376812876915394
14/04/2025 19:53,London Brixton,Leo Floyd,Regular Cappuccino - 2.15,2.15,CARD,1430708180354590
14/04/2025 19:54,London Brixton,Debra Washington,"Regular Frappes - Strawberries & Cream - 2.75, Large Frappes - Strawberries & Cream - 3.25, Large Speciality Tea - Earl Grey - 1.60, Large Smoothies - Glowing Greens - 2.50",10.1,CASH,
14/04/2025 19:55,London Brixton,Joe Mitchell,"Large Smoothies - Carrot Kick - 2.50, Large Smoothies - Glowing Greens - 2.50, Large Iced americano - 2.50",7.5,CARD,8290931329102978
14/04/2025 19:57,London Brixton,Gabriel Thompson,Large Iced americano - 2.50,2.5,CASH,
14/04/2025 19:58,London Brixton,Delores Stewart,"Large Frappes - Strawberries & Cream - 3.25, Large Hot chocolate - 2.90, Large Smoothies - Carrot Kick - 2.50",8.65,CASH,
14/04/2025 19:59,London Brixton,Sandy Yu,"Regular Iced americano - 2.15, Large Speciality Tea - Earl Grey - 1.60",3.75,CARD,2474241401555459
14/04/2025 20:01,London Brixton,Lee Will,"Regular Cappuccino - 2.15, Large Espresso - 1.80",3.95,CARD,9979755890545796
14/04/2025 20:03,London Brixton,Williams Stone,Regular Smoothies - Carrot Kick - 2.00,2.0,CARD,8236340372560625
14/04/2025 20:05,London Brixton,Matthew Weeks,Regular Hot chocolate - 2.20,2.2,CARD,2727063968493761
14/04/2025 20:08,London Brixton,Kenny Mcmurray,"Large Cappuccino - 2.45, Regular Frappes - Strawberries & Cream - 2.75, Regular Speciality Tea - Earl Grey - 1.30, Regular Smoothies - Glowing Greens - 2.00, Large Smoothies - Glowing Greens - 2.50, Large Speciality Tea - Earl Grey - 1.60",12.6,CASH,
14/04/2025 20:10,London Brixton,Roger Dominguez,"Large Frappes - Strawberries & Cream - 3.25, Large Iced americano - 2.50, Regular Cappuccino - 2.15",7.9,CARD,9489221713681997
14/04/2025 20:13,London Brixton,Joshua Rustin,"Large Hot chocolate - 2.90, Regular Iced americano - 2.15, Regular Frappes - Strawberries & Cream - 2.75, Large Iced americano - 2.50, Regular Espresso - 1.50, Large Iced americano - 2.50",14.3,CARD,7727426396464091
14/04/2025 20:15,London Brixton,Michele Stavros,"Regular Smoothies - Glowing Greens - 2.00, Large Cappuccino - 2.45, Large Speciality Tea - Earl Grey - 1.60, Regular Espresso - 1.50, Regular Iced americano - 2.15",9.7,CASH,
14/04/2025 20:17,London Brixton,Belinda Askew,Regular Smoothies - Glowing Greens - 2.00,2.0,CASH,
14/04/2025 20:20,London Brixton,Lourdes Miller,"Regular Smoothies - Carrot Kick - 2.00, Large Frappes - Strawberries & Cream - 3.25",5.25,CARD,9240625945369130
14/04/2025 20:22,London Brixton,Ida Force,Regular Speciality Tea - Earl Grey - 1.30,1.3,CARD,6682908857678587
14/04/2025 20:25,London Brixton,Sharon Richards,"Regular Frappes - Strawberries & Cream - 2.75, Regular Smoothies - Glowing Greens - 2.00, Regular Cappuccino - 2.15, Regular Espresso - 1.50, Regular Speciality Tea - Earl Grey - 1.30",9.7,CARD,8829912189155277
14/04/2025 20:27,London Brixton,Melissa Williamson,"Large Hot chocolate - 2.90, Regular Cappuccino - 2.15",5.05,CASH,
14/04/2025 20:29,London Brixton,Lori Campbell,"Large Smoothies - Carrot Kick - 2.50, Large Frappes - Strawberries & Cream - 3.25, Large Speciality Tea - Earl Grey - 1.60, Large Smoothies - Glowing Greens - 2.50",9.85,CARD,7831559232971072
14/04/2025 20:32,London Brixton,Michael Hill,"Large Smoothies - Glowing Greens - 2.50, Large Iced americano - 2.50, Large Speciality Tea - Earl Grey - 1.60",6.6,CARD,7792507496264353
14/04/2025 20:34,London Brixton,Henry Young,"Large Cappuccino - 2.45, Regular Speciality Tea - Earl Grey - 1.30",3.75,CASH,
14/04/2025 20:37,London Brixton,Julio Wead,"Regular Frappes - Strawberries & Cream - 2.75, Regular Smoothies - Glowing Greens - 2.00, Regular Cappuccino - 2.15, Regular Hot chocolate - 2.20",9.1,CARD,5297158107849660
14/04/2025 20:39,London Brixton,Judy Yates,"Regular Iced americano - 2.15, Regular Cappuccino - 2.15, Large Hot chocolate - 2.90",7.2,CARD,6658961323413844
14/04/2025 20:41,London Brixton,Earnest Newsome,"Regular Frappes - Strawberries & Cream - 2.75, Regular Espresso - 1.50, Regular Hot chocolate - 2.20",6.45,CARD,4275875954282961
14/04/2025 20:44,London Brixton,Betty Barker,Large Smoothies - Carrot Kick - 2.50,2.5,CARD,4438708181665165
14/04/2025 20:46,London Brixton,Therese Fuentes,Large Smoothies - Glowing Greens - 2.50,2.5,CASH,
14/04/2025 20:49,London Brixton,Gary Fletcher,Large Speciality Tea - Earl Grey - 1.60,1.6,CASH,
14/04/2025 20:51,London Brixton,Dennis Adams,"Large Frappes - Strawberries & Cream - 3.25, Large Smoothies - Glowing Greens - 2.50, Regular Espresso - 1.50",7.25,CARD,6164196789393765
14/04/2025 20:53,London Brixton,Lorraine Clarke,Large Iced americano - 2.50,2.5,CARD,4073977748750954
14/04/2025 20:56,London Brixton,David Ramage,"Large Iced americano - 2.50, Large Hot chocolate - 2.90",5.4,CARD,6750572045544763
14/04/2025 20:58,London Brixton,Bridget Barnett,"Regular Cappuccino - 2.15, Large Espresso - 1.80",3.95,CASH,
