16/04/2025 08:00,London Greenwich,Donna Brice,Large Frappes - Chocolate Cookie - 3.25,3.25,CASH,
16/04/2025 08:01,London Greenwich,Leslie Asbell,"Regular Frappes - Strawberries & Cream - 2.75, Large Flavoured iced latte - Caramel - 3.25, Large Frappes - Strawberries & Cream - 3.25, Large Frappes - Strawberries & Cream - 3.25, Large Flavoured iced latte - Caramel - 3.25, Regular Frappes - Strawberries & Cream - 2.75",18.5,CARD,5226219754221983
16/04/2025 08:03,London Greenwich,Timothy Williams,"Large Iced americano - 2.50, Large Flavoured iced latte - Caramel - 3.25",5.75,CARD,9754694684840511
16/04/2025 08:05,London Greenwich,Ashley Fatica,"Regular Latte - 2.15, Large Latte - 2.45, Large Frappes - Chocolate Cookie - 3.25, Regular Latte - 2.15, Regular Flavoured iced latte - Caramel - 2.75, Regular Flavoured iced latte - Caramel - 2.75",15.5,CARD,1261158462859903
16/04/2025 08:07,London Greenwich,Florence Kirkland,"Regular Latte - 2.15, Large Flavoured iced latte - Caramel - 3.25, Regular Flavoured iced latte - Caramel - 2.75, Large Iced americano - 2.50, Regular Latte - 2.15",12.8,CASH,
16/04/2025 08:08,London Greenwich,Chase Hartshorne,"Regular Latte - 2.15, Large Flavoured iced latte - Caramel - 3.25, Large Frappes - Strawberries & Cream - 3.25, Large Frappes - Chocolate Cookie - 3.25",11.9,CASH,
16/04/2025 08:10,London Greenwich,Cora Williams,Regular Flavoured iced latte - Caramel - 2.75,2.75,CARD,9071062269684211
16/04/2025 08:12,London Greenwich,Eric Long,Regular Flavoured iced latte - Caramel - 2.75,2.75,CASH,
16/04/2025 08:14,London Greenwich,Barbara Mace,"Large Latte - 2.45, Regular Frappes - Chocolate Cookie - 2.75, Regular Flavoured iced latte - Caramel - 2.75",7.95,CARD,7500699047499458
16/04/2025 08:15,London Greenwich,Roscoe Harris,"Large Frappes - Strawberries & Cream - 3.25, Large Latte - 2.45",5.7,CARD,1562342432081055
16/04/2025 08:17,London Greenwich,Laura Durant,"Regular Latte - 2.15, Large Flavoured iced latte - Caramel - 3.25, Regular Latte - 2.15, Regular Flavoured iced latte - Caramel - 2.75",10.3,CARD,1873016063475074
16/04/2025 08:19,London Greenwich,Arturo Chambers,Regular Flavoured iced latte - Caramel - 2.75,2.75,CARD,4331516572930853
16/04/2025 08:21,London Greenwich,Joel Fowler,Regular Iced americano - 2.15,2.15,CARD,2991939781710171
16/04/2025 08:22,London Greenwich,Lucia Borowski,"Regular Frappes - Chocolate Cookie - 2.75, Large Frappes - Chocolate Cookie - 3.25, Large Latte - 2.45, Regular Flavoured iced latte - Caramel - 2.75, Large Frappes - Chocolate Cookie - 3.25, Regular Frappes - Strawberries & Cream - 2.75",17.2,CASH,
16/04/2025 08:24,London Greenwich,Bertha Fowler,"Regular Latte - 2.15, Large Iced americano - 2.50",4.65,CARD,4632912892517080
16/04/2025 08:26,London Greenwich,Pete Robinson,"Large Frappes - Strawberries & Cream - 3.25, Regular Flavoured iced latte - Caramel - 2.75, Large Flavoured iced latte - Caramel - 3.25",9.25,CASH,
16/04/2025 08:28,London Greenwich,Martin Frazier,"Regular Frappes - Chocolate Cookie - 2.75, Large Iced americano - 2.50, Regular Frappes - Strawberries & Cream - 2.75",8.0,CARD,6290994125792912
16/04/2025 08:29,London Greenwich,John Rey,Large Flavoured iced latte - Caramel - 3.25,3.25,CASH,
16/04/2025 08:31,London Greenwich,Joe Hernandez,Large Flavoured iced latte - Caramel - 3.25,3.25,CASH,
16/04/2025 08:33,London Greenwich,Sallie Cortez,Regular Frappes - Strawberries & Cream - 2.75,2.75,CARD,6236007439309633
16/04/2025 08:35,London Greenwich,Basil Maes,"Regular Iced americano - 2.15, Regular Frappes - Strawberries & Cream - 2.75, Regular Frappes - Strawberries & Cream - 2.75",7.65,CASH,
16/04/2025 08:36,London Greenwich,Lawrence Smith,"Regular Frappes - Strawberries & Cream - 2.75, Regular Frappes - Strawberries & Cream - 2.75, Regular Iced americano - 2.15, Regular Frappes - Strawberries & Cream - 2.75",10.4,CARD,8645062974089766
16/04/2025 08:38,London Greenwich,Stanley Jones,Regular Frappes - Chocolate Cookie - 2.75,2.75,CASH,
16/04/2025 08:40,London Greenwich,Rebecca Kramer,"Large Frappes - Strawberries & Cream - 3.25, Large Flavoured iced latte - Caramel - 3.25, Large Frappes - Chocolate Cookie - 3.25, Regular Flavoured iced latte - Caramel - 2.75, Regular Iced americano - 2.15, Large Frappes - Strawberries & Cream - 3.25",17.9,CARD,2597016572225064
16/04/2025 08:42,London Greenwich,Kenneth Walker,"Regular Frappes - Chocolate Cookie - 2.75, Regular Frappes - Chocolate Cookie - 2.75, Regular Latte - 2.15, Regular Iced americano - 2.15",9.8,CASH,
16/04/2025 08:43,London Greenwich,Anthony Russell,Regular Flavoured iced latte - Caramel - 2.75,2.75,CASH,
16/04/2025 08:45,London Greenwich,Clarence Barrera,Large Frappes - Chocolate Cookie - 3.25,3.25,CARD,6273520861968348
16/04/2025 08:47,London Greenwich,Savannah Cooley,"Large Flavoured iced latte - Caramel - 3.25, Regular Frappes - Strawberries & Cream - 2.75",6.0,CARD,3063694351850809
16/04/2025 08:49,London Greenwich,Lazaro Mann,Large Frappes - Strawberries & Cream - 3.25,3.25,CASH,
16/04/2025 08:50,London Greenwich,Bettye Stolte,"Regular Latte - 2.15, Regular Latte - 2.15, Regular Iced americano - 2.15, Large Flavoured iced latte - Caramel - 3.25",9.7,CARD,9059530104457661
16/04/2025 08:52,London Greenwich,Alvin Durrance,Regular Latte - 2.15,2.15,CASH,
16/04/2025 08:54,London Greenwich,Bobby Davidson,"Regular Iced americano - 2.15, Regular Frappes - Strawberries & Cream - 2.75, Large Latte - 2.45",7.35,CARD,6525167944957868
16/04/2025 08:56,London Greenwich,Brian Hanna,"Regular Flavoured iced latte - Caramel - 2.75, Large Flavoured iced latte - Caramel - 3.25, Large Iced americano - 2.50",8.5,CARD,3248240018099769
16/04/2025 08:57,London Greenwich,James Brown,"Large Latte - 2.45, Regular Iced americano - 2.15, Large Flavoured iced latte - Caramel - 3.25, Large Iced americano - 2.50",10.35,CASH,
16/04/2025 08:59,London Greenwich,Tanya Cox,"Regular Iced americano - 2.15, Regular Iced americano - 2.15",4.3,CASH,
16/04/2025 09:01,London Greenwich,Shane Tucci,"Large Frappes - Chocolate Cookie - 3.25, Large Iced americano - 2.50",5.75,CARD,4744721606359889
16/04/2025 09:05,London Greenwich,Helen Williams,"Regular Flavoured iced latte - Caramel - 2.75, Large Frappes - Strawberries & Cream - 3.25, Regular Latte - 2.15, Regular Iced americano - 2.15",10.3,CARD,1718397031946746
16/04/2025 09:08,London Greenwich,Robert Ramirez,"Regular Frappes - Chocolate Cookie - 2.75, Regular Frappes - Strawberries & Cream - 2.75",5.5,CASH,
16/04/2025 09:12,London Greenwich,Joseph Henderson,"Large Flavoured iced latte - Caramel - 3.25, Regular Iced americano - 2.15",5.4,CARD,9624612651895905
16/04/2025 09:15,London Greenwich,Margaret Bunch,Regular Frappes - Strawberries & Cream - 2.75,2.75,CASH,
16/04/2025 09:19,London Greenwich,Debra Ancona,"Regular Flavoured iced latte - Caramel - 2.75, Regular Frappes - Strawberries & Cream - 2.75, Regular Iced americano - 2.15, Regular Flavoured iced latte - Caramel - 2.75",10.4,CASH,
16/04/2025 09:22,London Greenwich,Melissa Schnader,"Large Iced americano - 2.50, Regular Flavoured iced latte - Caramel - 2.75",5.25,CARD,2980831684774385
16/04/2025 09:26,London Greenwich,Daniel Wells,"Large Iced americano - 2.50, Large Flavoured iced latte - Caramel - 3.25",5.75,CARD,3732175600550903
16/04/2025 09:29,London Greenwich,Connie Hardison,"Large Flavoured iced latte - Caramel - 3.25, Large Flavoured iced latte - Caramel - 3.25",6.5,CARD,5016808119897519
16/04/2025 09:33,London Greenwich,Ernest Reichert,"Regular Frappes - Chocolate Cookie - 2.75, Regular Frappes - Chocolate Cookie - 2.75",5.5,CARD,8789737753771792
16/04/2025 09:36,London Greenwich,David Rainwater,"Large Iced americano - 2.50, Regular Flavoured iced latte - Caramel - 2.75, Large Iced americano - 2.50",7.75,CARD,2130747471322527
16/04/2025 09:40,London Greenwich,Robert Bunch,"Regular Iced americano - 2.15, Regular Iced americano - 2.15, Regular Flavoured iced latte - Caramel - 2.75, Regular Flavoured iced latte - Caramel - 2.75, Large Latte - 2.45",12.25,CARD,7095145897721803
16/04/2025 09:43,London Greenwich,Bryan Douglas,"Regular Flavoured iced latte - Caramel - 2.75, Large Iced americano - 2.50, Large Flavoured iced latte - Caramel - 3.25, Regular Latte - 2.15, Regular Frappes - Chocolate Cookie - 2.75",13.4,CASH,
16/04/2025 09:47,London Greenwich,Celina Tomasi,Regular Latte - 2.15,2.15,CASH,
16/04/2025 09:50,London Greenwich,Nannette Dobbins,"Large Iced americano - 2.50, Large Frappes - Strawberries & Cream - 3.25",5.75,CARD,3754883033218441
16/04/2025 09:54,London Greenwich,Sherry Freels,"Regular Frappes - Chocolate Cookie - 2.75, Large Latte - 2.45, Regular Frappes - Chocolate Cookie - 2.75, Regular Flavoured iced latte - Caramel - 2.75",10.7,CASH,
16/04/2025 09:57,London Greenwich,Nona Hutchinson,"Large Latte - 2.45, Large Latte - 2.45, Regular Latte - 2.15",7.05,CASH,
16/04/2025 10:01,London Greenwich,Archie Lindsay,Regular Flavoured iced latte - Caramel - 2.75,2.75,CASH,
16/04/2025 10:02,London Greenwich,Thomas Howery,Large Frappes - Strawberries & Cream - 3.25,3.25,CARD,1934560583688965
16/04/2025 10:04,London Greenwich,Bernice Pierce,"Large Flavoured iced latte - Caramel - 3.25, Regular Frappes - Strawberries & Cream - 2.75, Regular Frappes - Strawberries & Cream - 2.75",8.75,CASH,
16/04/2025 10:05,London Greenwich,Jose Spencer,"Large Frappes - Chocolate Cookie - 3.25, Regular Iced americano - 2.15",5.4,CARD,4921931808302814
16/04/2025 10:06,London Greenwich,Brain Green,"Large Frappes - Chocolate Cookie - 3.25, Large Flavoured iced latte - Caramel - 3.25",6.5,CASH,
16/04/2025 10:08,London Greenwich,Kenneth Gandee,"Regular Flavoured iced latte - Caramel - 2.75, Large Iced americano - 2.50, Large Frappes - Chocolate Cookie - 3.25, Large Latte - 2.45, Large Latte - 2.45, Regular Frappes - Strawberries & Cream - 2.75",16.15,CASH,
16/04/2025 10:09,London Greenwich,Wendy Cody,"Large Iced americano - 2.50, Large Frappes - Strawberries & Cream - 3.25",5.75,CASH,
16/04/2025 10:10,London Greenwich,Nancy Sires,"Regular Latte - 2.15, Regular Frappes - Strawberries & Cream - 2.75, Regular Flavoured iced latte - Caramel - 2.75, Regular Flavoured iced latte - Caramel - 2.75",10.4,CARD,1095184585139207
16/04/2025 10:12,London Greenwich,David Verch,Large Latte - 2.45,2.45,CASH,
16/04/2025 10:13,London Greenwich,Omar Vang,Large Frappes - Chocolate Cookie - 3.25,3.25,CARD,1469892664543668
16/04/2025 10:15,London Greenwich,Laura Woodard,"Large Flavoured iced latte - Caramel - 3.25, Large Frappes - Chocolate Cookie - 3.25, Regular Latte - 2.15",8.65,CASH,
16/04/2025 10:16,London Greenwich,Arminda Bolan,"Regular Frappes - Strawberries & Cream - 2.75, Regular Latte - 2.15, Regular Flavoured iced latte - Caramel - 2.75, Regular Iced americano - 2.15",9.8,CARD,9952550627903042
16/04/2025 10:17,London Greenwich,Mark Hardin,"Large Frappes - Chocolate Cookie - 3.25, Large Frappes - Chocolate Cookie - 3.25, Regular Latte - 2.15, Large Flavoured iced latte - Caramel - 3.25",11.9,CARD,4747699523107162
16/04/2025 10:19,London Greenwich,Kathy Forehand,"Regular Frappes - Strawberries & Cream - 2.75, Large Latte - 2.45, Large Latte - 2.45, Large Frappes - Strawberries & Cream - 3.25, Large Latte - 2.45, Regular Frappes - Chocolate Cookie - 2.75",16.1,CASH,
16/04/2025 10:20,London Greenwich,Joann Johnson,Regular Latte - 2.15,2.15,CARD,4993974536501721
16/04/2025 10:22,London Greenwich,Jason Marquez,"Regular Frappes - Chocolate Cookie - 2.75, Regular Flavoured iced latte - Caramel - 2.75, Regular Flavoured iced latte - Caramel - 2.75, Regular Iced americano - 2.15, Large Iced americano - 2.50",12.9,CARD,4091656300633490
16/04/2025 10:23,London Greenwich,Mark Garay,"Regular Flavoured iced latte - Caramel - 2.75, Regular Frappes - Strawberries & Cream - 2.75, Large Frappes - Strawberries & Cream - 3.25",8.75,CASH,
16/04/2025 10:24,London Greenwich,Robert Waldrop,"Large Frappes - Strawberries & Cream - 3.25, Large Iced americano - 2.50",5.75,CARD,8340085568691039
16/04/2025 10:26,London Greenwich,Jessica Jimenez,"Large Iced americano - 2.50, Regular Flavoured iced latte - Caramel - 2.75, Regular Iced americano - 2.15",7.4,CARD,5551333701776954
16/04/2025 10:27,London Greenwich,Frank Conway,"Large Frappes - Chocolate Cookie - 3.25, Large Iced americano - 2.50, Large Frappes - Strawberries & Cream - 3.25",9.0,CASH,
16/04/2025 10:28,London Greenwich,Terry Mellon,"Large Iced americano - 2.50, Large Flavoured iced latte - Caramel - 3.25, Regular Frappes - Strawberries & Cream - 2.75, Large Latte - 2.45, Regular Latte - 2.15, Regular Flavoured iced latte - Caramel - 2.75",15.85,CARD,6897326468629452
16/04/2025 10:30,London Greenwich,Kimberely Marquez,Regular Flavoured iced latte - Caramel - 2.75,2.75,CARD,7374554286405322
16/04/2025 10:31,London Greenwich,Ruth Wolf,"Large Flavoured iced latte - Caramel - 3.25, Regular Latte - 2.15",5.4,CARD,6981038616808769
16/04/2025 10:33,London Greenwich,Annie Lyons,"Regular Frappes - Strawberries & Cream - 2.75, Regular Iced americano - 2.15",4.9,CARD,2148323003466740
16/04/2025 10:34,London Greenwich,Miguel Caruso,"Large Latte - 2.45, Large Frappes - Chocolate Cookie - 3.25, Large Flavoured iced latte - Caramel - 3.25",8.95,CASH,
16/04/2025 10:35,London Greenwich,Karen Ortiz,"Regular Flavoured iced latte - Caramel - 2.75, Large Latte - 2.45, Large Latte - 2.45",7.65,CARD,2459449378267333
16/04/2025 10:37,London Greenwich,Pamela Stauffer,Large Flavoured iced latte - Caramel - 3.25,3.25,CASH,
16/04/2025 10:38,London Greenwich,Joshua Maher,Regular Latte - 2.15,2.15,CASH,
16/04/2025 10:40,London Greenwich,Roxane Higgins,"Regular Latte - 2.15, Regular Iced americano - 2.15, Large Frappes - Strawberries & Cream - 3.25, Regular Frappes - Chocolate Cookie - 2.75",10.3,CARD,2719586222246291
16/04/2025 10:41,London Greenwich,Cheryl Perrella,"Large Latte - 2.45, Large Frappes - Strawberries & Cream - 3.25, Regular Flavoured iced latte - Caramel - 2.75",8.45,CARD,5969867933314168
16/04/2025 10:42,London Greenwich,George Hatfield,"Large Frappes - Strawberries & Cream - 3.25, Regular Iced americano - 2.15, Regular Flavoured iced latte - Caramel - 2.75",8.15,CARD,9650592365847313
16/04/2025 10:44,London Greenwich,Jessie Bullock,"Large Latte - 2.45, Regular Frappes - Strawberries & Cream - 2.75, Large Latte - 2.45, Large Frappes - Chocolate Cookie - 3.25",10.9,CARD,2593350623910545
16/04/2025 10:45,London Greenwich,Craig Fleshman,"Regular Iced americano - 2.15, Large Latte - 2.45, Large Frappes - Strawberries & Cream - 3.25, Large Latte - 2.45, Regular Flavoured iced latte - Caramel - 2.75",13.05,CARD,9907643441893966
16/04/2025 10:46,London Greenwich,Jose Lackey,"Regular Frappes - Strawberries & Cream - 2.75, Regular Latte - 2.15, Regular Flavoured iced latte - Caramel - 2.75",7.65,CARD,2281587148283435
16/04/2025 10:48,London Greenwich,Jerold Mason,Regular Iced americano - 2.15,2.15,CASH,
16/04/2025 10:49,London Greenwich,Vickie Walker,"Regular Flavoured iced latte - Caramel - 2.75, Regular Latte - 2.15",4.9,CASH,
16/04/2025 10:51,London Greenwich,Melanie Ohara,"Regular Latte - 2.15, Large Frappes - Strawberries & Cream - 3.25",5.4,CARD,9474188580689078
16/04/2025 10:52,London Greenwich,George Reid,"Regular Frappes - Strawberries & Cream - 2.75, Large Latte - 2.45",5.2,CARD,3645051290228826
16/04/2025 10:53,London Greenwich,Josephine Leak,Regular Frappes - Chocolate Cookie - 2.75,2.75,CARD,8872881470972768
16/04/2025 10:55,London Greenwich,Steven Zenger,"Large Flavoured iced latte - Caramel - 3.25, Large Frappes - Chocolate Cookie - 3.25",6.5,CASH,
16/04/2025 10:56,London Greenwich,Paul Brustmann,"Large Frappes - Strawberries & Cream - 3.25, Large Frappes - Strawberries & Cream - 3.25, Large Flavoured iced latte - Caramel - 3.25, Regular Latte - 2.15",11.9,CARD,4937598632919917
16/04/2025 10:57,London Greenwich,Adolfo Selestewa,Regular Frappes - Strawberries & Cream - 2.75,2.75,CARD,3173387020685344
16/04/2025 10:59,London Greenwich,Victor Frank,"Large Flavoured iced latte - Caramel - 3.25, Large Flavoured iced latte - Caramel - 3.25, Regular Latte - 2.15",8.65,CARD,8974197146773712
16/04/2025 11:00,London Greenwich,Jack Walker,"Regular Frappes - Strawberries & Cream - 2.75, Large Frappes - Chocolate Cookie - 3.25, Large Latte - 2.45, Regular Frappes - Strawberries & Cream - 2.75, Large Frappes - Strawberries & Cream - 3.25",14.45,CARD,2456075134461288
16/04/2025 11:02,London Greenwich,Julia Denton,"Large Frappes - Strawberries & Cream - 3.25, Large Frappes - Chocolate Cookie - 3.25",6.5,CARD,6968133381205503
16/04/2025 11:04,London Greenwich,Hubert Rase,"Large Latte - 2.45, Large Flavoured iced latte - Caramel - 3.25, Large Frappes - Strawberries & Cream - 3.25, Regular Flavoured iced latte - Caramel - 2.75, Large Latte - 2.45, Large Frappes - Chocolate Cookie - 3.25",17.4,CARD,7242773098635502
16/04/2025 11:06,London Greenwich,Carol Douglas,"Regular Flavoured iced latte - Caramel - 2.75, Regular Latte - 2.15",4.9,CARD,1273058677745206
16/04/2025 11:08,London Greenwich,Robert Mcgee,"Large Frappes - Strawberries & Cream - 3.25, Large Iced americano - 2.50, Regular Flavoured iced latte - Caramel - 2.75, Large Latte - 2.45",10.95,CASH,
16/04/2025 11:09,London Greenwich,Jose Allison,"Large Frappes - Strawberries & Cream - 3.25, Regular Iced americano - 2.15",5.4,CARD,7483376513832778
16/04/2025 11:11,London Greenwich,Lynda Cantrell,"Regular Frappes - Strawberries & Cream - 2.75, Large Frappes - Chocolate Cookie - 3.25, Regular Flavoured iced latte - Caramel - 2.75, Large Frappes - Chocolate Cookie - 3.25",12.0,CASH,
16/04/2025 11:13,London Greenwich,Frank Alvarez,Large Flavoured iced latte - Caramel - 3.25,3.25,CARD,7330903768599292
16/04/2025 11:15,London Greenwich,Carol Hayashi,Large Latte - 2.45,2.45,CARD,5413917127887964
16/04/2025 11:17,London Greenwich,Ivan Murphy,"Regular Flavoured iced latte - Caramel - 2.75, Regular Frappes - Strawberries & Cream - 2.75, Large Frappes - Strawberries & Cream - 3.25",8.75,CASH,
16/04/2025 11:18,London Greenwich,Scott Walden,"Large Latte - 2.45, Large Flavoured iced latte - Caramel - 3.25",5.7,CARD,7393449407018271
16/04/2025 11:20,London Greenwich,Candi Rivera,"Large Frappes - Strawberries & Cream - 3.25, Large Iced americano - 2.50, Regular Latte - 2.15, Regular Iced americano - 2.15, Regular Latte - 2.15, Large Latte - 2.45",14.65,CASH,
16/04/2025 11:22,London Greenwich,Christopher Kipp,Large Frappes - Chocolate Cookie - 3.25,3.25,CASH,
16/04/2025 11:24,London Greenwich,Melissa Bostick,"Regular Iced americano - 2.15, Regular Flavoured iced latte - Caramel - 2.75, Large Iced americano - 2.50",7.4,CARD,3136904713706525
16/04/2025 11:26,London Greenwich,Jerold Hinds,Large Iced americano - 2.50,2.5,CARD,7999215048318110
16/04/2025 11:28,London Greenwich,Carmen Foulks,"Regular Frappes - Chocolate Cookie - 2.75, Large Iced americano - 2.50, Regular Frappes - Chocolate Cookie - 2.75, Large Latte - 2.45, Regular Latte - 2.15, Large Flavoured iced latte - Caramel - 3.25",15.85,CARD,3156805824637867
16/04/2025 11:29,London Greenwich,Betty Broadway,Large Flavoured iced latte - Caramel - 3.25,3.25,CARD,5102778613656542
16/04/2025 11:31,London Greenwich,Rex Rhoda,"Regular Iced americano - 2.15, Regular Flavoured iced latte - Caramel - 2.75, Regular Latte - 2.15",7.05,CARD,5514977298438896
16/04/2025 11:33,London Greenwich,Barbara Wallace,"Large Flavoured iced latte - Caramel - 3.25, Regular Flavoured iced latte - Caramel - 2.75, Large Flavoured iced latte - Caramel - 3.25, Regular Flavoured iced latte - Caramel - 2.75, Regular Flavoured iced latte - Caramel - 2.75",14.75,CARD,5453699251000192
16/04/2025 11:35,London Greenwich,Darwin Leblanc,"Large Latte - 2.45, Regular Frappes - Strawberries & Cream - 2.75, Large Latte - 2.45, Regular Flavoured iced latte - Caramel - 2.75",10.4,CARD,1952131923492033
16/04/2025 11:37,London Greenwich,Mona Carter,"Regular Flavoured iced latte - Caramel - 2.75, Large Frappes - Strawberries & Cream - 3.25, Large Flavoured iced latte - Caramel - 3.25, Large Frappes - Strawberries & Cream - 3.25, Large Iced americano - 2.50, Regular Frappes - Chocolate Cookie - 2.75",17.75,CASH,
16/04/2025 11:38,London Greenwich,Michael Dominique,"Large Frappes - Strawberries & Cream - 3.25, Regular Flavoured iced latte - Caramel - 2.75, Large Latte - 2.45, Regular Flavoured iced latte - Caramel - 2.75",11.2,CARD,1956402196863502
16/04/2025 11:40,London Greenwich,Francis Kirkpatrick,"Large Flavoured iced latte - Caramel - 3.25, Regular Frappes - Chocolate Cookie - 2.75, Regular Frappes - Strawberries & Cream - 2.75",8.75,CARD,4281725154030036
16/04/2025 11:42,London Greenwich,Dawn Jones,"Regular Flavoured iced latte - Caramel - 2.75, Large Flavoured iced latte - Caramel - 3.25, Large Frappes - Chocolate Cookie - 3.25, Large Iced americano - 2.50",11.75,CARD,5411495060227876
16/04/2025 11:44,London Greenwich,Frederick Baranowski,"Regular Frappes - Strawberries & Cream - 2.75, Regular Latte - 2.15",4.9,CARD,8150925988685843
16/04/2025 11:46,London Greenwich,Fred Petrie,"Large Latte - 2.45, Large Iced americano - 2.50, Regular Iced americano - 2.15, Large Latte - 2.45",9.55,CASH,
16/04/2025 11:47,London Greenwich,Dennis Westbrooks,Regular Frappes - Strawberries & Cream - 2.75,2.75,CARD,7268674894975282
16/04/2025 11:49,London Greenwich,Robert Alexander,"Regular Frappes - Strawberries & Cream - 2.75, Regular Latte - 2.15",4.9,CARD,1823270210343895
16/04/2025 11:51,London Greenwich,Patricia Reed,Large Flavoured iced latte - Caramel - 3.25,3.25,CARD,2119946433233074
16/04/2025 11:53,London Greenwich,Suzanne Smith,"Large Flavoured iced latte - Caramel - 3.25, Regular Iced americano - 2.15, Regular Frappes - Strawberries & Cream - 2.75, Large Frappes - Strawberries & Cream - 3.25, Large Latte - 2.45, Regular Latte - 2.15",16.0,CARD,4820991044854555
16/04/2025 11:55,London Greenwich,Bonnie Trout,Large Frappes - Strawberries & Cream - 3.25,3.25,CARD,9247619464042226
16/04/2025 11:57,London Greenwich,Ella Merryman,"Large Flavoured iced latte - Caramel - 3.25, Large Frappes - Chocolate Cookie - 3.25",6.5,CASH,
16/04/2025 11:58,London Greenwich,Amanda Cooper,"Regular Iced americano - 2.15, Large Latte - 2.45",4.6,CARD,1556371395727591
16/04/2025 12:00,London Greenwich,Adrienne Boxx,"Large Latte - 2.45, Large Flavoured iced latte - Caramel - 3.25, Regular Flavoured iced latte - Caramel - 2.75",8.45,CARD,4893952777511291
16/04/2025 12:02,London Greenwich,Jan Lauzon,Regular Latte - 2.15,2.15,CASH,
16/04/2025 12:05,London Greenwich,Florence Holte,"Regular Iced americano - 2.15, Regular Frappes - Strawberries & Cream - 2.75, Regular Flavoured iced latte - Caramel - 2.75, Large Frappes - Chocolate Cookie - 3.25",10.9,CARD,5609861038870434
16/04/2025 12:07,London Greenwich,Marilyn Herrera,Regular Latte - 2.15,2.15,CARD,5559483567954684
16/04/2025 12:09,London Greenwich,Morris Lavin,Large Frappes - Chocolate Cookie - 3.25,3.25,CARD,4667066499771386
16/04/2025 12:11,London Greenwich,Frederick Graham,Large Flavoured iced latte - Caramel - 3.25,3.25,CARD,2643333202419277
16/04/2025 12:14,London Greenwich,Henry Sundberg,Regular Frappes - Chocolate Cookie - 2.75,2.75,CARD,7038734926863201
16/04/2025 12:16,London Greenwich,Jennifer Oakley,"Regular Frappes - Chocolate Cookie - 2.75, Large Iced americano - 2.50, Regular Flavoured iced latte - Caramel - 2.75, Regular Latte - 2.15, Large Frappes - Strawberries & Cream - 3.25",13.4,CASH,
16/04/2025 12:18,London Greenwich,Elliott Fulton,"Regular Iced americano - 2.15, Regular Flavoured iced latte - Caramel - 2.75",4.9,CARD,4298207640236869
16/04/2025 12:20,London Greenwich,Kevin Huguley,"Large Flavoured iced latte - Caramel - 3.25, Large Latte - 2.45",5.7,CARD,8598200776462978
16/04/2025 12:22,London Greenwich,Marisela Ogden,"Regular Frappes - Strawberries & Cream - 2.75, Large Latte - 2.45, Regular Flavoured iced latte - Caramel - 2.75, Large Frappes - Strawberries & Cream - 3.25, Regular Latte - 2.15",13.35,CARD,8081568245789703
16/04/2025 12:25,London Greenwich,Andy Martin,"Regular Flavoured iced latte - Caramel - 2.75, Regular Frappes - Strawberries & Cream - 2.75, Regular Iced americano - 2.15, Large Flavoured iced latte - Caramel - 3.25, Large Latte - 2.45",13.35,CARD,6645448314707399
16/04/2025 12:27,London Greenwich,Rose Tierney,"Large Frappes - Strawberries & Cream - 3.25, Regular Frappes - Strawberries & Cream - 2.75, Regular Frappes - Strawberries & Cream - 2.75",8.75,CARD,1660610325131411
16/04/2025 12:29,London Greenwich,Charlotte Jersey,"Regular Frappes - Chocolate Cookie - 2.75, Regular Latte - 2.15, Regular Frappes - Chocolate Cookie - 2.75, Regular Frappes - Strawberries & Cream - 2.75",10.4,CARD,3784046421638631
16/04/2025 12:31,London Greenwich,Mark Arnold,"Large Latte - 2.45, Large Frappes - Chocolate Cookie - 3.25, Large Frappes - Chocolate Cookie - 3.25, Regular Frappes - Strawberries & Cream - 2.75",11.7,CARD,6330365202265849
16/04/2025 12:33,London Greenwich,Ricky Day,"Large Latte - 2.45, Regular Flavoured iced latte - Caramel - 2.75, Large Iced americano - 2.50",7.7,CASH,
16/04/2025 12:36,London Greenwich,Daniel Pierce,Large Flavoured iced latte - Caramel - 3.25,3.25,CASH,
16/04/2025 12:38,London Greenwich,Annie Perez,"Large Frappes - Strawberries & Cream - 3.25, Regular Frappes - Strawberries & Cream - 2.75, Large Iced americano - 2.50, Regular Frappes - Strawberries & Cream - 2.75",11.25,CARD,6030391195441661
16/04/2025 12:40,London Greenwich,Maria Millard,"Large Latte - 2.45, Regular Flavoured iced latte - Caramel - 2.75",5.2,CARD,4298072893979723
16/04/2025 12:42,London Greenwich,Helen Marker,"Large Flavoured iced latte - Caramel - 3.25, Regular Frappes - Chocolate Cookie - 2.75, Large Frappes - Chocolate Cookie - 3.25, Regular Flavoured iced latte - Caramel - 2.75",12.0,CARD,6702632767252628
16/04/2025 12:45,London Greenwich,Lizzie Thomas,"Large Flavoured iced latte - Caramel - 3.25, Regular Frappes - Strawberries & Cream - 2.75, Regular Iced americano - 2.15",8.15,CARD,8046854768960817
16/04/2025 12:47,London Greenwich,Matthew Shelley,Large Flavoured iced latte - Caramel - 3.25,3.25,CARD,6241161635850571
16/04/2025 12:49,London Greenwich,Stephany Aguilar,"Large Flavoured iced latte - Caramel - 3.25, Regular Flavoured iced latte - Caramel - 2.75, Regular Latte - 2.15",8.15,CARD,7990058618800785
16/04/2025 12:51,London Greenwich,William Washington,"Large Latte - 2.45, Regular Latte - 2.15, Regular Flavoured iced latte - Caramel - 2.75, Large Flavoured iced latte - Caramel - 3.25",10.6,CARD,5138879333244130
16/04/2025 12:53,London Greenwich,Jerry Artis,"Large Iced americano - 2.50, Regular Latte - 2.15, Regular Iced americano - 2.15, Large Frappes - Strawberries & Cream - 3.25",10.05,CARD,4812684256833143
16/04/2025 12:56,London Greenwich,Thao Turso,"Regular Latte - 2.15, Regular Frappes - Chocolate Cookie - 2.75, Large Flavoured iced latte - Caramel - 3.25, Large Flavoured iced latte - Caramel - 3.25",11.4,CARD,9856822913173248
16/04/2025 12:58,London Greenwich,Delores Adcock,"Large Frappes - Strawberries & Cream - 3.25, Large Flavoured iced latte - Caramel - 3.25",6.5,CARD,6514884856183676
16/04/2025 13:00,London Greenwich,Kathy Hicks,"Regular Flavoured iced latte - Caramel - 2.75, Regular Frappes - Strawberries & Cream - 2.75, Regular Flavoured iced latte - Caramel - 2.75, Large Flavoured iced latte - Caramel - 3.25, Regular Flavoured iced latte - Caramel - 2.75",14.25,CASH,
16/04/2025 13:01,London Greenwich,Rena Brenton,Regular Flavoured iced latte - Caramel - 2.75,2.75,CASH,
16/04/2025 13:02,London Greenwich,Leo Edwards,"Regular Frappes - Chocolate Cookie - 2.75, Regular Flavoured iced latte - Caramel - 2.75, Regular Flavoured iced latte - Caramel - 2.75, Large Flavoured iced latte - Caramel - 3.25",11.5,CARD,6157335301471037
16/04/2025 13:03,London Greenwich,Robin Brantley,"Regular Frappes - Strawberries & Cream - 2.75, Large Flavoured iced latte - Caramel - 3.25, Regular Frappes - Chocolate Cookie - 2.75",8.75,CARD,8986577416639317
16/04/2025 13:04,London Greenwich,Benjamin Farris,Large Iced americano - 2.50,2.5,CARD,6828474840116122
16/04/2025 13:05,London Greenwich,Harold Allamong,"Regular Flavoured iced latte - Caramel - 2.75, Large Frappes - Strawberries & Cream - 3.25",6.0,CASH,
16/04/2025 13:06,London Greenwich,Bette Altman,Large Frappes - Strawberries & Cream - 3.25,3.25,CASH,
16/04/2025 13:07,London Greenwich,Jon Terrill,"Regular Latte - 2.15, Large Latte - 2.45, Regular Flavoured iced latte - Caramel - 2.75, Regular Flavoured iced latte - Caramel - 2.75, Regular Iced americano - 2.15",12.25,CARD,6933646454885940
16/04/2025 13:08,London Greenwich,Diana Rahman,"Large Flavoured iced latte - Caramel - 3.25, Large Latte - 2.45, Large Latte - 2.45, Large Latte - 2.45, Large Frappes - Chocolate Cookie - 3.25, Regular Iced americano - 2.15",16.0,CARD,2577834014447343
16/04/2025 13:09,London Greenwich,James Danielson,"Regular Latte - 2.15, Large Flavoured iced latte - Caramel - 3.25, Regular Iced americano - 2.15, Regular Latte - 2.15, Large Iced americano - 2.50",12.2,CARD,9370980392932727
16/04/2025 13:10,London Greenwich,Jerry Chambers,"Large Frappes - Chocolate Cookie - 3.25, Large Iced americano - 2.50",5.75,CASH,
16/04/2025 13:11,London Greenwich,Wendell Wright,Large Flavoured iced latte - Caramel - 3.25,3.25,CASH,
16/04/2025 13:11,London Greenwich,Harold Libengood,Regular Iced americano - 2.15,2.15,CARD,1050264921711559
16/04/2025 13:12,London Greenwich,Kim Barnes,"Large Latte - 2.45, Regular Frappes - Strawberries & Cream - 2.75, Large Latte - 2.45, Large Frappes - Strawberries & Cream - 3.25, Regular Frappes - Chocolate Cookie - 2.75, Regular Iced americano - 2.15",15.8,CARD,8188997908150237
16/04/2025 13:13,London Greenwich,Trina Grady,Large Frappes - Strawberries & Cream - 3.25,3.25,CASH,
16/04/2025 13:14,London Greenwich,Bruce Acker,Large Iced americano - 2.50,2.5,CASH,
16/04/2025 13:15,London Greenwich,Beverly Taylor,"Regular Frappes - Strawberries & Cream - 2.75, Large Flavoured iced latte - Caramel - 3.25, Regular Latte - 2.15, Large Flavoured iced latte - Caramel - 3.25, Large Frappes - Strawberries & Cream - 3.25",14.65,CARD,3480199550967285
16/04/2025 13:16,London Greenwich,Kelly Hippler,"Regular Iced americano - 2.15, Large Frappes - Chocolate Cookie - 3.25, Regular Flavoured iced latte - Caramel - 2.75, Regular Latte - 2.15",10.3,CASH,
16/04/2025 13:17,London Greenwich,John Coyle,"Regular Frappes - Strawberries & Cream - 2.75, Regular Latte - 2.15, Large Frappes - Chocolate Cookie - 3.25, Regular Frappes - Strawberries & Cream - 2.75",10.9,CARD,1433885160701850
16/04/2025 13:18,London Greenwich,Susan Barber,"Regular Flavoured iced latte - Caramel - 2.75, Regular Frappes - Chocolate Cookie - 2.75, Large Frappes - Chocolate Cookie - 3.25",8.75,CARD,8213135183667764
16/04/2025 13:19,London Greenwich,Ross Brown,"Regular Latte - 2.15, Regular Iced americano - 2.15, Regular Frappes - Strawberries & Cream - 2.75, Large Flavoured iced latte - Caramel - 3.25, Regular Latte - 2.15, Large Frappes - Chocolate Cookie - 3.25",15.7,CASH,
16/04/2025 13:20,London Greenwich,Mary Thorton,"Regular Latte - 2.15, Regular Frappes - Strawberries & Cream - 2.75",4.9,CARD,6671489085810170
16/04/2025 13:21,London Greenwich,Diane Mullins,Regular Latte - 2.15,2.15,CARD,3642737844183272
16/04/2025 13:22,London Greenwich,Nancy Groeneweg,"Regular Flavoured iced latte - Caramel - 2.75, Regular Latte - 2.15, Large Iced americano - 2.50, Regular Frappes - Chocolate Cookie - 2.75",10.15,CARD,9031106638423827
16/04/2025 13:23,London Greenwich,Cecil Stewart,Large Frappes - Strawberries & Cream - 3.25,3.25,CARD,4181960027112681
16/04/2025 13:24,London Greenwich,Alice Galloway,"Regular Flavoured iced latte - Caramel - 2.75, Regular Latte - 2.15, Regular Latte - 2.15",7.05,CARD,2311061112316399
16/04/2025 13:25,London Greenwich,Mark Glass,"Large Iced americano - 2.50, Regular Flavoured iced latte - Caramel - 2.75",5.25,CARD,4671364351379408
16/04/2025 13:26,London Greenwich,Cristobal Padgett,"Regular Flavoured iced latte - Caramel - 2.75, Large Latte - 2.45, Large Flavoured iced latte - Caramel - 3.25, Regular Frappes - Chocolate Cookie - 2.75",11.2,CARD,6748826568228685
16/04/2025 13:27,London Greenwich,Tracy Stephens,"Large Frappes - Strawberries & Cream - 3.25, Regular Latte - 2.15",5.4,CARD,4347145392755006
16/04/2025 13:28,London Greenwich,Robert Jenkins,Large Latte - 2.45,2.45,CARD,8187583542653226
16/04/2025 13:29,London Greenwich,Hazel Schnell,"Regular Latte - 2.15, Regular Frappes - Chocolate Cookie - 2.75, Large Frappes - Strawberries & Cream - 3.25",8.15,CARD,9078808660789269
16/04/2025 13:30,London Greenwich,Daniel Stephenson,Regular Frappes - Chocolate Cookie - 2.75,2.75,CARD,3667587917914601
16/04/2025 13:30,London Greenwich,Tiffany Betz,"Large Flavoured iced latte - Caramel - 3.25, Regular Latte - 2.15",5.4,CARD,9555780258421533
16/04/2025 13:31,London Greenwich,David Brown,"Regular Flavoured iced latte - Caramel - 2.75, Regular Flavoured iced latte - Caramel - 2.75",5.5,CARD,2677685379254460
16/04/2025 13:32,London Greenwich,Andrew King,"Regular Latte - 2.15, Large Flavoured iced latte - Caramel - 3.25, Regular Flavoured iced latte - Caramel - 2.75, Regular Iced americano - 2.15",10.3,CASH,
16/04/2025 13:33,London Greenwich,Elaine Chan,"Large Flavoured iced latte - Caramel - 3.25, Regular Frappes - Chocolate Cookie - 2.75, Regular Flavoured iced latte - Caramel - 2.75, Regular Latte - 2.15, Regular Frappes - Strawberries & Cream - 2.75, Regular Iced americano - 2.15",15.8,CARD,2081795876320002
16/04/2025 13:34,London Greenwich,Billy Brett,"Regular Frappes - Strawberries & Cream - 2.75, Regular Latte - 2.15",4.9,CARD,3818998965708593
16/04/2025 13:35,London Greenwich,Ryan Borden,"Large Flavoured iced latte - Caramel - 3.25, Large Frappes - Strawberries & Cream - 3.25",6.5,CARD,7499963927869577
16/04/2025 13:36,London Greenwich,Corine Chance,"Large Latte - 2.45, Large Flavoured iced latte - Caramel - 3.25, Regular Latte - 2.15, Large Latte - 2.45",10.3,CASH,
16/04/2025 13:37,London Greenwich,David Roberts,"Large Frappes - Chocolate Cookie - 3.25, Regular Iced americano - 2.15, Large Latte - 2.45",7.85,CARD,3136806161060986
16/04/2025 13:38,London Greenwich,Eugene Morgan,"Large Frappes - Strawberries & Cream - 3.25, Large Flavoured iced latte - Caramel - 3.25",6.5,CARD,5420029940330962
16/04/2025 13:39,London Greenwich,Ann Humphrey,"Large Flavoured iced latte - Caramel - 3.25, Large Frappes - Strawberries & Cream - 3.25, Regular Latte - 2.15, Regular Latte - 2.15, Large Frappes - Strawberries & Cream - 3.25",14.05,CASH,
16/04/2025 13:40,London Greenwich,Chris Barajas,"Regular Frappes - Strawberries & Cream - 2.75, Large Iced americano - 2.50, Regular Flavoured iced latte - Caramel - 2.75",8.0,CARD,2172660670594007
16/04/2025 13:41,London Greenwich,Vance Lever,"Regular Flavoured iced latte - Caramel - 2.75, Regular Iced americano - 2.15, Regular Frappes - Chocolate Cookie - 2.75, Regular Flavoured iced latte - Caramel - 2.75, Regular Flavoured iced latte - Caramel - 2.75, Regular Iced americano - 2.15",15.3,CASH,
16/04/2025 13:42,London Greenwich,Kevin Gray,"Regular Frappes - Strawberries & Cream - 2.75, Regular Flavoured iced latte - Caramel - 2.75, Large Latte - 2.45, Regular Flavoured iced latte - Caramel - 2.75",10.7,CARD,3190376594640623
16/04/2025 13:43,London Greenwich,Mildred Serge,"Regular Frappes - Chocolate Cookie - 2.75, Large Frappes - Chocolate Cookie - 3.25, Large Frappes - Strawberries & Cream - 3.25, Large Frappes - Chocolate Cookie - 3.25, Regular Frappes - Chocolate Cookie - 2.75",15.25,CASH,
16/04/2025 13:44,London Greenwich,Drew Dobrinin,"Regular Iced americano - 2.15, Large Flavoured iced latte - Caramel - 3.25",5.4,CASH,
16/04/2025 13:45,London Greenwich,John Kaiser,"Large Iced americano - 2.50, Large Frappes - Strawberries & Cream - 3.25, Large Latte - 2.45, Large Flavoured iced latte - Caramel - 3.25",11.45,CARD,5740238409022611
16/04/2025 13:46,London Greenwich,Susan Delgiudice,"Regular Iced americano - 2.15, Regular Flavoured iced latte - Caramel - 2.75, Large Iced americano - 2.50, Large Frappes - Strawberries & Cream - 3.25",10.65,CASH,
16/04/2025 13:47,London Greenwich,Roy Clements,"Large Frappes - Strawberries & Cream - 3.25, Large Flavoured iced latte - Caramel - 3.25",6.5,CARD,4807716806456334
16/04/2025 13:48,London Greenwich,John Orphey,"Large Flavoured iced latte - Caramel - 3.25, Large Flavoured iced latte - Caramel - 3.25, Regular Frappes - Strawberries & Cream - 2.75, Large Flavoured iced latte - Caramel - 3.25, Large Frappes - Strawberries & Cream - 3.25",15.75,CARD,5365220479194263
16/04/2025 13:49,London Greenwich,George Rollins,"Large Iced americano - 2.50, Large Frappes - Chocolate Cookie - 3.25, Regular Iced americano - 2.15, Regular Frappes - Strawberries & Cream - 2.75",10.65,CARD,6599772514983940
16/04/2025 13:49,London Greenwich,James Fleming,"Large Iced americano - 2.50, Regular Flavoured iced latte - Caramel - 2.75",5.25,CARD,4541191773083653
16/04/2025 13:50,London Greenwich,Jerry Verduzco,"Large Flavoured iced latte - Caramel - 3.25, Regular Frappes - Chocolate Cookie - 2.75, Large Iced americano - 2.50",8.5,CASH,
16/04/2025 13:51,London Greenwich,Ida Pingrey,Large Frappes - Strawberries & Cream - 3.25,3.25,CASH,
16/04/2025 13:52,London Greenwich,Charles Pinner,"Large Latte - 2.45, Large Latte - 2.45, Regular Latte - 2.15",7.05,CARD,7848403731267083
16/04/2025 13:53,London Greenwich,Nancy White,"Regular Frappes - Strawberries & Cream - 2.75, Large Flavoured iced latte - Caramel - 3.25, Large Frappes - Chocolate Cookie - 3.25, Regular Latte - 2.15",11.4,CASH,
16/04/2025 13:54,London Greenwich,Dennis Carter,"Large Latte - 2.45, Large Frappes - Strawberries & Cream - 3.25",5.7,CARD,4287632623336748
16/04/2025 13:55,London Greenwich,Patricia Bulloch,"Regular Flavoured iced latte - Caramel - 2.75, Large Latte - 2.45, Regular Frappes - Strawberries & Cream - 2.75, Regular Latte - 2.15",10.1,CASH,
16/04/2025 13:56,London Greenwich,Goldie Bennett,"Large Latte - 2.45, Large Frappes - Chocolate Cookie - 3.25",5.7,CARD,2817373270896589
16/04/2025 13:57,London Greenwich,Joseph Forster,Regular Flavoured iced latte - Caramel - 2.75,2.75,CASH,
16/04/2025 13:58,London Greenwich,Gabrielle Bullard,"Regular Iced americano - 2.15, Large Flavoured iced latte - Caramel - 3.25",5.4,CASH,
16/04/2025 13:59,London Greenwich,Davis Crossman,"Regular Frappes - Chocolate Cookie - 2.75, Large Iced americano - 2.50, Regular Flavoured iced latte - Caramel - 2.75",8.0,CARD,5611931856011283
16/04/2025 14:00,London Greenwich,Dolores Kearns,Large Latte - 2.45,2.45,CARD,9387572482688319
16/04/2025 14:01,London Greenwich,Rosalyn Musgrave,Large Iced americano - 2.50,2.5,CASH,
16/04/2025 14:02,London Greenwich,Larry Eichenlaub,"Large Iced americano - 2.50, Regular Frappes - Strawberries & Cream - 2.75, Large Frappes - Strawberries & Cream - 3.25, Regular Iced americano - 2.15",10.65,CASH,
16/04/2025 14:03,London Greenwich,Charles Clayton,Large Frappes - Strawberries & Cream - 3.25,3.25,CASH,
16/04/2025 14:04,London Greenwich,Desiree Nelson,"Regular Flavoured iced latte - Caramel - 2.75, Regular Iced americano - 2.15, Regular Frappes - Strawberries & Cream - 2.75, Large Flavoured iced latte - Caramel - 3.25, Large Latte - 2.45",13.35,CARD,5422383871003783
16/04/2025 14:05,London Greenwich,Helen Ohanlon,Regular Latte - 2.15,2.15,CASH,
16/04/2025 14:06,London Greenwich,Doris Matthews,"Regular Flavoured iced latte - Caramel - 2.75, Regular Latte - 2.15, Large Frappes - Strawberries & Cream - 3.25",8.15,CARD,5032297612597650
16/04/2025 14:07,London Greenwich,Benita Nielsen,"Large Iced americano - 2.50, Large Frappes - Strawberries & Cream - 3.25",5.75,CARD,2163217648842725
16/04/2025 14:08,London Greenwich,Norman Lopez,"Regular Iced americano - 2.15, Large Flavoured iced latte - Caramel - 3.25",5.4,CARD,2817813814164179
16/04/2025 14:08,London Greenwich,Freddie Covello,"Large Flavoured iced latte - Caramel - 3.25, Regular Frappes - Strawberries & Cream - 2.75, Regular Frappes - Strawberries & Cream - 2.75, Large Frappes - Chocolate Cookie - 3.25, Large Flavoured iced latte - Caramel - 3.25",15.25,CASH,
16/04/2025 14:09,London Greenwich,Joe Martin,Large Iced americano - 2.50,2.5,CARD,7754513563105411
16/04/2025 14:10,London Greenwich,Carlos Heifner,"Regular Iced americano - 2.15, Regular Flavoured iced latte - Caramel - 2.75",4.9,CASH,
16/04/2025 14:11,London Greenwich,Donald Stanley,"Regular Flavoured iced latte - Caramel - 2.75, Regular Latte - 2.15",4.9,CARD,7941744702935679
16/04/2025 14:12,London Greenwich,Eugene Harris,"Regular Flavoured iced latte - Caramel - 2.75, Regular Frappes - Chocolate Cookie - 2.75",5.5,CARD,6554390209895669
16/04/2025 14:13,London Greenwich,Francis Turner,Regular Latte - 2.15,2.15,CARD,5214785484558449
16/04/2025 14:14,London Greenwich,Myrtle Worley,"Large Latte - 2.45, Regular Frappes - Chocolate Cookie - 2.75, Large Frappes - Strawberries & Cream - 3.25, Regular Frappes - Chocolate Cookie - 2.75, Large Frappes - Chocolate Cookie - 3.25",14.45,CASH,
16/04/2025 14:15,London Greenwich,Nicole Richards,"Large Latte - 2.45, Large Flavoured iced latte - Caramel - 3.25, Large Frappes - Strawberries & Cream - 3.25",8.95,CASH,
16/04/2025 14:16,London Greenwich,Carol Perez,"Large Frappes - Chocolate Cookie - 3.25, Regular Flavoured iced latte - Caramel - 2.75, Regular Flavoured iced latte - Caramel - 2.75, Regular Latte - 2.15",10.9,CARD,6296995809422253
16/04/2025 14:17,London Greenwich,Curtis Jester,"Regular Flavoured iced latte - Caramel - 2.75, Regular Flavoured iced latte - Caramel - 2.75, Large Flavoured iced latte - Caramel - 3.25",8.75,CARD,5532765460968270
16/04/2025 14:18,London Greenwich,David Olivas,Regular Iced americano - 2.15,2.15,CARD,1718551129374589
16/04/2025 14:19,London Greenwich,Samual Poor,"Regular Frappes - Strawberries & Cream - 2.75, Large Flavoured iced latte - Caramel - 3.25, Large Iced americano - 2.50, Regular Flavoured iced latte - Caramel - 2.75, Regular Frappes - Strawberries & Cream - 2.75",14.0,CASH,
16/04/2025 14:20,London Greenwich,Melissa Lang,"Regular Frappes - Strawberries & Cream - 2.75, Regular Iced americano - 2.15, Large Flavoured iced latte - Caramel - 3.25",8.15,CARD,1097880705833726
16/04/2025 14:21,London Greenwich,Morgan Pflug,"Regular Flavoured iced latte - Caramel - 2.75, Regular Frappes - Chocolate Cookie - 2.75, Large Iced americano - 2.50",8.0,CARD,3278055182238735
16/04/2025 14:22,London Greenwich,Timothy Rucks,"Large Iced americano - 2.50, Regular Latte - 2.15",4.65,CASH,
16/04/2025 14:23,London Greenwich,Donna Elliott,Regular Frappes - Strawberries & Cream - 2.75,2.75,CASH,
16/04/2025 14:24,London Greenwich,Travis Washington,"Regular Frappes - Strawberries & Cream - 2.75, Regular Iced americano - 2.15, Large Flavoured iced latte - Caramel - 3.25, Regular Flavoured iced latte - Caramel - 2.75",10.9,CARD,4185264549259976
16/04/2025 14:25,London Greenwich,Bonnie Ingber,"Large Frappes - Strawberries & Cream - 3.25, Regular Frappes - Strawberries & Cream - 2.75",6.0,CARD,4444613165383497
16/04/2025 14:26,London Greenwich,Roseanna Clayborne,"Large Flavoured iced latte - Caramel - 3.25, Large Latte - 2.45, Regular Flavoured iced latte - Caramel - 2.75, Regular Frappes - Strawberries & Cream - 2.75, Large Iced americano - 2.50",13.7,CARD,5193396140272639
16/04/2025 14:27,London Greenwich,Laura Kent,"Large Latte - 2.45, Regular Frappes - Strawberries & Cream - 2.75",5.2,CASH,
16/04/2025 14:27,London Greenwich,Brenda Alvarado,Large Frappes - Chocolate Cookie - 3.25,3.25,CARD,3079707775538687
16/04/2025 14:28,London Greenwich,William Papa,"Large Latte - 2.45, Large Flavoured iced latte - Caramel - 3.25, Large Latte - 2.45, Large Latte - 2.45, Regular Iced americano - 2.15, Regular Frappes - Chocolate Cookie - 2.75",15.5,CARD,3964102368722251
16/04/2025 14:29,London Greenwich,Susan Howell,"Regular Frappes - Chocolate Cookie - 2.75, Large Flavoured iced latte - Caramel - 3.25, Regular Frappes - Strawberries & Cream - 2.75, Large Iced americano - 2.50",11.25,CARD,3366686414462134
16/04/2025 14:30,London Greenwich,Virginia Serrano,Regular Iced americano - 2.15,2.15,CASH,
16/04/2025 14:31,London Greenwich,Clark Houston,"Regular Latte - 2.15, Large Latte - 2.45",4.6,CASH,
16/04/2025 14:32,London Greenwich,Jimmie Peterson,"Large Latte - 2.45, Large Flavoured iced latte - Caramel - 3.25, Regular Iced americano - 2.15, Large Flavoured iced latte - Caramel - 3.25",11.1,CARD,1410689813491985
16/04/2025 14:33,London Greenwich,Eva Russell,"Regular Flavoured iced latte - Caramel - 2.75, Large Iced americano - 2.50",5.25,CARD,6507256798074423
16/04/2025 14:34,London Greenwich,Edward Nageotte,Large Frappes - Strawberries & Cream - 3.25,3.25,CARD,4596342249160035
16/04/2025 14:35,London Greenwich,Dirk Jordan,"Regular Flavoured iced latte - Caramel - 2.75, Regular Iced americano - 2.15",4.9,CASH,
16/04/2025 14:36,London Greenwich,Andrew Graham,"Regular Flavoured iced latte - Caramel - 2.75, Large Latte - 2.45",5.2,CARD,4080366786684350
16/04/2025 14:37,London Greenwich,Adeline Reese,"Large Frappes - Chocolate Cookie - 3.25, Regular Latte - 2.15, Regular Frappes - Chocolate Cookie - 2.75, Large Frappes - Chocolate Cookie - 3.25, Regular Latte - 2.15",13.55,CARD,6902725095599047
16/04/2025 14:38,London Greenwich,Lorraine Henderson,"Regular Latte - 2.15, Large Latte - 2.45",4.6,CARD,1762157435893864
16/04/2025 14:39,London Greenwich,Charlotte Clark,Regular Latte - 2.15,2.15,CARD,6521560508382405
16/04/2025 14:40,London Greenwich,Sylvia Hall,Regular Flavoured iced latte - Caramel - 2.75,2.75,CARD,3248100971181828
16/04/2025 14:41,London Greenwich,Rebecca Bell,Regular Flavoured iced latte - Caramel - 2.75,2.75,CASH,
16/04/2025 14:42,London Greenwich,Donna Luna,Large Latte - 2.45,2.45,CARD,5822002508119315
16/04/2025 14:43,London Greenwich,Brenda Gallo,Regular Frappes - Strawberries & Cream - 2.75,2.75,CARD,3024820066090797
16/04/2025 14:44,London Greenwich,William Kimura,Regular Flavoured iced latte - Caramel - 2.75,2.75,CARD,9379755222452599
16/04/2025 14:45,London Greenwich,Keith Moreton,"Regular Frappes - Chocolate Cookie - 2.75, Large Iced americano - 2.50, Regular Frappes - Strawberries & Cream - 2.75, Large Frappes - Chocolate Cookie - 3.25, Large Flavoured iced latte - Caramel - 3.25, Regular Latte - 2.15",16.65,CARD,1756257657445087
16/04/2025 14:46,London Greenwich,Jackie Howell,"Regular Iced americano - 2.15, Regular Frappes - Chocolate Cookie - 2.75, Large Frappes - Chocolate Cookie - 3.25, Large Frappes - Strawberries & Cream - 3.25",11.4,CARD,5579032001127931
16/04/2025 14:46,London Greenwich,Otis Cooper,"Regular Frappes - Strawberries & Cream - 2.75, Large Flavoured iced latte - Caramel - 3.25, Large Flavoured iced latte - Caramel - 3.25, Regular Latte - 2.15, Regular Latte - 2.15",13.55,CARD,6020780387039869
16/04/2025 14:47,London Greenwich,Catherine Wheeles,"Large Flavoured iced latte - Caramel - 3.25, Large Frappes - Chocolate Cookie - 3.25",6.5,CASH,
16/04/2025 14:48,London Greenwich,Elizabeth Walker,"Large Frappes - Chocolate Cookie - 3.25, Large Iced americano - 2.50, Large Iced americano - 2.50, Regular Flavoured iced latte - Caramel - 2.75, Large Iced americano - 2.50",13.5,CARD,7740135506190639
16/04/2025 14:49,London Greenwich,Arleen Milam,Regular Latte - 2.15,2.15,CARD,1042972331667847
16/04/2025 14:50,London Greenwich,Delores Ghosh,"Large Iced americano - 2.50, Large Latte - 2.45, Regular Frappes - Strawberries & Cream - 2.75, Large Latte - 2.45, Large Latte - 2.45, Large Iced americano - 2.50",15.1,CARD,2394239471743504
16/04/2025 14:51,London Greenwich,Rolland Kennedy,"Large Iced americano - 2.50, Regular Flavoured iced latte - Caramel - 2.75",5.25,CARD,1345850275183030
16/04/2025 14:52,London Greenwich,Frances Verrastro,Regular Latte - 2.15,2.15,CARD,1480930458003084
16/04/2025 14:53,London Greenwich,Margaret Morris,"Regular Frappes - Strawberries & Cream - 2.75, Regular Flavoured iced latte - Caramel - 2.75, Regular Iced americano - 2.15, Regular Frappes - Chocolate Cookie - 2.75",10.4,CASH,
16/04/2025 14:54,London Greenwich,Joseph Trippel,"Large Frappes - Strawberries & Cream - 3.25, Regular Iced americano - 2.15, Regular Latte - 2.15, Regular Iced americano - 2.15, Regular Frappes - Strawberries & Cream - 2.75",12.45,CARD,1136978214326361
16/04/2025 14:55,London Greenwich,Sharon Moreno,"Large Frappes - Strawberries & Cream - 3.25, Large Flavoured iced latte - Caramel - 3.25, Large Iced americano - 2.50, Large Frappes - Strawberries & Cream - 3.25",12.25,CARD,8025677640709942
16/04/2025 14:56,London Greenwich,Juanita Baker,"Regular Flavoured iced latte - Caramel - 2.75, Regular Latte - 2.15, Regular Frappes - Chocolate Cookie - 2.75",7.65,CARD,4097515964427754
16/04/2025 14:57,London Greenwich,Larry Rentfro,"Large Frappes - Chocolate Cookie - 3.25, Regular Flavoured iced latte - Caramel - 2.75, Large Frappes - Chocolate Cookie - 3.25",9.25,CASH,
16/04/2025 14:58,London Greenwich,Tracey Killingsworth,"Regular Frappes - Strawberries & Cream - 2.75, Large Frappes - Strawberries & Cream - 3.25, Regular Latte - 2.15",8.15,CARD,9333477064561397
16/04/2025 14:59,London Greenwich,Chasity Brannigan,"Large Latte - 2.45, Large Latte - 2.45",4.9,CARD,1255274926339361
16/04/2025 15:00,London Greenwich,Erick Morosow,"Regular Frappes - Strawberries & Cream - 2.75, Large Latte - 2.45, Large Frappes - Strawberries & Cream - 3.25",8.45,CARD,2350602957341221
16/04/2025 15:01,London Greenwich,Mellissa Medrano,"Regular Iced americano - 2.15, Regular Latte - 2.15, Regular Flavoured iced latte - Caramel - 2.75, Large Flavoured iced latte - Caramel - 3.25, Regular Flavoured iced latte - Caramel - 2.75",13.05,CASH,
16/04/2025 15:03,London Greenwich,Billy Campbell,"Large Latte - 2.45, Large Latte - 2.45, Regular Iced americano - 2.15, Large Frappes - Strawberries & Cream - 3.25",10.3,CARD,6822370448102400
16/04/2025 15:04,London Greenwich,Marvin Knipper,"Large Frappes - Strawberries & Cream - 3.25, Large Frappes - Strawberries & Cream - 3.25, Large Flavoured iced latte - Caramel - 3.25, Regular Flavoured iced latte - Caramel - 2.75, Large Latte - 2.45, Regular Iced americano - 2.15",17.1,CARD,4948022852752663
16/04/2025 15:05,London Greenwich,Seth Rodgers,"Large Frappes - Strawberries & Cream - 3.25, Regular Latte - 2.15, Regular Flavoured iced latte - Caramel - 2.75, Large Latte - 2.45, Regular Frappes - Strawberries & Cream - 2.75",13.35,CARD,7280301244846679
16/04/2025 15:07,London Greenwich,Christopher Swain,"Regular Latte - 2.15, Regular Flavoured iced latte - Caramel - 2.75, Regular Frappes - Chocolate Cookie - 2.75, Large Frappes - Chocolate Cookie - 3.25, Large Frappes - Chocolate Cookie - 3.25",14.15,CARD,3048281429216376
16/04/2025 15:08,London Greenwich,Margaret Black,Regular Latte - 2.15,2.15,CARD,2508917872606132
16/04/2025 15:09,London Greenwich,Walter Camacho,Regular Latte - 2.15,2.15,CARD,8656983156293136
16/04/2025 15:11,London Greenwich,Mary Cisneros,"Regular Flavoured iced latte - Caramel - 2.75, Large Latte - 2.45, Regular Frappes - Strawberries & Cream - 2.75",7.95,CARD,6417501132824332
16/04/2025 15:12,London Greenwich,George Tan,"Large Latte - 2.45, Regular Flavoured iced latte - Caramel - 2.75, Large Flavoured iced latte - Caramel - 3.25, Regular Flavoured iced latte - Caramel - 2.75, Regular Frappes - Chocolate Cookie - 2.75",13.95,CARD,9948302321576492
16/04/2025 15:14,London Greenwich,Jean Morgan,Regular Flavoured iced latte - Caramel - 2.75,2.75,CASH,
16/04/2025 15:15,London Greenwich,Byron Baker,"Regular Flavoured iced latte - Caramel - 2.75, Regular Frappes - Chocolate Cookie - 2.75",5.5,CARD,5989823621385791
16/04/2025 15:16,London Greenwich,Daniel Mcmanus,Regular Iced americano - 2.15,2.15,CARD,2964927616555735
16/04/2025 15:18,London Greenwich,George Veltri,Regular Frappes - Chocolate Cookie - 2.75,2.75,CARD,5156574253926912
16/04/2025 15:19,London Greenwich,Carol Armstrong,"Large Latte - 2.45, Large Frappes - Strawberries & Cream - 3.25, Large Latte - 2.45",8.15,CARD,3102407116533224
16/04/2025 15:21,London Greenwich,Margaret Wright,Regular Frappes - Strawberries & Cream - 2.75,2.75,CARD,6415668200130239
16/04/2025 15:22,London Greenwich,Sarah Morales,"Regular Latte - 2.15, Large Frappes - Chocolate Cookie - 3.25",5.4,CASH,
16/04/2025 15:23,London Greenwich,Melonie Kahl,"Large Latte - 2.45, Regular Flavoured iced latte - Caramel - 2.75, Regular Frappes - Strawberries & Cream - 2.75",7.95,CARD,2215687827317488
16/04/2025 15:25,London Greenwich,John Mullins,"Large Flavoured iced latte - Caramel - 3.25, Regular Flavoured iced latte - Caramel - 2.75, Large Frappes - Chocolate Cookie - 3.25, Regular Flavoured iced latte - Caramel - 2.75",12.0,CARD,3552819840647302
16/04/2025 15:26,London Greenwich,Tammy Roekle,"Regular Flavoured iced latte - Caramel - 2.75, Large Flavoured iced latte - Caramel - 3.25, Regular Iced americano - 2.15",8.15,CARD,8310288636009728
16/04/2025 15:27,London Greenwich,David Aichele,"Regular Latte - 2.15, Large Flavoured iced latte - Caramel - 3.25",5.4,CARD,1904881753966027
16/04/2025 15:29,London Greenwich,Ronald Wright,"Large Iced americano - 2.50, Regular Flavoured iced latte - Caramel - 2.75",5.25,CARD,2172860165801019
16/04/2025 15:30,London Greenwich,April Luong,"Regular Frappes - Chocolate Cookie - 2.75, Large Latte - 2.45, Regular Flavoured iced latte - Caramel - 2.75, Regular Latte - 2.15, Regular Frappes - Chocolate Cookie - 2.75",12.85,CARD,6009142059729770
16/04/2025 15:32,London Greenwich,Lucy Davis,"Large Frappes - Strawberries & Cream - 3.25, Regular Frappes - Strawberries & Cream - 2.75",6.0,CARD,2133481760042564
16/04/2025 15:33,London Greenwich,William Hughes,"Large Frappes - Strawberries & Cream - 3.25, Large Iced americano - 2.50, Large Latte - 2.45",8.2,CASH,
16/04/2025 15:34,London Greenwich,Judith Peake,"Large Flavoured iced latte - Caramel - 3.25, Large Frappes - Chocolate Cookie - 3.25",6.5,CARD,3552291925710869
16/04/2025 15:36,London Greenwich,Marie Meyn,Regular Frappes - Strawberries & Cream - 2.75,2.75,CASH,
16/04/2025 15:37,London Greenwich,Rachel Mcneil,"Regular Iced americano - 2.15, Regular Iced americano - 2.15, Large Frappes - Strawberries & Cream - 3.25",7.55,CASH,
16/04/2025 15:38,London Greenwich,Rosemary Coutee,Regular Frappes - Strawberries & Cream - 2.75,2.75,CARD,5212767292685479
16/04/2025 15:40,London Greenwich,Mary Saavedra,Regular Flavoured iced latte - Caramel - 2.75,2.75,CARD,5654393045762226
16/04/2025 15:41,London Greenwich,Brandon Farnham,"Large Frappes - Chocolate Cookie - 3.25, Regular Latte - 2.15",5.4,CARD,6813763129564085
16/04/2025 15:43,London Greenwich,Brittney Rodriguez,"Large Flavoured iced latte - Caramel - 3.25, Regular Frappes - Chocolate Cookie - 2.75, Large Iced americano - 2.50, Regular Frappes - Chocolate Cookie - 2.75, Regular Flavoured iced latte - Caramel - 2.75",14.0,CARD,5773590382106877
16/04/2025 15:44,London Greenwich,John Celadon,"Large Frappes - Strawberries & Cream - 3.25, Large Frappes - Strawberries & Cream - 3.25, Large Flavoured iced latte - Caramel - 3.25, Large Frappes - Strawberries & Cream - 3.25, Large Flavoured iced latte - Caramel - 3.25",16.25,CASH,
16/04/2025 15:45,London Greenwich,Jeffry Franks,"Regular Flavoured iced latte - Caramel - 2.75, Regular Latte - 2.15, Large Frappes - Strawberries & Cream - 3.25, Large Latte - 2.45",10.6,CARD,3402550215801602
16/04/2025 15:47,London Greenwich,Catherine Brady,Large Iced americano - 2.50,2.5,CARD,1143109689014286
16/04/2025 15:48,London Greenwich,Marisol Mckinney,"Regular Frappes - Chocolate Cookie - 2.75, Large Frappes - Strawberries & Cream - 3.25, Large Frappes - Strawberries & Cream - 3.25, Regular Iced americano - 2.15, Large Iced americano - 2.50",13.9,CARD,7538358857395032
16/04/2025 15:50,London Greenwich,Irving Hunter,"Large Flavoured iced latte - Caramel - 3.25, Large Flavoured iced latte - Caramel - 3.25, Regular Latte - 2.15",8.65,CASH,
16/04/2025 15:51,London Greenwich,Mary Newberry,"Large Frappes - Chocolate Cookie - 3.25, Regular Flavoured iced latte - Caramel - 2.75, Regular Frappes - Strawberries & Cream - 2.75, Regular Iced americano - 2.15, Regular Frappes - Chocolate Cookie - 2.75",13.65,CARD,3315874056574696
16/04/2025 15:52,London Greenwich,Thomas Mccall,"Large Flavoured iced latte - Caramel - 3.25, Regular Latte - 2.15, Regular Flavoured iced latte - Caramel - 2.75",8.15,CARD,6213780214462774
16/04/2025 15:54,London Greenwich,John Werner,Regular Flavoured iced latte - Caramel - 2.75,2.75,CARD,2455286117946648
16/04/2025 15:55,London Greenwich,John Suggs,Regular Frappes - Strawberries & Cream - 2.75,2.75,CARD,6953362543354288
16/04/2025 15:56,London Greenwich,Martha Whittman,"Large Frappes - Strawberries & Cream - 3.25, Large Flavoured iced latte - Caramel - 3.25",6.5,CARD,9673461345856509
16/04/2025 15:58,London Greenwich,Harold Davis,Large Frappes - Strawberries & Cream - 3.25,3.25,CARD,7669139457837083
16/04/2025 15:59,London Greenwich,Mark Alford,Regular Latte - 2.15,2.15,CARD,2404002155409089
16/04/2025 16:01,London Greenwich,Walker Correa,"Large Iced americano - 2.50, Regular Flavoured iced latte - Caramel - 2.75, Large Frappes - Strawberries & Cream - 3.25, Large Frappes - Strawberries & Cream - 3.25, Regular Latte - 2.15",13.9,CARD,5082904910194555
16/04/2025 16:03,London Greenwich,Angela Day,"Large Frappes - Strawberries & Cream - 3.25, Large Latte - 2.45, Large Frappes - Strawberries & Cream - 3.25",8.95,CARD,9970644323317881
16/04/2025 16:05,London Greenwich,Chris Grayson,"Large Latte - 2.45, Large Flavoured iced latte - Caramel - 3.25",5.7,CARD,1811759494025607
16/04/2025 16:07,London Greenwich,Lee Ennis,"Large Frappes - Chocolate Cookie - 3.25, Large Latte - 2.45",5.7,CARD,8582778999199698
16/04/2025 16:09,London Greenwich,Sarah Meraz,"Large Iced americano - 2.50, Regular Frappes - Strawberries & Cream - 2.75",5.25,CASH,
16/04/2025 16:11,London Greenwich,Paul Cromwell,"Large Iced americano - 2.50, Regular Frappes - Strawberries & Cream - 2.75, Large Frappes - Strawberries & Cream - 3.25",8.5,CASH,
16/04/2025 16:13,London Greenwich,Mary Grossman,Large Latte - 2.45,2.45,CARD,6292688311362891
16/04/2025 16:15,London Greenwich,Norene Henricks,Regular Iced americano - 2.15,2.15,CARD,5397765177283315
16/04/2025 16:17,London Greenwich,Brandy Hamelton,Regular Latte - 2.15,2.15,CASH,
16/04/2025 16:19,London Greenwich,Jonathan Leal,"Large Flavoured iced latte - Caramel - 3.25, Large Flavoured iced latte - Caramel - 3.25, Regular Iced americano - 2.15",8.65,CARD,5939347451650854
16/04/2025 16:21,London Greenwich,Roy Lucas,"Regular Flavoured iced latte - Caramel - 2.75, Regular Flavoured iced latte - Caramel - 2.75, Large Flavoured iced latte - Caramel - 3.25, Regular Latte - 2.15",10.9,CARD,5400324439508753
16/04/2025 16:23,London Greenwich,Hazel Wilson,"Regular Iced americano - 2.15, Large Latte - 2.45, Large Frappes - Chocolate Cookie - 3.25, Large Latte - 2.45",10.3,CARD,5161055644306509
16/04/2025 16:25,London Greenwich,Jamie Mcmakin,Large Frappes - Strawberries & Cream - 3.25,3.25,CARD,4311128187341444
16/04/2025 16:27,London Greenwich,Luciana Smith,"Large Iced americano - 2.50, Regular Flavoured iced latte - Caramel - 2.75, Large Frappes - Chocolate Cookie - 3.25",8.5,CARD,4620372426550136
16/04/2025 16:30,London Greenwich,Keith Bates,"Large Frappes - Chocolate Cookie - 3.25, Large Latte - 2.45, Regular Frappes - Chocolate Cookie - 2.75, Regular Latte - 2.15, Regular Iced americano - 2.15, Regular Latte - 2.15",14.9,CARD,5630562225504985
16/04/2025 16:32,London Greenwich,Lisa Nowlin,"Regular Frappes - Strawberries & Cream - 2.75, Regular Flavoured iced latte - Caramel - 2.75",5.5,CARD,9206267021379562
16/04/2025 16:34,London Greenwich,William Allison,Large Flavoured iced latte - Caramel - 3.25,3.25,CARD,6258789327036516
16/04/2025 16:36,London Greenwich,Corey Bennett,"Large Latte - 2.45, Regular Flavoured iced latte - Caramel - 2.75, Large Frappes - Strawberries & Cream - 3.25",8.45,CASH,
16/04/2025 16:38,London Greenwich,Richard Henson,"Regular Frappes - Strawberries & Cream - 2.75, Regular Frappes - Strawberries & Cream - 2.75, Regular Flavoured iced latte - Caramel - 2.75, Regular Frappes - Chocolate Cookie - 2.75",11.0,CARD,7096331936625879
16/04/2025 16:40,London Greenwich,Gene Rodriquez,Large Frappes - Strawberries & Cream - 3.25,3.25,CARD,3702482653231371
16/04/2025 16:42,London Greenwich,Rose Jones,Large Iced americano - 2.50,2.5,CARD,3848348603313990
16/04/2025 16:44,London Greenwich,Beverly Olson,Regular Latte - 2.15,2.15,CASH,
16/04/2025 16:46,London Greenwich,William Houle,Regular Frappes - Strawberries & Cream - 2.75,2.75,CARD,6040582562157474
16/04/2025 16:48,London Greenwich,Brian House,"Large Latte - 2.45, Regular Iced americano - 2.15",4.6,CARD,7706411706817195
16/04/2025 16:50,London Greenwich,Elizabeth Murphy,"Large Iced americano - 2.50, Large Latte - 2.45, Regular Latte - 2.15",7.1,CARD,9803779300167219
16/04/2025 16:52,London Greenwich,Karin Parke,"Large Latte - 2.45, Large Frappes - Chocolate Cookie - 3.25",5.7,CARD,2964369185107030
16/04/2025 16:54,London Greenwich,Michael Brogan,"Regular Flavoured iced latte - Caramel - 2.75, Large Latte - 2.45, Large Latte - 2.45, Large Frappes - Chocolate Cookie - 3.25, Regular Frappes - Strawberries & Cream - 2.75",13.65,CASH,
16/04/2025 16:56,London Greenwich,Martha Maestas,Regular Latte - 2.15,2.15,CARD,6848050558140461
16/04/2025 16:58,London Greenwich,Katherine Prudhomme,"Regular Iced americano - 2.15, Regular Iced americano - 2.15",4.3,CARD,1063934389333788
16/04/2025 17:01,London Greenwich,Johnnie Curtis,"Large Latte - 2.45, Large Flavoured iced latte - Caramel - 3.25",5.7,CARD,1729537487136825
16/04/2025 17:03,London Greenwich,Adriana Spain,Large Latte - 2.45,2.45,CASH,
16/04/2025 17:05,London Greenwich,John Riley,Regular Frappes - Strawberries & Cream - 2.75,2.75,CARD,1815248104931815
16/04/2025 17:07,London Greenwich,Patricia Wakefield,"Regular Iced americano - 2.15, Regular Frappes - Chocolate Cookie - 2.75, Regular Iced americano - 2.15",7.05,CASH,
16/04/2025 17:10,London Greenwich,Susan Duncan,Regular Frappes - Strawberries & Cream - 2.75,2.75,CARD,7855776812410397
16/04/2025 17:12,London Greenwich,Larry Bergstrom,"Large Frappes - Chocolate Cookie - 3.25, Large Frappes - Strawberries & Cream - 3.25, Large Frappes - Strawberries & Cream - 3.25, Regular Flavoured iced latte - Caramel - 2.75",12.5,CASH,
16/04/2025 17:14,London Greenwich,Fannie Digiovanni,Large Latte - 2.45,2.45,CASH,
16/04/2025 17:17,London Greenwich,Max Burks,Regular Latte - 2.15,2.15,CASH,
16/04/2025 17:19,London Greenwich,June Wanty,"Large Frappes - Chocolate Cookie - 3.25, Large Frappes - Chocolate Cookie - 3.25",6.5,CASH,
16/04/2025 17:21,London Greenwich,Julie Morse,"Large Frappes - Chocolate Cookie - 3.25, Large Frappes - Strawberries & Cream - 3.25, Large Frappes - Chocolate Cookie - 3.25",9.75,CASH,
16/04/2025 17:24,London Greenwich,Sergio Moore,"Large Flavoured iced latte - Caramel - 3.25, Regular Latte - 2.15, Large Iced americano - 2.50",7.9,CASH,
16/04/2025 17:26,London Greenwich,Thomas Kelley,"Regular Frappes - Strawberries & Cream - 2.75, Large Flavoured iced latte - Caramel - 3.25",6.0,CASH,
16/04/2025 17:28,London Greenwich,Robert Streett,Large Latte - 2.45,2.45,CARD,3699270252237517
16/04/2025 17:30,London Greenwich,Marilyn Whitted,"Large Frappes - Strawberries & Cream - 3.25, Regular Iced americano - 2.15, Large Flavoured iced latte - Caramel - 3.25, Regular Frappes - Strawberries & Cream - 2.75, Large Frappes - Strawberries & Cream - 3.25",14.65,CARD,4727891451388541
16/04/2025 17:33,London Greenwich,Lawrence Owens,"Large Frappes - Chocolate Cookie - 3.25, Large Frappes - Chocolate Cookie - 3.25",6.5,CARD,9425718697207822
16/04/2025 17:35,London Greenwich,Jeremy Grissinger,"Large Frappes - Chocolate Cookie - 3.25, Large Iced americano - 2.50, Large Latte - 2.45, Large Iced americano - 2.50",10.7,CARD,9344368133562191
16/04/2025 17:37,London Greenwich,Jeremiah Pike,"Regular Frappes - Strawberries & Cream - 2.75, Regular Latte - 2.15, Regular Frappes - Chocolate Cookie - 2.75, Regular Latte - 2.15",9.8,CARD,9632822000331919
16/04/2025 17:40,London Greenwich,Dorothy Mccloud,"Regular Iced americano - 2.15, Regular Frappes - Strawberries & Cream - 2.75, Large Frappes - Chocolate Cookie - 3.25, Large Flavoured iced latte - Caramel - 3.25, Large Iced americano - 2.50",13.9,CASH,
16/04/2025 17:42,London Greenwich,Jean Sam,Regular Latte - 2.15,2.15,CASH,
16/04/2025 17:44,London Greenwich,Jerry Wagner,Large Latte - 2.45,2.45,CASH,
16/04/2025 17:47,London Greenwich,Judith Blankenship,Regular Iced americano - 2.15,2.15,CARD,3987687429589368
16/04/2025 17:49,London Greenwich,Marilyn Brubaker,"Large Iced americano - 2.50, Regular Frappes - Chocolate Cookie - 2.75",5.25,CARD,7464262459577440
16/04/2025 17:51,London Greenwich,Sophie Foley,"Large Flavoured iced latte - Caramel - 3.25, Regular Frappes - Strawberries & Cream - 2.75",6.0,CARD,4838539394564650
16/04/2025 17:53,London Greenwich,Betsy Coore,"Large Latte - 2.45, Large Flavoured iced latte - Caramel - 3.25, Large Flavoured iced latte - Caramel - 3.25",8.95,CARD,4448394402851644
16/04/2025 17:56,London Greenwich,Betty Seward,Large Latte - 2.45,2.45,CASH,
16/04/2025 17:58,London Greenwich,Cynthia Brown,"Regular Iced americano - 2.15, Large Frappes - Chocolate Cookie - 3.25, Regular Frappes - Strawberries & Cream - 2.75, Regular Iced americano - 2.15, Regular Latte - 2.15",12.45,CARD,3670647225450688
16/04/2025 18:00,London Greenwich,Jeanne Habbyshaw,"Regular Iced americano - 2.15, Large Flavoured iced latte - Caramel - 3.25, Regular Flavoured iced latte - Caramel - 2.75",8.15,CARD,6927392835389765
16/04/2025 18:02,London Greenwich,Harry Hayes,"Regular Frappes - Strawberries & Cream - 2.75, Regular Frappes - Chocolate Cookie - 2.75, Regular Flavoured iced latte - Caramel - 2.75, Regular Iced americano - 2.15, Regular Latte - 2.15",12.55,CARD,2171192768312483
16/04/2025 18:04,London Greenwich,Christine Sassano,"Regular Frappes - Strawberries & Cream - 2.75, Large Latte - 2.45, Regular Iced americano - 2.15, Large Frappes - Chocolate Cookie - 3.25, Large Iced americano - 2.50, Large Frappes - Strawberries & Cream - 3.25",16.35,CARD,3148737473850366
16/04/2025 18:06,London Greenwich,Becky Lee,"Large Latte - 2.45, Large Latte - 2.45, Regular Frappes - Chocolate Cookie - 2.75, Large Frappes - Strawberries & Cream - 3.25, Regular Frappes - Chocolate Cookie - 2.75, Regular Frappes - Strawberries & Cream - 2.75",16.4,CASH,
16/04/2025 18:08,London Greenwich,Dale Shaw,"Regular Iced americano - 2.15, Large Frappes - Chocolate Cookie - 3.25, Regular Latte - 2.15",7.55,CARD,3524988238804311
16/04/2025 18:10,London Greenwich,Brittany Anderson,Regular Frappes - Strawberries & Cream - 2.75,2.75,CARD,1695042677236585
16/04/2025 18:12,London Greenwich,Teresa Phelps,"Large Flavoured iced latte - Caramel - 3.25, Large Latte - 2.45, Regular Flavoured iced latte - Caramel - 2.75, Regular Latte - 2.15, Large Flavoured iced latte - Caramel - 3.25",13.85,CARD,4794963187180081
16/04/2025 18:14,London Greenwich,David Hector,"Large Flavoured iced latte - Caramel - 3.25, Regular Flavoured iced latte - Caramel - 2.75, Regular Frappes - Strawberries & Cream - 2.75",8.75,CARD,5203814605573103
16/04/2025 18:16,London Greenwich,Mari Paget,"Regular Flavoured iced latte - Caramel - 2.75, Large Flavoured iced latte - Caramel - 3.25",6.0,CARD,2908588525209507
16/04/2025 18:18,London Greenwich,Michael Jones,"Large Latte - 2.45, Regular Iced americano - 2.15, Regular Frappes - Chocolate Cookie - 2.75",7.35,CASH,
16/04/2025 18:20,London Greenwich,Jason Cloutman,"Regular Latte - 2.15, Regular Frappes - Strawberries & Cream - 2.75, Large Frappes - Strawberries & Cream - 3.25, Regular Flavoured iced latte - Caramel - 2.75, Regular Latte - 2.15",13.05,CARD,3271810042545860
16/04/2025 18:22,London Greenwich,Ryan Jenkins,Regular Iced americano - 2.15,2.15,CASH,
16/04/2025 18:24,London Greenwich,Gordon Ybanez,Regular Iced americano - 2.15,2.15,CASH,
16/04/2025 18:25,London Greenwich,Rayford Law,"Large Frappes - Strawberries & Cream - 3.25, Regular Flavoured iced latte - Caramel - 2.75",6.0,CASH,
16/04/2025 18:27,London Greenwich,Ulrike Cardoza,"Large Frappes - Strawberries & Cream - 3.25, Large Latte - 2.45",5.7,CARD,5960399388493321
16/04/2025 18:29,London Greenwich,Natasha Lopez,"Large Latte - 2.45, Regular Flavoured iced latte - Caramel - 2.75, Large Flavoured iced latte - Caramel - 3.25, Large Flavoured iced latte - Caramel - 3.25",11.7,CARD,5480353073593144
16/04/2025 18:31,London Greenwich,Aaron Williams,Large Frappes - Strawberries & Cream - 3.25,3.25,CARD,2160622292194128
16/04/2025 18:33,London Greenwich,Janice Fisher,"Large Flavoured iced latte - Caramel - 3.25, Regular Flavoured iced latte - Caramel - 2.75, Regular Frappes - Strawberries & Cream - 2.75, Large Flavoured iced latte - Caramel - 3.25",12.0,CARD,5693440288057751
16/04/2025 18:35,London Greenwich,Edna Tipton,Large Flavoured iced latte - Caramel - 3.25,3.25,CASH,
16/04/2025 18:37,London Greenwich,Camille Clark,"Regular Iced americano - 2.15, Regular Frappes - Chocolate Cookie - 2.75, Regular Flavoured iced latte - Caramel - 2.75, Regular Flavoured iced latte - Caramel - 2.75",10.4,CARD,7486478986233908
16/04/2025 18:39,London Greenwich,Sharon Horan,"Large Latte - 2.45, Large Flavoured iced latte - Caramel - 3.25",5.7,CARD,4161972869497895
16/04/2025 18:41,London Greenwich,Vickie Monjaras,"Regular Flavoured iced latte - Caramel - 2.75, Regular Latte - 2.15",4.9,CARD,8535350386128605
16/04/2025 18:43,London Greenwich,Michael Shroyer,"Large Iced americano - 2.50, Large Frappes - Strawberries & Cream - 3.25, Regular Flavoured iced latte - Caramel - 2.75",8.5,CARD,8348873099976359
16/04/2025 18:45,London Greenwich,Alice Piner,"Large Flavoured iced latte - Caramel - 3.25, Regular Latte - 2.15, Large Latte - 2.45",7.85,CARD,2451329769433040
16/04/2025 18:47,London Greenwich,Kelly Sexton,"Regular Frappes - Strawberries & Cream - 2.75, Large Iced americano - 2.50, Regular Frappes - Strawberries & Cream - 2.75, Regular Frappes - Chocolate Cookie - 2.75, Regular Frappes - Strawberries & Cream - 2.75",13.5,CASH,
16/04/2025 18:49,London Greenwich,Lucia Praino,Large Frappes - Strawberries & Cream - 3.25,3.25,CASH,
16/04/2025 18:51,London Greenwich,Lucille Moore,"Regular Latte - 2.15, Large Flavoured iced latte - Caramel - 3.25",5.4,CARD,2148426674091611
16/04/2025 18:53,London Greenwich,Jerry Hurtado,"Regular Frappes - Chocolate Cookie - 2.75, Large Flavoured iced latte - Caramel - 3.25, Regular Flavoured iced latte - Caramel - 2.75, Large Frappes - Chocolate Cookie - 3.25",12.0,CARD,4605030389041183
16/04/2025 18:54,London Greenwich,Al Daniel,"Regular Iced americano - 2.15, Large Frappes - Strawberries & Cream - 3.25, Large Latte - 2.45",7.85,CASH,
16/04/2025 18:56,London Greenwich,Lakeisha Wolfe,"Regular Frappes - Chocolate Cookie - 2.75, Large Iced americano - 2.50, Large Latte - 2.45, Regular Frappes - Strawberries & Cream - 2.75, Regular Flavoured iced latte - Caramel - 2.75",13.2,CARD,9115601364800317
16/04/2025 18:58,London Greenwich,Raymond Barker,"Large Flavoured iced latte - Caramel - 3.25, Large Flavoured iced latte - Caramel - 3.25",6.5,CARD,5740622626906818
16/04/2025 19:00,London Greenwich,Anthony Pacheco,Regular Flavoured iced latte - Caramel - 2.75,2.75,CARD,9546340047382254
16/04/2025 19:02,London Greenwich,Belkis Hedges,Large Latte - 2.45,2.45,CARD,6324216727292174
16/04/2025 19:04,London Greenwich,Michael Coffman,"Regular Frappes - Strawberries & Cream - 2.75, Regular Latte - 2.15",4.9,CASH,
16/04/2025 19:06,London Greenwich,Thomas Phillips,"Large Frappes - Strawberries & Cream - 3.25, Large Iced americano - 2.50, Large Flavoured iced latte - Caramel - 3.25, Regular Frappes - Strawberries & Cream - 2.75",11.75,CASH,
16/04/2025 19:09,London Greenwich,Martha Hamar,"Regular Flavoured iced latte - Caramel - 2.75, Regular Flavoured iced latte - Caramel - 2.75, Large Flavoured iced latte - Caramel - 3.25, Regular Iced americano - 2.15, Regular Flavoured iced latte - Caramel - 2.75",13.65,CARD,1912465357638918
16/04/2025 19:11,London Greenwich,James Escalante,Regular Frappes - Strawberries & Cream - 2.75,2.75,CARD,6892740821881822
16/04/2025 19:13,London Greenwich,Jason Healy,"Regular Latte - 2.15, Regular Frappes - Strawberries & Cream - 2.75",4.9,CARD,3175959518441630
16/04/2025 19:15,London Greenwich,Gene Franklin,Regular Latte - 2.15,2.15,CARD,7301327456258706
16/04/2025 19:17,London Greenwich,Calvin Carey,"Regular Latte - 2.15, Large Latte - 2.45, Regular Frappes - Chocolate Cookie - 2.75",7.35,CARD,2021287636696912
16/04/2025 19:19,London Greenwich,Alberta Berry,"Regular Frappes - Strawberries & Cream - 2.75, Large Frappes - Strawberries & Cream - 3.25",6.0,CASH,
16/04/2025 19:21,London Greenwich,Sarah Arrowood,Regular Iced americano - 2.15,2.15,CARD,9807848553684060
16/04/2025 19:23,London Greenwich,Freddie Spells,"Regular Frappes - Strawberries & Cream - 2.75, Regular Frappes - Strawberries & Cream - 2.75",5.5,CARD,5012597234786801
16/04/2025 19:25,London Greenwich,Kurt Kave,Regular Flavoured iced latte - Caramel - 2.75,2.75,CARD,3618914784973686
16/04/2025 19:27,London Greenwich,Linnea Stewart,"Large Flavoured iced latte - Caramel - 3.25, Regular Frappes - Strawberries & Cream - 2.75, Large Latte - 2.45, Large Flavoured iced latte - Caramel - 3.25",11.7,CARD,1017799922041014
16/04/2025 19:29,London Greenwich,Donald Baker,Large Frappes - Chocolate Cookie - 3.25,3.25,CARD,2030515581689792
16/04/2025 19:31,London Greenwich,Renee Orenstein,"Regular Latte - 2.15, Large Iced americano - 2.50, Regular Frappes - Strawberries & Cream - 2.75",7.4,CASH,
16/04/2025 19:33,London Greenwich,Jose Griffith,"Regular Flavoured iced latte - Caramel - 2.75, Regular Latte - 2.15, Regular Frappes - Chocolate Cookie - 2.75",7.65,CASH,
16/04/2025 19:35,London Greenwich,Guy Hill,"Regular Latte - 2.15, Regular Flavoured iced latte - Caramel - 2.75",4.9,CARD,5759614175746013
16/04/2025 19:37,London Greenwich,Julie Long,"Large Latte - 2.45, Large Iced americano - 2.50, Large Frappes - Strawberries & Cream - 3.25, Regular Frappes - Chocolate Cookie - 2.75",10.95,CARD,1091548903677851
16/04/2025 19:40,London Greenwich,Bernard Mcallister,"Large Flavoured iced latte - Caramel - 3.25, Regular Frappes - Strawberries & Cream - 2.75",6.0,CARD,1232263012694720
16/04/2025 19:42,London Greenwich,Jamie Creger,"Large Frappes - Strawberries & Cream - 3.25, Regular Frappes - Chocolate Cookie - 2.75, Regular Latte - 2.15, Regular Latte - 2.15",10.3,CASH,
16/04/2025 19:44,London Greenwich,Robert Orourke,"Regular Flavoured iced latte - Caramel - 2.75, Regular Latte - 2.15, Large Frappes - Strawberries & Cream - 3.25",8.15,CASH,
16/04/2025 19:46,London Greenwich,Janet Rodriguez,Regular Latte - 2.15,2.15,CASH,
16/04/2025 19:48,London Greenwich,Melanie Hinchee,"Regular Iced americano - 2.15, Regular Frappes - Strawberries & Cream - 2.75, Large Latte - 2.45, Regular Frappes - Strawberries & Cream - 2.75",10.1,CARD,3940118401887445
16/04/2025 19:50,London Greenwich,Kyle Freeman,"Large Iced americano - 2.50, Large Flavoured iced latte - Caramel - 3.25",5.75,CASH,
16/04/2025 19:52,London Greenwich,Edward Herrera,"Regular Frappes - Chocolate Cookie - 2.75, Large Frappes - Strawberries & Cream - 3.25, Large Iced americano - 2.50",8.5,CARD,4085481761805509
16/04/2025 19:54,London Greenwich,Crystal Eberle,Large Frappes - Strawberries & Cream - 3.25,3.25,CARD,8528066260073138
16/04/2025 19:56,London Greenwich,Elizbeth Walker,"Large Frappes - Strawberries & Cream - 3.25, Large Frappes - Strawberries & Cream - 3.25, Regular Flavoured iced latte - Caramel - 2.75",9.25,CASH,
16/04/2025 19:58,London Greenwich,Paul Oliver,"Regular Frappes - Strawberries & Cream - 2.75, Large Flavoured iced latte - Caramel - 3.25, Large Frappes - Chocolate Cookie - 3.25, Regular Frappes - Strawberries & Cream - 2.75, Large Iced americano - 2.50, Large Flavoured iced latte - Caramel - 3.25",17.75,CARD,1872862915160699
16/04/2025 20:00,London Greenwich,Arthur Pence,"Regular Latte - 2.15, Large Latte - 2.45, Regular Flavoured iced latte - Caramel - 2.75, Regular Frappes - Chocolate Cookie - 2.75",10.1,CARD,9707068764725176
16/04/2025 20:02,London Greenwich,Wallace Greene,"Large Frappes - Chocolate Cookie - 3.25, Large Flavoured iced latte - Caramel - 3.25, Regular Frappes - Strawberries & Cream - 2.75, Large Flavoured iced latte - Caramel - 3.25, Large Frappes - Strawberries & Cream - 3.25, Large Flavoured iced latte - Caramel - 3.25",19.0,CARD,5029206740993487
16/04/2025 20:03,London Greenwich,Kim Dye,"Large Latte - 2.45, Large Latte - 2.45, Regular Latte - 2.15, Regular Flavoured iced latte - Caramel - 2.75, Large Latte - 2.45, Regular Frappes - Strawberries & Cream - 2.75",15.0,CARD,9132714867775729
16/04/2025 20:04,London Greenwich,Regina Carroll,"Large Latte - 2.45, Large Iced americano - 2.50, Regular Latte - 2.15, Large Latte - 2.45",9.55,CASH,
16/04/2025 20:06,London Greenwich,Michael Ephraim,"Regular Frappes - Chocolate Cookie - 2.75, Large Flavoured iced latte - Caramel - 3.25",6.0,CARD,9604875367748565
16/04/2025 20:07,London Greenwich,Stephen Sibrel,Regular Latte - 2.15,2.15,CARD,6716568576810720
16/04/2025 20:09,London Greenwich,Amy Spano,"Large Frappes - Strawberries & Cream - 3.25, Regular Iced americano - 2.15",5.4,CARD,5895354102796799
16/04/2025 20:10,London Greenwich,Thomas Bledsoe,"Large Flavoured iced latte - Caramel - 3.25, Large Latte - 2.45",5.7,CARD,2095488255477593
16/04/2025 20:11,London Greenwich,Tanya Mccarter,Regular Frappes - Chocolate Cookie - 2.75,2.75,CARD,4727673214263463
16/04/2025 20:13,London Greenwich,Carrie Diaz,"Large Flavoured iced latte - Caramel - 3.25, Regular Frappes - Strawberries & Cream - 2.75",6.0,CASH,
16/04/2025 20:14,London Greenwich,Betty Albrecht,"Regular Latte - 2.15, Large Frappes - Strawberries & Cream - 3.25, Regular Latte - 2.15, Regular Flavoured iced latte - Caramel - 2.75",10.3,CARD,4125167788349117
16/04/2025 20:15,London Greenwich,Carl Brewer,"Regular Frappes - Strawberries & Cream - 2.75, Large Frappes - Strawberries & Cream - 3.25",6.0,CARD,5085445233094833
16/04/2025 20:17,London Greenwich,Janelle Cornett,Large Flavoured iced latte - Caramel - 3.25,3.25,CARD,3627401616311164
16/04/2025 20:18,London Greenwich,Reba Treto,"Regular Flavoured iced latte - Caramel - 2.75, Regular Frappes - Chocolate Cookie - 2.75",5.5,CASH,
16/04/2025 20:20,London Greenwich,Phyllis Fitzpatrick,"Large Frappes - Chocolate Cookie - 3.25, Regular Frappes - Chocolate Cookie - 2.75, Large Frappes - Strawberries & Cream - 3.25",9.25,CARD,9578949867948204
16/04/2025 20:21,London Greenwich,David Duncan,Large Frappes - Strawberries & Cream - 3.25,3.25,CARD,3424404176549881
16/04/2025 20:22,London Greenwich,Frank Williams,Regular Flavoured iced latte - Caramel - 2.75,2.75,CASH,
16/04/2025 20:24,London Greenwich,Gregory Gates,"Regular Frappes - Strawberries & Cream - 2.75, Regular Iced americano - 2.15",4.9,CARD,1267453947442251
16/04/2025 20:25,London Greenwich,Angela Rulli,"Large Frappes - Strawberries & Cream - 3.25, Large Latte - 2.45",5.7,CARD,7117168913061089
16/04/2025 20:27,London Greenwich,Miguel Skipper,"Large Flavoured iced latte - Caramel - 3.25, Large Iced americano - 2.50, Large Frappes - Strawberries & Cream - 3.25, Large Frappes - Chocolate Cookie - 3.25",12.25,CASH,
16/04/2025 20:28,London Greenwich,James Aguino,Regular Iced americano - 2.15,2.15,CARD,8109109097519638
16/04/2025 20:29,London Greenwich,David Decaro,"Large Iced americano - 2.50, Large Flavoured iced latte - Caramel - 3.25, Large Frappes - Chocolate Cookie - 3.25, Regular Frappes - Chocolate Cookie - 2.75, Large Flavoured iced latte - Caramel - 3.25",15.0,CARD,4928914306451423
16/04/2025 20:31,London Greenwich,Raquel Campa,Regular Iced americano - 2.15,2.15,CARD,3508147813387467
16/04/2025 20:32,London Greenwich,Susan Angell,"Large Frappes - Strawberries & Cream - 3.25, Large Frappes - Strawberries & Cream - 3.25, Large Frappes - Strawberries & Cream - 3.25, Large Flavoured iced latte - Caramel - 3.25, Regular Iced americano - 2.15",15.15,CASH,
16/04/2025 20:33,London Greenwich,Amelia Eckert,"Regular Frappes - Strawberries & Cream - 2.75, Large Frappes - Chocolate Cookie - 3.25",6.0,CASH,
16/04/2025 20:35,London Greenwich,Tonya Hill,"Regular Frappes - Chocolate Cookie - 2.75, Large Iced americano - 2.50",5.25,CASH,
16/04/2025 20:36,London Greenwich,Jonathan Mattison,Large Flavoured iced latte - Caramel - 3.25,3.25,CARD,7891916942397919
16/04/2025 20:38,London Greenwich,Wendy Gargus,"Regular Frappes - Strawberries & Cream - 2.75, Regular Frappes - Chocolate Cookie - 2.75",5.5,CASH,
16/04/2025 20:39,London Greenwich,Paula Osmun,"Large Latte - 2.45, Regular Latte - 2.15, Large Iced americano - 2.50",7.1,CARD,2746181552045541
16/04/2025 20:40,London Greenwich,Michelle Flake,"Regular Frappes - Strawberries & Cream - 2.75, Regular Frappes - Strawberries & Cream - 2.75",5.5,CARD,3337925523955093
16/04/2025 20:42,London Greenwich,Robert Wilson,Regular Iced americano - 2.15,2.15,CASH,
16/04/2025 20:43,London Greenwich,Susan Vasile,Regular Iced americano - 2.15,2.15,CASH,
16/04/2025 20:44,London Greenwich,Pete Brown,Regular Flavoured iced latte - Caramel - 2.75,2.75,CARD,6052403983146830
16/04/2025 20:46,London Greenwich,Patricia Dehaan,"Large Iced americano - 2.50, Regular Frappes - Chocolate Cookie - 2.75, Regular Flavoured iced latte - Caramel - 2.75, Regular Latte - 2.15",10.15,CASH,
16/04/2025 20:47,London Greenwich,Christopher Edwards,"Large Frappes - Strawberries & Cream - 3.25, Large Frappes - Strawberries & Cream - 3.25",6.5,CASH,
16/04/2025 20:49,London Greenwich,Berry Velasco,Large Latte - 2.45,2.45,CARD,4163073522963938
16/04/2025 20:50,London Greenwich,Arthur Cao,"Large Frappes - Chocolate Cookie - 3.25, Large Latte - 2.45",5.7,CARD,9234754113018415
16/04/2025 20:51,London Greenwich,Richard Campbell,"Large Latte - 2.45, Large Frappes - Strawberries & Cream - 3.25",5.7,CARD,7597042453561232
16/04/2025 20:53,London Greenwich,Jessica Jarrell,"Large Frappes - Strawberries & Cream - 3.25, Large Flavoured iced latte - Caramel - 3.25, Large Frappes - Chocolate Cookie - 3.25",9.75,CARD,6517290134358302
16/04/2025 20:54,London Greenwich,Todd Nazario,"Large Latte - 2.45, Large Frappes - Chocolate Cookie - 3.25, Large Flavoured iced latte - Caramel - 3.25",8.95,CASH,
16/04/2025 20:56,London Greenwich,Martha George,"Large Frappes - Chocolate Cookie - 3.25, Regular Frappes - Strawberries & Cream - 2.75, Large Latte - 2.45, Large Iced americano - 2.50, Regular Frappes - Chocolate Cookie - 2.75",13.7,CARD,7727849787655488
16/04/2025 20:57,London Greenwich,William Johnson,"Regular Flavoured iced latte - Caramel - 2.75, Regular Flavoured iced latte - Caramel - 2.75, Large Frappes - Chocolate Cookie - 3.25, Large Latte - 2.45, Large Frappes - Chocolate Cookie - 3.25, Large Flavoured iced latte - Caramel - 3.25",17.7,CARD,7818226459034533
16/04/2025 20:58,London Greenwich,Ted Jolly,"Regular Latte - 2.15, Regular Latte - 2.15, Regular Frappes - Chocolate Cookie - 2.75, Large Frappes - Strawberries & Cream - 3.25, Regular Flavoured iced latte - Caramel - 2.75",13.05,CARD,6925155555365549
